"계산방식","전략id","신호종목","실행상품코드","방향","진입ma","청산ma","추세ma","거래수","정상청산수","마감1519청산수","최대동시open","승률_pct","평균순수익률_pct","중앙순수익률_pct","평균보유분","최악거래_pct","최고거래_pct","누적복리손익","최종복리자본","누적복리수익률_pct"
"INTEGRATED_CONTINUOUS","DS003668","SK하이닉스","0197X0","SHORT","3/30","5/30","5","151","140","11","2","39.07","0.2133","-0.3533","24.84","-3.2730","12.3068","316580","1316580","31.6580"
"INTEGRATED_CONTINUOUS","DS003667","SK하이닉스","0197X0","SHORT","3/30","5/30","NONE","171","160","11","3","38.60","0.1911","-0.3533","24.54","-3.2730","12.3068","314752","1314752","31.4752"
"INTEGRATED_CONTINUOUS","DS003672","SK하이닉스","0197X0","SHORT","3/30","5/30","50","90","83","7","3","35.56","0.3347","-0.3827","24.98","-3.2730","12.3068","296910","1296910","29.6910"
"INTEGRATED_CONTINUOUS","DS002228","SK하이닉스","0197X0","SHORT","3/30","5/20","5","151","142","9","3","39.74","0.1578","-0.2000","20.22","-5.1400","11.5968","218448","1218448","21.8448"
"INTEGRATED_CONTINUOUS","DS002232","SK하이닉스","0197X0","SHORT","3/30","5/20","50","90","85","5","3","34.44","0.2574","-0.2767","21.48","-5.1400","11.5968","215389","1215389","21.5389"
"INTEGRATED_CONTINUOUS","DS002084","SK하이닉스","0197X0","SHORT","3/20","5/20","5","194","184","10","3","37.63","0.1221","-0.3134","19.05","-3.2730","11.5968","208085","1208085","20.8085"
"INTEGRATED_CONTINUOUS","DS002227","SK하이닉스","0197X0","SHORT","3/30","5/20","NONE","171","162","9","3","39.77","0.1358","-0.2000","20.86","-5.1400","11.5968","206432","1206432","20.6432"
"INTEGRATED_CONTINUOUS","DS002083","SK하이닉스","0197X0","SHORT","3/20","5/20","NONE","218","208","10","3","38.07","0.0946","-0.3029","18.88","-3.2730","11.5968","166905","1166905","16.6905"
"INTEGRATED_CONTINUOUS","DS004152","SK하이닉스","0197X0","SHORT","3/30","10/30","50","90","84","6","3","38.89","0.2100","-0.3488","26.06","-5.5717","13.6722","147134","1147134","14.7134"
"INTEGRATED_CONTINUOUS","DS003524","SK하이닉스","0197X0","SHORT","3/20","5/30","5","194","181","13","3","38.66","0.0959","-0.3950","26.70","-7.2000","12.3068","130629","1130629","13.0629"
"INTEGRATED_CONTINUOUS","DS002229","SK하이닉스","0197X0","SHORT","3/30","5/20","10","133","126","7","2","40.60","0.1067","-0.2000","19.65","-3.2730","9.9130","130397","1130397","13.0397"
"INTEGRATED_CONTINUOUS","DS002277","SK하이닉스","0197X0","SHORT","5/30","5/20","10","105","103","2","2","40.95","0.1335","-0.2533","19.78","-3.2730","10.5684","130239","1130239","13.0239"
"INTEGRATED_CONTINUOUS","DS002280","SK하이닉스","0197X0","SHORT","5/30","5/20","50","71","69","2","2","35.21","0.1775","-0.3869","20.83","-3.9397","10.5684","117811","1117811","11.7811"
"INTEGRATED_CONTINUOUS","DS002088","SK하이닉스","0197X0","SHORT","3/20","5/20","50","119","115","4","2","30.25","0.1208","-0.4227","17.25","-3.2730","11.5968","111338","1111338","11.1338"
"INTEGRATED_CONTINUOUS","DS003669","SK하이닉스","0197X0","SHORT","3/30","5/30","10","133","125","8","3","37.59","0.0959","-0.3833","25.08","-3.2730","10.6123","105702","1105702","10.5702"
"INTEGRATED_CONTINUOUS","DS002323","SK하이닉스","0197X0","SHORT","10/30","5/20","NONE","122","117","5","2","44.26","0.0967","-0.2992","18.41","-3.2730","9.9130","104939","1104939","10.4939"
"INTEGRATED_CONTINUOUS","DS003717","SK하이닉스","0197X0","SHORT","5/30","5/30","10","105","103","2","1","40.00","0.1145","-0.4384","24.45","-3.2730","11.2719","102948","1102948","10.2948"
"INTEGRATED_CONTINUOUS","DS003720","SK하이닉스","0197X0","SHORT","5/30","5/30","50","71","69","2","1","36.62","0.1556","-0.4698","22.92","-3.2730","11.2719","98560","1098560","9.8560"
"INTEGRATED_CONTINUOUS","DS002325","SK하이닉스","0197X0","SHORT","10/30","5/20","10","120","115","5","2","43.33","0.0896","-0.3496","18.18","-3.2730","9.9130","93557","1093557","9.3557"
"INTEGRATED_CONTINUOUS","DS002179","SK하이닉스","0197X0","SHORT","10/20","5/20","NONE","161","156","5","2","39.13","0.0712","-0.2977","18.01","-6.2592","9.9130","88050","1088050","8.8050"
"INTEGRATED_CONTINUOUS","DS004200","SK하이닉스","0197X0","SHORT","5/30","10/30","50","71","67","4","3","39.44","0.1472","-0.2540","27.21","-4.5616","12.6247","84131","1084131","8.4131"
"INTEGRATED_CONTINUOUS","DS001283","삼성전자","0193W0","LONG","3/30","5/10","30","79","74","5","3","35.44","0.1142","-0.2515","10.51","-1.4663","5.6091","83879","1083879","8.3879"
"INTEGRATED_CONTINUOUS","DS003528","SK하이닉스","0197X0","SHORT","3/20","5/30","50","119","112","7","3","31.93","0.1047","-0.5790","23.87","-5.0295","12.3068","79750","1079750","7.9750"
"INTEGRATED_CONTINUOUS","DS003619","SK하이닉스","0197X0","SHORT","10/20","5/30","NONE","161","154","7","3","44.72","0.0765","-0.2000","26.23","-9.0144","10.6123","77274","1077274","7.7274"
"INTEGRATED_CONTINUOUS","DS003670","SK하이닉스","0197X0","SHORT","3/30","5/30","20","114","105","9","3","35.96","0.0836","-0.3995","22.77","-3.2730","10.6123","73519","1073519","7.3519"
"INTEGRATED_CONTINUOUS","DS000179","삼성전자","0193W0","LONG","3/20","3/5","30","107","105","2","2","31.78","0.0703","-0.2360","5.74","-1.5462","5.4012","71215","1071215","7.1215"
"INTEGRATED_CONTINUOUS","DS003188","SK하이닉스","0197X0","SHORT","3/30","3/30","5","151","142","9","1","34.44","0.0587","-0.4443","18.97","-3.2730","10.6123","69604","1069604","6.9604"
"INTEGRATED_CONTINUOUS","DS002328","SK하이닉스","0197X0","SHORT","10/30","5/20","50","68","66","2","2","39.71","0.1134","-0.5032","17.24","-3.2730","9.9130","65769","1065769","6.5769"
"INTEGRATED_CONTINUOUS","DS002276","SK하이닉스","0197X0","SHORT","5/30","5/20","5","132","128","4","2","40.15","0.0628","-0.2266","19.98","-3.9397","10.5684","64998","1064998","6.4998"
"INTEGRATED_CONTINUOUS","DS002275","SK하이닉스","0197X0","SHORT","5/30","5/20","NONE","133","129","4","2","39.85","0.0623","-0.2000","20.13","-3.9397","10.5684","64880","1064880","6.4880"
"INTEGRATED_CONTINUOUS","DS004054","SK하이닉스","0197X0","SHORT","5/20","10/30","20","89","82","7","4","39.33","0.0980","-0.3616","25.78","-4.0363","12.6247","62812","1062812","6.2812"
"INTEGRATED_CONTINUOUS","DS004632","SK하이닉스","0197X0","SHORT","3/30","20/30","50","90","81","9","3","31.11","0.1057","-0.3643","26.49","-4.2887","11.8699","60749","1060749","6.0749"
"INTEGRATED_CONTINUOUS","DS000227","삼성전자","0193W0","LONG","5/20","3/5","30","86","85","1","1","33.72","0.0708","-0.2374","5.62","-2.1709","5.1846","57065","1057065","5.7065"
"INTEGRATED_CONTINUOUS","DS002712","SK하이닉스","0197X0","SHORT","3/30","10/20","50","90","84","6","3","35.56","0.1045","-0.3888","21.58","-4.9962","12.3068","55725","1055725","5.5725"
"INTEGRATED_CONTINUOUS","DS004008","SK하이닉스","0197X0","SHORT","3/20","10/30","50","119","110","9","4","33.61","0.1018","-0.3839","28.18","-11.2795","13.6722","52302","1052302","5.2302"
"INTEGRATED_CONTINUOUS","DS000420","삼성전자","0193W0","LONG","10/30","3/5","50","53","52","1","2","39.62","0.0966","-0.1232","5.85","-1.5092","4.2738","49489","1049489","4.9489"
"INTEGRATED_CONTINUOUS","DS003671","SK하이닉스","0197X0","SHORT","3/30","5/30","30","82","75","7","2","30.49","0.0776","-0.3999","23.28","-3.2730","10.6123","48844","1048844","4.8844"
"INTEGRATED_CONTINUOUS","DS000180","삼성전자","0193W0","LONG","3/20","3/5","50","111","110","1","1","29.73","0.0419","-0.2000","5.50","-1.5462","4.0130","41547","1041547","4.1547"
"INTEGRATED_CONTINUOUS","DS001272","SK하이닉스","0197X0","SHORT","3/30","5/10","50","90","87","3","2","40.00","0.0567","-0.1519","13.07","-3.6571","4.6193","40870","1040870","4.0870"
"INTEGRATED_CONTINUOUS","DS001320","SK하이닉스","0197X0","SHORT","5/30","5/10","50","71","71","0","2","39.44","0.0651","-0.1551","12.86","-3.6571","3.6682","40381","1040381","4.0381"
"INTEGRATED_CONTINUOUS","DS001844","SK하이닉스","0197X0","SHORT","10/30","3/20","5","100","97","3","2","39.00","0.0529","-0.3764","16.79","-3.2730","8.4068","39637","1039637","3.9637"
"INTEGRATED_CONTINUOUS","DS003716","SK하이닉스","0197X0","SHORT","5/30","5/30","5","132","128","4","1","37.88","0.0447","-0.4341","22.82","-3.2730","11.2719","36250","1036250","3.6250"
"INTEGRATED_CONTINUOUS","DS001749","SK하이닉스","0197X0","SHORT","3/30","3/20","10","133","126","7","2","38.35","0.0374","-0.3601","16.29","-3.2730","8.4068","34456","1034456","3.4456"
"INTEGRATED_CONTINUOUS","DS000323","삼성전자","0193W0","LONG","3/30","3/5","30","79","77","2","2","27.85","0.0483","-0.2000","5.20","-1.1645","5.1846","33953","1033953","3.3953"
"INTEGRATED_CONTINUOUS","DS002579","삼성전자","0193W0","LONG","3/20","10/20","30","107","99","8","4","40.19","0.0416","-0.2523","18.23","-4.5951","6.7373","32900","1032900","3.2900"
"INTEGRATED_CONTINUOUS","DS002099","삼성전자","0193W0","LONG","3/20","5/20","30","107","101","6","3","36.45","0.0374","-0.3046","17.53","-1.6720","5.3498","32317","1032317","3.2317"
"INTEGRATED_CONTINUOUS","DS001268","SK하이닉스","0197X0","SHORT","3/30","5/10","5","151","146","5","2","42.38","0.0293","-0.1543","12.16","-3.6571","4.2892","30386","1030386","3.0386"
"INTEGRATED_CONTINUOUS","DS001752","SK하이닉스","0197X0","SHORT","3/30","3/20","50","90","85","5","3","34.44","0.0501","-0.3619","18.21","-4.9482","8.4068","30064","1030064","3.0064"
"INTEGRATED_CONTINUOUS","DS001848","SK하이닉스","0197X0","SHORT","10/30","3/20","50","68","66","2","2","36.76","0.0593","-0.5029","15.63","-3.2730","8.4068","29373","1029373","2.9373"
"INTEGRATED_CONTINUOUS","DS003620","SK하이닉스","0197X0","SHORT","10/20","5/30","5","120","114","6","3","43.33","0.0466","-0.2756","25.92","-7.3989","10.6123","29035","1029035","2.9035"
"INTEGRATED_CONTINUOUS","DS003715","SK하이닉스","0197X0","SHORT","5/30","5/30","NONE","133","129","4","1","37.59","0.0391","-0.4384","22.65","-3.2730","11.2719","28954","1028954","2.8954"
"INTEGRATED_CONTINUOUS","DS003192","SK하이닉스","0197X0","SHORT","3/30","3/30","50","90","85","5","1","28.89","0.0459","-0.4704","17.41","-3.2730","10.6123","26738","1026738","2.6738"
"INTEGRATED_CONTINUOUS","DS000396","SK하이닉스","0193T0","LONG","10/30","3/5","50","40","40","0","1","35.00","0.0721","-0.2000","5.73","-1.7610","5.8940","25340","1025340","2.5340"
"INTEGRATED_CONTINUOUS","DS004594","삼성전자","0193W0","LONG","10/20","20/30","20","82","77","5","3","39.02","0.0605","-0.2000","29.51","-3.5119","7.3307","24792","1024792","2.4792"
"INTEGRATED_CONTINUOUS","DS002324","SK하이닉스","0197X0","SHORT","10/30","5/20","5","100","96","4","2","42.00","0.0397","-0.3716","18.25","-3.2730","9.9130","24550","1024550","2.4550"
"INTEGRATED_CONTINUOUS","DS000835","SK하이닉스","0197X0","SHORT","5/30","3/10","NONE","133","132","1","2","42.11","0.0255","-0.2495","10.70","-3.2730","4.4133","23266","1023266","2.3266"
"INTEGRATED_CONTINUOUS","DS004628","SK하이닉스","0197X0","SHORT","3/30","20/30","5","151","138","13","5","37.75","0.0498","-0.2625","31.80","-7.6656","11.8699","23092","1023092","2.3092"
"INTEGRATED_CONTINUOUS","DS004104","SK하이닉스","0197X0","SHORT","10/20","10/30","50","79","73","6","4","40.51","0.0689","-0.2457","30.56","-9.6351","11.9571","23035","1023035","2.3035"
"INTEGRATED_CONTINUOUS","DS004007","SK하이닉스","0197X0","SHORT","3/20","10/30","30","100","89","11","3","32.00","0.0505","-0.3134","24.54","-4.7025","12.7469","22227","1022227","2.2227"
"INTEGRATED_CONTINUOUS","DS004148","SK하이닉스","0197X0","SHORT","3/30","10/30","5","151","140","11","3","43.05","0.0597","-0.2000","29.46","-7.9603","13.6722","21599","1021599","2.1599"
"INTEGRATED_CONTINUOUS","DS001843","SK하이닉스","0197X0","SHORT","10/30","3/20","NONE","122","118","4","2","38.52","0.0293","-0.3742","16.48","-3.2730","8.4068","20805","1020805","2.0805"
"INTEGRATED_CONTINUOUS","DS004150","SK하이닉스","0197X0","SHORT","3/30","10/30","20","114","106","8","4","40.35","0.0416","-0.3040","24.32","-3.8309","11.9571","19093","1019093","1.9093"
"INTEGRATED_CONTINUOUS","DS002627","삼성전자","0193W0","LONG","5/20","10/20","30","86","79","7","3","39.53","0.0320","-0.2408","19.60","-2.6422","6.5179","18756","1018756","1.8756"
"INTEGRATED_CONTINUOUS","DS003288","SK하이닉스","0197X0","SHORT","10/30","3/30","50","68","66","2","3","35.29","0.0476","-0.5895","20.24","-3.2730","10.6123","18299","1018299","1.8299"
"INTEGRATED_CONTINUOUS","DS002184","SK하이닉스","0197X0","SHORT","10/20","5/20","50","79","77","2","2","34.18","0.0435","-0.3826","17.28","-6.2592","9.9130","16477","1016477","1.6477"
"INTEGRATED_CONTINUOUS","DS003189","SK하이닉스","0197X0","SHORT","3/30","3/30","10","133","126","7","1","33.83","0.0260","-0.4786","19.15","-3.2730","10.6123","15869","1015869","1.5869"
"INTEGRATED_CONTINUOUS","DS001619","삼성전자","0193W0","LONG","3/20","3/20","30","107","103","4","2","30.84","0.0215","-0.3411","12.45","-1.5462","6.0179","15700","1015700","1.5700"
"INTEGRATED_CONTINUOUS","DS004680","SK하이닉스","0197X0","SHORT","5/30","20/30","50","71","64","7","3","35.21","0.0499","-0.5400","28.18","-4.1556","10.8390","15573","1015573","1.5573"
"INTEGRATED_CONTINUOUS","DS000803","삼성전자","0193W0","LONG","3/30","3/10","30","79","75","4","3","31.65","0.0261","-0.2721","8.59","-1.6197","4.6843","15334","1015334","1.5334"
"INTEGRATED_CONTINUOUS","DS000707","삼성전자","0193W0","LONG","5/20","3/10","30","86","83","3","1","33.72","0.0243","-0.2737","9.14","-1.5712","4.6718","15289","1015289","1.5289"
"INTEGRATED_CONTINUOUS","DS004534","SK하이닉스","0197X0","SHORT","5/20","20/30","20","89","79","10","3","39.33","0.0382","-0.2534","28.51","-3.5248","10.8390","15175","1015175","1.5175"
"INTEGRATED_CONTINUOUS","DS002808","SK하이닉스","0197X0","SHORT","10/30","10/20","50","68","67","1","3","39.71","0.0474","-0.5107","21.25","-4.3224","10.6123","14869","1014869","1.4869"
"INTEGRATED_CONTINUOUS","DS000300","SK하이닉스","0193T0","LONG","3/30","3/5","50","56","56","0","1","41.07","0.0298","-0.1211","6.02","-2.0499","3.1419","13532","1013532","1.3532"
"INTEGRATED_CONTINUOUS","DS003768","SK하이닉스","0197X0","SHORT","10/30","5/30","50","68","66","2","3","38.24","0.0415","-0.5766","23.10","-3.2730","10.6123","12279","1012279","1.2279"
"INTEGRATED_CONTINUOUS","DS003203","삼성전자","0193W0","LONG","3/30","3/30","30","79","74","5","2","30.38","0.0224","-0.3322","14.32","-1.5248","5.1333","12152","1012152","1.2152"
"INTEGRATED_CONTINUOUS","DS002230","SK하이닉스","0197X0","SHORT","3/30","5/20","20","114","106","8","3","35.09","0.0261","-0.2613","19.52","-3.7499","9.9130","11985","1011985","1.1985"
"INTEGRATED_CONTINUOUS","DS001416","SK하이닉스","0197X0","SHORT","20/30","5/10","50","59","59","0","1","44.07","0.0241","-0.2000","12.46","-1.5933","2.8023","11044","1011044","1.1044"
"INTEGRATED_CONTINUOUS","DS000837","SK하이닉스","0197X0","SHORT","5/30","3/10","10","105","104","1","2","41.90","0.0186","-0.2495","10.62","-3.2730","4.4133","10807","1010807","1.0807"
"INTEGRATED_CONTINUOUS","DS001187","삼성전자","0193W0","LONG","5/20","5/10","30","86","82","4","1","34.88","0.0194","-0.2516","10.23","-1.6996","4.9282","10598","1010598","1.0598"
"INTEGRATED_CONTINUOUS","DS001139","삼성전자","0193W0","LONG","3/20","5/10","30","107","102","5","3","33.64","0.0170","-0.3413","10.88","-2.2151","5.1443","10329","1010329","1.0329"
"INTEGRATED_CONTINUOUS","DS001846","SK하이닉스","0197X0","SHORT","10/30","3/20","20","102","99","3","2","38.24","0.0236","-0.3764","16.69","-3.2730","8.4068","10211","1010211","1.0211"
"INTEGRATED_CONTINUOUS","DS004055","SK하이닉스","0197X0","SHORT","5/20","10/30","30","85","78","7","4","36.47","0.0390","-0.3937","25.44","-4.7025","12.6247","7824","1007824","0.7824"
"INTEGRATED_CONTINUOUS","DS000836","SK하이닉스","0197X0","SHORT","5/30","3/10","5","132","131","1","2","41.67","0.0138","-0.2499","10.50","-3.2730","4.4133","7677","1007677","0.7677"
"INTEGRATED_CONTINUOUS","DS001845","SK하이닉스","0197X0","SHORT","10/30","3/20","10","120","116","4","2","37.50","0.0178","-0.4120","16.23","-3.2730","8.4068","6219","1006219","0.6219"
"INTEGRATED_CONTINUOUS","DS000419","삼성전자","0193W0","LONG","10/30","3/5","30","50","49","1","1","38.00","0.0161","-0.1808","5.16","-1.5092","3.1043","6124","1006124","0.6124"
"INTEGRATED_CONTINUOUS","DS004100","SK하이닉스","0197X0","SHORT","10/20","10/30","5","120","113","7","3","45.00","0.0299","-0.1429","29.20","-7.0793","11.9571","5777","1005777","0.5777"
"INTEGRATED_CONTINUOUS","DS000788","SK하이닉스","0197X0","SHORT","3/30","3/10","5","151","145","6","2","41.06","0.0112","-0.2000","10.72","-3.2730","5.2720","5326","1005326","0.5326"
"INTEGRATED_CONTINUOUS","DS002326","SK하이닉스","0197X0","SHORT","10/30","5/20","20","102","99","3","2","43.14","0.0198","-0.3716","17.72","-3.2730","9.9130","5244","1005244","0.5244"
"INTEGRATED_CONTINUOUS","DS004740","삼성전자","0193W0","LONG","10/30","20/30","50","53","51","2","2","35.85","0.0336","-0.3809","28.04","-3.5119","6.5107","5125","1005125","0.5125"
"INTEGRATED_CONTINUOUS","DS003523","SK하이닉스","0197X0","SHORT","3/20","5/30","NONE","218","205","13","3","38.99","0.0370","-0.3950","26.03","-8.9578","12.3068","4668","1004668","0.4668"
"INTEGRATED_CONTINUOUS","DS000416","삼성전자","0193W0","LONG","10/30","3/5","5","85","84","1","1","36.47","0.0077","-0.2000","4.85","-1.5016","4.2738","2963","1002963","0.2963"
"INTEGRATED_CONTINUOUS","DS000260","SK하이닉스","0197X0","SHORT","10/20","3/5","5","120","120","0","1","35.83","0.0053","-0.2475","5.60","-2.2470","4.4023","-67","999933","-0.0067"
"INTEGRATED_CONTINUOUS","DS001368","SK하이닉스","0197X0","SHORT","10/30","5/10","50","68","67","1","2","36.76","0.0092","-0.3002","11.34","-3.6571","6.3909","-506","999494","-0.0506"
"INTEGRATED_CONTINUOUS","DS001186","삼성전자","0193W0","LONG","5/20","5/10","20","81","77","4","1","35.80","0.0061","-0.2771","10.75","-1.8210","4.9282","-647","999353","-0.0647"
"INTEGRATED_CONTINUOUS","DS000348","SK하이닉스","0193T0","LONG","5/30","3/5","50","49","49","0","1","42.86","0.0030","-0.2000","6.06","-2.4837","2.0704","-820","999180","-0.0820"
"INTEGRATED_CONTINUOUS","DS002086","SK하이닉스","0197X0","SHORT","3/20","5/20","20","102","96","6","3","33.33","0.0147","-0.3207","18.67","-3.2730","10.6884","-1791","998209","-0.1791"
"INTEGRATED_CONTINUOUS","DS003621","SK하이닉스","0197X0","SHORT","10/20","5/30","10","151","144","7","3","43.71","0.0253","-0.2457","25.63","-9.0144","10.6123","-1879","998121","-0.1879"
"INTEGRATED_CONTINUOUS","DS002376","SK하이닉스","0197X0","SHORT","20/30","5/20","50","59","59","0","1","37.29","0.0086","-0.3826","18.58","-3.6275","7.0851","-2166","997834","-0.2166"
"INTEGRATED_CONTINUOUS","DS000659","삼성전자","0193W0","LONG","3/20","3/10","30","107","103","4","3","28.97","0.0045","-0.2864","9.76","-2.2151","4.8874","-2783","997217","-0.2783"
"INTEGRATED_CONTINUOUS","DS001315","SK하이닉스","0197X0","SHORT","5/30","5/10","NONE","133","133","0","2","40.60","0.0062","-0.2000","12.13","-3.6571","4.5307","-3187","996813","-0.3187"
"INTEGRATED_CONTINUOUS","DS003060","삼성전자","0193W0","LONG","3/20","3/30","50","111","107","4","5","35.14","0.0036","-0.3515","18.33","-1.7152","4.3541","-3649","996351","-0.3649"
"INTEGRATED_CONTINUOUS","DS000884","SK하이닉스","0197X0","SHORT","10/30","3/10","5","100","99","1","2","41.00","0.0045","-0.2471","10.18","-6.0613","5.5386","-5553","994447","-0.5553"
"INTEGRATED_CONTINUOUS","DS004006","SK하이닉스","0197X0","SHORT","3/20","10/30","20","102","93","9","4","34.31","0.0200","-0.3909","23.58","-3.8309","12.7469","-5970","994030","-0.5970"
"INTEGRATED_CONTINUOUS","DS001316","SK하이닉스","0197X0","SHORT","5/30","5/10","5","132","132","0","2","40.15","0.0035","-0.2000","11.93","-3.6571","4.5307","-6836","993164","-0.6836"
"INTEGRATED_CONTINUOUS","DS001412","SK하이닉스","0197X0","SHORT","20/30","5/10","5","80","79","1","2","43.75","-0.0045","-0.2000","11.94","-2.9092","2.8023","-7927","992073","-0.7927"
"INTEGRATED_CONTINUOUS","DS001363","SK하이닉스","0197X0","SHORT","10/30","5/10","NONE","122","121","1","2","40.16","0.0051","-0.2793","11.75","-6.1757","6.3909","-8011","991989","-0.8011"
"INTEGRATED_CONTINUOUS","DS000324","삼성전자","0193W0","LONG","3/30","3/5","50","95","95","0","2","30.53","-0.0039","-0.2380","5.07","-1.3111","4.0130","-8116","991884","-0.8116"
"INTEGRATED_CONTINUOUS","DS001234","삼성전자","0193W0","LONG","10/20","5/10","20","82","79","3","2","34.15","-0.0043","-0.2000","10.09","-1.7026","4.8205","-8476","991524","-0.8476"
"INTEGRATED_CONTINUOUS","DS001317","SK하이닉스","0197X0","SHORT","5/30","5/10","10","105","105","0","2","40.00","0.0010","-0.1551","12.20","-3.6571","4.5307","-8541","991459","-0.8541"
"INTEGRATED_CONTINUOUS","DS002856","SK하이닉스","0197X0","SHORT","20/30","10/20","50","59","59","0","2","33.90","0.0032","-0.4697","21.24","-4.3491","7.7665","-8555","991445","-0.8555"
"INTEGRATED_CONTINUOUS","DS002147","삼성전자","0193W0","LONG","5/20","5/20","30","86","82","4","2","39.53","-0.0023","-0.2905","15.81","-2.2965","5.1333","-8681","991319","-0.8681"
"INTEGRATED_CONTINUOUS","DS000204","SK하이닉스","0193T0","LONG","5/20","3/5","50","67","67","0","1","37.31","-0.0057","-0.2459","5.78","-2.3512","6.2516","-8866","991134","-0.8866"
"INTEGRATED_CONTINUOUS","DS001748","SK하이닉스","0197X0","SHORT","3/30","3/20","5","151","143","8","3","38.41","0.0069","-0.3601","17.25","-4.9482","8.4068","-9239","990761","-0.9239"
"INTEGRATED_CONTINUOUS","DS000274","삼성전자","0193W0","LONG","10/20","3/5","20","82","79","3","2","31.71","-0.0082","-0.2433","5.02","-1.2488","5.0766","-10120","989880","-1.0120"
"INTEGRATED_CONTINUOUS","DS003432","SK하이닉스","0197X0","SHORT","3/10","5/30","50","175","165","10","5","30.86","0.0370","-0.5484","25.59","-4.6677","11.9394","-10815","989185","-1.0815"
"INTEGRATED_CONTINUOUS","DS000739","SK하이닉스","0197X0","SHORT","10/20","3/10","NONE","161","158","3","2","40.37","0.0026","-0.2000","9.89","-5.4142","5.5386","-11199","988801","-1.1199"
"INTEGRATED_CONTINUOUS","DS001699","SK하이닉스","0197X0","SHORT","10/20","3/20","NONE","161","156","5","2","40.99","0.0061","-0.4283","15.83","-4.9380","8.4068","-11781","988219","-1.1781"
"INTEGRATED_CONTINUOUS","DS002181","SK하이닉스","0197X0","SHORT","10/20","5/20","10","151","146","5","2","37.75","0.0073","-0.3826","17.46","-6.2592","9.9130","-12206","987794","-1.2206"
"INTEGRATED_CONTINUOUS","DS003624","SK하이닉스","0197X0","SHORT","10/20","5/30","50","79","75","4","3","39.24","0.0143","-0.4147","25.15","-9.0144","10.6123","-12384","987616","-1.2384"
"INTEGRATED_CONTINUOUS","DS000262","SK하이닉스","0197X0","SHORT","10/20","3/5","20","80","80","0","1","35.00","-0.0108","-0.2475","5.26","-2.2470","4.4023","-12803","987197","-1.2803"
"INTEGRATED_CONTINUOUS","DS003048","SK하이닉스","0197X0","SHORT","3/20","3/30","50","119","113","6","3","28.57","0.0082","-0.5159","19.91","-4.6034","11.3926","-13138","986862","-1.3138"
"INTEGRATED_CONTINUOUS","DS001704","SK하이닉스","0197X0","SHORT","10/20","3/20","50","79","76","3","2","36.71","0.0012","-0.5408","15.35","-4.9380","8.4068","-13393","986607","-1.3393"
"INTEGRATED_CONTINUOUS","DS000371","삼성전자","0193W0","LONG","5/30","3/5","30","66","66","0","1","27.27","-0.0156","-0.2993","5.15","-1.4739","4.0130","-13394","986606","-1.3394"
"INTEGRATED_CONTINUOUS","DS004248","SK하이닉스","0197X0","SHORT","10/30","10/30","50","68","65","3","2","36.76","0.0078","-0.3673","24.22","-4.3224","11.9571","-13503","986497","-1.3503"
"INTEGRATED_CONTINUOUS","DS004147","SK하이닉스","0197X0","SHORT","3/30","10/30","NONE","171","159","12","4","42.69","0.0355","-0.2594","28.02","-7.9603","13.6722","-13752","986248","-1.3752"
"INTEGRATED_CONTINUOUS","DS003283","SK하이닉스","0197X0","SHORT","10/30","3/30","NONE","122","117","5","3","38.52","0.0074","-0.3984","21.64","-6.2043","10.6123","-14117","985883","-1.4117"
"INTEGRATED_CONTINUOUS","DS002723","삼성전자","0193W0","LONG","3/30","10/20","30","79","72","7","3","36.71","-0.0048","-0.2765","19.01","-2.1380","6.5179","-14175","985825","-1.4175"
"INTEGRATED_CONTINUOUS","DS002180","SK하이닉스","0197X0","SHORT","10/20","5/20","5","120","116","4","2","38.33","0.0038","-0.4099","18.43","-6.2592","9.9130","-14241","985759","-1.4241"
"INTEGRATED_CONTINUOUS","DS000828","SK하이닉스","0193T0","LONG","5/30","3/10","50","49","49","0","2","42.86","-0.0245","-0.2000","11.82","-2.5061","3.1769","-14896","985104","-1.4896"
"INTEGRATED_CONTINUOUS","DS000840","SK하이닉스","0197X0","SHORT","5/30","3/10","50","71","71","0","2","36.62","-0.0145","-0.3943","10.89","-3.2730","4.4133","-16238","983762","-1.6238"
"INTEGRATED_CONTINUOUS","DS002664","SK하이닉스","0197X0","SHORT","10/20","10/20","50","79","77","2","2","34.18","0.0059","-0.3085","19.39","-7.0793","10.6123","-16259","983741","-1.6259"
"INTEGRATED_CONTINUOUS","DS001364","SK하이닉스","0197X0","SHORT","10/30","5/10","5","100","100","0","2","39.00","-0.0031","-0.3229","11.87","-6.1757","6.3909","-16300","983700","-1.6300"
"INTEGRATED_CONTINUOUS","DS000883","SK하이닉스","0197X0","SHORT","10/30","3/10","NONE","122","120","2","2","39.34","-0.0044","-0.2501","10.09","-6.0613","5.5386","-16368","983632","-1.6368"
"INTEGRATED_CONTINUOUS","DS004627","SK하이닉스","0197X0","SHORT","3/30","20/30","NONE","171","157","14","6","37.43","0.0224","-0.2658","31.12","-7.6656","11.8699","-17440","982560","-1.7440"
"INTEGRATED_CONTINUOUS","DS003300","삼성전자","0193W0","LONG","10/30","3/30","50","53","51","2","2","32.08","-0.0216","-0.4163","22.96","-2.8176","4.2230","-17468","982532","-1.7468"
"INTEGRATED_CONTINUOUS","DS004004","SK하이닉스","0197X0","SHORT","3/20","10/30","5","194","180","14","5","41.24","0.0468","-0.2495","31.68","-11.2795","13.6722","-17544","982456","-1.7544"
"INTEGRATED_CONTINUOUS","DS003240","SK하이닉스","0197X0","SHORT","5/30","3/30","50","71","69","2","2","32.39","-0.0132","-0.4513","19.92","-3.2730","4.9463","-18185","981815","-1.8185"
"INTEGRATED_CONTINUOUS","DS004260","삼성전자","0193W0","LONG","10/30","10/30","50","53","50","3","1","32.08","-0.0212","-0.4339","26.42","-3.8098","6.7854","-19762","980238","-1.9762"
"INTEGRATED_CONTINUOUS","DS003683","삼성전자","0193W0","LONG","3/30","5/30","30","79","72","7","2","34.18","-0.0152","-0.3883","17.71","-2.3590","5.4923","-20349","979651","-2.0349"
"INTEGRATED_CONTINUOUS","DS003285","SK하이닉스","0197X0","SHORT","10/30","3/30","10","120","115","5","3","37.50","0.0020","-0.4214","21.45","-6.2043","10.6123","-20644","979356","-2.0644"
"INTEGRATED_CONTINUOUS","DS003311","삼성전자","0193L0","SHORT","10/30","3/30","30","49","45","4","2","24.49","-0.0324","-0.4415","22.24","-1.6988","7.1481","-20682","979318","-2.0682"
"INTEGRATED_CONTINUOUS","DS004484","SK하이닉스","0197X0","SHORT","3/20","20/30","5","194","174","20","8","42.27","0.0419","-0.2000","35.22","-10.9955","11.8699","-21040","978960","-2.1040"
"INTEGRATED_CONTINUOUS","DS002372","SK하이닉스","0197X0","SHORT","20/30","5/20","5","80","77","3","2","37.50","-0.0154","-0.2562","19.04","-3.6275","7.0851","-21322","978678","-2.1322"
"INTEGRATED_CONTINUOUS","DS003336","SK하이닉스","0197X0","SHORT","20/30","3/30","50","59","59","0","2","37.29","-0.0224","-0.4923","23.54","-3.6275","7.7665","-21999","978001","-2.1999"
"INTEGRATED_CONTINUOUS","DS001896","SK하이닉스","0197X0","SHORT","20/30","3/20","50","59","59","0","1","35.59","-0.0283","-0.3601","16.73","-2.4850","5.6176","-22232","977768","-2.2232"
"INTEGRATED_CONTINUOUS","DS002760","SK하이닉스","0197X0","SHORT","5/30","10/20","50","71","69","2","3","36.62","-0.0083","-0.3079","23.14","-4.0363","11.2719","-22341","977659","-2.2341"
"INTEGRATED_CONTINUOUS","DS002085","SK하이닉스","0197X0","SHORT","3/20","5/20","10","167","159","8","2","35.33","0.0037","-0.3603","18.78","-3.2730","10.6884","-23606","976394","-2.3606"
"INTEGRATED_CONTINUOUS","DS000790","SK하이닉스","0197X0","SHORT","3/30","3/10","20","114","109","5","2","38.60","-0.0136","-0.2617","10.66","-3.2730","5.2720","-24141","975859","-2.4141"
"INTEGRATED_CONTINUOUS","DS003574","SK하이닉스","0197X0","SHORT","5/20","5/30","20","89","85","4","3","32.58","-0.0105","-0.5243","21.73","-3.2730","11.2719","-24923","975077","-2.4923"
"INTEGRATED_CONTINUOUS","DS003228","SK하이닉스","0193T0","LONG","5/30","3/30","50","49","48","1","2","34.69","-0.0385","-0.4670","22.41","-2.9952","6.0228","-24991","975009","-2.4991"
"INTEGRATED_CONTINUOUS","DS002580","삼성전자","0193W0","LONG","3/20","10/20","50","111","106","5","4","40.54","-0.0145","-0.2523","18.81","-1.9264","4.0593","-25048","974952","-2.5048"
"INTEGRATED_CONTINUOUS","DS003154","삼성전자","0193W0","LONG","10/20","3/30","20","82","78","4","3","32.93","-0.0215","-0.3520","20.04","-2.1779","5.0254","-25578","974422","-2.5578"
"INTEGRATED_CONTINUOUS","DS000418","삼성전자","0193W0","LONG","10/30","3/5","20","88","87","1","2","37.50","-0.0255","-0.1808","5.47","-1.5016","4.2738","-25755","974245","-2.5755"
"INTEGRATED_CONTINUOUS","DS000706","삼성전자","0193W0","LONG","5/20","3/10","20","81","78","3","1","32.10","-0.0268","-0.3040","9.01","-1.7052","4.6718","-25968","974032","-2.5968"
"INTEGRATED_CONTINUOUS","DS003816","SK하이닉스","0197X0","SHORT","20/30","5/30","50","59","59","0","2","37.29","-0.0283","-0.5690","24.75","-3.9883","7.7665","-26836","973164","-2.6836"
"INTEGRATED_CONTINUOUS","DS001284","삼성전자","0193W0","LONG","3/30","5/10","50","95","94","1","3","32.63","-0.0192","-0.3505","10.56","-1.6124","5.6091","-27120","972880","-2.7120"
"INTEGRATED_CONTINUOUS","DS001365","SK하이닉스","0197X0","SHORT","10/30","5/10","10","120","119","1","2","39.17","-0.0113","-0.2991","11.60","-6.1757","6.3909","-27254","972746","-2.7254"
"INTEGRATED_CONTINUOUS","DS004271","삼성전자","0193L0","SHORT","10/30","10/30","30","49","46","3","1","28.57","-0.0463","-0.4277","26.00","-2.7812","7.8870","-28067","971933","-2.8067"
"INTEGRATED_CONTINUOUS","DS003140","SK하이닉스","0197X0","SHORT","10/20","3/30","5","120","114","6","3","37.50","-0.0066","-0.3641","22.00","-6.4723","10.6123","-28128","971872","-2.8128"
"INTEGRATED_CONTINUOUS","DS001800","SK하이닉스","0197X0","SHORT","5/30","3/20","50","71","69","2","2","35.21","-0.0288","-0.5159","18.08","-3.7454","4.1419","-28164","971836","-2.8164"
"INTEGRATED_CONTINUOUS","DS002133","SK하이닉스","0197X0","SHORT","5/20","5/20","10","144","140","4","1","34.03","-0.0052","-0.3869","17.94","-3.2730","10.5684","-28211","971789","-2.8211"
"INTEGRATED_CONTINUOUS","DS002243","삼성전자","0193W0","LONG","3/30","5/20","30","79","71","8","4","35.44","-0.0252","-0.3029","17.97","-2.2852","5.1333","-29070","970930","-2.9070"
"INTEGRATED_CONTINUOUS","DS002757","SK하이닉스","0197X0","SHORT","5/30","10/20","10","105","103","2","3","40.00","-0.0075","-0.3375","22.23","-4.0363","11.2719","-29178","970822","-2.9178"
"INTEGRATED_CONTINUOUS","DS000886","SK하이닉스","0197X0","SHORT","10/30","3/10","20","102","101","1","2","40.20","-0.0207","-0.2491","10.46","-6.0613","5.5386","-30523","969477","-3.0523"
"INTEGRATED_CONTINUOUS","DS000789","SK하이닉스","0197X0","SHORT","3/30","3/10","10","133","127","6","2","39.85","-0.0163","-0.2000","10.26","-3.2730","5.2720","-30962","969038","-3.0962"
"INTEGRATED_CONTINUOUS","DS004099","SK하이닉스","0197X0","SHORT","10/20","10/30","NONE","161","151","10","4","44.72","0.0195","-0.1458","30.87","-9.6351","11.9571","-31159","968841","-3.1159"
"INTEGRATED_CONTINUOUS","DS003187","SK하이닉스","0197X0","SHORT","3/30","3/30","NONE","171","162","9","1","32.75","-0.0064","-0.4665","17.84","-3.2730","10.6123","-32526","967474","-3.2526"
"INTEGRATED_CONTINUOUS","DS003059","삼성전자","0193W0","LONG","3/20","3/30","30","107","102","5","5","29.91","-0.0258","-0.3516","16.17","-1.5248","5.3498","-33207","966793","-3.3207"
"INTEGRATED_CONTINUOUS","DS000885","SK하이닉스","0197X0","SHORT","10/30","3/10","10","120","118","2","2","38.33","-0.0192","-0.2523","9.94","-6.0613","5.5386","-33452","966548","-3.3452"
"INTEGRATED_CONTINUOUS","DS001219","SK하이닉스","0197X0","SHORT","10/20","5/10","NONE","161","160","1","2","39.75","-0.0113","-0.2542","10.84","-4.9380","6.3909","-33948","966052","-3.3948"
"INTEGRATED_CONTINUOUS","DS001267","SK하이닉스","0197X0","SHORT","3/30","5/10","NONE","171","166","5","2","40.35","-0.0097","-0.2000","12.16","-3.6571","4.6193","-34173","965827","-3.4173"
"INTEGRATED_CONTINUOUS","DS000791","SK하이닉스","0197X0","SHORT","3/30","3/10","30","82","79","3","2","34.15","-0.0336","-0.3217","11.35","-3.2730","5.2720","-34481","965519","-3.4481"
"INTEGRATED_CONTINUOUS","DS004151","SK하이닉스","0197X0","SHORT","3/30","10/30","30","82","74","8","3","35.37","-0.0131","-0.3939","24.37","-5.5717","11.9571","-34767","965233","-3.4767"
"INTEGRATED_CONTINUOUS","DS000228","삼성전자","0193W0","LONG","5/20","3/5","50","96","95","1","2","34.38","-0.0330","-0.2185","5.05","-2.1709","4.0130","-35147","964853","-3.5147"
"INTEGRATED_CONTINUOUS","DS004488","SK하이닉스","0197X0","SHORT","3/20","20/30","50","119","106","13","4","35.29","0.0194","-0.4096","30.31","-10.9955","11.8699","-35644","964356","-3.5644"
"INTEGRATED_CONTINUOUS","DS003575","SK하이닉스","0197X0","SHORT","5/20","5/30","30","85","82","3","3","32.94","-0.0257","-0.6058","20.91","-3.2730","11.2719","-36248","963752","-3.6248"
"INTEGRATED_CONTINUOUS","DS001380","삼성전자","0193W0","LONG","10/30","5/10","50","53","52","1","2","28.30","-0.0643","-0.3809","9.96","-1.6602","4.0196","-37443","962557","-3.7443"
"INTEGRATED_CONTINUOUS","DS003791","삼성전자","0193L0","SHORT","10/30","5/30","30","49","45","4","2","26.53","-0.0677","-0.5120","23.98","-1.6988","7.1481","-37618","962382","-3.7618"
"INTEGRATED_CONTINUOUS","DS000226","삼성전자","0193W0","LONG","5/20","3/5","20","81","80","1","1","29.63","-0.0426","-0.2498","5.58","-2.1709","5.1846","-38200","961800","-3.8200"
"INTEGRATED_CONTINUOUS","DS000932","SK하이닉스","0197X0","SHORT","20/30","3/10","5","80","79","1","2","35.00","-0.0439","-0.3106","10.16","-2.1392","3.2899","-38705","961295","-3.8705"
"INTEGRATED_CONTINUOUS","DS003284","SK하이닉스","0197X0","SHORT","10/30","3/30","5","100","96","4","3","39.00","-0.0193","-0.4258","21.89","-6.2043","10.6123","-39259","960741","-3.9259"
"INTEGRATED_CONTINUOUS","DS001763","삼성전자","0193W0","LONG","3/30","3/20","30","79","73","6","3","31.65","-0.0392","-0.2471","14.77","-2.2852","5.8000","-40237","959763","-4.0237"
"INTEGRATED_CONTINUOUS","DS003348","삼성전자","0193W0","LONG","20/30","3/30","50","58","55","3","2","32.76","-0.0643","-0.5171","19.91","-1.6825","3.5665","-40665","959335","-4.0665"
"INTEGRATED_CONTINUOUS","DS000787","SK하이닉스","0197X0","SHORT","3/30","3/10","NONE","171","165","6","2","38.60","-0.0153","-0.2541","10.64","-3.2730","5.2720","-40829","959171","-4.0829"
"INTEGRATED_CONTINUOUS","DS001366","SK하이닉스","0197X0","SHORT","10/30","5/10","20","102","102","0","2","39.22","-0.0295","-0.2880","12.45","-6.1757","6.3909","-42016","957984","-4.2016"
"INTEGRATED_CONTINUOUS","DS001308","SK하이닉스","0193T0","LONG","5/30","5/10","50","49","49","0","2","34.69","-0.0828","-0.1412","12.53","-2.6011","3.0135","-42324","957676","-4.2324"
"INTEGRATED_CONTINUOUS","DS001221","SK하이닉스","0197X0","SHORT","10/20","5/10","10","151","150","1","2","38.41","-0.0188","-0.2621","10.58","-4.9380","6.3909","-42380","957620","-4.2380"
"INTEGRATED_CONTINUOUS","DS000395","SK하이닉스","0193T0","LONG","10/30","3/5","30","43","42","1","1","27.91","-0.0960","-0.3060","4.88","-1.1241","5.8940","-42695","957305","-4.2695"
"INTEGRATED_CONTINUOUS","DS004643","삼성전자","0193W0","LONG","3/30","20/30","30","79","72","7","5","37.97","-0.0267","-0.3295","20.89","-3.7314","7.4410","-43333","956667","-4.3333"
"INTEGRATED_CONTINUOUS","DS002578","삼성전자","0193W0","LONG","3/20","10/20","20","95","88","7","4","37.89","-0.0386","-0.2523","17.21","-2.2747","3.5954","-43359","956641","-4.3359"
"INTEGRATED_CONTINUOUS","DS002134","SK하이닉스","0197X0","SHORT","5/20","5/20","20","89","85","4","1","28.09","-0.0350","-0.4094","16.94","-3.2730","10.5684","-43428","956572","-4.3428"
"INTEGRATED_CONTINUOUS","DS004056","SK하이닉스","0197X0","SHORT","5/20","10/30","50","100","94","6","4","37.00","-0.0063","-0.3777","28.28","-11.2795","12.6247","-43529","956471","-4.3529"
"INTEGRATED_CONTINUOUS","DS000372","삼성전자","0193W0","LONG","5/30","3/5","50","75","75","0","2","26.67","-0.0561","-0.2960","5.03","-1.4739","4.0130","-44159","955841","-4.4159"
"INTEGRATED_CONTINUOUS","DS003287","SK하이닉스","0197X0","SHORT","10/30","3/30","30","67","64","3","3","31.34","-0.0465","-0.7379","19.66","-3.2730","10.6123","-44236","955764","-4.4236"
"INTEGRATED_CONTINUOUS","DS002327","SK하이닉스","0197X0","SHORT","10/30","5/20","30","67","64","3","2","32.84","-0.0484","-0.6296","16.87","-3.2730","9.9130","-44623","955377","-4.4623"
"INTEGRATED_CONTINUOUS","DS000259","SK하이닉스","0197X0","SHORT","10/20","3/5","NONE","161","159","2","2","37.27","-0.0231","-0.2000","6.12","-2.3105","4.4023","-44658","955342","-4.4658"
"INTEGRATED_CONTINUOUS","DS003708","SK하이닉스","0193T0","LONG","5/30","5/30","50","49","47","2","1","34.69","-0.0774","-0.5296","23.92","-2.7856","6.2717","-44716","955284","-4.4716"
"INTEGRATED_CONTINUOUS","DS000936","SK하이닉스","0197X0","SHORT","20/30","3/10","50","59","59","0","1","35.59","-0.0726","-0.2451","11.20","-2.1392","3.2899","-45293","954707","-4.5293"
"INTEGRATED_CONTINUOUS","DS003204","삼성전자","0193W0","LONG","3/30","3/30","50","95","92","3","2","31.58","-0.0428","-0.3547","14.83","-1.7152","3.9182","-45675","954325","-4.5675"
"INTEGRATED_CONTINUOUS","DS001367","SK하이닉스","0197X0","SHORT","10/30","5/10","30","67","66","1","2","29.85","-0.0590","-0.3454","10.76","-3.6571","6.3909","-45930","954070","-4.5930"
"INTEGRATED_CONTINUOUS","DS002278","SK하이닉스","0197X0","SHORT","5/30","5/20","20","95","92","3","2","34.74","-0.0354","-0.3502","17.91","-3.2730","10.5684","-46293","953707","-4.6293"
"INTEGRATED_CONTINUOUS","DS000408","SK하이닉스","0197X0","SHORT","10/30","3/5","50","68","67","1","2","32.35","-0.0632","-0.3971","5.18","-3.2730","5.2348","-46560","953440","-4.6560"
"INTEGRATED_CONTINUOUS","DS000346","SK하이닉스","0193T0","LONG","5/30","3/5","20","88","86","2","2","36.36","-0.0484","-0.2551","5.70","-2.4837","5.3457","-46785","953215","-4.6785"
"INTEGRATED_CONTINUOUS","DS002803","SK하이닉스","0197X0","SHORT","10/30","10/20","NONE","122","118","4","3","41.80","-0.0190","-0.2000","21.11","-4.3224","10.6123","-46855","953145","-4.6855"
"INTEGRATED_CONTINUOUS","DS003144","SK하이닉스","0197X0","SHORT","10/20","3/30","50","79","75","4","3","31.65","-0.0360","-0.4060","21.39","-9.0144","10.6123","-47150","952850","-4.7150"
"INTEGRATED_CONTINUOUS","DS000900","삼성전자","0193W0","LONG","10/30","3/10","50","53","52","1","2","28.30","-0.0855","-0.2904","8.34","-1.5224","3.7654","-47314","952686","-4.7314"
"INTEGRATED_CONTINUOUS","DS002231","SK하이닉스","0197X0","SHORT","3/30","5/20","30","82","77","5","2","29.27","-0.0397","-0.3117","20.38","-5.1400","9.9130","-47377","952623","-4.7377"
"INTEGRATED_CONTINUOUS","DS000741","SK하이닉스","0197X0","SHORT","10/20","3/10","10","151","149","2","2","39.07","-0.0231","-0.2000","9.50","-5.4142","5.5386","-47691","952309","-4.7691"
"INTEGRATED_CONTINUOUS","DS001220","SK하이닉스","0197X0","SHORT","10/20","5/10","5","120","120","0","1","38.33","-0.0306","-0.2587","10.92","-4.9380","6.3909","-48025","951975","-4.8025"
"INTEGRATED_CONTINUOUS","DS000156","SK하이닉스","0193T0","LONG","3/20","3/5","50","84","83","1","1","32.14","-0.0530","-0.2973","5.57","-2.0499","5.8940","-48882","951118","-4.8882"
"INTEGRATED_CONTINUOUS","DS003812","SK하이닉스","0197X0","SHORT","20/30","5/30","5","80","77","3","2","37.50","-0.0490","-0.4168","24.20","-3.9883","7.7665","-49747","950253","-4.9747"
"INTEGRATED_CONTINUOUS","DS003057","삼성전자","0193W0","LONG","3/20","3/30","10","157","151","6","3","29.30","-0.0203","-0.4524","18.34","-1.8994","6.1830","-49866","950134","-4.9866"
"INTEGRATED_CONTINUOUS","DS000178","삼성전자","0193W0","LONG","3/20","3/5","20","95","94","1","2","32.63","-0.0502","-0.2511","5.44","-1.5462","3.9131","-50275","949725","-5.0275"
"INTEGRATED_CONTINUOUS","DS000876","SK하이닉스","0193T0","LONG","10/30","3/10","50","40","40","0","1","32.50","-0.1215","-0.3478","10.08","-2.0537","4.7941","-50366","949634","-5.0366"
"INTEGRATED_CONTINUOUS","DS000263","SK하이닉스","0197X0","SHORT","10/20","3/5","30","84","82","2","2","34.52","-0.0565","-0.2000","5.38","-2.2470","4.4023","-50450","949550","-5.0450"
"INTEGRATED_CONTINUOUS","DS000264","SK하이닉스","0197X0","SHORT","10/20","3/5","50","79","77","2","2","32.91","-0.0597","-0.2903","5.58","-2.3105","4.4023","-50476","949524","-5.0476"
"INTEGRATED_CONTINUOUS","DS003576","SK하이닉스","0197X0","SHORT","5/20","5/30","50","100","97","3","3","33.00","-0.0309","-0.6062","23.34","-5.0295","11.2719","-50784","949216","-5.0784"
"INTEGRATED_CONTINUOUS","DS002136","SK하이닉스","0197X0","SHORT","5/20","5/20","50","100","99","1","1","27.00","-0.0368","-0.4683","15.86","-3.2730","10.5684","-50820","949180","-5.0820"
"INTEGRATED_CONTINUOUS","DS000444","SK하이닉스","0193T0","LONG","20/30","3/5","50","43","42","1","1","27.91","-0.1163","-0.3418","5.12","-2.3516","3.6516","-50954","949046","-5.0954"
"INTEGRATED_CONTINUOUS","DS004772","SK하이닉스","0197X0","SHORT","20/30","20/30","5","80","74","6","1","42.50","-0.0445","-0.3488","29.75","-5.3405","7.3472","-51572","948428","-5.1572"
"INTEGRATED_CONTINUOUS","DS002146","삼성전자","0193W0","LONG","5/20","5/20","20","81","77","4","2","35.80","-0.0577","-0.3729","15.62","-2.2965","5.1333","-51581","948419","-5.1581"
"INTEGRATED_CONTINUOUS","DS002804","SK하이닉스","0197X0","SHORT","10/30","10/20","5","100","96","4","2","44.00","-0.0309","-0.3533","21.77","-4.3224","10.6123","-51622","948378","-5.1622"
"INTEGRATED_CONTINUOUS","DS003308","삼성전자","0193L0","SHORT","10/30","3/30","5","92","87","5","2","27.17","-0.0477","-0.4564","22.33","-1.7917","7.1481","-51693","948307","-5.1693"
"INTEGRATED_CONTINUOUS","DS000780","SK하이닉스","0193T0","LONG","3/30","3/10","50","56","56","0","2","44.64","-0.0879","-0.1078","10.38","-2.5061","3.2237","-52164","947836","-5.2164"
"INTEGRATED_CONTINUOUS","DS000415","삼성전자","0193W0","LONG","10/30","3/5","NONE","125","123","2","2","35.20","-0.0394","-0.2000","5.34","-1.5092","4.2738","-52228","947772","-5.2228"
"INTEGRATED_CONTINUOUS","DS001747","SK하이닉스","0197X0","SHORT","3/30","3/20","NONE","171","163","8","3","36.84","-0.0186","-0.3616","17.34","-4.9482","8.4068","-52607","947393","-5.2607"
"INTEGRATED_CONTINUOUS","DS001138","삼성전자","0193W0","LONG","3/20","5/10","20","95","91","4","3","34.74","-0.0515","-0.2897","10.91","-2.2151","4.6843","-52853","947147","-5.2853"
"INTEGRATED_CONTINUOUS","DS001413","SK하이닉스","0197X0","SHORT","20/30","5/10","10","88","88","0","2","44.32","-0.0568","-0.2000","10.81","-2.9092","2.8023","-52916","947084","-5.2916"
"INTEGRATED_CONTINUOUS","DS002373","SK하이닉스","0197X0","SHORT","20/30","5/20","10","88","86","2","3","36.36","-0.0510","-0.2496","18.10","-3.6275","7.0851","-52964","947036","-5.2964"
"INTEGRATED_CONTINUOUS","DS002614","SK하이닉스","0197X0","SHORT","5/20","10/20","20","89","84","5","2","33.71","-0.0400","-0.3375","20.09","-4.0363","11.2719","-52968","947032","-5.2968"
"INTEGRATED_CONTINUOUS","DS002340","삼성전자","0193W0","LONG","10/30","5/20","50","53","51","2","2","30.19","-0.0946","-0.4163","16.30","-2.2488","4.2230","-53074","946926","-5.3074"
"INTEGRATED_CONTINUOUS","DS003527","SK하이닉스","0197X0","SHORT","3/20","5/30","30","100","92","8","3","30.00","-0.0351","-0.5305","20.72","-3.2730","11.3926","-53446","946554","-5.3446"
"INTEGRATED_CONTINUOUS","DS001871","삼성전자","0193L0","SHORT","10/30","3/20","30","49","47","2","2","26.53","-0.1048","-0.4291","15.88","-1.6988","6.2860","-53816","946184","-5.3816"
"INTEGRATED_CONTINUOUS","DS002626","삼성전자","0193W0","LONG","5/20","10/20","20","81","75","6","3","37.04","-0.0582","-0.3146","18.84","-2.6422","6.5179","-53839","946161","-5.3839"
"INTEGRATED_CONTINUOUS","DS000261","SK하이닉스","0197X0","SHORT","10/20","3/5","10","151","150","1","2","36.42","-0.0314","-0.2487","5.88","-2.3105","4.4023","-53846","946154","-5.3846"
"INTEGRATED_CONTINUOUS","DS002100","삼성전자","0193W0","LONG","3/20","5/20","50","111","107","4","3","37.84","-0.0441","-0.3414","18.04","-1.6720","3.8617","-54752","945248","-5.4752"
"INTEGRATED_CONTINUOUS","DS003139","SK하이닉스","0197X0","SHORT","10/20","3/30","NONE","161","154","7","3","39.13","-0.0071","-0.2760","22.97","-9.0144","10.6123","-54773","945227","-5.4773"
"INTEGRATED_CONTINUOUS","DS001175","SK하이닉스","0197X0","SHORT","5/20","5/10","30","85","85","0","2","37.65","-0.0578","-0.2000","11.59","-3.6571","4.2167","-54983","945017","-5.4983"
"INTEGRATED_CONTINUOUS","DS003044","SK하이닉스","0197X0","SHORT","3/20","3/30","5","194","182","12","3","34.02","-0.0110","-0.3981","21.70","-6.2714","11.3926","-55605","944395","-5.5605"
"INTEGRATED_CONTINUOUS","DS004102","SK하이닉스","0197X0","SHORT","10/20","10/30","20","80","76","4","3","36.25","-0.0403","-0.2755","27.41","-7.0793","11.9571","-55741","944259","-5.5741"
"INTEGRATED_CONTINUOUS","DS000754","삼성전자","0193W0","LONG","10/20","3/10","20","82","79","3","2","31.71","-0.0649","-0.2764","8.51","-1.6273","4.5643","-55795","944205","-5.5795"
"INTEGRATED_CONTINUOUS","DS003332","SK하이닉스","0197X0","SHORT","20/30","3/30","5","80","77","3","2","37.50","-0.0590","-0.4720","22.90","-3.6275","7.7665","-55838","944162","-5.5838"
"INTEGRATED_CONTINUOUS","DS000417","삼성전자","0193W0","LONG","10/30","3/5","10","118","116","2","2","34.75","-0.0451","-0.2000","5.29","-1.5092","4.2738","-55913","944087","-5.5913"
"INTEGRATED_CONTINUOUS","DS000286","삼성전자","0193L0","SHORT","10/20","3/5","20","54","54","0","2","33.33","-0.1044","-0.1811","5.57","-1.2793","2.6459","-55989","944011","-5.5989"
"INTEGRATED_CONTINUOUS","DS003237","SK하이닉스","0197X0","SHORT","5/30","3/30","10","105","103","2","2","38.10","-0.0421","-0.4408","21.41","-3.2730","4.9463","-55998","944002","-5.5998"
"INTEGRATED_CONTINUOUS","DS000792","SK하이닉스","0197X0","SHORT","3/30","3/10","50","90","87","3","2","36.67","-0.0551","-0.2270","11.09","-3.2730","5.2720","-56930","943070","-5.6930"
"INTEGRATED_CONTINUOUS","DS004677","SK하이닉스","0197X0","SHORT","5/30","20/30","10","105","96","9","4","40.00","-0.0284","-0.3781","35.28","-6.9788","10.8390","-56970","943030","-5.6970"
"INTEGRATED_CONTINUOUS","DS001224","SK하이닉스","0197X0","SHORT","10/20","5/10","50","79","78","1","2","37.97","-0.0639","-0.2739","10.32","-4.9380","6.3909","-57278","942722","-5.7278"
"INTEGRATED_CONTINUOUS","DS000646","SK하이닉스","0197X0","SHORT","3/20","3/10","20","102","99","3","2","38.24","-0.0500","-0.3191","10.86","-3.2730","4.4133","-57479","942521","-5.7479"
"INTEGRATED_CONTINUOUS","DS000660","삼성전자","0193W0","LONG","3/20","3/10","50","111","109","2","2","31.53","-0.0479","-0.3024","9.51","-2.2151","4.6843","-57962","942038","-5.7962"
"INTEGRATED_CONTINUOUS","DS002375","SK하이닉스","0197X0","SHORT","20/30","5/20","30","63","62","1","2","30.16","-0.0824","-0.3008","18.63","-3.6275","7.0851","-58093","941907","-5.8093"
"INTEGRATED_CONTINUOUS","DS000684","SK하이닉스","0193T0","LONG","5/20","3/10","50","67","67","0","1","37.31","-0.0824","-0.2598","9.67","-2.5061","4.3739","-58304","941696","-5.8304"
"INTEGRATED_CONTINUOUS","DS000392","SK하이닉스","0193T0","LONG","10/30","3/5","5","76","75","1","1","27.63","-0.0736","-0.2498","4.83","-1.6000","5.8940","-58681","941319","-5.8681"
"INTEGRATED_CONTINUOUS","DS001269","SK하이닉스","0197X0","SHORT","3/30","5/10","10","133","128","5","2","41.35","-0.0376","-0.2000","12.06","-3.6571","4.2679","-58911","941089","-5.8911"
"INTEGRATED_CONTINUOUS","DS000647","SK하이닉스","0197X0","SHORT","3/20","3/10","30","100","97","3","2","36.00","-0.0512","-0.3392","10.34","-3.2730","4.4133","-59549","940451","-5.9549"
"INTEGRATED_CONTINUOUS","DS000896","삼성전자","0193W0","LONG","10/30","3/10","5","85","83","2","2","28.24","-0.0675","-0.2771","8.16","-1.5224","3.7654","-59636","940364","-5.9636"
"INTEGRATED_CONTINUOUS","DS001376","삼성전자","0193W0","LONG","10/30","5/10","5","85","83","2","2","29.41","-0.0673","-0.3337","9.11","-1.4468","4.0196","-60246","939754","-6.0246"
"INTEGRATED_CONTINUOUS","DS000658","삼성전자","0193W0","LONG","3/20","3/10","20","95","92","3","3","29.47","-0.0599","-0.2865","9.57","-2.2151","4.6843","-60322","939678","-6.0322"
"INTEGRATED_CONTINUOUS","DS000167","SK하이닉스","0197X0","SHORT","3/20","3/5","30","100","97","3","1","35.00","-0.0576","-0.2960","5.92","-3.2730","4.0482","-60856","939144","-6.0856"
"INTEGRATED_CONTINUOUS","DS003166","삼성전자","0193L0","SHORT","10/20","3/30","20","54","53","1","2","31.48","-0.1073","-0.5652","22.93","-2.1130","7.1481","-61020","938980","-6.1020"
"INTEGRATED_CONTINUOUS","DS003910","SK하이닉스","0197X0","SHORT","3/10","10/30","20","161","147","14","5","36.02","0.0085","-0.3825","23.14","-3.3208","13.3003","-61129","938871","-6.1129"
"INTEGRATED_CONTINUOUS","DS001415","SK하이닉스","0197X0","SHORT","20/30","5/10","30","63","63","0","2","41.27","-0.0963","-0.2599","10.65","-2.9092","2.8023","-61973","938027","-6.1973"
"INTEGRATED_CONTINUOUS","DS001606","SK하이닉스","0197X0","SHORT","3/20","3/20","20","102","97","5","1","32.35","-0.0508","-0.4746","14.43","-3.2730","9.1716","-62060","937940","-6.2060"
"INTEGRATED_CONTINUOUS","DS003190","SK하이닉스","0197X0","SHORT","3/30","3/30","20","114","106","8","1","31.58","-0.0414","-0.4854","17.89","-3.2730","10.6123","-62164","937836","-6.2164"
"INTEGRATED_CONTINUOUS","DS000888","SK하이닉스","0197X0","SHORT","10/30","3/10","50","68","67","1","2","33.82","-0.0864","-0.3917","9.15","-3.2730","5.5386","-62176","937824","-6.2176"
"INTEGRATED_CONTINUOUS","DS000299","SK하이닉스","0193T0","LONG","3/30","3/5","30","58","56","2","1","34.48","-0.1062","-0.2589","5.19","-2.9320","3.1419","-62627","937373","-6.2627"
"INTEGRATED_CONTINUOUS","DS004197","SK하이닉스","0197X0","SHORT","5/30","10/30","10","105","100","5","3","40.95","-0.0291","-0.2538","30.33","-7.2757","12.6247","-62690","937310","-6.2690"
"INTEGRATED_CONTINUOUS","DS001847","SK하이닉스","0197X0","SHORT","10/30","3/20","30","67","65","2","2","29.85","-0.0811","-0.6296","15.18","-3.2730","8.4068","-62996","937004","-6.2996"
"INTEGRATED_CONTINUOUS","DS004114","삼성전자","0193W0","LONG","10/20","10/30","20","82","77","5","3","34.15","-0.0557","-0.5180","27.90","-3.8098","7.3307","-63128","936872","-6.3128"
"INTEGRATED_CONTINUOUS","DS000887","SK하이닉스","0197X0","SHORT","10/30","3/10","30","67","66","1","2","32.84","-0.0901","-0.3068","9.06","-3.2730","5.5386","-63650","936350","-6.3650"
"INTEGRATED_CONTINUOUS","DS001797","SK하이닉스","0197X0","SHORT","5/30","3/20","10","105","103","2","2","39.05","-0.0531","-0.3530","17.28","-3.2730","4.1419","-63824","936176","-6.3824"
"INTEGRATED_CONTINUOUS","DS001124","SK하이닉스","0197X0","SHORT","3/20","5/10","5","194","189","5","3","39.69","-0.0235","-0.2539","12.03","-3.6571","5.1138","-64103","935897","-6.4103"
"INTEGRATED_CONTINUOUS","DS001270","SK하이닉스","0197X0","SHORT","3/30","5/10","20","114","110","4","2","39.47","-0.0495","-0.2000","12.38","-3.6571","4.6193","-64397","935603","-6.4397"
"INTEGRATED_CONTINUOUS","DS001870","삼성전자","0193L0","SHORT","10/30","3/20","20","85","83","2","2","30.59","-0.0703","-0.4001","16.53","-1.7917","6.2860","-64451","935549","-6.4451"
"INTEGRATED_CONTINUOUS","DS004736","삼성전자","0193W0","LONG","10/30","20/30","5","85","78","7","2","36.47","-0.0605","-0.3733","28.27","-3.5119","6.5107","-64549","935451","-6.4549"
"INTEGRATED_CONTINUOUS","DS004103","SK하이닉스","0197X0","SHORT","10/20","10/30","30","84","76","8","4","36.90","-0.0518","-0.2727","26.50","-7.0793","11.9571","-64741","935259","-6.4741"
"INTEGRATED_CONTINUOUS","DS002132","SK하이닉스","0197X0","SHORT","5/20","5/20","5","174","170","4","1","33.33","-0.0254","-0.4470","17.09","-3.2730","10.5684","-65252","934748","-6.5252"
"INTEGRATED_CONTINUOUS","DS002564","SK하이닉스","0197X0","SHORT","3/20","10/20","5","194","182","12","3","39.69","-0.0050","-0.2225","21.66","-5.1716","12.3068","-65274","934726","-6.5274"
"INTEGRATED_CONTINUOUS","DS002709","SK하이닉스","0197X0","SHORT","3/30","10/20","10","133","126","7","3","39.10","-0.0328","-0.3533","21.67","-3.8309","10.6123","-65794","934206","-6.5794"
"INTEGRATED_CONTINUOUS","DS002131","SK하이닉스","0197X0","SHORT","5/20","5/20","NONE","180","176","4","1","33.33","-0.0251","-0.4021","16.89","-3.2730","10.5684","-66283","933717","-6.6283"
"INTEGRATED_CONTINUOUS","DS001667","삼성전자","0193W0","LONG","5/20","3/20","30","86","82","4","2","31.40","-0.0728","-0.3800","14.21","-2.2814","5.8000","-67197","932803","-6.7197"
"INTEGRATED_CONTINUOUS","DS002805","SK하이닉스","0197X0","SHORT","10/30","10/20","10","120","116","4","3","40.83","-0.0378","-0.2536","20.90","-4.3224","10.6123","-67521","932479","-6.7521"
"INTEGRATED_CONTINUOUS","DS001728","삼성전자","0193L0","SHORT","10/20","3/20","50","75","73","2","2","29.33","-0.0844","-0.3599","16.49","-1.9850","6.2860","-67975","932025","-6.7975"
"INTEGRATED_CONTINUOUS","DS002662","SK하이닉스","0197X0","SHORT","10/20","10/20","20","80","77","3","2","36.25","-0.0628","-0.2542","19.71","-7.0793","10.6123","-68095","931905","-6.8095"
"INTEGRATED_CONTINUOUS","DS003168","삼성전자","0193L0","SHORT","10/20","3/30","50","75","72","3","2","26.67","-0.0854","-0.4576","19.92","-2.1130","7.1481","-68130","931870","-6.8130"
"INTEGRATED_CONTINUOUS","DS004579","SK하이닉스","0197X0","SHORT","10/20","20/30","NONE","161","147","14","6","42.86","-0.0059","-0.2000","34.53","-9.8214","10.1819","-68631","931369","-6.8631"
"INTEGRATED_CONTINUOUS","DS002615","SK하이닉스","0197X0","SHORT","5/20","10/20","30","85","82","3","3","32.94","-0.0619","-0.4677","20.91","-4.0363","11.2719","-68826","931174","-6.8826"
"INTEGRATED_CONTINUOUS","DS004498","삼성전자","0193W0","LONG","3/20","20/30","20","95","85","10","3","35.79","-0.0526","-0.3141","23.76","-2.4080","6.5992","-68838","931162","-6.8838"
"INTEGRATED_CONTINUOUS","DS002351","삼성전자","0193L0","SHORT","10/30","5/20","30","49","46","3","2","22.45","-0.1376","-0.4001","17.29","-1.6988","6.3271","-68991","931009","-6.8991"
"INTEGRATED_CONTINUOUS","DS002820","삼성전자","0193W0","LONG","10/30","10/20","50","53","51","2","2","30.19","-0.1237","-0.4339","18.58","-2.8219","5.5956","-69063","930937","-6.9063"
"INTEGRATED_CONTINUOUS","DS000851","삼성전자","0193W0","LONG","5/30","3/10","30","66","64","2","2","24.24","-0.1026","-0.3613","8.45","-1.7469","3.8278","-69280","930720","-6.9280"
"INTEGRATED_CONTINUOUS","DS000838","SK하이닉스","0197X0","SHORT","5/30","3/10","20","95","94","1","1","40.00","-0.0692","-0.2533","10.42","-3.2730","4.4133","-69485","930515","-6.9485"
"INTEGRATED_CONTINUOUS","DS003142","SK하이닉스","0197X0","SHORT","10/20","3/30","20","80","77","3","3","31.25","-0.0742","-0.5783","19.53","-4.9380","10.6123","-70712","929288","-7.0712"
"INTEGRATED_CONTINUOUS","DS000740","SK하이닉스","0197X0","SHORT","10/20","3/10","5","120","119","1","1","35.83","-0.0527","-0.3335","9.20","-3.9358","5.5386","-70769","929231","-7.0769"
"INTEGRATED_CONTINUOUS","DS001404","SK하이닉스","0193T0","LONG","20/30","5/10","50","43","42","1","2","27.91","-0.1598","-0.3397","10.14","-2.7102","5.2835","-70805","929195","-7.0805"
"INTEGRATED_CONTINUOUS","DS001860","삼성전자","0193W0","LONG","10/30","3/20","50","53","51","2","2","28.30","-0.1302","-0.4626","14.17","-2.8219","4.8839","-71039","928961","-7.1039"
"INTEGRATED_CONTINUOUS","DS001700","SK하이닉스","0197X0","SHORT","10/20","3/20","5","120","117","3","2","38.33","-0.0482","-0.5092","16.05","-4.9380","8.4068","-71385","928615","-7.1385"
"INTEGRATED_CONTINUOUS","DS001701","SK하이닉스","0197X0","SHORT","10/20","3/20","10","151","147","4","2","39.07","-0.0368","-0.4822","15.35","-4.9380","8.4068","-71430","928570","-7.1430"
"INTEGRATED_CONTINUOUS","DS001391","삼성전자","0193L0","SHORT","10/30","5/10","30","49","49","0","2","28.57","-0.1481","-0.2000","10.37","-1.2941","2.4273","-71469","928531","-7.1469"
"INTEGRATED_CONTINUOUS","DS004247","SK하이닉스","0197X0","SHORT","10/30","10/30","30","67","64","3","2","31.34","-0.0817","-0.4757","23.73","-4.3224","11.9571","-71581","928419","-7.1581"
"INTEGRATED_CONTINUOUS","DS001126","SK하이닉스","0197X0","SHORT","3/20","5/10","20","102","100","2","2","38.24","-0.0638","-0.2316","12.95","-3.6571","3.4866","-71762","928238","-7.1762"
"INTEGRATED_CONTINUOUS","DS001173","SK하이닉스","0197X0","SHORT","5/20","5/10","10","144","144","0","2","40.97","-0.0437","-0.1400","11.30","-3.6571","5.1671","-72078","927922","-7.2078"
"INTEGRATED_CONTINUOUS","DS000804","삼성전자","0193W0","LONG","3/30","3/10","50","95","94","1","3","32.63","-0.0739","-0.2881","8.35","-1.7152","4.6843","-72240","927760","-7.2240"
"INTEGRATED_CONTINUOUS","DS003958","SK하이닉스","0197X0","SHORT","5/10","10/30","20","158","144","14","5","36.71","-0.0131","-0.3079","23.62","-3.8309","12.6247","-72303","927697","-7.2303"
"INTEGRATED_CONTINUOUS","DS000742","SK하이닉스","0197X0","SHORT","10/20","3/10","20","80","79","1","2","35.00","-0.0849","-0.3914","9.68","-3.9358","5.5386","-72306","927694","-7.2306"
"INTEGRATED_CONTINUOUS","DS004199","SK하이닉스","0197X0","SHORT","5/30","10/30","30","59","55","4","2","32.20","-0.0975","-0.4969","24.75","-4.3768","12.6247","-72660","927340","-7.2660"
"INTEGRATED_CONTINUOUS","DS000694","SK하이닉스","0197X0","SHORT","5/20","3/10","20","89","88","1","1","40.45","-0.0789","-0.2000","10.36","-3.2730","4.4133","-73437","926563","-7.3437"
"INTEGRATED_CONTINUOUS","DS001356","SK하이닉스","0193T0","LONG","10/30","5/10","50","40","40","0","1","32.50","-0.1836","-0.2304","10.43","-1.8585","4.9116","-73830","926170","-7.3830"
"INTEGRATED_CONTINUOUS","DS001332","삼성전자","0193W0","LONG","5/30","5/10","50","75","74","1","2","25.33","-0.0973","-0.3550","9.85","-1.6515","4.1981","-74153","925847","-7.4153"
"INTEGRATED_CONTINUOUS","DS004101","SK하이닉스","0197X0","SHORT","10/20","10/30","10","151","142","9","4","43.71","-0.0172","-0.1464","30.42","-9.6351","11.9571","-74621","925379","-7.4621"
"INTEGRATED_CONTINUOUS","DS000203","SK하이닉스","0193T0","LONG","5/20","3/5","30","68","66","2","2","29.41","-0.1096","-0.3194","5.04","-1.8073","6.2516","-75632","924368","-7.5632"
"INTEGRATED_CONTINUOUS","DS003634","삼성전자","0193W0","LONG","10/20","5/30","20","82","78","4","3","35.37","-0.0860","-0.4463","21.27","-2.9317","5.3840","-75977","924023","-7.5977"
"INTEGRATED_CONTINUOUS","DS003763","SK하이닉스","0197X0","SHORT","10/30","5/30","NONE","122","117","5","3","39.34","-0.0420","-0.4115","23.95","-7.1335","10.6123","-76038","923962","-7.6038"
"INTEGRATED_CONTINUOUS","DS003286","SK하이닉스","0197X0","SHORT","10/30","3/30","20","102","99","3","3","38.24","-0.0576","-0.4378","22.17","-6.2043","10.6123","-76214","923786","-7.6214"
"INTEGRATED_CONTINUOUS","DS003767","SK하이닉스","0197X0","SHORT","10/30","5/30","30","67","64","3","3","31.34","-0.0950","-0.7479","20.99","-3.2730","10.6123","-76224","923776","-7.6224"
"INTEGRATED_CONTINUOUS","DS002708","SK하이닉스","0197X0","SHORT","3/30","10/20","5","151","141","10","3","38.41","-0.0222","-0.3617","21.67","-4.9962","12.3068","-76231","923769","-7.6231"
"INTEGRATED_CONTINUOUS","DS000407","SK하이닉스","0197X0","SHORT","10/30","3/5","30","67","66","1","2","35.82","-0.1129","-0.3793","5.21","-3.2730","4.4023","-76307","923693","-7.6307"
"INTEGRATED_CONTINUOUS","DS001222","SK하이닉스","0197X0","SHORT","10/20","5/10","20","80","80","0","2","35.00","-0.0888","-0.3078","11.25","-4.9380","6.3909","-77232","922768","-7.7232"
"INTEGRATED_CONTINUOUS","DS002087","SK하이닉스","0197X0","SHORT","3/20","5/20","30","100","95","5","2","29.00","-0.0625","-0.4859","15.91","-3.2730","10.6884","-77448","922552","-7.7448"
"INTEGRATED_CONTINUOUS","DS003648","삼성전자","0193L0","SHORT","10/20","5/30","50","75","71","4","2","26.67","-0.0967","-0.4294","22.13","-2.4329","7.2360","-77722","922278","-7.7722"
"INTEGRATED_CONTINUOUS","DS001198","삼성전자","0193L0","SHORT","5/20","5/10","20","69","67","2","1","36.23","-0.1139","-0.2000","11.46","-1.9747","2.5949","-77777","922223","-7.7777"
"INTEGRATED_CONTINUOUS","DS002660","SK하이닉스","0197X0","SHORT","10/20","10/20","5","120","116","4","2","39.17","-0.0461","-0.2272","21.36","-7.0793","10.6123","-77891","922109","-7.7891"
"INTEGRATED_CONTINUOUS","DS000852","삼성전자","0193W0","LONG","5/30","3/10","50","75","74","1","2","25.33","-0.1036","-0.3157","8.37","-1.7469","3.8278","-77978","922022","-7.7978"
"INTEGRATED_CONTINUOUS","DS000935","SK하이닉스","0197X0","SHORT","20/30","3/10","30","63","63","0","2","33.33","-0.1246","-0.3203","8.98","-2.1392","3.2899","-78481","921519","-7.8481"
"INTEGRATED_CONTINUOUS","DS000467","삼성전자","0193W0","LONG","20/30","3/5","30","52","50","2","1","26.92","-0.1522","-0.3338","4.90","-2.3600","3.3264","-78506","921494","-7.8506"
"INTEGRATED_CONTINUOUS","DS002098","삼성전자","0193W0","LONG","3/20","5/20","20","95","91","4","3","32.63","-0.0805","-0.3332","17.03","-1.8136","3.8617","-78985","921015","-7.8985"
"INTEGRATED_CONTINUOUS","DS003296","삼성전자","0193W0","LONG","10/30","3/30","5","85","82","3","2","31.76","-0.0896","-0.4216","20.01","-2.1779","4.2230","-79963","920037","-7.9963"
"INTEGRATED_CONTINUOUS","DS003573","SK하이닉스","0197X0","SHORT","5/20","5/30","10","144","139","5","3","38.89","-0.0296","-0.4425","27.16","-8.5021","11.2719","-80080","919920","-8.0080"
"INTEGRATED_CONTINUOUS","DS002707","SK하이닉스","0197X0","SHORT","3/30","10/20","NONE","171","161","10","3","38.60","-0.0187","-0.3617","21.46","-4.9962","12.3068","-80221","919779","-8.0221"
"INTEGRATED_CONTINUOUS","DS002194","삼성전자","0193W0","LONG","10/20","5/20","20","82","79","3","2","31.71","-0.0955","-0.3240","17.51","-2.2488","5.0254","-80506","919494","-8.0506"
"INTEGRATED_CONTINUOUS","DS000297","SK하이닉스","0193T0","LONG","3/30","3/5","10","122","121","1","1","35.25","-0.0636","-0.2488","5.42","-2.0499","5.7207","-80601","919399","-8.0601"
"INTEGRATED_CONTINUOUS","DS002748","SK하이닉스","0193T0","LONG","5/30","10/20","50","49","47","2","2","34.69","-0.1578","-0.3866","21.82","-2.5760","6.2717","-80607","919393","-8.0607"
"INTEGRATED_CONTINUOUS","DS000899","삼성전자","0193W0","LONG","10/30","3/10","30","50","48","2","2","22.00","-0.1639","-0.2967","8.06","-1.5224","3.5112","-80814","919186","-8.0814"
"INTEGRATED_CONTINUOUS","DS003191","SK하이닉스","0197X0","SHORT","3/30","3/30","30","82","77","5","1","25.61","-0.0880","-0.5552","16.51","-3.2730","10.6123","-81497","918503","-8.1497"
"INTEGRATED_CONTINUOUS","DS003226","SK하이닉스","0193T0","LONG","5/30","3/30","20","88","84","4","2","32.95","-0.0812","-0.5280","19.70","-2.9952","8.9445","-81619","918381","-8.1619"
"INTEGRATED_CONTINUOUS","DS000347","SK하이닉스","0193T0","LONG","5/30","3/5","30","55","53","2","2","36.36","-0.1509","-0.2658","5.33","-2.4837","2.0331","-81846","918154","-8.1846"
"INTEGRATED_CONTINUOUS","DS004739","삼성전자","0193W0","LONG","10/30","20/30","30","50","47","3","2","34.00","-0.1548","-0.3850","28.22","-3.5119","5.8779","-82451","917549","-8.2451"
"INTEGRATED_CONTINUOUS","DS000743","SK하이닉스","0197X0","SHORT","10/20","3/10","30","84","81","3","2","36.90","-0.0945","-0.2619","9.30","-3.9358","5.5386","-82681","917319","-8.2681"
"INTEGRATED_CONTINUOUS","DS003572","SK하이닉스","0197X0","SHORT","5/20","5/30","5","174","167","7","3","37.93","-0.0238","-0.4728","25.61","-8.5021","11.2719","-82730","917270","-8.2730"
"INTEGRATED_CONTINUOUS","DS001128","SK하이닉스","0197X0","SHORT","3/20","5/10","50","119","116","3","2","37.82","-0.0616","-0.3005","11.80","-3.6571","4.2167","-82971","917029","-8.2971"
"INTEGRATED_CONTINUOUS","DS003108","삼성전자","0193W0","LONG","5/20","3/30","50","96","92","4","3","32.29","-0.0835","-0.3884","18.43","-2.1503","4.1165","-83173","916827","-8.3173"
"INTEGRATED_CONTINUOUS","DS003107","삼성전자","0193W0","LONG","5/20","3/30","30","86","82","4","3","32.56","-0.0951","-0.4076","17.49","-2.1503","5.1333","-83649","916351","-8.3649"
"INTEGRATED_CONTINUOUS","DS001331","삼성전자","0193W0","LONG","5/30","5/10","30","66","63","3","2","27.27","-0.1263","-0.4224","9.61","-1.6515","4.1981","-83828","916172","-8.3828"
"INTEGRATED_CONTINUOUS","DS002674","삼성전자","0193W0","LONG","10/20","10/20","20","82","78","4","2","31.71","-0.0994","-0.3224","19.63","-2.8219","6.4086","-85201","914799","-8.5201"
"INTEGRATED_CONTINUOUS","DS000311","SK하이닉스","0197X0","SHORT","3/30","3/5","30","82","79","3","1","35.37","-0.1042","-0.2000","5.77","-3.2730","4.2892","-85211","914789","-8.5211"
"INTEGRATED_CONTINUOUS","DS002616","SK하이닉스","0197X0","SHORT","5/20","10/20","50","100","97","3","3","34.00","-0.0679","-0.4499","21.98","-5.1716","11.2719","-85322","914678","-8.5322"
"INTEGRATED_CONTINUOUS","DS002135","SK하이닉스","0197X0","SHORT","5/20","5/20","30","85","83","2","1","27.06","-0.0900","-0.5608","16.07","-3.2730","10.5684","-85432","914568","-8.5432"
"INTEGRATED_CONTINUOUS","DS003167","삼성전자","0193L0","SHORT","10/20","3/30","30","79","77","2","2","29.11","-0.1059","-0.4294","21.75","-2.1130","7.1481","-85438","914562","-8.5438"
"INTEGRATED_CONTINUOUS","DS003180","SK하이닉스","0193T0","LONG","3/30","3/30","50","56","55","1","1","37.50","-0.1497","-0.4874","17.27","-2.9952","6.3543","-85529","914471","-8.5529"
"INTEGRATED_CONTINUOUS","DS001788","SK하이닉스","0193T0","LONG","5/30","3/20","50","49","48","1","2","32.65","-0.1736","-0.4138","17.47","-2.6011","4.1258","-85639","914361","-8.5639"
"INTEGRATED_CONTINUOUS","DS003765","SK하이닉스","0197X0","SHORT","10/30","5/30","10","120","115","5","3","38.33","-0.0516","-0.4796","23.78","-7.1335","10.6123","-85882","914118","-8.5882"
"INTEGRATED_CONTINUOUS","DS000287","삼성전자","0193L0","SHORT","10/20","3/5","30","79","79","0","2","30.38","-0.1115","-0.2000","5.32","-1.5438","2.6459","-85952","914048","-8.5952"
"INTEGRATED_CONTINUOUS","DS000766","삼성전자","0193L0","SHORT","10/20","3/10","20","54","54","0","2","29.63","-0.1635","-0.2942","9.44","-1.3164","2.2911","-86076","913924","-8.6076"
"INTEGRATED_CONTINUOUS","DS003236","SK하이닉스","0197X0","SHORT","5/30","3/30","5","132","128","4","2","36.36","-0.0577","-0.4266","19.96","-3.2730","4.9463","-86651","913349","-8.6651"
"INTEGRATED_CONTINUOUS","DS003235","SK하이닉스","0197X0","SHORT","5/30","3/30","NONE","133","129","4","2","36.09","-0.0573","-0.4157","20.11","-3.2730","4.9463","-86751","913249","-8.6751"
"INTEGRATED_CONTINUOUS","DS001868","삼성전자","0193L0","SHORT","10/30","3/20","5","92","89","3","2","29.35","-0.0907","-0.4070","16.49","-1.7917","6.2860","-86759","913241","-8.6759"
"INTEGRATED_CONTINUOUS","DS003571","SK하이닉스","0197X0","SHORT","5/20","5/30","NONE","180","173","7","3","38.89","-0.0252","-0.4414","25.74","-8.5021","11.2719","-86789","913211","-8.6789"
"INTEGRATED_CONTINUOUS","DS004788","삼성전자","0193W0","LONG","20/30","20/30","50","58","55","3","1","29.31","-0.1421","-0.5659","24.55","-2.3600","6.7110","-86952","913048","-8.6952"
"INTEGRATED_CONTINUOUS","DS000768","삼성전자","0193L0","SHORT","10/20","3/10","50","75","74","1","2","28.00","-0.1186","-0.2379","8.49","-1.3164","2.1568","-87016","912984","-8.7016"
"INTEGRATED_CONTINUOUS","DS004644","삼성전자","0193W0","LONG","3/30","20/30","50","95","91","4","6","36.84","-0.0591","-0.3538","24.29","-3.7314","6.6550","-87125","912875","-8.7125"
"INTEGRATED_CONTINUOUS","DS002831","삼성전자","0193L0","SHORT","10/30","10/20","30","49","46","3","2","24.49","-0.1787","-0.4286","19.98","-2.7812","5.5882","-87697","912303","-8.7697"
"INTEGRATED_CONTINUOUS","DS000479","삼성전자","0193L0","SHORT","20/30","3/5","30","49","49","0","1","30.61","-0.1859","-0.2000","4.96","-1.3816","2.0124","-87967","912033","-8.7967"
"INTEGRATED_CONTINUOUS","DS000404","SK하이닉스","0197X0","SHORT","10/30","3/5","5","100","100","0","2","38.00","-0.0833","-0.3401","5.77","-7.0620","5.2348","-88070","911930","-8.8070"
"INTEGRATED_CONTINUOUS","DS004776","SK하이닉스","0197X0","SHORT","20/30","20/30","50","59","56","3","1","37.29","-0.1329","-0.6433","29.22","-5.3405","7.3472","-88133","911867","-8.8133"
"INTEGRATED_CONTINUOUS","DS000933","SK하이닉스","0197X0","SHORT","20/30","3/10","10","88","87","1","2","36.36","-0.1000","-0.2815","9.44","-2.1392","3.2899","-88157","911843","-8.8157"
"INTEGRATED_CONTINUOUS","DS001750","SK하이닉스","0197X0","SHORT","3/30","3/20","20","114","107","7","3","32.46","-0.0689","-0.4277","16.23","-3.7499","8.4068","-88159","911841","-8.8159"
"INTEGRATED_CONTINUOUS","DS001174","SK하이닉스","0197X0","SHORT","5/20","5/10","20","89","89","0","1","40.45","-0.0971","-0.1108","11.43","-3.6571","3.1921","-88310","911690","-8.8310"
"INTEGRATED_CONTINUOUS","DS001702","SK하이닉스","0197X0","SHORT","10/20","3/20","20","80","77","3","2","33.75","-0.0997","-0.5793","15.55","-4.9380","8.4068","-88373","911627","-8.8373"
"INTEGRATED_CONTINUOUS","DS001246","삼성전자","0193L0","SHORT","10/20","5/10","20","54","54","0","2","35.19","-0.1672","-0.2973","11.31","-1.5822","2.6021","-88502","911498","-8.8502"
"INTEGRATED_CONTINUOUS","DS003780","삼성전자","0193W0","LONG","10/30","5/30","50","53","51","2","2","30.19","-0.1633","-0.5606","23.57","-2.9317","4.5789","-88538","911462","-8.8538"
"INTEGRATED_CONTINUOUS","DS001271","SK하이닉스","0197X0","SHORT","3/30","5/10","30","82","79","3","2","34.15","-0.1045","-0.3376","11.80","-3.6571","4.6193","-88924","911076","-8.8924"
"INTEGRATED_CONTINUOUS","DS001892","SK하이닉스","0197X0","SHORT","20/30","3/20","5","80","77","3","2","36.25","-0.1071","-0.4040","16.68","-2.9092","5.6176","-89065","910935","-8.9065"
"INTEGRATED_CONTINUOUS","DS001379","삼성전자","0193W0","LONG","10/30","5/10","30","50","48","2","2","28.00","-0.1819","-0.3808","8.80","-1.6602","3.5112","-89225","910775","-8.9225"
"INTEGRATED_CONTINUOUS","DS000275","삼성전자","0193W0","LONG","10/20","3/5","30","79","78","1","2","29.11","-0.1156","-0.2452","4.66","-1.2488","3.1043","-89303","910697","-8.9303"
"INTEGRATED_CONTINUOUS","DS004268","삼성전자","0193L0","SHORT","10/30","10/30","5","92","85","7","1","31.52","-0.0907","-0.4233","27.62","-2.7812","7.8870","-89697","910303","-8.9697"
"INTEGRATED_CONTINUOUS","DS000288","삼성전자","0193L0","SHORT","10/20","3/5","50","75","75","0","2","26.67","-0.1232","-0.2000","4.84","-1.2793","2.6459","-89744","910256","-8.9744"
"INTEGRATED_CONTINUOUS","DS003047","SK하이닉스","0197X0","SHORT","3/20","3/30","30","100","93","7","3","28.00","-0.0759","-0.5512","17.43","-3.2730","11.3926","-89900","910100","-8.9900"
"INTEGRATED_CONTINUOUS","DS000779","SK하이닉스","0193T0","LONG","3/30","3/10","30","58","55","3","2","36.21","-0.1587","-0.2259","9.69","-2.5061","3.2237","-91660","908340","-9.1660"
"INTEGRATED_CONTINUOUS","DS003764","SK하이닉스","0197X0","SHORT","10/30","5/30","5","100","96","4","3","38.00","-0.0711","-0.5400","24.08","-7.1335","10.6123","-91709","908291","-9.1709"
"INTEGRATED_CONTINUOUS","DS002807","SK하이닉스","0197X0","SHORT","10/30","10/20","30","67","65","2","3","35.82","-0.1178","-0.7023","20.67","-4.3224","10.6123","-91876","908124","-9.1876"
"INTEGRATED_CONTINUOUS","DS002806","SK하이닉스","0197X0","SHORT","10/30","10/20","20","102","99","3","2","43.14","-0.0737","-0.2000","21.24","-4.3224","10.6123","-91996","908004","-9.1996"
"INTEGRATED_CONTINUOUS","DS000215","SK하이닉스","0197X0","SHORT","5/20","3/5","30","85","85","0","2","37.65","-0.1091","-0.1535","5.88","-3.2730","4.6488","-92434","907566","-9.2434"
"INTEGRATED_CONTINUOUS","DS002852","SK하이닉스","0197X0","SHORT","20/30","10/20","5","80","77","3","2","37.50","-0.1070","-0.4741","20.86","-4.3491","7.7665","-92658","907342","-9.2658"
"INTEGRATED_CONTINUOUS","DS003718","SK하이닉스","0197X0","SHORT","5/30","5/30","20","95","92","3","1","35.79","-0.0833","-0.4704","21.80","-3.2730","11.2719","-92741","907259","-9.2741"
"INTEGRATED_CONTINUOUS","DS001248","삼성전자","0193L0","SHORT","10/20","5/10","50","75","74","1","2","33.33","-0.1258","-0.2410","11.05","-1.9199","2.6850","-92867","907133","-9.2867"
"INTEGRATED_CONTINUOUS","DS004629","SK하이닉스","0197X0","SHORT","3/30","20/30","10","133","122","11","4","37.59","-0.0473","-0.2954","33.26","-7.6656","10.1819","-93311","906689","-9.3311"
"INTEGRATED_CONTINUOUS","DS000468","삼성전자","0193W0","LONG","20/30","3/5","50","58","55","3","2","27.59","-0.1653","-0.3610","5.72","-2.3600","3.3264","-93519","906481","-9.3519"
"INTEGRATED_CONTINUOUS","DS000911","삼성전자","0193L0","SHORT","10/30","3/10","30","49","49","0","2","24.49","-0.1994","-0.2000","9.63","-1.2208","1.9667","-94134","905866","-9.4134"
"INTEGRATED_CONTINUOUS","DS000238","삼성전자","0193L0","SHORT","5/20","3/5","20","69","67","2","2","31.88","-0.1414","-0.2487","5.23","-1.3874","1.5569","-94264","905736","-9.4264"
"INTEGRATED_CONTINUOUS","DS001223","SK하이닉스","0197X0","SHORT","10/20","5/10","30","84","83","1","2","32.14","-0.1074","-0.2920","10.62","-4.9380","6.3909","-94303","905697","-9.4303"
"INTEGRATED_CONTINUOUS","DS000166","SK하이닉스","0197X0","SHORT","3/20","3/5","20","102","100","2","1","36.27","-0.0934","-0.2000","6.08","-3.2730","3.4866","-95092","904908","-9.5092"
"INTEGRATED_CONTINUOUS","DS002661","SK하이닉스","0197X0","SHORT","10/20","10/20","10","151","147","4","2","37.75","-0.0469","-0.2602","20.04","-7.0793","10.6123","-95654","904346","-9.5654"
"INTEGRATED_CONTINUOUS","DS000276","삼성전자","0193W0","LONG","10/20","3/5","50","83","81","2","2","28.92","-0.1186","-0.2452","4.67","-1.5650","3.1043","-95965","904035","-9.5965"
"INTEGRATED_CONTINUOUS","DS003276","SK하이닉스","0193T0","LONG","10/30","3/30","50","40","38","2","2","25.00","-0.2312","-0.8094","23.15","-2.3829","8.4957","-96113","903887","-9.6113"
"INTEGRATED_CONTINUOUS","DS000708","삼성전자","0193W0","LONG","5/20","3/10","50","96","94","2","1","32.29","-0.1016","-0.3232","8.53","-2.3630","3.8278","-97062","902938","-9.7062"
"INTEGRATED_CONTINUOUS","DS001123","SK하이닉스","0197X0","SHORT","3/20","5/10","NONE","218","213","5","3","39.45","-0.0355","-0.2588","12.14","-5.3553","5.1138","-97128","902872","-9.7128"
"INTEGRATED_CONTINUOUS","DS004547","삼성전자","0193W0","LONG","5/20","20/30","30","86","78","8","3","36.05","-0.0940","-0.2393","24.62","-4.2274","7.4410","-97132","902868","-9.7132"
"INTEGRATED_CONTINUOUS","DS003719","SK하이닉스","0197X0","SHORT","5/30","5/30","30","59","57","2","1","28.81","-0.1511","-0.7255","20.39","-3.2730","11.2719","-97202","902798","-9.7202"
"INTEGRATED_CONTINUOUS","DS000176","삼성전자","0193W0","LONG","3/20","3/5","5","202","198","4","2","29.70","-0.0459","-0.2180","5.09","-3.0298","5.4012","-97339","902661","-9.7339"
"INTEGRATED_CONTINUOUS","DS000456","SK하이닉스","0197X0","SHORT","20/30","3/5","50","59","59","0","1","25.42","-0.1705","-0.3506","5.88","-2.4331","2.4817","-97494","902506","-9.7494"
"INTEGRATED_CONTINUOUS","DS001199","삼성전자","0193L0","SHORT","5/20","5/10","30","90","88","2","2","34.44","-0.1105","-0.2453","10.64","-1.9747","3.0996","-97508","902492","-9.7508"
"INTEGRATED_CONTINUOUS","DS000693","SK하이닉스","0197X0","SHORT","5/20","3/10","10","144","143","1","2","40.28","-0.0634","-0.2806","9.80","-3.2730","4.9646","-97519","902481","-9.7519"
"INTEGRATED_CONTINUOUS","DS000216","SK하이닉스","0197X0","SHORT","5/20","3/5","50","100","100","0","2","35.00","-0.0970","-0.2000","6.00","-3.2730","4.6488","-97588","902412","-9.7588"
"INTEGRATED_CONTINUOUS","DS000695","SK하이닉스","0197X0","SHORT","5/20","3/10","30","85","85","0","2","34.12","-0.1126","-0.3603","9.78","-3.2730","4.4133","-97620","902380","-9.7620"
"INTEGRATED_CONTINUOUS","DS002268","SK하이닉스","0193T0","LONG","5/30","5/20","50","49","47","2","2","32.65","-0.2013","-0.3883","19.57","-2.9952","4.1258","-97834","902166","-9.7834"
"INTEGRATED_CONTINUOUS","DS002279","SK하이닉스","0197X0","SHORT","5/30","5/20","30","59","57","2","2","25.42","-0.1545","-0.5672","19.07","-3.9397","10.5684","-97838","902162","-9.7838"
"INTEGRATED_CONTINUOUS","DS001714","삼성전자","0193W0","LONG","10/20","3/20","20","82","79","3","2","30.49","-0.1184","-0.3375","15.37","-2.8219","5.6914","-98028","901972","-9.8028"
"INTEGRATED_CONTINUOUS","DS000322","삼성전자","0193W0","LONG","3/30","3/5","20","113","110","3","2","30.97","-0.0871","-0.2514","5.55","-1.6291","5.1846","-98041","901959","-9.8041"
"INTEGRATED_CONTINUOUS","DS003252","삼성전자","0193W0","LONG","5/30","3/30","50","75","72","3","2","30.67","-0.1318","-0.3883","17.47","-2.1503","3.4324","-98042","901958","-9.8042"
"INTEGRATED_CONTINUOUS","DS000312","SK하이닉스","0197X0","SHORT","3/30","3/5","50","90","87","3","1","33.33","-0.1104","-0.2214","5.76","-3.2730","4.0980","-98260","901740","-9.8260"
"INTEGRATED_CONTINUOUS","DS004728","SK하이닉스","0197X0","SHORT","10/30","20/30","50","68","64","4","4","35.29","-0.1238","-0.4874","27.41","-5.0143","10.1819","-98965","901035","-9.8965"
"INTEGRATED_CONTINUOUS","DS003299","삼성전자","0193W0","LONG","10/30","3/30","30","50","48","2","2","28.00","-0.2031","-0.4261","22.10","-2.1779","3.7501","-99595","900405","-9.9595"
"INTEGRATED_CONTINUOUS","DS000443","SK하이닉스","0193T0","LONG","20/30","3/5","30","47","47","0","1","25.53","-0.2185","-0.4339","5.26","-2.3516","3.6516","-99613","900387","-9.9613"
"INTEGRATED_CONTINUOUS","DS001140","삼성전자","0193W0","LONG","3/20","5/10","50","111","109","2","2","32.43","-0.0896","-0.3528","10.80","-2.2151","4.6843","-100798","899202","-10.0798"
"INTEGRATED_CONTINUOUS","DS000155","SK하이닉스","0193T0","LONG","3/20","3/5","30","84","81","3","1","29.76","-0.1202","-0.3553","5.40","-2.1231","5.8940","-100858","899142","-10.0858"
"INTEGRATED_CONTINUOUS","DS003646","삼성전자","0193L0","SHORT","10/20","5/30","20","54","53","1","2","29.63","-0.1866","-0.4857","24.37","-2.4329","7.1481","-100908","899092","-10.0908"
"INTEGRATED_CONTINUOUS","DS001282","삼성전자","0193W0","LONG","3/30","5/10","20","113","107","6","2","33.63","-0.0886","-0.3216","10.44","-1.7450","4.9282","-101005","898995","-10.1005"
"INTEGRATED_CONTINUOUS","DS000718","삼성전자","0193L0","SHORT","5/20","3/10","20","69","67","2","2","36.23","-0.1512","-0.2000","9.38","-1.7818","2.7184","-101048","898952","-10.1048"
"INTEGRATED_CONTINUOUS","DS002604","SK하이닉스","0193T0","LONG","5/20","10/20","50","67","65","2","2","37.31","-0.1436","-0.5618","20.81","-3.2319","5.5478","-101514","898486","-10.1514"
"INTEGRATED_CONTINUOUS","DS003072","삼성전자","0193L0","SHORT","3/20","3/30","50","122","114","8","4","29.51","-0.0809","-0.3622","18.10","-3.6933","6.2608","-101535","898465","-10.1535"
"INTEGRATED_CONTINUOUS","DS001620","삼성전자","0193W0","LONG","3/20","3/20","50","111","108","3","1","33.33","-0.0915","-0.3540","12.70","-1.7152","4.2730","-101883","898117","-10.1883"
"INTEGRATED_CONTINUOUS","DS003152","삼성전자","0193W0","LONG","10/20","3/30","5","125","119","6","3","32.80","-0.0762","-0.4854","18.82","-2.1779","5.0254","-101960","898040","-10.1960"
"INTEGRATED_CONTINUOUS","DS004692","삼성전자","0193W0","LONG","5/30","20/30","50","75","72","3","3","33.33","-0.1196","-0.3995","25.96","-3.0279","6.6550","-101995","898005","-10.1995"
"INTEGRATED_CONTINUOUS","DS003227","SK하이닉스","0193T0","LONG","5/30","3/30","30","55","51","4","2","29.09","-0.1826","-0.5265","18.87","-2.9952","6.0228","-101997","898003","-10.1997"
"INTEGRATED_CONTINUOUS","DS001188","삼성전자","0193W0","LONG","5/20","5/10","50","96","94","2","2","31.25","-0.1068","-0.3431","10.17","-2.3630","4.1981","-102422","897578","-10.2422"
"INTEGRATED_CONTINUOUS","DS002182","SK하이닉스","0197X0","SHORT","10/20","5/20","20","80","77","3","2","31.25","-0.1165","-0.5641","16.85","-6.2592","9.9130","-102485","897515","-10.2485"
"INTEGRATED_CONTINUOUS","DS000250","SK하이닉스","0193T0","LONG","10/20","3/5","20","69","68","1","1","26.09","-0.1526","-0.3319","5.42","-2.0499","5.2213","-103045","896955","-10.3045"
"INTEGRATED_CONTINUOUS","DS004751","삼성전자","0193L0","SHORT","10/30","20/30","30","49","43","6","2","24.49","-0.2072","-0.4286","27.39","-6.3199","6.1629","-103280","896720","-10.3280"
"INTEGRATED_CONTINUOUS","DS001822","삼성전자","0193L0","SHORT","5/30","3/20","20","92","87","5","2","32.61","-0.1138","-0.3604","15.67","-1.5540","4.0482","-103399","896601","-10.3399"
"INTEGRATED_CONTINUOUS","DS001260","SK하이닉스","0193T0","LONG","3/30","5/10","50","56","56","0","2","44.64","-0.1865","-0.0429","12.09","-2.6011","3.0459","-103415","896585","-10.3415"
"INTEGRATED_CONTINUOUS","DS003622","SK하이닉스","0197X0","SHORT","10/20","5/30","20","80","77","3","3","35.00","-0.1147","-0.5520","22.45","-6.2592","10.6123","-103631","896369","-10.3631"
"INTEGRATED_CONTINUOUS","DS002663","SK하이닉스","0197X0","SHORT","10/20","10/20","30","84","80","4","2","34.52","-0.1073","-0.4596","19.74","-7.0793","10.6123","-103883","896117","-10.3883"
"INTEGRATED_CONTINUOUS","DS004535","SK하이닉스","0197X0","SHORT","5/20","20/30","30","85","77","8","3","38.82","-0.1107","-0.3218","26.75","-3.5248","10.8390","-104091","895909","-10.4091"
"INTEGRATED_CONTINUOUS","DS004128","삼성전자","0193L0","SHORT","10/20","10/30","50","75","68","7","2","29.33","-0.1360","-0.4948","25.71","-3.0643","7.8870","-104233","895767","-10.4233"
"INTEGRATED_CONTINUOUS","DS004223","삼성전자","0193L0","SHORT","5/30","10/30","30","66","63","3","2","25.76","-0.1607","-0.4408","27.09","-1.6540","3.3774","-104582","895418","-10.4582"
"INTEGRATED_CONTINUOUS","DS001644","SK하이닉스","0193T0","LONG","5/20","3/20","50","67","66","1","2","32.84","-0.1551","-0.5441","15.84","-2.5061","4.1258","-104753","895247","-10.4753"
"INTEGRATED_CONTINUOUS","DS001666","삼성전자","0193W0","LONG","5/20","3/20","20","81","77","4","1","29.63","-0.1285","-0.3926","14.32","-2.2814","5.8000","-104830","895170","-10.4830"
"INTEGRATED_CONTINUOUS","DS003310","삼성전자","0193L0","SHORT","10/30","3/30","20","85","82","3","2","28.24","-0.1193","-0.4403","21.76","-4.3143","7.1481","-104860","895140","-10.4860"
"INTEGRATED_CONTINUOUS","DS003813","SK하이닉스","0197X0","SHORT","20/30","5/30","10","88","86","2","3","36.36","-0.1119","-0.6316","24.11","-3.9883","7.7665","-105130","894870","-10.5130"
"INTEGRATED_CONTINUOUS","DS000480","삼성전자","0193L0","SHORT","20/30","3/5","50","60","60","0","2","31.67","-0.1839","-0.2000","4.60","-1.3816","2.0124","-105284","894716","-10.5284"
"INTEGRATED_CONTINUOUS","DS004580","SK하이닉스","0197X0","SHORT","10/20","20/30","5","120","110","10","4","40.83","-0.0670","-0.2536","33.08","-7.8082","10.1819","-106235","893765","-10.6235"
"INTEGRATED_CONTINUOUS","DS003333","SK하이닉스","0197X0","SHORT","20/30","3/30","10","88","86","2","3","35.23","-0.1154","-0.4764","22.26","-3.6275","7.7665","-106245","893755","-10.6245"
"INTEGRATED_CONTINUOUS","DS000360","SK하이닉스","0197X0","SHORT","5/30","3/5","50","71","71","0","2","30.99","-0.1528","-0.2649","5.90","-3.2730","4.0980","-106325","893675","-10.6325"
"INTEGRATED_CONTINUOUS","DS001726","삼성전자","0193L0","SHORT","10/20","3/20","20","54","53","1","2","33.33","-0.1989","-0.5830","15.70","-1.9850","6.2860","-106355","893645","-10.6355"
"INTEGRATED_CONTINUOUS","DS003788","삼성전자","0193L0","SHORT","10/30","5/30","5","92","87","5","2","26.09","-0.1112","-0.4764","23.34","-2.3429","7.7184","-106625","893375","-10.6625"
"INTEGRATED_CONTINUOUS","DS000477","삼성전자","0193L0","SHORT","20/30","3/5","10","83","83","0","2","34.94","-0.1349","-0.2000","5.18","-1.3816","2.0124","-107287","892713","-10.7287"
"INTEGRATED_CONTINUOUS","DS000924","SK하이닉스","0193T0","LONG","20/30","3/10","50","43","42","1","2","25.58","-0.2603","-0.3880","8.67","-2.3516","2.6193","-107591","892409","-10.7591"
"INTEGRATED_CONTINUOUS","DS003912","SK하이닉스","0197X0","SHORT","3/10","10/30","50","175","161","14","5","37.14","0.0013","-0.3825","30.41","-10.9414","13.3003","-108155","891845","-10.8155"
"INTEGRATED_CONTINUOUS","DS000405","SK하이닉스","0197X0","SHORT","10/30","3/5","10","120","119","1","2","38.33","-0.0875","-0.3401","5.93","-7.0620","5.2348","-108263","891737","-10.8263"
"INTEGRATED_CONTINUOUS","DS004067","삼성전자","0193W0","LONG","5/20","10/30","30","86","79","7","4","38.37","-0.1207","-0.4750","26.53","-3.8568","7.4410","-108411","891589","-10.8411"
"INTEGRATED_CONTINUOUS","DS001176","SK하이닉스","0197X0","SHORT","5/20","5/10","50","100","100","0","2","38.00","-0.1070","-0.2000","10.74","-3.6571","4.2167","-108536","891464","-10.8536"
"INTEGRATED_CONTINUOUS","DS001786","SK하이닉스","0193T0","LONG","5/30","3/20","20","88","85","3","2","32.95","-0.1195","-0.4833","15.82","-2.5061","6.4903","-108635","891365","-10.8635"
"INTEGRATED_CONTINUOUS","DS003056","삼성전자","0193W0","LONG","3/20","3/30","5","202","194","8","3","29.70","-0.0449","-0.4070","18.55","-3.2828","6.1830","-108852","891148","-10.8852"
"INTEGRATED_CONTINUOUS","DS002724","삼성전자","0193W0","LONG","3/30","10/20","50","95","90","5","3","33.68","-0.1113","-0.4400","19.53","-2.1380","4.1050","-108993","891007","-10.8993"
"INTEGRATED_CONTINUOUS","DS004149","SK하이닉스","0197X0","SHORT","3/30","10/30","10","133","123","10","3","41.35","-0.0557","-0.2634","29.48","-7.9603","11.9571","-109050","890950","-10.9050"
"INTEGRATED_CONTINUOUS","DS001200","삼성전자","0193L0","SHORT","5/20","5/10","50","90","87","3","2","31.11","-0.1257","-0.2915","10.70","-1.3405","3.0996","-109385","890615","-10.9385"
"INTEGRATED_CONTINUOUS","DS004003","SK하이닉스","0197X0","SHORT","3/20","10/30","NONE","218","201","17","5","40.37","0.0048","-0.2454","30.82","-11.2795","13.6722","-109982","890018","-10.9982"
"INTEGRATED_CONTINUOUS","DS002628","삼성전자","0193W0","LONG","5/20","10/20","50","96","91","5","3","36.46","-0.1129","-0.3264","19.03","-3.6708","4.0593","-110105","889895","-11.0105"
"INTEGRATED_CONTINUOUS","DS001872","삼성전자","0193L0","SHORT","10/30","3/20","50","64","62","2","2","23.44","-0.1755","-0.4747","14.66","-1.7917","6.2860","-110251","889749","-11.0251"
"INTEGRATED_CONTINUOUS","DS000403","SK하이닉스","0197X0","SHORT","10/30","3/5","NONE","122","121","1","2","38.52","-0.0880","-0.3401","5.93","-7.0620","5.2348","-110327","889673","-11.0327"
"INTEGRATED_CONTINUOUS","DS000464","삼성전자","0193W0","LONG","20/30","3/5","5","77","75","2","2","24.68","-0.1493","-0.3324","4.39","-1.2676","3.3264","-111002","888998","-11.1002"
"INTEGRATED_CONTINUOUS","DS003347","삼성전자","0193W0","LONG","20/30","3/30","30","52","50","2","1","30.77","-0.2180","-0.5940","20.00","-1.8749","3.5467","-111073","888927","-11.1073"
"INTEGRATED_CONTINUOUS","DS001795","SK하이닉스","0197X0","SHORT","5/30","3/20","NONE","133","130","3","2","39.10","-0.0794","-0.3528","17.74","-3.7454","4.1419","-111112","888888","-11.1112"
"INTEGRATED_CONTINUOUS","DS000802","삼성전자","0193W0","LONG","3/30","3/10","20","113","108","5","2","33.63","-0.0992","-0.2881","9.25","-2.6319","4.6843","-111240","888760","-11.1240"
"INTEGRATED_CONTINUOUS","DS001390","삼성전자","0193L0","SHORT","10/30","5/10","20","85","84","1","2","36.47","-0.1347","-0.1617","10.79","-3.4571","3.1469","-111353","888647","-11.1353"
"INTEGRATED_CONTINUOUS","DS000308","SK하이닉스","0197X0","SHORT","3/30","3/5","5","151","146","5","1","33.77","-0.0740","-0.2000","5.84","-3.2730","4.2892","-111523","888477","-11.1523"
"INTEGRATED_CONTINUOUS","DS003756","SK하이닉스","0193T0","LONG","10/30","5/30","50","40","37","3","2","30.00","-0.2738","-0.8383","24.35","-3.0949","8.4957","-111638","888362","-11.1638"
"INTEGRATED_CONTINUOUS","DS004548","삼성전자","0193W0","LONG","5/20","20/30","50","96","92","4","3","35.42","-0.0989","-0.2393","27.00","-4.2274","6.4876","-111751","888249","-11.1751"
"INTEGRATED_CONTINUOUS","DS004630","SK하이닉스","0197X0","SHORT","3/30","20/30","20","114","103","11","4","34.21","-0.0780","-0.3853","27.73","-3.5849","10.1819","-111757","888243","-11.1757"
"INTEGRATED_CONTINUOUS","DS004244","SK하이닉스","0197X0","SHORT","10/30","10/30","5","100","94","6","1","38.00","-0.0957","-0.2567","25.67","-4.3224","11.9571","-111967","888033","-11.1967"
"INTEGRATED_CONTINUOUS","DS002350","삼성전자","0193L0","SHORT","10/30","5/20","20","85","82","3","2","27.06","-0.1318","-0.4001","18.01","-2.3429","6.3271","-111989","888011","-11.1989"
"INTEGRATED_CONTINUOUS","DS004126","삼성전자","0193L0","SHORT","10/20","10/30","20","54","52","2","2","29.63","-0.2084","-0.5600","28.19","-3.0643","7.8870","-112378","887622","-11.2378"
"INTEGRATED_CONTINUOUS","DS000214","SK하이닉스","0197X0","SHORT","5/20","3/5","20","89","89","0","1","40.45","-0.1310","-0.2000","5.48","-3.2730","2.4616","-112956","887044","-11.2956"
"INTEGRATED_CONTINUOUS","DS003143","SK하이닉스","0197X0","SHORT","10/20","3/30","30","84","78","6","3","29.76","-0.1263","-0.5465","19.50","-4.9380","10.6123","-112957","887043","-11.2957"
"INTEGRATED_CONTINUOUS","DS004487","SK하이닉스","0197X0","SHORT","3/20","20/30","30","100","88","12","3","36.00","-0.0998","-0.4149","26.65","-4.1556","10.9593","-112997","887003","-11.2997"
"INTEGRATED_CONTINUOUS","DS001775","삼성전자","0193L0","SHORT","3/30","3/20","30","93","88","5","2","30.11","-0.1227","-0.3704","16.62","-1.8577","4.4577","-113164","886836","-11.3164"
"INTEGRATED_CONTINUOUS","DS001643","SK하이닉스","0193T0","LONG","5/20","3/20","30","68","65","3","1","30.88","-0.1677","-0.6253","14.28","-2.5061","4.1258","-113296","886704","-11.3296"
"INTEGRATED_CONTINUOUS","DS002568","SK하이닉스","0197X0","SHORT","3/20","10/20","50","119","113","6","3","35.29","-0.0629","-0.3375","19.55","-5.1716","12.3068","-113324","886676","-11.3324"
"INTEGRATED_CONTINUOUS","DS003118","삼성전자","0193L0","SHORT","5/20","3/30","20","69","65","4","3","30.43","-0.1693","-0.4279","19.07","-1.7818","3.6569","-113438","886562","-11.3438"
"INTEGRATED_CONTINUOUS","DS004243","SK하이닉스","0197X0","SHORT","10/30","10/30","NONE","122","116","6","2","38.52","-0.0775","-0.2567","24.55","-4.3224","11.9571","-113442","886558","-11.3442"
"INTEGRATED_CONTINUOUS","DS000767","삼성전자","0193L0","SHORT","10/20","3/10","30","79","79","0","2","27.85","-0.1501","-0.2377","8.78","-1.1360","2.1372","-113482","886518","-11.3482"
"INTEGRATED_CONTINUOUS","DS003298","삼성전자","0193W0","LONG","10/30","3/30","20","88","86","2","2","26.14","-0.1268","-0.4928","19.20","-2.1779","5.7067","-113567","886433","-11.3567"
"INTEGRATED_CONTINUOUS","DS001678","삼성전자","0193L0","SHORT","5/20","3/20","20","69","66","3","2","27.54","-0.1704","-0.3519","15.03","-1.8645","4.0482","-113734","886266","-11.3734"
"INTEGRATED_CONTINUOUS","DS003526","SK하이닉스","0197X0","SHORT","3/20","5/30","20","102","95","7","3","31.37","-0.1009","-0.5930","20.36","-3.2730","11.3926","-113954","886046","-11.3954"
"INTEGRATED_CONTINUOUS","DS002316","SK하이닉스","0193T0","LONG","10/30","5/20","50","40","37","3","1","25.00","-0.2877","-0.5930","16.93","-1.8961","8.4957","-113967","886033","-11.3967"
"INTEGRATED_CONTINUOUS","DS003251","삼성전자","0193W0","LONG","5/30","3/30","30","66","63","3","2","30.30","-0.1759","-0.4807","16.59","-2.1503","2.9835","-114066","885934","-11.4066"
"INTEGRATED_CONTINUOUS","DS002339","삼성전자","0193W0","LONG","10/30","5/20","30","50","48","2","2","28.00","-0.2371","-0.4778","16.20","-2.2488","2.9367","-114264","885736","-11.4264"
"INTEGRATED_CONTINUOUS","DS001796","SK하이닉스","0197X0","SHORT","5/30","3/20","5","132","129","3","2","38.64","-0.0827","-0.3529","17.58","-3.7454","4.1419","-114365","885635","-11.4365"
"INTEGRATED_CONTINUOUS","DS003684","삼성전자","0193W0","LONG","3/30","5/30","50","95","91","4","2","30.53","-0.1185","-0.4051","18.43","-2.3590","4.5718","-114451","885549","-11.4451"
"INTEGRATED_CONTINUOUS","DS001990","SK하이닉스","0197X0","SHORT","3/10","5/20","20","161","152","9","4","28.57","-0.0418","-0.4227","17.14","-3.7499","11.2317","-114757","885243","-11.4757"
"INTEGRATED_CONTINUOUS","DS004245","SK하이닉스","0197X0","SHORT","10/30","10/30","10","120","114","6","2","38.33","-0.0803","-0.2567","24.66","-4.3224","11.9571","-114949","885051","-11.4949"
"INTEGRATED_CONTINUOUS","DS000309","SK하이닉스","0197X0","SHORT","3/30","3/5","10","133","128","5","1","34.59","-0.0879","-0.2000","5.89","-3.2730","4.0980","-114965","885035","-11.4965"
"INTEGRATED_CONTINUOUS","DS004595","삼성전자","0193W0","LONG","10/20","20/30","30","79","74","5","3","35.44","-0.1311","-0.4156","26.87","-3.5119","5.7678","-115057","884943","-11.5057"
"INTEGRATED_CONTINUOUS","DS000383","삼성전자","0193L0","SHORT","5/30","3/5","30","66","65","1","2","21.21","-0.1829","-0.2864","4.97","-1.3424","3.1436","-115166","884834","-11.5166"
"INTEGRATED_CONTINUOUS","DS002266","SK하이닉스","0193T0","LONG","5/30","5/20","20","88","82","6","2","34.09","-0.1255","-0.4952","17.69","-2.9952","8.9445","-115388","884612","-11.5388"
"INTEGRATED_CONTINUOUS","DS003046","SK하이닉스","0197X0","SHORT","3/20","3/30","20","102","95","7","2","29.41","-0.1053","-0.5664","17.60","-3.2730","11.3926","-115778","884222","-11.5778"
"INTEGRATED_CONTINUOUS","DS000240","삼성전자","0193L0","SHORT","5/20","3/5","50","90","88","2","2","30.00","-0.1349","-0.2476","4.71","-1.1809","3.1436","-115906","884094","-11.5906"
"INTEGRATED_CONTINUOUS","DS001355","SK하이닉스","0193T0","LONG","10/30","5/10","30","43","42","1","1","27.91","-0.2823","-0.3347","9.00","-1.8393","4.0226","-116311","883689","-11.6311"
"INTEGRATED_CONTINUOUS","DS002659","SK하이닉스","0197X0","SHORT","10/20","10/20","NONE","161","156","5","2","37.27","-0.0582","-0.2602","19.19","-7.0793","10.6123","-116312","883688","-11.6312"
"INTEGRATED_CONTINUOUS","DS001908","삼성전자","0193W0","LONG","20/30","3/20","50","58","55","3","2","29.31","-0.2078","-0.5235","13.78","-1.6021","3.9310","-116341","883659","-11.6341"
"INTEGRATED_CONTINUOUS","DS000476","삼성전자","0193L0","SHORT","20/30","3/5","5","66","66","0","1","34.85","-0.1861","-0.1800","4.71","-1.3816","2.0124","-116565","883435","-11.6565"
"INTEGRATED_CONTINUOUS","DS002208","삼성전자","0193L0","SHORT","10/20","5/20","50","75","72","3","2","26.67","-0.1564","-0.3555","18.80","-2.1130","6.3271","-116610","883390","-11.6610"
"INTEGRATED_CONTINUOUS","DS002676","삼성전자","0193W0","LONG","10/20","10/20","50","83","79","4","3","33.73","-0.1421","-0.3517","17.93","-2.8219","3.7230","-116707","883293","-11.6707"
"INTEGRATED_CONTINUOUS","DS001727","삼성전자","0193L0","SHORT","10/20","3/20","30","79","78","1","2","32.91","-0.1501","-0.4613","15.20","-1.9850","6.2860","-116863","883137","-11.6863"
"INTEGRATED_CONTINUOUS","DS003587","삼성전자","0193W0","LONG","5/20","5/30","30","86","81","5","4","30.23","-0.1375","-0.4460","19.17","-2.9791","5.4923","-116966","883034","-11.6966"
"INTEGRATED_CONTINUOUS","DS000455","SK하이닉스","0197X0","SHORT","20/30","3/5","30","63","63","0","1","25.40","-0.1946","-0.2722","5.62","-2.2470","2.4817","-117069","882931","-11.7069"
"INTEGRATED_CONTINUOUS","DS001127","SK하이닉스","0197X0","SHORT","3/20","5/10","30","100","97","3","2","35.00","-0.1139","-0.3850","11.34","-3.6571","4.2167","-117113","882887","-11.7113"
"INTEGRATED_CONTINUOUS","DS003827","삼성전자","0193W0","LONG","20/30","5/30","30","52","49","3","1","30.77","-0.2304","-0.5674","21.17","-2.3109","3.7697","-117374","882626","-11.7374"
"INTEGRATED_CONTINUOUS","DS001319","SK하이닉스","0197X0","SHORT","5/30","5/10","30","59","59","0","2","28.81","-0.2031","-0.3598","11.25","-3.6571","3.4866","-117537","882463","-11.7537"
"INTEGRATED_CONTINUOUS","DS003776","삼성전자","0193W0","LONG","10/30","5/30","5","85","81","4","2","31.76","-0.1387","-0.5098","21.46","-2.9317","4.5789","-117824","882176","-11.7824"
"INTEGRATED_CONTINUOUS","DS000406","SK하이닉스","0197X0","SHORT","10/30","3/5","20","102","102","0","2","37.25","-0.1148","-0.3654","5.71","-7.0620","5.2348","-118266","881734","-11.8266"
"INTEGRATED_CONTINUOUS","DS004272","삼성전자","0193L0","SHORT","10/30","10/30","50","64","60","4","2","26.56","-0.1871","-0.5113","23.98","-2.7812","7.8870","-118452","881548","-11.8452"
"INTEGRATED_CONTINUOUS","DS004292","SK하이닉스","0197X0","SHORT","20/30","10/30","5","80","75","5","2","38.75","-0.1381","-0.3964","26.31","-5.3714","9.0767","-118502","881498","-11.8502"
"INTEGRATED_CONTINUOUS","DS001236","삼성전자","0193W0","LONG","10/20","5/10","50","83","81","2","2","26.51","-0.1478","-0.3119","9.06","-1.7026","3.7956","-118883","881117","-11.8883"
"INTEGRATED_CONTINUOUS","DS001318","SK하이닉스","0197X0","SHORT","5/30","5/10","20","95","95","0","2","37.89","-0.1263","-0.2000","11.67","-3.6571","3.4866","-118940","881060","-11.8940"
"INTEGRATED_CONTINUOUS","DS003335","SK하이닉스","0197X0","SHORT","20/30","3/30","30","63","62","1","2","28.57","-0.1875","-0.5075","21.90","-3.6275","7.7665","-118951","881049","-11.8951"
"INTEGRATED_CONTINUOUS","DS000898","삼성전자","0193W0","LONG","10/30","3/10","20","88","87","1","1","25.00","-0.1389","-0.3184","8.03","-2.6319","3.7654","-119097","880903","-11.9097"
"INTEGRATED_CONTINUOUS","DS000875","SK하이닉스","0193T0","LONG","10/30","3/10","30","43","42","1","1","25.58","-0.2906","-0.3956","8.44","-1.4014","4.0226","-119148","880852","-11.9148"
"INTEGRATED_CONTINUOUS","DS000465","삼성전자","0193W0","LONG","20/30","3/5","10","80","77","3","2","31.25","-0.1549","-0.2838","4.88","-2.3600","3.3264","-119184","880816","-11.9184"
"INTEGRATED_CONTINUOUS","DS003179","SK하이닉스","0193T0","LONG","3/30","3/30","30","58","55","3","1","27.59","-0.2094","-0.5270","15.29","-2.9952","6.3543","-119489","880511","-11.9489"
"INTEGRATED_CONTINUOUS","DS000826","SK하이닉스","0193T0","LONG","5/30","3/10","20","88","86","2","2","34.09","-0.1385","-0.3599","10.02","-2.5061","5.2277","-119720","880280","-11.9720"
"INTEGRATED_CONTINUOUS","DS001751","SK하이닉스","0197X0","SHORT","3/30","3/20","30","82","78","4","2","31.71","-0.1409","-0.5304","18.23","-4.9482","8.4068","-119830","880170","-11.9830"
"INTEGRATED_CONTINUOUS","DS002603","SK하이닉스","0193T0","LONG","5/20","10/20","30","68","63","5","2","33.82","-0.1731","-0.5320","20.13","-2.7206","5.5478","-120147","879853","-12.0147"
"INTEGRATED_CONTINUOUS","DS002244","삼성전자","0193W0","LONG","3/30","5/20","50","95","90","5","4","32.63","-0.1250","-0.3810","17.72","-2.2852","4.7793","-120346","879654","-12.0346"
"INTEGRATED_CONTINUOUS","DS001618","삼성전자","0193W0","LONG","3/20","3/20","20","95","92","3","2","27.37","-0.1299","-0.3884","12.13","-1.5462","4.2730","-120372","879628","-12.0372"
"INTEGRATED_CONTINUOUS","DS003297","삼성전자","0193W0","LONG","10/30","3/30","10","118","113","5","2","30.51","-0.1002","-0.4288","18.81","-2.1779","5.7067","-120561","879439","-12.0561"
"INTEGRATED_CONTINUOUS","DS002688","삼성전자","0193L0","SHORT","10/20","10/20","50","75","71","4","2","28.00","-0.1623","-0.3135","19.41","-3.0643","5.5882","-121036","878964","-12.1036"
"INTEGRATED_CONTINUOUS","DS001280","삼성전자","0193W0","LONG","3/30","5/10","5","166","160","6","3","35.54","-0.0702","-0.3191","10.11","-1.7450","5.6091","-121107","878893","-12.1107"
"INTEGRATED_CONTINUOUS","DS000252","SK하이닉스","0193T0","LONG","10/20","3/5","50","58","58","0","1","25.86","-0.2159","-0.3417","5.21","-2.1595","5.9960","-121123","878877","-12.1123"
"INTEGRATED_CONTINUOUS","DS001164","SK하이닉스","0193T0","LONG","5/20","5/10","50","67","67","0","1","32.84","-0.1864","-0.2651","9.87","-2.4631","4.3739","-121222","878778","-12.1222"
"INTEGRATED_CONTINUOUS","DS000345","SK하이닉스","0193T0","LONG","5/30","3/5","10","104","101","3","2","31.73","-0.1188","-0.3006","5.24","-1.8073","5.3457","-121249","878751","-12.1249"
"INTEGRATED_CONTINUOUS","DS000947","삼성전자","0193W0","LONG","20/30","3/10","30","52","51","1","1","25.00","-0.2450","-0.5420","7.83","-2.9000","2.8227","-121683","878317","-12.1683"
"INTEGRATED_CONTINUOUS","DS004486","SK하이닉스","0197X0","SHORT","3/20","20/30","20","102","90","12","4","34.31","-0.1040","-0.4451","26.64","-4.0221","10.9593","-121874","878126","-12.1874"
"INTEGRATED_CONTINUOUS","DS001740","SK하이닉스","0193T0","LONG","3/30","3/20","50","56","55","1","2","33.93","-0.2219","-0.3677","16.75","-2.9883","4.1258","-121882","878118","-12.1882"
"INTEGRATED_CONTINUOUS","DS001893","SK하이닉스","0197X0","SHORT","20/30","3/20","10","88","86","2","3","34.09","-0.1388","-0.3545","15.94","-2.9092","5.6176","-121908","878092","-12.1908"
"INTEGRATED_CONTINUOUS","DS001172","SK하이닉스","0197X0","SHORT","5/20","5/10","5","174","174","0","2","39.08","-0.0665","-0.2000","11.28","-3.6571","5.1671","-121955","878045","-12.1955"
"INTEGRATED_CONTINUOUS","DS001856","삼성전자","0193W0","LONG","10/30","3/20","5","85","82","3","2","29.41","-0.1473","-0.4660","13.89","-2.8219","4.8839","-122716","877284","-12.2716"
"INTEGRATED_CONTINUOUS","DS004296","SK하이닉스","0197X0","SHORT","20/30","10/30","50","59","56","3","2","32.20","-0.1970","-0.4797","27.00","-5.3714","9.0767","-122829","877171","-12.2829"
"INTEGRATED_CONTINUOUS","DS002736","삼성전자","0193L0","SHORT","3/30","10/20","50","97","91","6","3","35.05","-0.1278","-0.3079","20.81","-2.6006","4.0649","-122889","877111","-12.2889"
"INTEGRATED_CONTINUOUS","DS001171","SK하이닉스","0197X0","SHORT","5/20","5/10","NONE","180","180","0","2","38.89","-0.0648","-0.2000","11.20","-3.6571","5.1671","-123005","876995","-12.3005"
"INTEGRATED_CONTINUOUS","DS002868","삼성전자","0193W0","LONG","20/30","10/20","50","58","55","3","2","20.69","-0.2191","-0.4021","16.00","-1.7760","4.6363","-123238","876762","-12.3238"
"INTEGRATED_CONTINUOUS","DS001378","삼성전자","0193W0","LONG","10/30","5/10","20","88","86","2","1","26.14","-0.1448","-0.3436","8.56","-1.4729","4.0196","-123698","876302","-12.3698"
"INTEGRATED_CONTINUOUS","DS001330","삼성전자","0193W0","LONG","5/30","5/10","20","106","103","3","2","29.25","-0.1191","-0.3192","9.78","-1.7450","4.8205","-123754","876246","-12.3754"
"INTEGRATED_CONTINUOUS","DS004019","삼성전자","0193W0","LONG","3/20","10/30","30","107","99","8","5","33.64","-0.1120","-0.4208","24.35","-4.5951","7.6623","-124963","875037","-12.4963"
"INTEGRATED_CONTINUOUS","DS000827","SK하이닉스","0193T0","LONG","5/30","3/10","30","55","52","3","2","30.91","-0.2366","-0.2986","9.49","-2.5061","3.1769","-124966","875034","-12.4966"
"INTEGRATED_CONTINUOUS","DS000440","SK하이닉스","0193T0","LONG","20/30","3/5","5","56","56","0","2","23.21","-0.2345","-0.4006","4.73","-2.3516","3.6516","-125095","874905","-12.5095"
"INTEGRATED_CONTINUOUS","DS004163","삼성전자","0193W0","LONG","3/30","10/30","30","79","72","7","4","34.18","-0.1586","-0.3939","23.33","-3.2422","7.4410","-125177","874823","-12.5177"
"INTEGRATED_CONTINUOUS","DS000452","SK하이닉스","0197X0","SHORT","20/30","3/5","5","80","80","0","2","26.25","-0.1645","-0.2453","5.36","-2.2470","2.4817","-125342","874658","-12.5342"
"INTEGRATED_CONTINUOUS","DS002148","삼성전자","0193W0","LONG","5/20","5/20","50","96","93","3","2","35.42","-0.1340","-0.3354","15.73","-2.3127","3.6489","-126122","873878","-12.6122"
"INTEGRATED_CONTINUOUS","DS000239","삼성전자","0193L0","SHORT","5/20","3/5","30","90","89","1","2","26.67","-0.1477","-0.2761","4.70","-1.1809","3.1436","-126274","873726","-12.6274"
"INTEGRATED_CONTINUOUS","DS002555","SK하이닉스","0193T0","LONG","3/20","10/20","30","84","77","7","3","30.95","-0.1408","-0.4738","20.11","-3.2558","8.6876","-126519","873481","-12.6519"
"INTEGRATED_CONTINUOUS","DS002255","삼성전자","0193L0","SHORT","3/30","5/20","30","93","88","5","2","35.48","-0.1393","-0.3667","19.29","-2.5631","4.0649","-126542","873458","-12.6542"
"INTEGRATED_CONTINUOUS","DS000720","삼성전자","0193L0","SHORT","5/20","3/10","50","90","87","3","2","28.89","-0.1481","-0.2837","8.81","-1.2011","2.5949","-126641","873359","-12.6641"
"INTEGRATED_CONTINUOUS","DS004259","삼성전자","0193W0","LONG","10/30","10/30","30","50","49","1","2","30.00","-0.2590","-0.5622","26.38","-3.8098","6.7854","-126684","873316","-12.6684"
"INTEGRATED_CONTINUOUS","DS003120","삼성전자","0193L0","SHORT","5/20","3/30","50","90","85","5","3","25.56","-0.1461","-0.4228","18.59","-1.2011","3.6569","-126702","873298","-12.6702"
"INTEGRATED_CONTINUOUS","DS002771","삼성전자","0193W0","LONG","5/30","10/20","30","66","58","8","2","37.88","-0.1973","-0.5126","18.05","-2.3941","4.0593","-126761","873239","-12.6761"
"INTEGRATED_CONTINUOUS","DS000692","SK하이닉스","0197X0","SHORT","5/20","3/10","5","174","173","1","2","39.08","-0.0704","-0.3396","9.64","-3.2730","4.9646","-126878","873122","-12.6878"
"INTEGRATED_CONTINUOUS","DS001836","SK하이닉스","0193T0","LONG","10/30","3/20","50","40","39","1","1","27.50","-0.3307","-0.5742","15.13","-1.7020","5.2054","-127060","872940","-12.7060"
"INTEGRATED_CONTINUOUS","DS001427","삼성전자","0193W0","LONG","20/30","5/10","30","52","50","2","1","25.00","-0.2560","-0.4989","8.71","-2.7528","3.0746","-127236","872764","-12.7236"
"INTEGRATED_CONTINUOUS","DS003141","SK하이닉스","0197X0","SHORT","10/20","3/30","10","151","144","7","3","37.75","-0.0656","-0.3455","22.48","-9.0144","10.6123","-127280","872720","-12.7280"
"INTEGRATED_CONTINUOUS","DS002567","SK하이닉스","0197X0","SHORT","3/20","10/20","30","100","93","7","3","35.00","-0.1163","-0.2540","17.56","-3.8309","11.3926","-127498","872502","-12.7498"
"INTEGRATED_CONTINUOUS","DS004727","SK하이닉스","0197X0","SHORT","10/30","20/30","30","67","62","5","3","32.84","-0.1779","-0.5240","26.49","-3.8124","10.1819","-127778","872222","-12.7778"
"INTEGRATED_CONTINUOUS","DS000948","삼성전자","0193W0","LONG","20/30","3/10","50","58","56","2","2","25.86","-0.2319","-0.3967","8.91","-2.9000","2.8227","-127990","872010","-12.7990"
"INTEGRATED_CONTINUOUS","DS002700","SK하이닉스","0193T0","LONG","3/30","10/20","50","56","54","2","3","33.93","-0.2280","-0.2568","20.38","-4.6994","6.6040","-128080","871920","-12.8080"
"INTEGRATED_CONTINUOUS","DS000691","SK하이닉스","0197X0","SHORT","5/20","3/10","NONE","180","179","1","2","38.89","-0.0688","-0.3182","9.58","-3.2730","4.9646","-128273","871727","-12.8273"
"INTEGRATED_CONTINUOUS","DS000394","SK하이닉스","0193T0","LONG","10/30","3/5","20","79","78","1","2","27.85","-0.1700","-0.2606","5.05","-1.6507","4.9116","-128273","871727","-12.8273"
"INTEGRATED_CONTINUOUS","DS003525","SK하이닉스","0197X0","SHORT","3/20","5/30","10","167","157","10","3","37.13","-0.0527","-0.4315","27.08","-8.9578","11.3926","-128582","871418","-12.8582"
"INTEGRATED_CONTINUOUS","DS002352","삼성전자","0193L0","SHORT","10/30","5/20","50","64","60","4","2","20.31","-0.2084","-0.4499","15.97","-2.1210","6.3271","-128739","871261","-12.8739"
"INTEGRATED_CONTINUOUS","DS000320","삼성전자","0193W0","LONG","3/30","3/5","5","166","163","3","2","32.53","-0.0791","-0.2410","5.02","-1.6291","5.1846","-129162","870838","-12.9162"
"INTEGRATED_CONTINUOUS","DS003828","삼성전자","0193W0","LONG","20/30","5/30","50","58","55","3","2","24.14","-0.2304","-0.4692","18.79","-2.3109","3.6287","-129186","870814","-12.9186"
"INTEGRATED_CONTINUOUS","DS002855","SK하이닉스","0197X0","SHORT","20/30","10/20","30","63","62","1","2","31.75","-0.2027","-0.5149","21.03","-4.3491","7.7665","-129283","870717","-12.9283"
"INTEGRATED_CONTINUOUS","DS000644","SK하이닉스","0197X0","SHORT","3/20","3/10","5","194","188","6","2","38.66","-0.0628","-0.2999","10.13","-3.2730","4.9113","-129297","870703","-12.9297"
"INTEGRATED_CONTINUOUS","DS003345","삼성전자","0193W0","LONG","20/30","3/30","10","80","77","3","2","31.25","-0.1657","-0.5551","18.99","-1.8749","3.5665","-129395","870605","-12.9395"
"INTEGRATED_CONTINUOUS","DS001739","SK하이닉스","0193T0","LONG","3/30","3/20","30","58","55","3","2","29.31","-0.2286","-0.4880","16.28","-2.9883","4.1258","-129410","870590","-12.9410"
"INTEGRATED_CONTINUOUS","DS002348","삼성전자","0193L0","SHORT","10/30","5/20","5","92","88","4","2","25.00","-0.1429","-0.3962","18.01","-2.3429","6.3271","-129516","870484","-12.9516"
"INTEGRATED_CONTINUOUS","DS001414","SK하이닉스","0197X0","SHORT","20/30","5/10","20","107","106","1","2","44.86","-0.1229","-0.2000","11.77","-4.5345","2.8023","-129576","870424","-12.9576"
"INTEGRATED_CONTINUOUS","DS002388","삼성전자","0193W0","LONG","20/30","5/20","50","58","55","3","2","27.59","-0.2342","-0.4773","14.78","-1.6237","3.2761","-129899","870101","-12.9899"
"INTEGRATED_CONTINUOUS","DS002256","삼성전자","0193L0","SHORT","3/30","5/20","50","97","91","6","3","30.93","-0.1364","-0.3285","19.35","-2.5631","4.0649","-130113","869887","-13.0113"
"INTEGRATED_CONTINUOUS","DS001776","삼성전자","0193L0","SHORT","3/30","3/20","50","97","92","5","3","26.80","-0.1370","-0.3213","16.57","-1.7917","4.4577","-130499","869501","-13.0499"
"INTEGRATED_CONTINUOUS","DS003312","삼성전자","0193L0","SHORT","10/30","3/30","50","64","60","4","2","21.88","-0.2097","-0.4409","19.42","-4.3143","7.1481","-130981","869019","-13.0981"
"INTEGRATED_CONTINUOUS","DS000764","삼성전자","0193L0","SHORT","10/20","3/10","5","107","106","1","2","28.97","-0.1285","-0.2499","8.69","-1.3164","2.2911","-131116","868884","-13.1116"
"INTEGRATED_CONTINUOUS","DS003012","삼성전자","0193W0","LONG","5/10","3/30","50","153","142","11","7","34.64","-0.0817","-0.2749","21.52","-3.7309","4.8468","-131347","868653","-13.1347"
"INTEGRATED_CONTINUOUS","DS001703","SK하이닉스","0197X0","SHORT","10/20","3/20","30","84","80","4","2","34.52","-0.1534","-0.5693","15.15","-4.9380","8.4068","-131474","868526","-13.1474"
"INTEGRATED_CONTINUOUS","DS004536","SK하이닉스","0197X0","SHORT","5/20","20/30","50","100","90","10","4","38.00","-0.1092","-0.3545","29.84","-10.9955","10.8390","-131487","868513","-13.1487"
"INTEGRATED_CONTINUOUS","DS002206","삼성전자","0193L0","SHORT","10/20","5/20","20","54","53","1","2","27.78","-0.2515","-0.5640","17.26","-2.2756","6.3271","-131673","868327","-13.1673"
"INTEGRATED_CONTINUOUS","DS002592","삼성전자","0193L0","SHORT","3/20","10/20","50","122","112","10","4","33.61","-0.1079","-0.3077","20.00","-4.3459","5.5294","-131714","868286","-13.1714"
"INTEGRATED_CONTINUOUS","DS002735","삼성전자","0193L0","SHORT","3/30","10/20","30","93","89","4","3","34.41","-0.1460","-0.3138","21.65","-2.6006","4.0649","-131772","868228","-13.1772"
"INTEGRATED_CONTINUOUS","DS001632","삼성전자","0193L0","SHORT","3/20","3/20","50","122","116","6","1","27.87","-0.1106","-0.3192","13.11","-3.6933","4.9605","-131849","868151","-13.1849"
"INTEGRATED_CONTINUOUS","DS000441","SK하이닉스","0193T0","LONG","20/30","3/5","10","65","65","0","2","27.69","-0.2136","-0.3471","5.09","-2.3516","3.6516","-131895","868105","-13.1895"
"INTEGRATED_CONTINUOUS","DS001428","삼성전자","0193W0","LONG","20/30","5/10","50","58","56","2","2","24.14","-0.2390","-0.4324","9.90","-2.7528","3.0746","-132176","867824","-13.2176"
"INTEGRATED_CONTINUOUS","DS004584","SK하이닉스","0197X0","SHORT","10/20","20/30","50","79","71","8","4","39.24","-0.1440","-0.3005","31.68","-9.8214","10.1819","-132333","867667","-13.2333"
"INTEGRATED_CONTINUOUS","DS003552","삼성전자","0193L0","SHORT","3/20","5/30","50","122","112","10","4","31.97","-0.1063","-0.3932","20.29","-4.3459","7.2360","-132426","867574","-13.2426"
"INTEGRATED_CONTINUOUS","DS002772","삼성전자","0193W0","LONG","5/30","10/20","50","75","69","6","2","34.67","-0.1829","-0.5057","18.92","-2.3941","4.0593","-132934","867066","-13.2934"
"INTEGRATED_CONTINUOUS","DS002374","SK하이닉스","0197X0","SHORT","20/30","5/20","20","107","103","4","3","37.38","-0.1221","-0.2533","17.31","-4.5636","7.0851","-132975","867025","-13.2975"
"INTEGRATED_CONTINUOUS","DS004307","삼성전자","0193W0","LONG","20/30","10/30","30","52","49","3","2","25.00","-0.2577","-0.5323","25.87","-3.1946","5.9031","-133229","866771","-13.3229"
"INTEGRATED_CONTINUOUS","DS000944","삼성전자","0193W0","LONG","20/30","3/10","5","77","75","2","2","27.27","-0.1824","-0.3324","7.97","-1.4123","2.8227","-133263","866737","-13.3263"
"INTEGRATED_CONTINUOUS","DS001895","SK하이닉스","0197X0","SHORT","20/30","3/20","30","63","62","1","2","28.57","-0.2173","-0.4717","16.02","-2.9092","5.6176","-133316","866684","-13.3316"
"INTEGRATED_CONTINUOUS","DS003164","삼성전자","0193L0","SHORT","10/20","3/30","5","107","104","3","2","28.97","-0.1247","-0.5071","21.45","-4.8591","7.1481","-133344","866656","-13.3344"
"INTEGRATED_CONTINUOUS","DS003779","삼성전자","0193W0","LONG","10/30","5/30","30","50","47","3","2","32.00","-0.2789","-0.5458","23.32","-2.9317","3.7501","-133554","866446","-13.3554"
"INTEGRATED_CONTINUOUS","DS000839","SK하이닉스","0197X0","SHORT","5/30","3/10","30","59","59","0","2","28.81","-0.2352","-0.4392","9.42","-3.2730","4.4133","-133679","866321","-13.3679"
"INTEGRATED_CONTINUOUS","DS000355","SK하이닉스","0197X0","SHORT","5/30","3/5","NONE","133","133","0","2","33.83","-0.1036","-0.2000","5.88","-3.2730","4.0980","-134047","865953","-13.4047"
"INTEGRATED_CONTINUOUS","DS003130","SK하이닉스","0193T0","LONG","10/20","3/30","20","69","66","3","2","27.54","-0.1893","-0.6781","20.84","-2.9952","8.8159","-134219","865781","-13.4219"
"INTEGRATED_CONTINUOUS","DS002196","삼성전자","0193W0","LONG","10/20","5/20","50","83","80","3","3","30.12","-0.1683","-0.3498","15.57","-2.2488","3.6867","-134309","865691","-13.4309"
"INTEGRATED_CONTINUOUS","DS004256","삼성전자","0193W0","LONG","10/30","10/30","5","85","79","6","1","29.41","-0.1580","-0.5450","24.71","-3.8098","6.7854","-134596","865404","-13.4596"
"INTEGRATED_CONTINUOUS","DS004270","삼성전자","0193L0","SHORT","10/30","10/30","20","85","80","5","1","30.59","-0.1582","-0.4286","25.78","-2.7812","7.8870","-134649","865351","-13.4649"
"INTEGRATED_CONTINUOUS","DS003766","SK하이닉스","0197X0","SHORT","10/30","5/30","20","102","99","3","3","37.25","-0.1183","-0.5400","24.39","-7.1335","10.6123","-135126","864874","-13.5126"
"INTEGRATED_CONTINUOUS","DS001247","삼성전자","0193L0","SHORT","10/20","5/10","30","79","79","0","2","34.18","-0.1808","-0.2518","10.76","-1.9199","2.6021","-135508","864492","-13.5508"
"INTEGRATED_CONTINUOUS","DS000393","SK하이닉스","0193T0","LONG","10/30","3/5","10","99","97","2","1","27.27","-0.1419","-0.2606","5.10","-1.6507","5.8940","-135567","864433","-13.5567"
"INTEGRATED_CONTINUOUS","DS004738","삼성전자","0193W0","LONG","10/30","20/30","20","88","83","5","2","32.95","-0.1457","-0.4814","27.81","-3.5119","6.5107","-135791","864209","-13.5791"
"INTEGRATED_CONTINUOUS","DS002183","SK하이닉스","0197X0","SHORT","10/20","5/20","30","84","80","4","2","29.76","-0.1566","-0.5506","16.50","-6.2592","9.9130","-136011","863989","-13.6011"
"INTEGRATED_CONTINUOUS","DS002292","삼성전자","0193W0","LONG","5/30","5/20","50","75","71","4","2","32.00","-0.1891","-0.3322","16.77","-2.2965","3.6867","-136199","863801","-13.6199"
"INTEGRATED_CONTINUOUS","DS000357","SK하이닉스","0197X0","SHORT","5/30","3/5","10","105","105","0","2","34.29","-0.1353","-0.2487","5.98","-3.2730","4.0980","-136525","863475","-13.6525"
"INTEGRATED_CONTINUOUS","DS000356","SK하이닉스","0197X0","SHORT","5/30","3/5","5","132","132","0","2","33.33","-0.1067","-0.2214","5.83","-3.2730","4.0980","-136676","863324","-13.6676"
"INTEGRATED_CONTINUOUS","DS002124","SK하이닉스","0193T0","LONG","5/20","5/20","50","67","65","2","2","29.85","-0.2097","-0.5929","16.37","-2.9952","4.1258","-136765","863235","-13.6765"
"INTEGRATED_CONTINUOUS","DS001787","SK하이닉스","0193T0","LONG","5/30","3/20","30","55","51","4","1","27.27","-0.2589","-0.4717","15.04","-2.5061","4.1258","-136856","863144","-13.6856"
"INTEGRATED_CONTINUOUS","DS002387","삼성전자","0193W0","LONG","20/30","5/20","30","52","49","3","1","32.69","-0.2770","-0.5319","14.63","-1.7271","3.2761","-137003","862997","-13.7003"
"INTEGRATED_CONTINUOUS","DS003706","SK하이닉스","0193T0","LONG","5/30","5/30","20","88","82","6","1","31.82","-0.1510","-0.5845","21.57","-2.7856","8.9445","-137365","862635","-13.7365"
"INTEGRATED_CONTINUOUS","DS002686","삼성전자","0193L0","SHORT","10/20","10/20","20","54","52","2","2","29.63","-0.2630","-0.3987","21.33","-3.0643","5.5882","-137459","862541","-13.7459"
"INTEGRATED_CONTINUOUS","DS002796","SK하이닉스","0193T0","LONG","10/30","10/20","50","40","37","3","1","27.50","-0.3529","-0.7093","18.33","-2.6302","8.4957","-137564","862436","-13.7564"
"INTEGRATED_CONTINUOUS","DS001259","SK하이닉스","0193T0","LONG","3/30","5/10","30","58","55","3","2","39.66","-0.2464","-0.1767","11.52","-4.8392","3.0459","-137828","862172","-13.7828"
"INTEGRATED_CONTINUOUS","DS003309","삼성전자","0193L0","SHORT","10/30","3/30","10","116","109","7","2","25.86","-0.1194","-0.4409","20.29","-1.7917","7.1481","-137843","862157","-13.7843"
"INTEGRATED_CONTINUOUS","DS003119","삼성전자","0193L0","SHORT","5/20","3/30","30","90","85","5","3","28.89","-0.1604","-0.4057","17.58","-1.7818","3.6569","-137857","862143","-13.7857"
"INTEGRATED_CONTINUOUS","DS000756","삼성전자","0193W0","LONG","10/20","3/10","50","83","81","2","2","26.51","-0.1748","-0.3145","7.90","-1.5614","3.5112","-137950","862050","-13.7950"
"INTEGRATED_CONTINUOUS","DS004308","삼성전자","0193W0","LONG","20/30","10/30","50","58","54","4","2","22.41","-0.2424","-0.6129","22.40","-3.1946","5.9031","-138018","861982","-13.8018"
"INTEGRATED_CONTINUOUS","DS003539","삼성전자","0193W0","LONG","3/20","5/30","30","107","101","6","5","32.71","-0.1322","-0.3767","17.90","-4.2988","5.7096","-138141","861859","-13.8141"
"INTEGRATED_CONTINUOUS","DS003156","삼성전자","0193W0","LONG","10/20","3/30","50","83","79","4","3","30.12","-0.1743","-0.3807","18.58","-2.1779","3.4324","-138381","861619","-13.8381"
"INTEGRATED_CONTINUOUS","DS003623","SK하이닉스","0197X0","SHORT","10/20","5/30","30","84","78","6","3","35.71","-0.1590","-0.4664","20.98","-6.2592","10.6123","-138440","861560","-13.8440"
"INTEGRATED_CONTINUOUS","DS001244","삼성전자","0193L0","SHORT","10/20","5/10","5","107","106","1","2","33.64","-0.1359","-0.3199","10.23","-1.5822","2.6850","-138763","861237","-13.8763"
"INTEGRATED_CONTINUOUS","DS000391","SK하이닉스","0193T0","LONG","10/30","3/5","NONE","109","107","2","2","28.44","-0.1325","-0.2606","5.46","-1.7610","5.8940","-139421","860579","-13.9421"
"INTEGRATED_CONTINUOUS","DS002710","SK하이닉스","0197X0","SHORT","3/30","10/20","20","114","105","9","3","36.84","-0.1126","-0.3633","19.44","-4.2188","10.6123","-139455","860545","-13.9455"
"INTEGRATED_CONTINUOUS","DS001377","삼성전자","0193W0","LONG","10/30","5/10","10","118","114","4","2","29.66","-0.1226","-0.3028","8.12","-1.6602","4.0196","-139659","860341","-13.9659"
"INTEGRATED_CONTINUOUS","DS002303","삼성전자","0193L0","SHORT","5/30","5/20","30","66","64","2","2","25.76","-0.2227","-0.5204","17.70","-1.3203","3.6569","-139663","860337","-13.9663"
"INTEGRATED_CONTINUOUS","DS002336","삼성전자","0193W0","LONG","10/30","5/20","5","85","82","3","2","29.41","-0.1711","-0.4302","16.01","-2.2488","4.2230","-139736","860264","-13.9736"
"INTEGRATED_CONTINUOUS","DS000636","SK하이닉스","0193T0","LONG","3/20","3/10","50","84","83","1","2","38.10","-0.1714","-0.3903","9.63","-2.8344","4.0226","-139789","860211","-13.9789"
"INTEGRATED_CONTINUOUS","DS002123","SK하이닉스","0193T0","LONG","5/20","5/20","30","68","63","5","2","29.41","-0.2126","-0.5973","16.35","-2.9952","4.1258","-139821","860179","-13.9821"
"INTEGRATED_CONTINUOUS","DS001306","SK하이닉스","0193T0","LONG","5/30","5/10","20","88","86","2","2","31.82","-0.1649","-0.2621","10.55","-2.1816","5.3457","-139949","860051","-13.9949"
"INTEGRATED_CONTINUOUS","DS001604","SK하이닉스","0197X0","SHORT","3/20","3/20","5","194","186","8","1","32.47","-0.0676","-0.4999","14.46","-3.2730","9.1716","-140176","859824","-14.0176"
"INTEGRATED_CONTINUOUS","DS003275","SK하이닉스","0193T0","LONG","10/30","3/30","30","43","41","2","2","25.58","-0.3395","-0.6403","21.16","-2.3829","4.0315","-140232","859768","-14.0232"
"INTEGRATED_CONTINUOUS","DS002711","SK하이닉스","0197X0","SHORT","3/30","10/20","30","82","76","6","2","31.71","-0.1630","-0.3905","21.28","-4.9962","10.6123","-140600","859400","-14.0600"
"INTEGRATED_CONTINUOUS","DS002563","SK하이닉스","0197X0","SHORT","3/20","10/20","NONE","218","206","12","3","38.53","-0.0412","-0.2540","20.90","-5.1716","12.3068","-140616","859384","-14.0616"
"INTEGRATED_CONTINUOUS","DS000384","삼성전자","0193L0","SHORT","5/30","3/5","50","77","75","2","2","23.38","-0.1951","-0.2987","4.62","-1.3424","3.1436","-140870","859130","-14.0870"
"INTEGRATED_CONTINUOUS","DS000645","SK하이닉스","0197X0","SHORT","3/20","3/10","10","167","162","5","2","36.53","-0.0807","-0.3100","10.16","-5.3553","4.9113","-140879","859121","-14.0879"
"INTEGRATED_CONTINUOUS","DS004188","SK하이닉스","0193T0","LONG","5/30","10/30","50","49","47","2","2","26.53","-0.2963","-0.5942","26.06","-2.7424","6.1472","-140987","859013","-14.0987"
"INTEGRATED_CONTINUOUS","DS004583","SK하이닉스","0197X0","SHORT","10/20","20/30","30","84","73","11","4","38.10","-0.1600","-0.2582","28.96","-7.8082","10.1819","-141178","858822","-14.1178"
"INTEGRATED_CONTINUOUS","DS000251","SK하이닉스","0193T0","LONG","10/20","3/5","30","66","65","1","1","22.73","-0.2262","-0.3211","4.55","-1.8073","5.9960","-141496","858504","-14.1496"
"INTEGRATED_CONTINUOUS","DS000683","SK하이닉스","0193T0","LONG","5/20","3/10","30","68","65","3","1","33.82","-0.2181","-0.4018","9.00","-2.5061","4.3739","-141513","858487","-14.1513"
"INTEGRATED_CONTINUOUS","DS001764","삼성전자","0193W0","LONG","3/30","3/20","50","95","91","4","3","31.58","-0.1506","-0.3811","15.27","-2.2852","5.1942","-141682","858318","-14.1682"
"INTEGRATED_CONTINUOUS","DS003058","삼성전자","0193W0","LONG","3/20","3/30","20","95","91","4","4","26.32","-0.1564","-0.4300","16.31","-1.5248","3.6046","-141999","858001","-14.1999"
"INTEGRATED_CONTINUOUS","DS000648","SK하이닉스","0197X0","SHORT","3/20","3/10","50","119","116","3","2","36.97","-0.1197","-0.3394","9.92","-3.2730","4.4133","-142260","857740","-14.2260"
"INTEGRATED_CONTINUOUS","DS004675","SK하이닉스","0197X0","SHORT","5/30","20/30","NONE","133","122","11","5","39.10","-0.0913","-0.3079","32.14","-6.9788","10.8390","-142868","857132","-14.2868"
"INTEGRATED_CONTINUOUS","DS000344","SK하이닉스","0193T0","LONG","5/30","3/5","5","122","119","3","2","33.61","-0.1214","-0.2960","5.34","-2.4837","5.3457","-142995","857005","-14.2995"
"INTEGRATED_CONTINUOUS","DS000248","SK하이닉스","0193T0","LONG","10/20","3/5","5","108","107","1","1","27.78","-0.1374","-0.3264","4.87","-2.1095","5.9960","-143240","856760","-14.3240"
"INTEGRATED_CONTINUOUS","DS004032","삼성전자","0193L0","SHORT","3/20","10/30","50","122","107","15","4","31.15","-0.1178","-0.3608","24.31","-4.3459","6.1795","-143405","856595","-14.3405"
"INTEGRATED_CONTINUOUS","DS000923","SK하이닉스","0193T0","LONG","20/30","3/10","30","47","47","0","2","19.15","-0.3255","-0.4628","8.13","-2.3516","2.6193","-143783","856217","-14.3783"
"INTEGRATED_CONTINUOUS","DS003790","삼성전자","0193L0","SHORT","10/30","5/30","20","85","82","3","2","25.88","-0.1698","-0.4847","22.85","-3.9143","7.7184","-143824","856176","-14.3824"
"INTEGRATED_CONTINUOUS","DS000370","삼성전자","0193W0","LONG","5/30","3/5","20","106","105","1","2","22.64","-0.1425","-0.3086","5.25","-1.6291","5.0766","-143981","856019","-14.3981"
"INTEGRATED_CONTINUOUS","DS000298","SK하이닉스","0193T0","LONG","3/30","3/5","20","86","84","2","1","31.40","-0.1766","-0.2801","5.48","-2.9320","3.1419","-144363","855637","-14.4363"
"INTEGRATED_CONTINUOUS","DS004078","삼성전자","0193L0","SHORT","5/20","10/30","20","69","64","5","4","33.33","-0.2200","-0.3461","25.36","-2.0450","3.3774","-144446","855554","-14.4446"
"INTEGRATED_CONTINUOUS","DS003707","SK하이닉스","0193T0","LONG","5/30","5/30","30","55","49","6","2","29.09","-0.2676","-0.6557","20.55","-2.7856","6.2717","-144540","855460","-14.4540"
"INTEGRATED_CONTINUOUS","DS002158","삼성전자","0193L0","SHORT","5/20","5/20","20","69","65","4","1","27.54","-0.2212","-0.3538","17.70","-2.2756","3.6569","-144692","855308","-14.4692"
"INTEGRATED_CONTINUOUS","DS000177","삼성전자","0193W0","LONG","3/20","3/5","10","157","154","3","1","29.30","-0.0948","-0.2445","5.07","-3.0298","5.4012","-144865","855135","-14.4865"
"INTEGRATED_CONTINUOUS","DS002291","삼성전자","0193W0","LONG","5/30","5/20","30","66","60","6","2","33.33","-0.2304","-0.4547","15.70","-2.2965","3.3648","-144871","855129","-14.4871"
"INTEGRATED_CONTINUOUS","DS001992","SK하이닉스","0197X0","SHORT","3/10","5/20","50","175","169","6","4","28.57","-0.0506","-0.5119","18.73","-5.1400","11.2317","-144930","855070","-14.4930"
"INTEGRATED_CONTINUOUS","DS003598","삼성전자","0193L0","SHORT","5/20","5/30","20","69","65","4","3","28.99","-0.2212","-0.3980","20.36","-2.2756","3.2656","-145058","854942","-14.5058"
"INTEGRATED_CONTINUOUS","DS001307","SK하이닉스","0193T0","LONG","5/30","5/10","30","55","52","3","2","30.91","-0.2791","-0.2651","10.16","-2.5268","3.0135","-145249","854751","-14.5249"
"INTEGRATED_CONTINUOUS","DS000475","삼성전자","0193L0","SHORT","20/30","3/5","NONE","122","122","0","2","34.43","-0.1267","-0.1800","5.57","-3.1126","3.4298","-146047","853953","-14.6047"
"INTEGRATED_CONTINUOUS","DS001823","삼성전자","0193L0","SHORT","5/30","3/20","30","66","64","2","2","30.30","-0.2351","-0.4933","15.36","-1.2638","4.0482","-146135","853865","-14.6135"
"INTEGRATED_CONTINUOUS","DS002699","SK하이닉스","0193T0","LONG","3/30","10/20","30","58","53","5","3","32.76","-0.2572","-0.2568","20.10","-4.6994","6.6040","-146167","853833","-14.6167"
"INTEGRATED_CONTINUOUS","DS001824","삼성전자","0193L0","SHORT","5/30","3/20","50","77","74","3","2","28.57","-0.2009","-0.4288","15.66","-1.5540","4.0482","-146326","853674","-14.6326"
"INTEGRATED_CONTINUOUS","DS002867","삼성전자","0193W0","LONG","20/30","10/20","30","52","49","3","1","28.85","-0.2962","-0.5923","16.88","-1.8749","4.6363","-146502","853498","-14.6502"
"INTEGRATED_CONTINUOUS","DS003792","삼성전자","0193L0","SHORT","10/30","5/30","50","64","59","5","2","21.88","-0.2378","-0.4858","21.25","-3.9143","7.1481","-146506","853494","-14.6506"
"INTEGRATED_CONTINUOUS","DS000431","삼성전자","0193L0","SHORT","10/30","3/5","30","49","49","0","1","14.29","-0.3214","-0.3638","4.29","-2.1324","1.5764","-146571","853429","-14.6571"
"INTEGRATED_CONTINUOUS","DS001654","SK하이닉스","0197X0","SHORT","5/20","3/20","20","89","86","3","2","30.34","-0.1715","-0.5171","14.91","-3.2730","4.4276","-147333","852667","-14.7333"
"INTEGRATED_CONTINUOUS","DS000343","SK하이닉스","0193T0","LONG","5/30","3/5","NONE","123","120","3","2","33.33","-0.1246","-0.2978","5.30","-2.4837","5.3457","-147362","852638","-14.7362"
"INTEGRATED_CONTINUOUS","DS002687","삼성전자","0193L0","SHORT","10/20","10/20","30","79","76","3","2","25.32","-0.1945","-0.3570","20.52","-3.0643","5.5882","-147475","852525","-14.7475"
"INTEGRATED_CONTINUOUS","DS002518","SK하이닉스","0197X0","SHORT","5/10","10/20","20","158","149","9","5","34.18","-0.0739","-0.4616","19.98","-3.8309","11.2719","-147538","852462","-14.7538"
"INTEGRATED_CONTINUOUS","DS003600","삼성전자","0193L0","SHORT","5/20","5/30","50","90","84","6","3","26.67","-0.1720","-0.4278","19.97","-1.5797","3.2656","-147631","852369","-14.7631"
"INTEGRATED_CONTINUOUS","DS004676","SK하이닉스","0197X0","SHORT","5/30","20/30","5","132","121","11","5","38.64","-0.0962","-0.3430","32.33","-6.9788","10.8390","-147636","852364","-14.7636"
"INTEGRATED_CONTINUOUS","DS003155","삼성전자","0193W0","LONG","10/20","3/30","30","79","76","3","3","29.11","-0.1959","-0.4575","18.71","-2.1779","4.2277","-147756","852244","-14.7756"
"INTEGRATED_CONTINUOUS","DS003815","SK하이닉스","0197X0","SHORT","20/30","5/30","30","63","62","1","2","30.16","-0.2392","-0.6810","23.57","-3.9883","7.7665","-148126","851874","-14.8126"
"INTEGRATED_CONTINUOUS","DS001388","삼성전자","0193L0","SHORT","10/30","5/10","5","92","91","1","2","30.43","-0.1712","-0.2000","10.11","-2.4503","3.1469","-148400","851600","-14.8400"
"INTEGRATED_CONTINUOUS","DS001424","삼성전자","0193W0","LONG","20/30","5/10","5","77","74","3","2","27.27","-0.2050","-0.4020","9.29","-1.5567","3.0746","-148708","851292","-14.8708"
"INTEGRATED_CONTINUOUS","DS002819","삼성전자","0193W0","LONG","10/30","10/20","30","50","49","1","2","28.00","-0.3147","-0.5164","18.00","-2.8219","3.3629","-148712","851288","-14.8712"
"INTEGRATED_CONTINUOUS","DS000934","SK하이닉스","0197X0","SHORT","20/30","3/10","20","107","106","1","2","38.32","-0.1443","-0.3033","10.56","-4.4182","3.2899","-148723","851277","-14.8723"
"INTEGRATED_CONTINUOUS","DS004127","삼성전자","0193L0","SHORT","10/20","10/30","30","79","74","5","2","29.11","-0.1944","-0.4749","28.11","-3.0742","7.8870","-148754","851246","-14.8754"
"INTEGRATED_CONTINUOUS","DS000744","SK하이닉스","0197X0","SHORT","10/20","3/10","50","79","77","2","2","35.44","-0.1935","-0.3826","9.14","-5.4142","5.5386","-148819","851181","-14.8819"
"INTEGRATED_CONTINUOUS","DS004235","SK하이닉스","0193T0","LONG","10/30","10/30","30","43","39","4","1","20.93","-0.3523","-0.9449","26.35","-2.9139","10.3433","-148911","851089","-14.8911"
"INTEGRATED_CONTINUOUS","DS001919","삼성전자","0193L0","SHORT","20/30","3/20","30","49","46","3","2","20.41","-0.3240","-0.4674","13.88","-2.0333","2.9527","-148978","851022","-14.8978"
"INTEGRATED_CONTINUOUS","DS003647","삼성전자","0193L0","SHORT","10/20","5/30","30","79","77","2","2","27.85","-0.1964","-0.4294","23.48","-3.0369","7.1481","-149177","850823","-14.9177"
"INTEGRATED_CONTINUOUS","DS000643","SK하이닉스","0197X0","SHORT","3/20","3/10","NONE","218","212","6","2","38.07","-0.0648","-0.3242","10.23","-5.3553","4.9113","-149351","850649","-14.9351"
"INTEGRATED_CONTINUOUS","DS000912","삼성전자","0193L0","SHORT","10/30","3/10","50","64","64","0","2","28.13","-0.2496","-0.2189","9.77","-3.4571","1.9667","-149365","850635","-14.9365"
"INTEGRATED_CONTINUOUS","DS000719","삼성전자","0193L0","SHORT","5/20","3/10","30","90","88","2","2","31.11","-0.1772","-0.2840","8.47","-1.7818","2.5949","-149430","850570","-14.9430"
"INTEGRATED_CONTINUOUS","DS000284","삼성전자","0193L0","SHORT","10/20","3/5","5","107","107","0","2","28.97","-0.1499","-0.2377","4.88","-1.2793","2.6459","-150075","849925","-15.0075"
"INTEGRATED_CONTINUOUS","DS001835","SK하이닉스","0193T0","LONG","10/30","3/20","30","43","41","2","1","23.26","-0.3727","-0.4887","15.35","-1.6215","3.5428","-150081","849919","-15.0081"
"INTEGRATED_CONTINUOUS","DS000131","삼성전자","0193W0","LONG","5/10","3/5","30","146","144","2","2","23.97","-0.1069","-0.2786","5.00","-1.7273","5.1590","-150173","849827","-15.0173"
"INTEGRATED_CONTINUOUS","DS000850","삼성전자","0193W0","LONG","5/30","3/10","20","106","104","2","2","25.47","-0.1488","-0.2981","8.72","-1.7469","4.5643","-150264","849736","-15.0264"
"INTEGRATED_CONTINUOUS","DS004592","삼성전자","0193W0","LONG","10/20","20/30","5","125","114","11","3","36.80","-0.1050","-0.4252","30.07","-4.9596","7.3307","-150348","849652","-15.0348"
"INTEGRATED_CONTINUOUS","DS000310","SK하이닉스","0197X0","SHORT","3/30","3/5","20","114","110","4","1","31.58","-0.1392","-0.2214","5.71","-3.2730","4.2892","-150406","849594","-15.0406"
"INTEGRATED_CONTINUOUS","DS000359","SK하이닉스","0197X0","SHORT","5/30","3/5","30","59","59","0","2","28.81","-0.2723","-0.2000","5.29","-3.2730","3.4866","-150515","849485","-15.0515"
"INTEGRATED_CONTINUOUS","DS003202","삼성전자","0193W0","LONG","3/30","3/30","20","113","107","6","2","26.55","-0.1372","-0.4135","15.21","-2.0256","5.1333","-150553","849447","-15.0553"
"INTEGRATED_CONTINUOUS","DS000897","삼성전자","0193W0","LONG","10/30","3/10","10","118","114","4","2","26.27","-0.1340","-0.2962","8.00","-2.6319","3.7654","-151038","848962","-15.1038"
"INTEGRATED_CONTINUOUS","DS001136","삼성전자","0193W0","LONG","3/20","5/10","5","202","194","8","3","33.17","-0.0747","-0.3165","10.29","-1.8994","5.1443","-151072","848928","-15.1072"
"INTEGRATED_CONTINUOUS","DS001724","삼성전자","0193L0","SHORT","10/20","3/20","5","107","104","3","2","31.78","-0.1450","-0.5041","15.98","-1.9850","6.2860","-151197","848803","-15.1197"
"INTEGRATED_CONTINUOUS","DS001907","삼성전자","0193W0","LONG","20/30","3/20","30","52","50","2","1","28.85","-0.3098","-0.5494","13.13","-1.6021","3.9310","-151213","848787","-15.1213"
"INTEGRATED_CONTINUOUS","DS000296","SK하이닉스","0193T0","LONG","3/30","3/5","5","134","132","2","1","33.58","-0.1168","-0.2544","5.28","-2.9320","5.7207","-151243","848757","-15.1243"
"INTEGRATED_CONTINUOUS","DS000369","삼성전자","0193W0","LONG","5/30","3/5","10","130","128","2","2","23.85","-0.1221","-0.2856","5.02","-1.5731","5.0766","-151265","848735","-15.1265"
"INTEGRATED_CONTINUOUS","DS004691","삼성전자","0193W0","LONG","5/30","20/30","30","66","60","6","2","28.79","-0.2323","-0.4512","24.05","-3.0279","5.6580","-151332","848668","-15.1332"
"INTEGRATED_CONTINUOUS","DS002832","삼성전자","0193L0","SHORT","10/30","10/20","50","64","60","4","3","25.00","-0.2501","-0.4656","18.28","-2.7812","5.5882","-151947","848053","-15.1947"
"INTEGRATED_CONTINUOUS","DS002783","삼성전자","0193L0","SHORT","5/30","10/20","30","66","64","2","2","30.30","-0.2448","-0.3576","21.67","-1.7665","3.6569","-152213","847787","-15.2213"
"INTEGRATED_CONTINUOUS","DS003084","SK하이닉스","0193T0","LONG","5/20","3/30","50","67","66","1","2","31.34","-0.2343","-0.5955","19.84","-3.0046","5.3006","-152307","847693","-15.2307"
"INTEGRATED_CONTINUOUS","DS000910","삼성전자","0193L0","SHORT","10/30","3/10","20","85","84","1","2","36.47","-0.1907","-0.1787","9.98","-3.4571","2.6163","-152330","847670","-15.2330"
"INTEGRATED_CONTINUOUS","DS004499","삼성전자","0193W0","LONG","3/20","20/30","30","107","98","9","4","36.45","-0.1372","-0.2773","22.45","-4.3481","7.6623","-152365","847635","-15.2365"
"INTEGRATED_CONTINUOUS","DS003263","삼성전자","0193L0","SHORT","5/30","3/30","30","66","64","2","2","22.73","-0.2469","-0.5204","17.09","-1.3424","3.6569","-152852","847148","-15.2852"
"INTEGRATED_CONTINUOUS","DS004246","SK하이닉스","0197X0","SHORT","10/30","10/30","20","102","97","5","1","37.25","-0.1405","-0.2837","24.71","-4.3224","11.9571","-153200","846800","-15.3200"
"INTEGRATED_CONTINUOUS","DS004224","삼성전자","0193L0","SHORT","5/30","10/30","50","77","71","6","3","22.08","-0.2086","-0.5291","25.47","-1.9045","3.3774","-153226","846774","-15.3226"
"INTEGRATED_CONTINUOUS","DS004596","삼성전자","0193W0","LONG","10/20","20/30","50","83","80","3","3","34.94","-0.1777","-0.2000","27.67","-4.9596","5.7678","-153312","846688","-15.3312"
"INTEGRATED_CONTINUOUS","DS000132","삼성전자","0193W0","LONG","5/10","3/5","50","153","151","2","2","24.84","-0.1047","-0.2757","4.92","-1.7273","5.1590","-153763","846237","-15.3763"
"INTEGRATED_CONTINUOUS","DS000765","삼성전자","0193L0","SHORT","10/20","3/10","10","152","151","1","2","32.89","-0.1072","-0.2000","8.86","-1.3164","2.4497","-153948","846052","-15.3948"
"INTEGRATED_CONTINUOUS","DS004483","SK하이닉스","0197X0","SHORT","3/20","20/30","NONE","218","195","23","8","40.83","-0.0218","-0.2580","34.44","-10.9955","11.8699","-154272","845728","-15.4272"
"INTEGRATED_CONTINUOUS","DS001344","삼성전자","0193L0","SHORT","5/30","5/10","50","77","75","2","2","25.97","-0.2146","-0.4019","9.52","-1.2984","3.0996","-154400","845600","-15.4400"
"INTEGRATED_CONTINUOUS","DS002384","삼성전자","0193W0","LONG","20/30","5/20","5","77","74","3","2","32.47","-0.2120","-0.5067","16.09","-1.7271","3.2761","-154575","845425","-15.4575"
"INTEGRATED_CONTINUOUS","DS004044","SK하이닉스","0193T0","LONG","5/20","10/30","50","67","65","2","4","29.85","-0.2211","-0.7408","26.31","-3.2319","9.2110","-154597","845403","-15.4597"
"INTEGRATED_CONTINUOUS","DS001904","삼성전자","0193W0","LONG","20/30","3/20","5","77","75","2","2","28.57","-0.2130","-0.5006","14.21","-1.6021","3.9310","-154730","845270","-15.4730"
"INTEGRATED_CONTINUOUS","DS004582","SK하이닉스","0197X0","SHORT","10/20","20/30","20","80","71","9","4","36.25","-0.1817","-0.3451","29.44","-7.8082","10.1819","-154748","845252","-15.4748"
"INTEGRATED_CONTINUOUS","DS002638","삼성전자","0193L0","SHORT","5/20","10/20","20","69","64","5","2","31.88","-0.2388","-0.3285","19.33","-2.3218","3.6569","-155179","844821","-15.5179"
"INTEGRATED_CONTINUOUS","DS001293","삼성전자","0193L0","SHORT","3/30","5/10","10","138","134","4","3","35.51","-0.1176","-0.2528","10.70","-2.4503","3.3583","-155197","844803","-15.5197"
"INTEGRATED_CONTINUOUS","DS000717","삼성전자","0193L0","SHORT","5/20","3/10","10","141","138","3","2","34.75","-0.1168","-0.2548","8.60","-1.5995","3.6335","-155586","844414","-15.5586"
"INTEGRATED_CONTINUOUS","DS001375","삼성전자","0193W0","LONG","10/30","5/10","NONE","125","121","4","2","29.60","-0.1306","-0.3022","8.43","-1.6602","4.0196","-155626","844374","-15.5626"
"INTEGRATED_CONTINUOUS","DS000895","삼성전자","0193W0","LONG","10/30","3/10","NONE","125","121","4","2","27.20","-0.1309","-0.2904","8.38","-2.6319","3.7654","-155845","844155","-15.5845"
"INTEGRATED_CONTINUOUS","DS003106","삼성전자","0193W0","LONG","5/20","3/30","20","81","77","4","3","30.86","-0.2021","-0.4412","18.05","-3.3968","5.1333","-155887","844113","-15.5887"
"INTEGRATED_CONTINUOUS","DS001642","SK하이닉스","0193T0","LONG","5/20","3/20","20","75","72","3","2","32.00","-0.2181","-0.5955","13.93","-2.5061","4.1258","-156075","843925","-15.6075"
"INTEGRATED_CONTINUOUS","DS001859","삼성전자","0193W0","LONG","10/30","3/20","30","50","49","1","2","22.00","-0.3340","-0.5240","13.68","-2.8219","3.1045","-156152","843848","-15.6152"
"INTEGRATED_CONTINUOUS","DS000192","삼성전자","0193L0","SHORT","3/20","3/5","50","122","118","4","2","28.69","-0.1369","-0.2570","5.16","-1.3424","3.1436","-156270","843730","-15.6270"
"INTEGRATED_CONTINUOUS","DS003200","삼성전자","0193W0","LONG","3/30","3/30","5","166","160","6","2","33.13","-0.0953","-0.3724","15.42","-2.0256","5.1333","-156449","843551","-15.6449"
"INTEGRATED_CONTINUOUS","DS004198","SK하이닉스","0197X0","SHORT","5/30","10/30","20","95","90","5","2","35.79","-0.1517","-0.3078","25.91","-7.2757","12.6247","-156917","843083","-15.6917"
"INTEGRATED_CONTINUOUS","DS004546","삼성전자","0193W0","LONG","5/20","20/30","20","81","71","10","3","37.04","-0.1937","-0.2000","24.35","-4.2274","7.4410","-157184","842816","-15.7184"
"INTEGRATED_CONTINUOUS","DS003249","삼성전자","0193W0","LONG","5/30","3/30","10","130","125","5","2","30.77","-0.1234","-0.4637","17.28","-2.1503","5.0254","-157409","842591","-15.7409"
"INTEGRATED_CONTINUOUS","DS000225","삼성전자","0193W0","LONG","5/20","3/5","10","156","154","2","2","32.69","-0.1060","-0.2475","4.70","-1.8600","5.1846","-157801","842199","-15.7801"
"INTEGRATED_CONTINUOUS","DS002304","삼성전자","0193L0","SHORT","5/30","5/20","50","77","73","4","3","23.38","-0.2182","-0.5202","17.53","-1.5540","3.6569","-157865","842135","-15.7865"
"INTEGRATED_CONTINUOUS","DS001152","삼성전자","0193L0","SHORT","3/20","5/10","50","122","117","5","3","31.97","-0.1363","-0.2660","11.93","-3.6933","3.0996","-157937","842063","-15.7937"
"INTEGRATED_CONTINUOUS","DS002207","삼성전자","0193L0","SHORT","10/20","5/20","30","79","77","2","2","31.65","-0.2107","-0.4001","17.53","-2.1130","6.3271","-158292","841708","-15.8292"
"INTEGRATED_CONTINUOUS","DS001608","SK하이닉스","0197X0","SHORT","3/20","3/20","50","119","115","4","1","26.89","-0.1335","-0.5589","13.06","-3.2730","9.1716","-158419","841581","-15.8419"
"INTEGRATED_CONTINUOUS","DS001760","삼성전자","0193W0","LONG","3/30","3/20","5","166","159","7","3","33.73","-0.0961","-0.3318","14.02","-2.2852","5.8000","-158596","841404","-15.8596"
"INTEGRATED_CONTINUOUS","DS001341","삼성전자","0193L0","SHORT","5/30","5/10","10","128","126","2","2","32.81","-0.1314","-0.2827","10.06","-1.5825","3.1048","-158655","841345","-15.8655"
"INTEGRATED_CONTINUOUS","DS001125","SK하이닉스","0197X0","SHORT","3/20","5/10","10","167","163","4","2","38.32","-0.0926","-0.2896","11.97","-5.3553","5.1138","-158688","841312","-15.8688"
"INTEGRATED_CONTINUOUS","DS004581","SK하이닉스","0197X0","SHORT","10/20","20/30","10","151","137","14","6","41.72","-0.0798","-0.2000","34.58","-9.8214","10.1819","-158781","841219","-15.8781"
"INTEGRATED_CONTINUOUS","DS001342","삼성전자","0193L0","SHORT","5/30","5/10","20","92","89","3","2","30.43","-0.1854","-0.3171","10.12","-1.5825","2.5949","-159076","840924","-15.9076"
"INTEGRATED_CONTINUOUS","DS001232","삼성전자","0193W0","LONG","10/20","5/10","5","125","121","4","2","32.00","-0.1330","-0.3448","9.59","-2.2060","4.8205","-159162","840838","-15.9162"
"INTEGRATED_CONTINUOUS","DS001773","삼성전자","0193L0","SHORT","3/30","3/20","10","138","132","6","4","30.43","-0.1186","-0.4444","15.30","-2.0015","5.6487","-159329","840671","-15.9329"
"INTEGRATED_CONTINUOUS","DS001235","삼성전자","0193W0","LONG","10/20","5/10","30","79","77","2","2","25.32","-0.2169","-0.3119","8.46","-1.7026","3.5112","-160133","839867","-16.0133"
"INTEGRATED_CONTINUOUS","DS004196","SK하이닉스","0197X0","SHORT","5/30","10/30","5","132","125","7","3","40.15","-0.1025","-0.2524","28.93","-7.2757","12.6247","-160196","839804","-16.0196"
"INTEGRATED_CONTINUOUS","DS001392","삼성전자","0193L0","SHORT","10/30","5/10","50","64","63","1","2","26.56","-0.2687","-0.2489","9.81","-3.4571","2.4273","-160299","839701","-16.0299"
"INTEGRATED_CONTINUOUS","DS001916","삼성전자","0193L0","SHORT","20/30","3/20","5","66","63","3","2","19.70","-0.2597","-0.3747","14.47","-2.0333","4.2391","-160461","839539","-16.0461"
"INTEGRATED_CONTINUOUS","DS001411","SK하이닉스","0197X0","SHORT","20/30","5/10","NONE","114","112","2","2","44.74","-0.1467","-0.2000","12.32","-4.5345","2.8023","-160502","839498","-16.0502"
"INTEGRATED_CONTINUOUS","DS003295","삼성전자","0193W0","LONG","10/30","3/30","NONE","125","120","5","2","29.60","-0.1314","-0.4216","18.96","-2.8176","5.7067","-160572","839428","-16.0572"
"INTEGRATED_CONTINUOUS","DS004631","SK하이닉스","0197X0","SHORT","3/30","20/30","30","82","75","7","3","32.93","-0.1972","-0.4538","22.39","-3.5849","10.1819","-160698","839302","-16.0698"
"INTEGRATED_CONTINUOUS","DS004606","삼성전자","0193L0","SHORT","10/20","20/30","20","54","49","5","2","33.33","-0.3089","-0.4043","32.74","-6.5927","6.1629","-160718","839282","-16.0718"
"INTEGRATED_CONTINUOUS","DS003755","SK하이닉스","0193T0","LONG","10/30","5/30","30","43","39","4","2","25.58","-0.3947","-0.7802","22.72","-3.0949","3.8370","-160801","839199","-16.0801"
"INTEGRATED_CONTINUOUS","DS001403","SK하이닉스","0193T0","LONG","20/30","5/10","30","47","47","0","2","21.28","-0.3671","-0.4628","8.83","-2.7102","2.7344","-160865","839135","-16.0865"
"INTEGRATED_CONTINUOUS","DS001680","삼성전자","0193L0","SHORT","5/20","3/20","50","90","86","4","2","23.33","-0.1910","-0.4034","13.96","-1.4118","4.0482","-160887","839113","-16.0887"
"INTEGRATED_CONTINUOUS","DS001163","SK하이닉스","0193T0","LONG","5/20","5/10","30","68","65","3","1","33.82","-0.2534","-0.4072","9.26","-1.8908","4.3739","-161479","838521","-16.1479"
"INTEGRATED_CONTINUOUS","DS001812","삼성전자","0193W0","LONG","5/30","3/20","50","75","72","3","2","29.33","-0.2290","-0.4426","14.68","-2.2852","3.7230","-161654","838346","-16.1654"
"INTEGRATED_CONTINUOUS","DS002746","SK하이닉스","0193T0","LONG","5/30","10/20","20","88","81","7","2","38.64","-0.1831","-0.4467","20.90","-3.3866","8.9445","-161987","838013","-16.1987"
"INTEGRATED_CONTINUOUS","DS000611","삼성전자","0193W0","LONG","5/10","3/10","30","146","142","4","2","28.77","-0.1150","-0.2897","8.82","-3.0659","5.9394","-162193","837807","-16.2193"
"INTEGRATED_CONTINUOUS","DS001596","SK하이닉스","0193T0","LONG","3/20","3/20","50","84","83","1","1","26.19","-0.2015","-0.5286","13.21","-2.8344","4.1258","-162441","837559","-16.2441"
"INTEGRATED_CONTINUOUS","DS000368","삼성전자","0193W0","LONG","5/30","3/5","5","158","156","2","2","24.68","-0.1086","-0.2897","5.06","-1.6291","5.0766","-162917","837083","-16.2917"
"INTEGRATED_CONTINUOUS","DS000321","삼성전자","0193W0","LONG","3/30","3/5","10","147","144","3","1","29.93","-0.1168","-0.2769","4.90","-1.4893","5.1846","-163224","836776","-16.3224"
"INTEGRATED_CONTINUOUS","DS001811","삼성전자","0193W0","LONG","5/30","3/20","30","66","62","4","2","28.79","-0.2639","-0.4858","13.17","-2.2852","3.6889","-163289","836711","-16.3289"
"INTEGRATED_CONTINUOUS","DS002747","SK하이닉스","0193T0","LONG","5/30","10/20","30","55","48","7","2","30.91","-0.3098","-0.5255","19.62","-2.8970","6.2717","-163298","836702","-16.3298"
"INTEGRATED_CONTINUOUS","DS000168","SK하이닉스","0197X0","SHORT","3/20","3/5","50","119","116","3","1","30.25","-0.1452","-0.3446","5.57","-3.2730","4.0482","-163839","836161","-16.3839"
"INTEGRATED_CONTINUOUS","DS003430","SK하이닉스","0197X0","SHORT","3/10","5/30","20","161","150","11","5","29.81","-0.0770","-0.5435","19.89","-3.2730","11.9394","-164209","835791","-16.4209"
"INTEGRATED_CONTINUOUS","DS003610","SK하이닉스","0193T0","LONG","10/20","5/30","20","69","64","5","3","26.09","-0.2380","-0.7802","23.17","-3.0949","8.8159","-164210","835790","-16.4210"
"INTEGRATED_CONTINUOUS","DS002853","SK하이닉스","0197X0","SHORT","20/30","10/20","10","88","86","2","2","34.09","-0.1901","-0.5180","20.32","-4.3491","7.7665","-164492","835508","-16.4492"
"INTEGRATED_CONTINUOUS","DS002483","삼성전자","0193W0","LONG","3/10","10/20","30","158","147","11","6","36.08","-0.0999","-0.4029","19.30","-3.5357","7.6238","-164554","835446","-16.4554"
"INTEGRATED_CONTINUOUS","DS001605","SK하이닉스","0197X0","SHORT","3/20","3/20","10","167","161","6","1","32.34","-0.0967","-0.5251","14.74","-3.2730","9.1716","-164670","835330","-16.4670"
"INTEGRATED_CONTINUOUS","DS002112","삼성전자","0193L0","SHORT","3/20","5/20","50","122","115","7","3","30.33","-0.1407","-0.3201","16.15","-4.3459","4.3510","-164730","835270","-16.4730"
"INTEGRATED_CONTINUOUS","DS002864","삼성전자","0193W0","LONG","20/30","10/20","5","77","74","3","2","29.87","-0.2260","-0.5758","18.92","-1.8749","4.6363","-164768","835232","-16.4768"
"INTEGRATED_CONTINUOUS","DS000908","삼성전자","0193L0","SHORT","10/30","3/10","5","92","91","1","2","30.43","-0.1930","-0.2000","8.77","-1.7917","2.6163","-164823","835177","-16.4823"
"INTEGRATED_CONTINUOUS","DS000863","삼성전자","0193L0","SHORT","5/30","3/10","30","66","65","1","2","27.27","-0.2706","-0.4233","8.15","-1.5181","2.5949","-165047","834953","-16.5047"
"INTEGRATED_CONTINUOUS","DS004608","삼성전자","0193L0","SHORT","10/20","20/30","50","75","65","10","2","29.33","-0.2270","-0.3983","28.32","-6.5927","6.2202","-165411","834589","-16.5411"
"INTEGRATED_CONTINUOUS","DS003045","SK하이닉스","0197X0","SHORT","3/20","3/30","10","167","158","9","3","34.13","-0.0828","-0.4455","22.28","-8.9578","11.3926","-165576","834424","-16.5576"
"INTEGRATED_CONTINUOUS","DS001197","삼성전자","0193L0","SHORT","5/20","5/10","10","141","138","3","2","37.59","-0.1237","-0.2475","10.67","-5.2353","4.1693","-165692","834308","-16.5692"
"INTEGRATED_CONTINUOUS","DS002816","삼성전자","0193W0","LONG","10/30","10/20","5","85","82","3","2","31.76","-0.2055","-0.5019","18.14","-2.8219","5.5956","-165747","834253","-16.5747"
"INTEGRATED_CONTINUOUS","DS003731","삼성전자","0193W0","LONG","5/30","5/30","30","66","61","5","2","27.27","-0.2681","-0.5169","16.67","-2.9791","2.9086","-165759","834241","-16.5759"
"INTEGRATED_CONTINUOUS","DS000202","SK하이닉스","0193T0","LONG","5/20","3/5","20","75","73","2","2","29.33","-0.2374","-0.3349","5.24","-2.0499","2.6412","-165813","834187","-16.5813"
"INTEGRATED_CONTINUOUS","DS004195","SK하이닉스","0197X0","SHORT","5/30","10/30","NONE","133","126","7","3","39.85","-0.1071","-0.2538","28.72","-7.2757","12.6247","-166219","833781","-16.6219"
"INTEGRATED_CONTINUOUS","DS002830","삼성전자","0193L0","SHORT","10/30","10/20","20","85","81","4","2","29.41","-0.2043","-0.2762","20.41","-2.7812","6.0041","-166219","833781","-16.6219"
"INTEGRATED_CONTINUOUS","DS002038","SK하이닉스","0197X0","SHORT","5/10","5/20","20","158","151","7","3","30.38","-0.0914","-0.4302","16.03","-3.2730","10.5684","-166398","833602","-16.6398"
"INTEGRATED_CONTINUOUS","DS004724","SK하이닉스","0197X0","SHORT","10/30","20/30","5","100","92","8","3","36.00","-0.1552","-0.4383","28.65","-5.0143","10.1819","-166503","833497","-16.6503"
"INTEGRATED_CONTINUOUS","DS001772","삼성전자","0193L0","SHORT","3/30","3/20","5","164","158","6","3","30.49","-0.1041","-0.3432","15.26","-2.0015","5.6487","-166536","833464","-16.6536"
"INTEGRATED_CONTINUOUS","DS004068","삼성전자","0193W0","LONG","5/20","10/30","50","96","91","5","4","36.46","-0.1781","-0.4667","27.15","-3.8568","5.7720","-166689","833311","-16.6689"
"INTEGRATED_CONTINUOUS","DS000864","삼성전자","0193L0","SHORT","5/30","3/10","50","77","75","2","2","25.97","-0.2341","-0.4188","8.51","-1.5181","2.5949","-166704","833296","-16.6704"
"INTEGRATED_CONTINUOUS","DS000959","삼성전자","0193L0","SHORT","20/30","3/10","30","49","48","1","2","22.45","-0.3701","-0.3765","7.08","-2.0333","1.8673","-167082","832918","-16.7082"
"INTEGRATED_CONTINUOUS","DS001656","SK하이닉스","0197X0","SHORT","5/20","3/20","50","100","99","1","2","27.00","-0.1739","-0.5335","14.15","-3.2730","4.4276","-167195","832805","-16.7195"
"INTEGRATED_CONTINUOUS","DS004115","삼성전자","0193W0","LONG","10/20","10/30","30","79","74","5","3","31.65","-0.2142","-0.5259","26.99","-3.8098","7.2770","-167630","832370","-16.7630"
"INTEGRATED_CONTINUOUS","DS000382","삼성전자","0193L0","SHORT","5/30","3/5","20","92","90","2","2","29.35","-0.1974","-0.2502","5.07","-1.3790","1.7792","-167675","832325","-16.7675"
"INTEGRATED_CONTINUOUS","DS000672","삼성전자","0193L0","SHORT","3/20","3/10","50","122","118","4","3","33.61","-0.1472","-0.2858","9.83","-2.6568","2.9987","-167939","832061","-16.7939"
"INTEGRATED_CONTINUOUS","DS003588","삼성전자","0193W0","LONG","5/20","5/30","50","96","92","4","3","30.21","-0.1841","-0.4264","20.47","-2.9791","4.1420","-168110","831890","-16.8110"
"INTEGRATED_CONTINUOUS","DS000931","SK하이닉스","0197X0","SHORT","20/30","3/10","NONE","114","112","2","2","37.72","-0.1553","-0.3106","11.05","-4.4182","3.2899","-168228","831772","-16.8228"
"INTEGRATED_CONTINUOUS","DS002566","SK하이닉스","0197X0","SHORT","3/20","10/20","20","102","94","8","2","36.27","-0.1637","-0.3512","17.41","-3.8309","11.3926","-168259","831741","-16.8259"
"INTEGRATED_CONTINUOUS","DS000945","삼성전자","0193W0","LONG","20/30","3/10","10","80","77","3","1","25.00","-0.2267","-0.3660","7.63","-2.9000","2.8227","-168264","831736","-16.8264"
"INTEGRATED_CONTINUOUS","DS003036","SK하이닉스","0193T0","LONG","3/20","3/30","50","84","83","1","2","30.95","-0.2040","-0.5999","19.51","-2.9952","6.0228","-168321","831679","-16.8321"
"INTEGRATED_CONTINUOUS","DS001858","삼성전자","0193W0","LONG","10/30","3/20","20","88","86","2","1","23.86","-0.2028","-0.4914","13.42","-2.8219","4.8839","-168403","831597","-16.8403"
"INTEGRATED_CONTINUOUS","DS000862","삼성전자","0193L0","SHORT","5/30","3/10","20","92","89","3","2","30.43","-0.1977","-0.3904","9.01","-1.5181","2.6571","-168543","831457","-16.8543"
"INTEGRATED_CONTINUOUS","DS000755","삼성전자","0193W0","LONG","10/20","3/10","30","79","77","2","2","22.78","-0.2299","-0.3246","7.77","-1.6273","3.5112","-168645","831355","-16.8645"
"INTEGRATED_CONTINUOUS","DS002096","삼성전자","0193W0","LONG","3/20","5/20","5","202","192","10","3","32.67","-0.0843","-0.3464","17.50","-2.2728","5.3498","-169283","830717","-16.9283"
"INTEGRATED_CONTINUOUS","DS002759","SK하이닉스","0197X0","SHORT","5/30","10/20","30","59","57","2","2","30.51","-0.2913","-0.7283","22.19","-4.0363","11.2719","-169499","830501","-16.9499"
"INTEGRATED_CONTINUOUS","DS000105","SK하이닉스","0193T0","LONG","5/10","3/5","10","144","142","2","2","30.56","-0.1216","-0.2943","5.49","-2.4885","6.8184","-169772","830228","-16.9772"
"INTEGRATED_CONTINUOUS","DS000272","삼성전자","0193W0","LONG","10/20","3/5","5","125","122","3","2","28.00","-0.1449","-0.2775","4.74","-2.2060","5.0766","-169800","830200","-16.9800"
"INTEGRATED_CONTINUOUS","DS003096","SK하이닉스","0197X0","SHORT","5/20","3/30","50","100","98","2","2","29.00","-0.1751","-0.5669","18.99","-4.6034","4.9463","-169807","830193","-16.9807"
"INTEGRATED_CONTINUOUS","DS004642","삼성전자","0193W0","LONG","3/30","20/30","20","113","101","12","4","34.51","-0.1391","-0.3995","24.03","-3.1463","7.4410","-169977","830023","-16.9977"
"INTEGRATED_CONTINUOUS","DS002650","SK하이닉스","0193T0","LONG","10/20","10/20","20","69","64","5","2","30.43","-0.2518","-0.6551","20.80","-3.3866","8.8159","-170437","829563","-17.0437"
"INTEGRATED_CONTINUOUS","DS002756","SK하이닉스","0197X0","SHORT","5/30","10/20","5","132","128","4","3","38.64","-0.1231","-0.2840","22.60","-4.0363","11.2719","-170995","829005","-17.0995"
"INTEGRATED_CONTINUOUS","DS001425","삼성전자","0193W0","LONG","20/30","5/10","10","80","76","4","2","26.25","-0.2304","-0.4286","9.16","-2.7528","3.0746","-171160","828840","-17.1160"
"INTEGRATED_CONTINUOUS","DS004018","삼성전자","0193W0","LONG","3/20","10/30","20","95","88","7","5","30.53","-0.1876","-0.4643","23.74","-3.2422","5.9031","-171280","828720","-17.1280"
"INTEGRATED_CONTINUOUS","DS000307","SK하이닉스","0197X0","SHORT","3/30","3/5","NONE","171","166","5","1","33.33","-0.1055","-0.2000","5.65","-3.2730","4.2892","-171284","828716","-17.1284"
"INTEGRATED_CONTINUOUS","DS001725","삼성전자","0193L0","SHORT","10/20","3/20","10","152","149","3","2","34.87","-0.1168","-0.3594","15.49","-1.9850","6.2860","-171286","828714","-17.1286"
"INTEGRATED_CONTINUOUS","DS002160","삼성전자","0193L0","SHORT","5/20","5/20","50","90","85","5","1","23.33","-0.2048","-0.4029","16.72","-1.5797","3.6569","-171372","828628","-17.1372"
"INTEGRATED_CONTINUOUS","DS000106","SK하이닉스","0193T0","LONG","5/10","3/5","20","131","128","3","2","28.24","-0.1362","-0.3354","5.31","-2.4885","6.8184","-171636","828364","-17.1636"
"INTEGRATED_CONTINUOUS","DS004723","SK하이닉스","0197X0","SHORT","10/30","20/30","NONE","122","113","9","4","36.89","-0.1287","-0.4071","28.85","-5.0143","10.1819","-171655","828345","-17.1655"
"INTEGRATED_CONTINUOUS","DS002613","SK하이닉스","0197X0","SHORT","5/20","10/20","10","144","139","5","2","36.81","-0.1109","-0.4499","21.74","-5.1716","11.2719","-171830","828170","-17.1830"
"INTEGRATED_CONTINUOUS","DS000367","삼성전자","0193W0","LONG","5/30","3/5","NONE","165","163","2","2","24.85","-0.1104","-0.2751","5.07","-1.6291","5.0766","-171833","828167","-17.1833"
"INTEGRATED_CONTINUOUS","DS000478","삼성전자","0193L0","SHORT","20/30","3/5","20","104","104","0","2","34.62","-0.1790","-0.2000","5.27","-3.1126","2.0124","-171835","828165","-17.1835"
"INTEGRATED_CONTINUOUS","DS001857","삼성전자","0193W0","LONG","10/30","3/20","10","118","113","5","2","29.66","-0.1540","-0.4603","13.31","-2.8219","4.8839","-172094","827906","-17.2094"
"INTEGRATED_CONTINUOUS","DS001343","삼성전자","0193L0","SHORT","5/30","5/10","30","66","65","1","2","24.24","-0.2832","-0.4392","9.33","-1.2984","3.0996","-172312","827688","-17.2312"
"INTEGRATED_CONTINUOUS","DS004043","SK하이닉스","0193T0","LONG","5/20","10/30","30","68","63","5","4","33.82","-0.2489","-0.8799","24.85","-2.4362","9.2110","-172405","827595","-17.2405"
"INTEGRATED_CONTINUOUS","DS002195","삼성전자","0193W0","LONG","10/20","5/20","30","79","76","3","3","27.85","-0.2345","-0.4240","16.04","-2.2488","2.9367","-172419","827581","-17.2419"
"INTEGRATED_CONTINUOUS","DS004090","SK하이닉스","0193T0","LONG","10/20","10/30","20","69","64","5","3","23.19","-0.2355","-0.8061","27.01","-3.2319","10.2005","-172438","827562","-17.2438"
"INTEGRATED_CONTINUOUS","DS003213","삼성전자","0193L0","SHORT","3/30","3/30","10","138","132","6","2","23.91","-0.1300","-0.4440","16.93","-1.8577","6.9575","-172561","827439","-17.2561"
"INTEGRATED_CONTINUOUS","DS002675","삼성전자","0193W0","LONG","10/20","10/20","30","79","74","5","3","30.38","-0.2330","-0.4076","18.53","-2.8219","3.5954","-172636","827364","-17.2636"
"INTEGRATED_CONTINUOUS","DS002371","SK하이닉스","0197X0","SHORT","20/30","5/20","NONE","114","109","5","3","37.72","-0.1546","-0.2496","17.95","-4.5636","7.0851","-172638","827362","-17.2638"
"INTEGRATED_CONTINUOUS","DS003359","삼성전자","0193L0","SHORT","20/30","3/30","30","49","46","3","2","22.45","-0.3806","-0.5780","20.24","-2.5889","2.5655","-172734","827266","-17.2734"
"INTEGRATED_CONTINUOUS","DS001810","삼성전자","0193W0","LONG","5/30","3/20","20","106","103","3","2","30.19","-0.1724","-0.4286","14.98","-2.2852","5.6914","-172884","827116","-17.2884"
"INTEGRATED_CONTINUOUS","DS000696","SK하이닉스","0197X0","SHORT","5/20","3/10","50","100","100","0","2","32.00","-0.1829","-0.3999","8.90","-3.2730","4.4133","-172888","827112","-17.2888"
"INTEGRATED_CONTINUOUS","DS002302","삼성전자","0193L0","SHORT","5/30","5/20","20","92","87","5","2","29.35","-0.2001","-0.4049","18.15","-5.2344","3.6569","-173126","826874","-17.3126"
"INTEGRATED_CONTINUOUS","DS003095","SK하이닉스","0197X0","SHORT","5/20","3/30","30","85","82","3","3","28.24","-0.2137","-0.6389","17.48","-3.2730","4.9463","-173146","826854","-17.3146"
"INTEGRATED_CONTINUOUS","DS001439","삼성전자","0193L0","SHORT","20/30","5/10","30","49","48","1","2","14.29","-0.3850","-0.4302","8.69","-2.0333","1.5146","-173289","826711","-17.3289"
"INTEGRATED_CONTINUOUS","DS004752","삼성전자","0193L0","SHORT","10/30","20/30","50","64","57","7","2","28.13","-0.2835","-0.3863","27.78","-6.3199","6.1629","-173680","826320","-17.3680"
"INTEGRATED_CONTINUOUS","DS000083","삼성전자","0193W0","LONG","3/10","3/5","30","158","155","3","1","31.01","-0.1170","-0.3001","4.94","-1.5920","3.9131","-173772","826228","-17.3772"
"INTEGRATED_CONTINUOUS","DS003911","SK하이닉스","0197X0","SHORT","3/10","10/30","30","170","156","14","5","34.12","-0.0657","-0.4704","24.85","-5.5717","13.3003","-174134","825866","-17.4134"
"INTEGRATED_CONTINUOUS","DS000453","SK하이닉스","0197X0","SHORT","20/30","3/5","10","88","88","0","2","26.14","-0.2145","-0.2549","5.57","-2.4331","2.4817","-174349","825651","-17.4349"
"INTEGRATED_CONTINUOUS","DS001869","삼성전자","0193L0","SHORT","10/30","3/20","10","116","114","2","2","26.72","-0.1582","-0.4564","15.08","-1.7917","6.2860","-174360","825640","-17.4360"
"INTEGRATED_CONTINUOUS","DS001668","삼성전자","0193W0","LONG","5/20","3/20","50","96","92","4","2","29.17","-0.1933","-0.3800","14.10","-2.3630","3.6889","-174562","825438","-17.4562"
"INTEGRATED_CONTINUOUS","DS003660","SK하이닉스","0193T0","LONG","3/30","5/30","50","56","54","2","3","26.79","-0.3283","-0.4971","23.73","-2.8621","6.6040","-174584","825416","-17.4584"
"INTEGRATED_CONTINUOUS","DS001595","SK하이닉스","0193T0","LONG","3/20","3/20","30","84","80","4","1","27.38","-0.2189","-0.5570","13.02","-2.8344","4.1258","-174634","825366","-17.4634"
"INTEGRATED_CONTINUOUS","DS002097","삼성전자","0193W0","LONG","3/20","5/20","10","157","150","7","3","31.85","-0.1143","-0.3521","16.97","-2.2728","5.3498","-174661","825339","-17.4661"
"INTEGRATED_CONTINUOUS","DS000800","삼성전자","0193W0","LONG","3/30","3/10","5","166","161","5","3","35.54","-0.1113","-0.2864","8.54","-1.7152","4.6843","-175176","824824","-17.5176"
"INTEGRATED_CONTINUOUS","DS001894","SK하이닉스","0197X0","SHORT","20/30","3/20","20","107","104","3","3","36.45","-0.1703","-0.3489","16.42","-4.5345","5.6176","-175524","824476","-17.5524"
"INTEGRATED_CONTINUOUS","DS000656","삼성전자","0193W0","LONG","3/20","3/10","5","202","195","7","3","30.69","-0.0903","-0.3043","8.58","-1.8239","4.8874","-175635","824365","-17.5635"
"INTEGRATED_CONTINUOUS","DS003334","SK하이닉스","0197X0","SHORT","20/30","3/30","20","107","102","5","3","37.38","-0.1677","-0.4743","21.85","-4.5636","7.7665","-175667","824333","-17.5667"
"INTEGRATED_CONTINUOUS","DS001653","SK하이닉스","0197X0","SHORT","5/20","3/20","10","144","141","3","2","33.33","-0.1248","-0.4855","15.86","-3.2730","4.4276","-175924","824076","-17.5924"
"INTEGRATED_CONTINUOUS","DS003344","삼성전자","0193W0","LONG","20/30","3/30","5","77","75","2","2","29.87","-0.2449","-0.5516","19.70","-2.6580","3.4511","-176283","823717","-17.6283"
"INTEGRATED_CONTINUOUS","DS004668","SK하이닉스","0193T0","LONG","5/30","20/30","50","49","48","1","3","30.61","-0.3827","-0.7280","29.76","-2.9053","5.3383","-176520","823480","-17.6520"
"INTEGRATED_CONTINUOUS","DS002602","SK하이닉스","0193T0","LONG","5/20","10/20","20","75","67","8","2","37.33","-0.2442","-0.4354","20.16","-3.2319","5.5478","-176678","823322","-17.6678"
"INTEGRATED_CONTINUOUS","DS001091","삼성전자","0193W0","LONG","5/10","5/10","30","146","142","4","2","29.45","-0.1274","-0.2753","8.99","-2.2801","5.9394","-176754","823246","-17.6754"
"INTEGRATED_CONTINUOUS","DS003778","삼성전자","0193W0","LONG","10/30","5/30","20","88","84","4","1","26.14","-0.2114","-0.5390","20.25","-2.9317","5.0332","-176848","823152","-17.6848"
"INTEGRATED_CONTINUOUS","DS002755","SK하이닉스","0197X0","SHORT","5/30","10/20","NONE","133","129","4","3","38.35","-0.1275","-0.3079","22.44","-4.0363","11.2719","-176941","823059","-17.6941"
"INTEGRATED_CONTINUOUS","DS002828","삼성전자","0193L0","SHORT","10/30","10/20","5","92","86","6","2","26.09","-0.2029","-0.3759","20.64","-2.7812","6.0041","-177144","822856","-17.7144"
"INTEGRATED_CONTINUOUS","DS004080","삼성전자","0193L0","SHORT","5/20","10/30","50","90","80","10","4","27.78","-0.2109","-0.4574","25.38","-1.8129","3.3774","-177158","822842","-17.7158"
"INTEGRATED_CONTINUOUS","DS002315","SK하이닉스","0193T0","LONG","10/30","5/20","30","43","39","4","1","18.60","-0.4481","-0.5358","16.56","-1.9058","3.5428","-177284","822716","-17.7284"
"INTEGRATED_CONTINUOUS","DS000175","삼성전자","0193W0","LONG","3/20","3/5","NONE","248","243","5","2","30.24","-0.0745","-0.2180","5.03","-3.0298","5.4012","-177433","822567","-17.7433"
"INTEGRATED_CONTINUOUS","DS002784","삼성전자","0193L0","SHORT","5/30","10/20","50","77","72","5","3","31.17","-0.2480","-0.3373","21.00","-2.4159","3.6569","-177573","822427","-17.7573"
"INTEGRATED_CONTINUOUS","DS000432","삼성전자","0193L0","SHORT","10/30","3/5","50","64","63","1","1","25.00","-0.3026","-0.2612","4.92","-3.4000","1.5764","-177705","822295","-17.7705"
"INTEGRATED_CONTINUOUS","DS003043","SK하이닉스","0197X0","SHORT","3/20","3/30","NONE","218","206","12","3","34.86","-0.0690","-0.3981","21.48","-8.9578","11.3926","-178560","821440","-17.8560"
"INTEGRATED_CONTINUOUS","DS003732","삼성전자","0193W0","LONG","5/30","5/30","50","75","72","3","2","25.33","-0.2564","-0.5029","17.93","-2.9791","3.7230","-178735","821265","-17.8735"
"INTEGRATED_CONTINUOUS","DS001821","삼성전자","0193L0","SHORT","5/30","3/20","10","128","124","4","2","32.81","-0.1472","-0.4183","16.14","-3.9846","5.3896","-178768","821232","-17.8768"
"INTEGRATED_CONTINUOUS","DS000335","삼성전자","0193L0","SHORT","3/30","3/5","30","93","92","1","2","24.73","-0.2102","-0.2808","5.10","-1.4346","1.7723","-178937","821063","-17.8937"
"INTEGRATED_CONTINUOUS","DS000763","삼성전자","0193L0","SHORT","10/20","3/10","NONE","164","163","1","2","31.71","-0.1175","-0.2000","8.88","-1.3164","2.4497","-179050","820950","-17.9050"
"INTEGRATED_CONTINUOUS","DS001867","삼성전자","0193L0","SHORT","10/30","3/20","NONE","122","119","3","2","27.87","-0.1554","-0.4413","15.29","-1.7917","6.2860","-179451","820549","-17.9451"
"INTEGRATED_CONTINUOUS","DS003083","SK하이닉스","0193T0","LONG","5/20","3/30","30","68","65","3","2","26.47","-0.2798","-0.6078","17.28","-2.9952","5.3006","-179485","820515","-17.9485"
"INTEGRATED_CONTINUOUS","DS003132","SK하이닉스","0193T0","LONG","10/20","3/30","50","58","57","1","2","24.14","-0.3232","-0.6875","19.67","-2.9952","5.6933","-179521","820479","-17.9521"
"INTEGRATED_CONTINUOUS","DS000336","삼성전자","0193L0","SHORT","3/30","3/5","50","97","94","3","2","25.77","-0.2023","-0.2462","4.70","-1.7917","3.1436","-179925","820075","-17.9925"
"INTEGRATED_CONTINUOUS","DS004532","SK하이닉스","0197X0","SHORT","5/20","20/30","5","174","157","17","8","43.10","-0.0695","-0.2214","35.06","-10.9955","10.8390","-180080","819920","-18.0080"
"INTEGRATED_CONTINUOUS","DS002220","SK하이닉스","0193T0","LONG","3/30","5/20","50","56","54","2","3","33.93","-0.3420","-0.3603","20.91","-4.3825","4.1258","-180216","819784","-18.0216"
"INTEGRATED_CONTINUOUS","DS002640","삼성전자","0193L0","SHORT","5/20","10/20","50","90","84","6","2","27.78","-0.2167","-0.3294","18.98","-1.8129","3.6569","-180370","819630","-18.0370"
"INTEGRATED_CONTINUOUS","DS002554","SK하이닉스","0193T0","LONG","3/20","10/20","20","86","77","9","3","27.91","-0.2122","-0.4676","18.90","-3.2558","8.6876","-180912","819088","-18.0912"
"INTEGRATED_CONTINUOUS","DS001784","SK하이닉스","0193T0","LONG","5/30","3/20","5","122","117","5","2","31.15","-0.1491","-0.4504","15.32","-2.6011","6.6802","-181006","818994","-18.1006"
"INTEGRATED_CONTINUOUS","DS001677","삼성전자","0193L0","SHORT","5/20","3/20","10","141","136","5","2","28.37","-0.1355","-0.3644","14.67","-2.0015","6.4777","-181199","818801","-18.1199"
"INTEGRATED_CONTINUOUS","DS003224","SK하이닉스","0193T0","LONG","5/30","3/30","5","122","116","6","2","31.15","-0.1509","-0.5105","18.46","-2.9952","8.9445","-181248","818752","-18.1248"
"INTEGRATED_CONTINUOUS","DS001679","삼성전자","0193L0","SHORT","5/20","3/20","30","90","86","4","2","27.78","-0.2180","-0.4034","13.58","-1.7818","4.0482","-181331","818669","-18.1331"
"INTEGRATED_CONTINUOUS","DS002337","삼성전자","0193W0","LONG","10/30","5/20","10","118","112","6","2","29.66","-0.1632","-0.4635","15.45","-2.2488","4.2230","-181501","818499","-18.1501"
"INTEGRATED_CONTINUOUS","DS004679","SK하이닉스","0197X0","SHORT","5/30","20/30","30","59","53","6","3","28.81","-0.3178","-0.5754","25.14","-3.8239","10.8390","-181512","818488","-18.1512"
"INTEGRATED_CONTINUOUS","DS003176","SK하이닉스","0193T0","LONG","3/30","3/30","5","134","129","5","1","29.85","-0.1361","-0.5238","17.28","-2.9952","9.3323","-182020","817980","-18.2020"
"INTEGRATED_CONTINUOUS","DS004775","SK하이닉스","0197X0","SHORT","20/30","20/30","30","63","60","3","1","36.51","-0.2962","-0.5058","30.13","-5.3405","7.3472","-182061","817939","-18.2061"
"INTEGRATED_CONTINUOUS","DS003356","삼성전자","0193L0","SHORT","20/30","3/30","5","66","63","3","2","21.21","-0.2976","-0.5012","20.29","-2.5889","5.5304","-182079","817921","-18.2079"
"INTEGRATED_CONTINUOUS","DS004186","SK하이닉스","0193T0","LONG","5/30","10/30","20","88","81","7","2","34.09","-0.2081","-0.6046","25.17","-2.9810","8.9445","-182161","817839","-18.2161"
"INTEGRATED_CONTINUOUS","DS000813","삼성전자","0193L0","SHORT","3/30","3/10","10","138","134","4","3","31.16","-0.1424","-0.2775","8.96","-1.8577","2.9987","-182437","817563","-18.2437"
"INTEGRATED_CONTINUOUS","DS003538","삼성전자","0193W0","LONG","3/20","5/30","20","95","90","5","4","27.37","-0.2077","-0.3516","17.19","-2.3590","3.6560","-182616","817384","-18.2616"
"INTEGRATED_CONTINUOUS","DS000295","SK하이닉스","0193T0","LONG","3/30","3/5","NONE","150","148","2","1","34.00","-0.1293","-0.2615","5.23","-2.9320","5.7207","-182669","817331","-18.2669"
"INTEGRATED_CONTINUOUS","DS004787","삼성전자","0193W0","LONG","20/30","20/30","30","52","49","3","1","25.00","-0.3745","-0.7129","27.40","-3.3979","5.5431","-183077","816923","-18.3077"
"INTEGRATED_CONTINUOUS","DS003599","삼성전자","0193L0","SHORT","5/20","5/30","30","90","84","6","3","30.00","-0.2195","-0.4413","18.92","-2.4164","3.2656","-183654","816346","-18.3654"
"INTEGRATED_CONTINUOUS","DS003431","SK하이닉스","0197X0","SHORT","3/10","5/30","30","170","161","9","5","27.06","-0.0871","-0.4957","21.64","-3.2730","11.9394","-183691","816309","-18.3691"
"INTEGRATED_CONTINUOUS","DS002338","삼성전자","0193W0","LONG","10/30","5/20","20","88","85","3","1","23.86","-0.2237","-0.4905","15.02","-2.2488","4.2230","-183816","816184","-18.3816"
"INTEGRATED_CONTINUOUS","DS002612","SK하이닉스","0197X0","SHORT","5/20","10/20","5","174","168","6","3","35.63","-0.0967","-0.4499","21.37","-5.1716","11.2719","-184061","815939","-18.4061"
"INTEGRATED_CONTINUOUS","DS000872","SK하이닉스","0193T0","LONG","10/30","3/10","5","76","75","1","1","27.63","-0.2624","-0.3981","8.83","-1.7538","4.7941","-184143","815857","-18.4143"
"INTEGRATED_CONTINUOUS","DS001716","삼성전자","0193W0","LONG","10/20","3/20","50","83","80","3","2","25.30","-0.2399","-0.3896","12.93","-2.8219","3.7230","-184184","815816","-18.4184"
"INTEGRATED_CONTINUOUS","DS003274","SK하이닉스","0193T0","LONG","10/30","3/30","20","79","76","3","2","27.85","-0.2429","-0.6403","20.80","-2.3829","8.4957","-184287","815713","-18.4287"
"INTEGRATED_CONTINUOUS","DS000093","삼성전자","0193L0","SHORT","3/10","3/5","10","178","175","3","2","33.15","-0.1119","-0.2000","5.62","-1.7917","3.1436","-184406","815594","-18.4406"
"INTEGRATED_CONTINUOUS","DS002122","SK하이닉스","0193T0","LONG","5/20","5/20","20","75","69","6","2","32.00","-0.2640","-0.5929","15.08","-2.9952","4.1258","-184527","815473","-18.4527"
"INTEGRATED_CONTINUOUS","DS001030","SK하이닉스","0197X0","SHORT","3/10","5/10","20","161","156","5","2","39.13","-0.1141","-0.2000","11.71","-6.8667","5.3758","-184542","815458","-18.4542"
"INTEGRATED_CONTINUOUS","DS003239","SK하이닉스","0197X0","SHORT","5/30","3/30","30","59","57","2","2","23.73","-0.3346","-0.6507","17.37","-3.2730","4.9463","-184705","815295","-18.4705"
"INTEGRATED_CONTINUOUS","DS003250","삼성전자","0193W0","LONG","5/30","3/30","20","106","103","3","2","28.30","-0.1856","-0.4454","17.39","-2.1503","5.0254","-184739","815261","-18.4739"
"INTEGRATED_CONTINUOUS","DS003094","SK하이닉스","0197X0","SHORT","5/20","3/30","20","89","85","4","2","26.97","-0.2194","-0.5798","17.21","-3.2730","4.9463","-184773","815227","-18.4773"
"INTEGRATED_CONTINUOUS","DS001917","삼성전자","0193L0","SHORT","20/30","3/20","10","83","79","4","2","20.48","-0.2411","-0.3512","13.77","-2.0333","4.2391","-184826","815174","-18.4826"
"INTEGRATED_CONTINUOUS","DS001798","SK하이닉스","0197X0","SHORT","5/30","3/20","20","95","92","3","2","33.68","-0.2077","-0.5197","15.83","-3.2730","4.1419","-184924","815076","-18.4924"
"INTEGRATED_CONTINUOUS","DS002267","SK하이닉스","0193T0","LONG","5/30","5/20","30","55","49","6","2","25.45","-0.3624","-0.5292","16.53","-2.9952","4.1258","-185076","814924","-18.5076"
"INTEGRATED_CONTINUOUS","DS003307","삼성전자","0193L0","SHORT","10/30","3/30","NONE","122","114","8","2","25.41","-0.1590","-0.4409","20.07","-4.3143","7.1481","-185186","814814","-18.5186"
"INTEGRATED_CONTINUOUS","DS004319","삼성전자","0193L0","SHORT","20/30","10/30","30","49","46","3","2","28.57","-0.4112","-0.6396","24.80","-3.2556","2.2889","-185359","814641","-18.5359"
"INTEGRATED_CONTINUOUS","DS003223","SK하이닉스","0193T0","LONG","5/30","3/30","NONE","123","117","6","2","30.89","-0.1539","-0.5096","18.32","-2.9952","8.9445","-185421","814579","-18.5421"
"INTEGRATED_CONTINUOUS","DS002399","삼성전자","0193L0","SHORT","20/30","5/20","30","49","46","3","2","22.45","-0.4152","-0.5383","15.20","-1.9778","2.5655","-186266","813734","-18.6266"
"INTEGRATED_CONTINUOUS","DS003153","삼성전자","0193W0","LONG","10/20","3/30","10","159","152","7","3","30.19","-0.1213","-0.4575","18.61","-2.1779","5.0254","-186276","813724","-18.6276"
"INTEGRATED_CONTINUOUS","DS003564","SK하이닉스","0193T0","LONG","5/20","5/30","50","67","65","2","2","28.36","-0.2933","-0.7525","21.91","-2.9563","5.5478","-186507","813493","-18.6507"
"INTEGRATED_CONTINUOUS","DS002879","삼성전자","0193L0","SHORT","20/30","10/20","30","49","46","3","2","20.41","-0.4150","-0.5208","17.78","-2.9778","2.5655","-186540","813460","-18.6540"
"INTEGRATED_CONTINUOUS","DS004438","SK하이닉스","0197X0","SHORT","5/10","20/30","20","158","138","20","5","35.44","-0.0991","-0.5350","27.15","-3.5201","10.8390","-186563","813437","-18.6563"
"INTEGRATED_CONTINUOUS","DS000815","삼성전자","0193L0","SHORT","3/30","3/10","30","93","90","3","2","27.96","-0.2184","-0.3902","9.20","-1.8577","2.9987","-186643","813357","-18.6643"
"INTEGRATED_CONTINUOUS","DS003839","삼성전자","0193L0","SHORT","20/30","5/30","30","49","46","3","2","24.49","-0.4172","-0.6118","21.67","-2.9778","2.1783","-187509","812491","-18.7509"
"INTEGRATED_CONTINUOUS","DS001523","삼성전자","0193W0","LONG","3/10","3/20","30","158","152","6","3","29.11","-0.1220","-0.3374","13.98","-2.6930","6.8984","-187567","812433","-18.7567"
"INTEGRATED_CONTINUOUS","DS002170","SK하이닉스","0193T0","LONG","10/20","5/20","20","69","64","5","2","27.54","-0.2890","-0.6221","17.07","-2.9952","8.8159","-187610","812390","-18.7610"
"INTEGRATED_CONTINUOUS","DS002003","삼성전자","0193W0","LONG","3/10","5/20","30","158","150","8","5","33.54","-0.1204","-0.3763","17.59","-3.1207","6.2249","-187780","812220","-18.7780"
"INTEGRATED_CONTINUOUS","DS003825","삼성전자","0193W0","LONG","20/30","5/30","10","80","75","5","2","28.75","-0.2528","-0.5336","19.50","-2.3109","3.7697","-188084","811916","-18.8084"
"INTEGRATED_CONTINUOUS","DS003836","삼성전자","0193L0","SHORT","20/30","5/30","5","66","63","3","2","21.21","-0.3080","-0.5252","21.70","-2.9778","6.4990","-188171","811829","-18.8171"
"INTEGRATED_CONTINUOUS","DS004066","삼성전자","0193W0","LONG","5/20","10/30","20","81","74","7","3","34.57","-0.2435","-0.5089","24.84","-3.8568","7.4410","-188539","811461","-18.8539"
"INTEGRATED_CONTINUOUS","DS001855","삼성전자","0193W0","LONG","10/30","3/20","NONE","125","120","5","2","29.60","-0.1616","-0.4580","13.41","-2.8219","4.8839","-188813","811187","-18.8813"
"INTEGRATED_CONTINUOUS","DS000213","SK하이닉스","0197X0","SHORT","5/20","3/5","10","144","144","0","1","34.03","-0.1408","-0.2658","5.55","-3.2730","4.6488","-188848","811152","-18.8848"
"INTEGRATED_CONTINUOUS","DS001783","SK하이닉스","0193T0","LONG","5/30","3/20","NONE","123","118","5","2","30.89","-0.1558","-0.4515","15.22","-2.6011","6.6802","-188983","811017","-18.8983"
"INTEGRATED_CONTINUOUS","DS003644","삼성전자","0193L0","SHORT","10/20","5/30","5","107","103","4","2","28.04","-0.1860","-0.4694","22.89","-2.4329","7.2360","-189266","810734","-18.9266"
"INTEGRATED_CONTINUOUS","DS003563","SK하이닉스","0193T0","LONG","5/20","5/30","30","68","63","5","2","27.94","-0.2964","-0.7431","19.62","-2.7856","5.5478","-189515","810485","-18.9515"
"INTEGRATED_CONTINUOUS","DS003082","SK하이닉스","0193T0","LONG","5/20","3/30","20","75","72","3","2","29.33","-0.2676","-0.6202","17.68","-2.9952","5.3006","-189722","810278","-18.9722"
"INTEGRATED_CONTINUOUS","DS004164","삼성전자","0193W0","LONG","3/30","10/30","50","95","90","5","4","32.63","-0.2135","-0.4400","24.00","-3.2422","4.1420","-190005","809995","-19.0005"
"INTEGRATED_CONTINUOUS","DS003777","삼성전자","0193W0","LONG","10/30","5/30","10","118","110","8","2","29.66","-0.1706","-0.5102","19.72","-2.9317","5.0332","-190490","809510","-19.0490"
"INTEGRATED_CONTINUOUS","DS000107","SK하이닉스","0193T0","LONG","5/10","3/5","30","130","127","3","2","27.69","-0.1555","-0.3353","5.22","-2.4885","6.8184","-190534","809466","-19.0534"
"INTEGRATED_CONTINUOUS","DS003586","삼성전자","0193W0","LONG","5/20","5/30","20","81","76","5","3","28.40","-0.2529","-0.5029","19.90","-3.3469","5.4923","-190627","809373","-19.0627"
"INTEGRATED_CONTINUOUS","DS003131","SK하이닉스","0193T0","LONG","10/20","3/30","30","66","63","3","2","25.76","-0.3040","-0.6875","17.41","-2.9952","5.6933","-190645","809355","-19.0645"
"INTEGRATED_CONTINUOUS","DS004500","삼성전자","0193W0","LONG","3/20","20/30","50","111","108","3","4","35.14","-0.1616","-0.3141","27.32","-4.9596","6.5992","-190710","809290","-19.0710"
"INTEGRATED_CONTINUOUS","DS000563","삼성전자","0193W0","LONG","3/10","3/10","30","158","154","4","1","31.01","-0.1289","-0.3540","8.11","-2.0410","4.6843","-190794","809206","-19.0794"
"INTEGRATED_CONTINUOUS","DS003680","삼성전자","0193W0","LONG","3/30","5/30","5","166","156","10","3","33.13","-0.1178","-0.4244","19.11","-2.3590","5.4923","-190901","809099","-19.0901"
"INTEGRATED_CONTINUOUS","DS003261","삼성전자","0193L0","SHORT","5/30","3/30","10","128","123","5","2","28.91","-0.1565","-0.4349","20.41","-4.8591","6.6951","-190942","809058","-19.0942"
"INTEGRATED_CONTINUOUS","DS004293","SK하이닉스","0197X0","SHORT","20/30","10/30","10","88","84","4","3","37.50","-0.2214","-0.5186","26.47","-5.3714","9.0767","-191067","808933","-19.1067"
"INTEGRATED_CONTINUOUS","DS002795","SK하이닉스","0193T0","LONG","10/30","10/20","30","43","39","4","1","20.93","-0.4847","-0.6403","19.16","-2.3397","3.9747","-191123","808877","-19.1123"
"INTEGRATED_CONTINUOUS","DS000358","SK하이닉스","0197X0","SHORT","5/30","3/5","20","95","95","0","1","32.63","-0.2194","-0.2702","5.69","-3.2730","3.4866","-191168","808832","-19.1168"
"INTEGRATED_CONTINUOUS","DS000430","삼성전자","0193L0","SHORT","10/30","3/5","20","85","85","0","1","35.29","-0.2471","-0.2000","4.95","-3.4000","1.5764","-191386","808614","-19.1386"
"INTEGRATED_CONTINUOUS","DS001655","SK하이닉스","0197X0","SHORT","5/20","3/20","30","85","84","1","2","28.24","-0.2422","-0.5908","14.47","-3.2730","4.1419","-191557","808443","-19.1557"
"INTEGRATED_CONTINUOUS","DS000732","SK하이닉스","0193T0","LONG","10/20","3/10","50","58","58","0","1","20.69","-0.3605","-0.4792","9.07","-2.5061","4.1228","-191805","808195","-19.1805"
"INTEGRATED_CONTINUOUS","DS001389","삼성전자","0193L0","SHORT","10/30","5/10","10","116","114","2","2","30.17","-0.1805","-0.2379","9.58","-2.4503","3.1469","-191925","808075","-19.1925"
"INTEGRATED_CONTINUOUS","DS000190","삼성전자","0193L0","SHORT","3/20","3/5","20","99","96","3","2","27.27","-0.2132","-0.2919","5.16","-1.3424","1.8323","-191985","808015","-19.1985"
"INTEGRATED_CONTINUOUS","DS001762","삼성전자","0193W0","LONG","3/30","3/20","20","113","107","6","2","27.43","-0.1820","-0.3943","13.93","-2.2852","5.8000","-191999","808001","-19.1999"
"INTEGRATED_CONTINUOUS","DS000730","SK하이닉스","0193T0","LONG","10/20","3/10","20","69","68","1","1","23.19","-0.3031","-0.4937","8.65","-2.5061","5.1035","-192092","807908","-19.2092"
"INTEGRATED_CONTINUOUS","DS004236","SK하이닉스","0193T0","LONG","10/30","10/30","50","40","37","3","1","22.50","-0.5140","-0.8854","24.48","-2.9139","8.4957","-192169","807831","-19.2169"
"INTEGRATED_CONTINUOUS","DS001651","SK하이닉스","0197X0","SHORT","5/20","3/20","NONE","180","177","3","2","32.78","-0.1098","-0.4779","15.04","-3.2730","4.4276","-192393","807607","-19.2393"
"INTEGRATED_CONTINUOUS","DS000154","SK하이닉스","0193T0","LONG","3/20","3/5","20","86","83","3","1","26.74","-0.2438","-0.3551","5.41","-2.1231","3.1419","-192417","807583","-19.2417"
"INTEGRATED_CONTINUOUS","DS004725","SK하이닉스","0197X0","SHORT","10/30","20/30","10","120","112","8","3","35.83","-0.1524","-0.4383","28.57","-5.0143","10.1819","-192553","807447","-19.2553"
"INTEGRATED_CONTINUOUS","DS004079","삼성전자","0193L0","SHORT","5/20","10/30","30","90","81","9","4","31.11","-0.2320","-0.3836","25.11","-2.4539","3.3774","-192848","807152","-19.2848"
"INTEGRATED_CONTINUOUS","DS001738","SK하이닉스","0193T0","LONG","3/30","3/20","20","86","82","4","2","31.40","-0.2392","-0.5001","14.92","-2.9883","6.4903","-192938","807062","-19.2938"
"INTEGRATED_CONTINUOUS","DS003248","삼성전자","0193W0","LONG","5/30","3/30","5","158","152","6","2","30.38","-0.1276","-0.4366","16.34","-2.1503","5.0254","-192969","807031","-19.2969"
"INTEGRATED_CONTINUOUS","DS000635","SK하이닉스","0193T0","LONG","3/20","3/10","30","84","80","4","2","35.71","-0.2481","-0.4458","9.24","-2.8344","4.0226","-193009","806991","-19.3009"
"INTEGRATED_CONTINUOUS","DS004280","SK하이닉스","0193T0","LONG","20/30","10/30","5","56","52","4","2","25.00","-0.3573","-0.7564","27.63","-3.5299","10.2005","-193114","806886","-19.3114"
"INTEGRATED_CONTINUOUS","DS004785","삼성전자","0193W0","LONG","20/30","20/30","10","80","74","6","1","31.25","-0.2563","-0.5648","26.84","-3.3979","5.5431","-193284","806716","-19.3284"
"INTEGRATED_CONTINUOUS","DS000224","삼성전자","0193W0","LONG","5/20","3/5","5","190","187","3","2","30.00","-0.1092","-0.2602","4.74","-2.1709","5.1846","-193661","806339","-19.3661"
"INTEGRATED_CONTINUOUS","DS003331","SK하이닉스","0197X0","SHORT","20/30","3/30","NONE","114","108","6","3","38.60","-0.1751","-0.4720","22.52","-4.5636","7.7665","-193686","806314","-19.3686"
"INTEGRATED_CONTINUOUS","DS001607","SK하이닉스","0197X0","SHORT","3/20","3/20","30","100","96","4","1","27.00","-0.2053","-0.5554","12.88","-3.2730","9.1716","-193952","806048","-19.3952"
"INTEGRATED_CONTINUOUS","DS001603","SK하이닉스","0197X0","SHORT","3/20","3/20","NONE","218","210","8","1","32.11","-0.0891","-0.4999","14.05","-3.2730","9.1716","-194043","805957","-19.4043"
"INTEGRATED_CONTINUOUS","DS002532","삼성전자","0193W0","LONG","5/10","10/20","50","153","141","12","7","34.64","-0.1289","-0.3146","21.00","-2.9862","4.8373","-194216","805784","-19.4216"
"INTEGRATED_CONTINUOUS","DS003635","삼성전자","0193W0","LONG","10/20","5/30","30","79","75","4","3","29.11","-0.2669","-0.5019","19.81","-2.9317","4.2277","-194224","805776","-19.4224"
"INTEGRATED_CONTINUOUS","DS004715","SK하이닉스","0193T0","LONG","10/30","20/30","30","43","40","3","2","30.23","-0.4791","-0.7215","29.72","-5.0378","9.5025","-194372","805628","-19.4372"
"INTEGRATED_CONTINUOUS","DS002385","삼성전자","0193W0","LONG","20/30","5/20","10","80","76","4","2","30.00","-0.2657","-0.4934","13.66","-1.7271","3.2761","-194866","805134","-19.4866"
"INTEGRATED_CONTINUOUS","DS002159","삼성전자","0193L0","SHORT","5/20","5/20","30","90","85","5","1","27.78","-0.2362","-0.4029","16.26","-2.4164","3.6569","-195053","804947","-19.5053"
"INTEGRATED_CONTINUOUS","DS004116","삼성전자","0193W0","LONG","10/20","10/30","50","83","79","4","3","32.53","-0.2502","-0.5238","27.07","-5.2049","4.2237","-195262","804738","-19.5262"
"INTEGRATED_CONTINUOUS","DS004124","삼성전자","0193L0","SHORT","10/20","10/30","5","107","100","7","4","34.58","-0.1918","-0.4047","29.40","-3.0643","7.8870","-195772","804228","-19.5772"
"INTEGRATED_CONTINUOUS","DS000909","삼성전자","0193L0","SHORT","10/30","3/10","10","116","115","1","2","31.90","-0.1853","-0.1702","9.34","-1.7917","2.6163","-195863","804137","-19.5863"
"INTEGRATED_CONTINUOUS","DS001436","삼성전자","0193L0","SHORT","20/30","5/10","5","66","65","1","2","21.21","-0.3275","-0.4281","9.11","-2.0333","1.9792","-195972","804028","-19.5972"
"INTEGRATED_CONTINUOUS","DS000223","삼성전자","0193W0","LONG","5/20","3/5","NONE","197","194","3","2","30.96","-0.1069","-0.2511","4.83","-2.1709","5.1846","-196183","803817","-19.6183"
"INTEGRATED_CONTINUOUS","DS002556","SK하이닉스","0193T0","LONG","3/20","10/20","50","84","82","2","3","30.95","-0.2437","-0.5038","20.67","-3.2558","6.2717","-196364","803636","-19.6364"
"INTEGRATED_CONTINUOUS","DS001043","삼성전자","0193W0","LONG","3/10","5/10","30","158","154","4","2","33.54","-0.1301","-0.3726","9.56","-2.2801","5.9947","-196440","803560","-19.6440"
"INTEGRATED_CONTINUOUS","DS003562","SK하이닉스","0193T0","LONG","5/20","5/30","20","75","68","7","2","26.67","-0.2779","-0.6614","19.65","-2.7856","5.5478","-196849","803151","-19.6849"
"INTEGRATED_CONTINUOUS","DS004212","삼성전자","0193W0","LONG","5/30","10/30","50","75","71","4","3","28.00","-0.2851","-0.4400","23.64","-3.8568","3.5414","-197039","802961","-19.7039"
"INTEGRATED_CONTINUOUS","DS002611","SK하이닉스","0197X0","SHORT","5/20","10/20","NONE","180","174","6","3","36.67","-0.1018","-0.4382","21.61","-5.1716","11.2719","-197086","802914","-19.7086"
"INTEGRATED_CONTINUOUS","DS000211","SK하이닉스","0197X0","SHORT","5/20","3/5","NONE","180","180","0","2","35.00","-0.1175","-0.2478","5.47","-3.2730","4.6488","-197211","802789","-19.7211"
"INTEGRATED_CONTINUOUS","DS002168","SK하이닉스","0193T0","LONG","10/20","5/20","5","108","101","7","2","29.63","-0.1920","-0.4214","16.99","-2.9952","8.8159","-197639","802361","-19.7639"
"INTEGRATED_CONTINUOUS","DS001988","SK하이닉스","0197X0","SHORT","3/10","5/20","5","285","270","15","5","35.79","-0.0483","-0.2695","21.43","-5.1400","11.2317","-197644","802356","-19.7644"
"INTEGRATED_CONTINUOUS","DS000752","삼성전자","0193W0","LONG","10/20","3/10","5","125","121","4","2","29.60","-0.1713","-0.3337","7.83","-2.2060","4.5643","-197673","802327","-19.7673"
"INTEGRATED_CONTINUOUS","DS001210","SK하이닉스","0193T0","LONG","10/20","5/10","20","69","68","1","1","24.64","-0.3135","-0.5283","9.16","-2.4097","5.2213","-197734","802266","-19.7734"
"INTEGRATED_CONTINUOUS","DS000960","삼성전자","0193L0","SHORT","20/30","3/10","50","60","60","0","2","18.33","-0.3660","-0.3513","7.55","-1.5478","1.5146","-198044","801956","-19.8044"
"INTEGRATED_CONTINUOUS","DS002952","SK하이닉스","0197X0","SHORT","3/10","3/30","50","175","166","9","5","27.43","-0.1020","-0.4520","20.97","-4.2399","11.3926","-198150","801850","-19.8150"
"INTEGRATED_CONTINUOUS","DS002314","SK하이닉스","0193T0","LONG","10/30","5/20","20","79","73","6","2","26.58","-0.2678","-0.4979","16.42","-2.0024","8.4957","-199075","800925","-19.9075"
"INTEGRATED_CONTINUOUS","DS001723","삼성전자","0193L0","SHORT","10/20","3/20","NONE","164","161","3","2","34.15","-0.1288","-0.3519","15.17","-1.9850","6.2860","-199084","800916","-19.9084"
"INTEGRATED_CONTINUOUS","DS004176","삼성전자","0193L0","SHORT","3/30","10/30","50","97","89","8","3","26.80","-0.2201","-0.4765","24.06","-2.6006","3.7843","-199149","800851","-19.9149"
"INTEGRATED_CONTINUOUS","DS003216","삼성전자","0193L0","SHORT","3/30","3/30","50","97","94","3","2","15.46","-0.2249","-0.4305","13.80","-1.7917","4.0649","-199423","800577","-19.9423"
"INTEGRATED_CONTINUOUS","DS001692","SK하이닉스","0193T0","LONG","10/20","3/20","50","58","57","1","2","25.86","-0.3755","-0.6456","14.62","-2.5061","3.6425","-199470","800530","-19.9470"
"INTEGRATED_CONTINUOUS","DS001616","삼성전자","0193W0","LONG","3/20","3/20","5","202","195","7","2","30.69","-0.1040","-0.3671","12.19","-3.0298","6.0179","-199572","800428","-19.9572"
"INTEGRATED_CONTINUOUS","DS001617","삼성전자","0193W0","LONG","3/20","3/20","10","157","151","6","1","30.57","-0.1347","-0.4435","12.97","-3.0298","6.0179","-199580","800420","-19.9580"
"INTEGRATED_CONTINUOUS","DS003357","삼성전자","0193L0","SHORT","20/30","3/30","10","83","78","5","2","21.69","-0.2615","-0.5548","19.89","-2.5889","5.5304","-199654","800346","-19.9654"
"INTEGRATED_CONTINUOUS","DS000861","삼성전자","0193L0","SHORT","5/30","3/10","10","128","126","2","2","32.81","-0.1699","-0.2872","9.05","-4.6776","2.6571","-199778","800222","-19.9778"
"INTEGRATED_CONTINUOUS","DS002364","SK하이닉스","0193T0","LONG","20/30","5/20","50","43","38","5","2","25.58","-0.5083","-0.6266","15.47","-2.7102","6.2442","-199809","800191","-19.9809"
"INTEGRATED_CONTINUOUS","DS002335","삼성전자","0193W0","LONG","10/30","5/20","NONE","125","119","6","2","29.60","-0.1723","-0.4571","15.47","-2.2488","4.2230","-200118","799882","-20.0118"
"INTEGRATED_CONTINUOUS","DS003743","삼성전자","0193L0","SHORT","5/30","5/30","30","66","64","2","1","22.73","-0.3337","-0.6114","18.03","-1.3424","3.2656","-200171","799829","-20.0171"
"INTEGRATED_CONTINUOUS","DS004305","삼성전자","0193W0","LONG","20/30","10/30","10","80","74","6","2","25.00","-0.2665","-0.5152","23.63","-3.1946","5.9031","-200194","799806","-20.0194"
"INTEGRATED_CONTINUOUS","DS002157","삼성전자","0193L0","SHORT","5/20","5/20","10","141","134","7","2","29.79","-0.1522","-0.3384","17.19","-2.4164","5.8594","-200249","799751","-20.0249"
"INTEGRATED_CONTINUOUS","DS001884","SK하이닉스","0193T0","LONG","20/30","3/20","50","43","40","3","2","20.93","-0.5143","-0.7358","14.30","-2.1443","3.0221","-200491","799509","-20.0491"
"INTEGRATED_CONTINUOUS","DS001690","SK하이닉스","0193T0","LONG","10/20","3/20","20","69","67","2","2","27.54","-0.3163","-0.7115","15.65","-2.5061","5.5160","-200882","799118","-20.0882"
"INTEGRATED_CONTINUOUS","DS003632","삼성전자","0193W0","LONG","10/20","5/30","5","125","117","8","3","33.60","-0.1688","-0.5544","20.97","-4.9105","5.3840","-200954","799046","-20.0954"
"INTEGRATED_CONTINUOUS","DS003238","SK하이닉스","0197X0","SHORT","5/30","3/30","20","95","92","3","2","32.63","-0.2260","-0.5238","18.71","-3.2730","4.9463","-201055","798945","-20.1055"
"INTEGRATED_CONTINUOUS","DS000957","삼성전자","0193L0","SHORT","20/30","3/10","10","83","82","1","2","25.30","-0.2680","-0.2417","7.94","-2.0333","1.8673","-201070","798930","-20.1070"
"INTEGRATED_CONTINUOUS","DS004139","SK하이닉스","0193T0","LONG","3/30","10/30","30","58","53","5","3","29.31","-0.3749","-0.6361","22.64","-2.9320","6.4792","-201261","798739","-20.1261"
"INTEGRATED_CONTINUOUS","DS004258","삼성전자","0193W0","LONG","10/30","10/30","20","88","84","4","1","25.00","-0.2418","-0.5865","24.30","-3.8098","6.7854","-201368","798632","-20.1368"
"INTEGRATED_CONTINUOUS","DS004295","SK하이닉스","0197X0","SHORT","20/30","10/30","30","63","60","3","2","31.75","-0.3346","-0.5195","25.97","-5.3714","9.0767","-201383","798617","-20.1383"
"INTEGRATED_CONTINUOUS","DS001281","삼성전자","0193W0","LONG","3/30","5/10","10","147","142","5","2","30.61","-0.1480","-0.3547","9.68","-1.6124","4.9282","-202133","797867","-20.2133"
"INTEGRATED_CONTINUOUS","DS004175","삼성전자","0193L0","SHORT","3/30","10/30","30","93","87","6","3","26.88","-0.2358","-0.5013","24.69","-3.1603","3.7843","-202551","797449","-20.2551"
"INTEGRATED_CONTINUOUS","DS001401","SK하이닉스","0193T0","LONG","20/30","5/10","10","65","65","0","2","23.08","-0.3403","-0.4162","7.80","-2.7102","5.2835","-202785","797215","-20.2785"
"INTEGRATED_CONTINUOUS","DS001688","SK하이닉스","0193T0","LONG","10/20","3/20","5","108","105","3","2","28.70","-0.2006","-0.5119","15.54","-2.5061","6.6802","-202929","797071","-20.2929"
"INTEGRATED_CONTINUOUS","DS001295","삼성전자","0193L0","SHORT","3/30","5/10","30","93","90","3","2","27.96","-0.2396","-0.3213","10.57","-2.0526","2.9987","-202950","797050","-20.2950"
"INTEGRATED_CONTINUOUS","DS000442","SK하이닉스","0193T0","LONG","20/30","3/5","20","91","90","1","1","25.27","-0.2461","-0.3702","5.02","-2.3516","3.6516","-203188","796812","-20.3188"
"INTEGRATED_CONTINUOUS","DS001799","SK하이닉스","0197X0","SHORT","5/30","3/20","30","59","58","1","2","25.42","-0.3752","-0.6507","16.73","-3.7454","4.1419","-203267","796733","-20.3267"
"INTEGRATED_CONTINUOUS","DS000466","삼성전자","0193W0","LONG","20/30","3/5","20","108","105","3","2","27.78","-0.2072","-0.3310","5.10","-2.3600","3.3264","-203298","796702","-20.3298"
"INTEGRATED_CONTINUOUS","DS001785","SK하이닉스","0193T0","LONG","5/30","3/20","10","104","99","5","2","30.77","-0.2027","-0.4952","14.90","-2.6011","6.6802","-203481","796519","-20.3481"
"INTEGRATED_CONTINUOUS","DS000319","삼성전자","0193W0","LONG","3/30","3/5","NONE","203","199","4","2","29.56","-0.1083","-0.2386","4.87","-1.6291","5.1846","-203559","796441","-20.3559"
"INTEGRATED_CONTINUOUS","DS003478","SK하이닉스","0197X0","SHORT","5/10","5/30","20","158","149","9","5","31.01","-0.1217","-0.5185","19.89","-3.8321","11.2719","-203599","796401","-20.3599"
"INTEGRATED_CONTINUOUS","DS000439","SK하이닉스","0193T0","LONG","20/30","3/5","NONE","100","97","3","2","26.00","-0.2242","-0.3444","5.54","-2.3516","3.6516","-203786","796214","-20.3786"
"INTEGRATED_CONTINUOUS","DS000778","SK하이닉스","0193T0","LONG","3/30","3/10","20","86","83","3","2","34.88","-0.2598","-0.3389","9.42","-2.5061","3.1769","-204169","795831","-20.4169"
"INTEGRATED_CONTINUOUS","DS001736","SK하이닉스","0193T0","LONG","3/30","3/20","5","134","130","4","2","32.09","-0.1548","-0.4698","16.00","-2.9883","6.6802","-204276","795724","-20.4276"
"INTEGRATED_CONTINUOUS","DS001116","SK하이닉스","0193T0","LONG","3/20","5/10","50","84","83","1","2","36.90","-0.2643","-0.3714","11.17","-2.8870","4.0226","-204298","795702","-20.4298"
"INTEGRATED_CONTINUOUS","DS004523","SK하이닉스","0193T0","LONG","5/20","20/30","30","68","64","4","6","33.82","-0.3108","-0.6863","28.94","-4.3592","8.3787","-204357","795643","-20.4357"
"INTEGRATED_CONTINUOUS","DS002360","SK하이닉스","0193T0","LONG","20/30","5/20","5","56","53","3","2","26.79","-0.3960","-0.5881","15.43","-2.7102","6.2442","-204372","795628","-20.4372"
"INTEGRATED_CONTINUOUS","DS001437","삼성전자","0193L0","SHORT","20/30","5/10","10","83","82","1","2","22.89","-0.2730","-0.2999","8.55","-2.0333","1.9792","-204602","795398","-20.4602"
"INTEGRATED_CONTINUOUS","DS003215","삼성전자","0193L0","SHORT","3/30","3/30","30","93","90","3","2","19.35","-0.2422","-0.4305","13.81","-1.8577","4.0649","-204686","795314","-20.4686"
"INTEGRATED_CONTINUOUS","DS001212","SK하이닉스","0193T0","LONG","10/20","5/10","50","58","58","0","1","20.69","-0.3885","-0.5487","9.12","-2.5514","4.1228","-204798","795202","-20.4798"
"INTEGRATED_CONTINUOUS","DS001044","삼성전자","0193W0","LONG","3/10","5/10","50","171","167","4","2","33.92","-0.1257","-0.3516","9.99","-2.2801","5.9947","-204990","795010","-20.4990"
"INTEGRATED_CONTINUOUS","DS003811","SK하이닉스","0197X0","SHORT","20/30","5/30","NONE","114","109","5","3","35.96","-0.1860","-0.5463","23.41","-5.5091","7.7665","-205125","794875","-20.5125"
"INTEGRATED_CONTINUOUS","DS002639","삼성전자","0193L0","SHORT","5/20","10/20","30","90","85","5","2","32.22","-0.2502","-0.3571","19.10","-2.4539","3.6569","-205130","794870","-20.5130"
"INTEGRATED_CONTINUOUS","DS000237","삼성전자","0193L0","SHORT","5/20","3/5","10","141","139","2","2","34.04","-0.1608","-0.2535","4.49","-1.3874","1.8855","-205138","794862","-20.5138"
"INTEGRATED_CONTINUOUS","DS001352","SK하이닉스","0193T0","LONG","10/30","5/10","5","76","75","1","1","30.26","-0.2967","-0.3372","9.25","-2.0006","4.9116","-205527","794473","-20.5527"
"INTEGRATED_CONTINUOUS","DS002240","삼성전자","0193W0","LONG","3/30","5/20","5","166","157","9","3","34.94","-0.1299","-0.3810","16.91","-2.2852","5.1333","-205782","794218","-20.5782"
"INTEGRATED_CONTINUOUS","DS001880","SK하이닉스","0193T0","LONG","20/30","3/20","5","56","55","1","2","21.43","-0.4031","-0.5232","13.18","-2.1443","6.1754","-205935","794065","-20.5935"
"INTEGRATED_CONTINUOUS","DS001329","삼성전자","0193W0","LONG","5/30","5/10","10","130","126","4","2","26.92","-0.1723","-0.4168","9.22","-1.6515","4.8205","-206163","793837","-20.6163"
"INTEGRATED_CONTINUOUS","DS001078","SK하이닉스","0197X0","SHORT","5/10","5/10","20","158","154","4","2","34.81","-0.1371","-0.3538","10.47","-3.6571","6.8259","-206224","793776","-20.6224"
"INTEGRATED_CONTINUOUS","DS002264","SK하이닉스","0193T0","LONG","5/30","5/20","5","122","113","9","2","31.15","-0.1725","-0.4284","16.99","-2.9952","8.9445","-206225","793775","-20.6225"
"INTEGRATED_CONTINUOUS","DS003741","삼성전자","0193L0","SHORT","5/30","5/30","10","128","123","5","2","27.34","-0.1717","-0.4291","20.63","-2.4124","7.6743","-206243","793757","-20.6243"
"INTEGRATED_CONTINUOUS","DS004052","SK하이닉스","0197X0","SHORT","5/20","10/30","5","174","163","11","4","41.95","-0.0824","-0.2855","31.33","-11.2795","12.6247","-206300","793700","-20.6300"
"INTEGRATED_CONTINUOUS","DS003427","SK하이닉스","0197X0","SHORT","3/10","5/30","NONE","336","316","20","6","37.80","-0.0273","-0.3528","28.34","-8.0997","11.9394","-206308","793692","-20.6308"
"INTEGRATED_CONTINUOUS","DS001652","SK하이닉스","0197X0","SHORT","5/20","3/20","5","174","171","3","2","31.61","-0.1242","-0.4813","14.85","-3.2730","4.4276","-206382","793618","-20.6382"
"INTEGRATED_CONTINUOUS","DS002840","SK하이닉스","0193T0","LONG","20/30","10/20","5","56","52","4","2","26.79","-0.3979","-0.5735","19.98","-3.5299","6.2442","-206389","793611","-20.6389"
"INTEGRATED_CONTINUOUS","DS000682","SK하이닉스","0193T0","LONG","5/20","3/10","20","75","72","3","2","34.67","-0.3023","-0.4840","9.23","-2.5061","3.1769","-206434","793566","-20.6434"
"INTEGRATED_CONTINUOUS","DS001020","SK하이닉스","0193T0","LONG","3/10","5/10","50","134","132","2","3","35.82","-0.1625","-0.2510","10.62","-2.7088","5.1857","-206459","793541","-20.6459"
"INTEGRATED_CONTINUOUS","DS003540","삼성전자","0193W0","LONG","3/20","5/30","50","111","107","4","5","34.23","-0.1976","-0.3811","20.75","-4.9105","4.1420","-206525","793475","-20.6525"
"INTEGRATED_CONTINUOUS","DS003212","삼성전자","0193L0","SHORT","3/30","3/30","5","164","157","7","2","25.00","-0.1347","-0.3989","16.66","-1.8577","6.9575","-206583","793417","-20.6583"
"INTEGRATED_CONTINUOUS","DS001905","삼성전자","0193W0","LONG","20/30","3/20","10","80","77","3","2","26.25","-0.2848","-0.5046","12.24","-1.6021","3.9310","-206589","793411","-20.6589"
"INTEGRATED_CONTINUOUS","DS000212","SK하이닉스","0197X0","SHORT","5/20","3/5","5","174","174","0","2","35.06","-0.1288","-0.2478","5.40","-3.2730","4.6488","-206803","793197","-20.6803"
"INTEGRATED_CONTINUOUS","DS000956","삼성전자","0193L0","SHORT","20/30","3/10","5","66","65","1","1","24.24","-0.3484","-0.3639","7.74","-2.0333","1.8673","-206844","793156","-20.6844"
"INTEGRATED_CONTINUOUS","DS000920","SK하이닉스","0193T0","LONG","20/30","3/10","5","56","56","0","2","17.86","-0.4098","-0.5157","7.73","-2.3516","2.6193","-207030","792970","-20.7030"
"INTEGRATED_CONTINUOUS","DS002844","SK하이닉스","0193T0","LONG","20/30","10/20","50","43","37","6","2","23.26","-0.5278","-0.6464","17.49","-3.5299","6.2442","-207184","792816","-20.7184"
"INTEGRATED_CONTINUOUS","DS003320","SK하이닉스","0193T0","LONG","20/30","3/30","5","56","54","2","2","23.21","-0.3996","-0.6970","18.93","-2.5571","6.2442","-207258","792742","-20.7258"
"INTEGRATED_CONTINUOUS","DS000777","SK하이닉스","0193T0","LONG","3/30","3/10","10","122","120","2","2","38.52","-0.1837","-0.2688","9.50","-2.5061","5.6022","-207414","792586","-20.7414"
"INTEGRATED_CONTINUOUS","DS001630","삼성전자","0193L0","SHORT","3/20","3/20","20","99","95","4","1","22.22","-0.2308","-0.3846","11.85","-3.6933","4.4577","-207936","792064","-20.7936"
"INTEGRATED_CONTINUOUS","DS002865","삼성전자","0193W0","LONG","20/30","10/20","10","80","76","4","2","28.75","-0.2847","-0.5748","16.65","-1.8749","4.6363","-208050","791950","-20.8050"
"INTEGRATED_CONTINUOUS","DS003837","삼성전자","0193L0","SHORT","20/30","5/30","10","83","78","5","2","21.69","-0.2733","-0.5208","21.18","-2.9778","6.4990","-208149","791851","-20.8149"
"INTEGRATED_CONTINUOUS","DS003178","SK하이닉스","0193T0","LONG","3/30","3/30","20","86","82","4","1","30.23","-0.2619","-0.4945","17.29","-2.9952","6.3543","-208510","791490","-20.8510"
"INTEGRATED_CONTINUOUS","DS001292","삼성전자","0193L0","SHORT","3/30","5/10","5","164","159","5","2","34.76","-0.1386","-0.2528","10.72","-2.4503","3.3583","-208574","791426","-20.8574"
"INTEGRATED_CONTINUOUS","DS000285","삼성전자","0193L0","SHORT","10/20","3/5","10","152","152","0","2","28.95","-0.1521","-0.2000","5.28","-1.5438","2.6459","-208713","791287","-20.8713"
"INTEGRATED_CONTINUOUS","DS003117","삼성전자","0193L0","SHORT","5/20","3/30","10","141","135","6","4","31.21","-0.1518","-0.3904","21.26","-6.4469","7.7967","-208869","791131","-20.8869"
"INTEGRATED_CONTINUOUS","DS003611","SK하이닉스","0193T0","LONG","10/20","5/30","30","66","60","6","2","25.76","-0.3364","-0.7959","20.11","-3.0949","5.9414","-208962","791038","-20.8962"
"INTEGRATED_CONTINUOUS","DS000333","삼성전자","0193L0","SHORT","3/30","3/5","10","138","135","3","2","32.61","-0.1675","-0.2459","4.82","-1.7917","3.1436","-209108","790892","-20.9108"
"INTEGRATED_CONTINUOUS","DS004558","삼성전자","0193L0","SHORT","5/20","20/30","20","69","61","8","3","26.09","-0.3329","-0.3333","26.51","-2.7077","3.5289","-209144","790856","-20.9144"
"INTEGRATED_CONTINUOUS","DS003814","SK하이닉스","0197X0","SHORT","20/30","5/30","20","107","103","4","3","36.45","-0.2041","-0.5823","22.56","-5.5091","7.7665","-209156","790844","-20.9156"
"INTEGRATED_CONTINUOUS","DS000201","SK하이닉스","0193T0","LONG","5/20","3/5","10","144","142","2","2","30.56","-0.1567","-0.3370","5.27","-2.5711","6.2516","-209429","790571","-20.9429"
"INTEGRATED_CONTINUOUS","DS000191","삼성전자","0193L0","SHORT","3/20","3/5","30","117","114","3","2","29.91","-0.1996","-0.3132","5.02","-1.3424","1.6052","-210091","789909","-21.0091"
"INTEGRATED_CONTINUOUS","DS001737","SK하이닉스","0193T0","LONG","3/30","3/20","10","122","119","3","2","31.15","-0.1779","-0.4155","15.38","-2.6011","6.6802","-210305","789695","-21.0305"
"INTEGRATED_CONTINUOUS","DS003744","삼성전자","0193L0","SHORT","5/30","5/30","50","77","73","4","1","19.48","-0.3023","-0.5383","17.58","-1.7474","3.2656","-210587","789413","-21.0587"
"INTEGRATED_CONTINUOUS","DS002204","삼성전자","0193L0","SHORT","10/20","5/20","5","107","103","4","2","28.97","-0.2128","-0.4496","17.51","-2.3429","6.3271","-210599","789401","-21.0599"
"INTEGRATED_CONTINUOUS","DS002697","SK하이닉스","0193T0","LONG","3/30","10/20","10","122","114","8","3","37.70","-0.1753","-0.2953","20.31","-3.5545","9.3323","-210638","789362","-21.0638"
"INTEGRATED_CONTINUOUS","DS002263","SK하이닉스","0193T0","LONG","5/30","5/20","NONE","123","114","9","2","30.89","-0.1756","-0.4320","16.89","-2.9952","8.9445","-210680","789320","-21.0680"
"INTEGRATED_CONTINUOUS","DS004140","SK하이닉스","0193T0","LONG","3/30","10/30","50","56","54","2","3","25.00","-0.4088","-0.6368","23.11","-3.2319","6.4792","-210786","789214","-21.0786"
"INTEGRATED_CONTINUOUS","DS003264","삼성전자","0193L0","SHORT","5/30","3/30","50","77","73","4","2","19.48","-0.3015","-0.4812","17.13","-4.8591","3.6569","-210816","789184","-21.0816"
"INTEGRATED_CONTINUOUS","DS000141","삼성전자","0193L0","SHORT","5/10","3/5","10","159","157","2","2","33.96","-0.1458","-0.2499","5.14","-1.7087","3.1436","-211039","788961","-21.1039"
"INTEGRATED_CONTINUOUS","DS002758","SK하이닉스","0197X0","SHORT","5/30","10/20","20","95","92","3","2","34.74","-0.2313","-0.4784","20.82","-4.0363","11.2719","-211168","788832","-21.1168"
"INTEGRATED_CONTINUOUS","DS001809","삼성전자","0193W0","LONG","5/30","3/20","10","130","125","5","2","28.46","-0.1762","-0.4207","13.73","-2.2814","5.6914","-211169","788831","-21.1169"
"INTEGRATED_CONTINUOUS","DS001440","삼성전자","0193L0","SHORT","20/30","5/10","50","60","60","0","2","13.33","-0.3930","-0.4281","8.77","-1.9205","1.5146","-211193","788807","-21.1193"
"INTEGRATED_CONTINUOUS","DS000550","SK하이닉스","0197X0","SHORT","3/10","3/10","20","161","156","5","2","32.92","-0.1394","-0.3444","9.55","-3.2730","5.6364","-211404","788596","-21.1404"
"INTEGRATED_CONTINUOUS","DS003165","삼성전자","0193L0","SHORT","10/20","3/30","10","152","145","7","3","32.24","-0.1443","-0.3031","21.98","-6.3061","7.1481","-211634","788366","-21.1634"
"INTEGRATED_CONTINUOUS","DS003789","삼성전자","0193L0","SHORT","10/30","5/30","10","116","108","8","2","24.14","-0.1951","-0.4933","21.12","-2.3429","7.7184","-211723","788277","-21.1723"
"INTEGRATED_CONTINUOUS","DS000728","SK하이닉스","0193T0","LONG","10/20","3/10","5","108","106","2","1","31.48","-0.2146","-0.3918","8.85","-2.5061","5.1035","-211841","788159","-21.1841"
"INTEGRATED_CONTINUOUS","DS003384","SK하이닉스","0197X0","SHORT","3/5","5/30","50","342","327","15","9","35.67","-0.0156","-0.4957","26.46","-6.2592","11.9394","-211924","788076","-21.1924"
"INTEGRATED_CONTINUOUS","DS002397","삼성전자","0193L0","SHORT","20/30","5/20","10","83","79","4","2","24.10","-0.2824","-0.4304","15.60","-1.9778","3.6337","-212185","787815","-21.2185"
"INTEGRATED_CONTINUOUS","DS000129","삼성전자","0193W0","LONG","5/10","3/5","10","133","131","2","2","24.81","-0.1763","-0.2373","5.19","-2.1807","3.4481","-212382","787618","-21.2382"
"INTEGRATED_CONTINUOUS","DS003070","삼성전자","0193L0","SHORT","3/20","3/30","20","99","94","5","3","24.24","-0.2351","-0.4007","16.55","-3.6933","4.0649","-212387","787613","-21.2387"
"INTEGRATED_CONTINUOUS","DS003009","삼성전자","0193W0","LONG","5/10","3/30","10","133","127","6","5","27.07","-0.1660","-0.4534","18.77","-2.3182","7.0961","-212562","787438","-21.2562"
"INTEGRATED_CONTINUOUS","DS003247","삼성전자","0193W0","LONG","5/30","3/30","NONE","165","159","6","2","29.70","-0.1373","-0.4338","16.07","-2.1503","5.0254","-212907","787093","-21.2907"
"INTEGRATED_CONTINUOUS","DS002290","삼성전자","0193W0","LONG","5/30","5/20","20","106","101","5","2","31.13","-0.2189","-0.4266","16.82","-2.2965","5.0254","-212954","787046","-21.2954"
"INTEGRATED_CONTINUOUS","DS000812","삼성전자","0193L0","SHORT","3/30","3/10","5","164","160","4","2","33.54","-0.1426","-0.2782","9.22","-1.8577","2.9987","-213108","786892","-21.3108"
"INTEGRATED_CONTINUOUS","DS001296","삼성전자","0193L0","SHORT","3/30","5/10","50","97","92","5","2","23.71","-0.2431","-0.3902","10.80","-2.4503","3.0996","-213289","786711","-21.3289"
"INTEGRATED_CONTINUOUS","DS004737","삼성전자","0193W0","LONG","10/30","20/30","10","118","106","12","3","34.75","-0.1865","-0.3976","26.17","-3.5119","6.5107","-213309","786691","-21.3309"
"INTEGRATED_CONTINUOUS","DS001018","SK하이닉스","0193T0","LONG","3/10","5/10","20","138","133","5","2","33.33","-0.1609","-0.3019","10.41","-4.0462","5.1857","-213487","786513","-21.3487"
"INTEGRATED_CONTINUOUS","DS004799","삼성전자","0193L0","SHORT","20/30","20/30","30","49","45","4","1","30.61","-0.4800","-0.7196","28.08","-2.9778","3.3735","-213547","786453","-21.3547"
"INTEGRATED_CONTINUOUS","DS001891","SK하이닉스","0197X0","SHORT","20/30","3/20","NONE","114","110","4","3","36.84","-0.2005","-0.3545","17.05","-4.5345","5.6176","-213672","786328","-21.3672"
"INTEGRATED_CONTINUOUS","DS002052","삼성전자","0193W0","LONG","5/10","5/20","50","153","143","10","6","35.29","-0.1479","-0.3414","17.31","-2.6117","5.1070","-213773","786227","-21.3773"
"INTEGRATED_CONTINUOUS","DS003824","삼성전자","0193W0","LONG","20/30","5/30","5","77","74","3","2","28.57","-0.3046","-0.5606","21.26","-2.6990","3.6287","-213885","786115","-21.3885"
"INTEGRATED_CONTINUOUS","DS000153","SK하이닉스","0193T0","LONG","3/20","3/5","10","155","151","4","1","30.97","-0.1488","-0.3327","5.42","-2.1231","5.8940","-213943","786057","-21.3943"
"INTEGRATED_CONTINUOUS","DS000731","SK하이닉스","0193T0","LONG","10/20","3/10","30","66","64","2","1","19.70","-0.3596","-0.4395","8.15","-2.5061","4.1228","-213948","786052","-21.3948"
"INTEGRATED_CONTINUOUS","DS001402","SK하이닉스","0193T0","LONG","20/30","5/10","20","91","90","1","2","26.37","-0.2570","-0.4347","8.92","-2.7102","5.2835","-214049","785951","-21.4049"
"INTEGRATED_CONTINUOUS","DS001834","SK하이닉스","0193T0","LONG","10/30","3/20","20","79","77","2","2","24.05","-0.2948","-0.4887","14.78","-2.0006","8.4197","-214068","785932","-21.4068"
"INTEGRATED_CONTINUOUS","DS001115","SK하이닉스","0193T0","LONG","3/20","5/10","30","84","80","4","2","36.90","-0.2779","-0.4381","11.25","-4.0462","5.0972","-214571","785429","-21.4571"
"INTEGRATED_CONTINUOUS","DS003225","SK하이닉스","0193T0","LONG","5/30","3/30","10","104","98","6","2","28.85","-0.2190","-0.5415","17.94","-2.9952","8.9445","-214833","785167","-21.4833"
"INTEGRATED_CONTINUOUS","DS004283","SK하이닉스","0193T0","LONG","20/30","10/30","30","47","45","2","2","21.28","-0.4894","-0.7489","26.17","-3.5299","10.2005","-215209","784791","-21.5209"
"INTEGRATED_CONTINUOUS","DS001400","SK하이닉스","0193T0","LONG","20/30","5/10","5","56","56","0","2","19.64","-0.4274","-0.5338","8.57","-2.7102","2.7344","-215232","784768","-21.5232"
"INTEGRATED_CONTINUOUS","DS004317","삼성전자","0193L0","SHORT","20/30","10/30","10","83","76","7","2","26.51","-0.2841","-0.5548","25.02","-3.2556","5.4497","-215489","784511","-21.5489"
"INTEGRATED_CONTINUOUS","DS002363","SK하이닉스","0193T0","LONG","20/30","5/20","30","47","45","2","2","25.53","-0.5066","-0.5148","13.62","-2.7102","6.2442","-215552","784448","-21.5552"
"INTEGRATED_CONTINUOUS","DS000849","삼성전자","0193W0","LONG","5/30","3/10","10","130","127","3","2","24.62","-0.1824","-0.4039","8.01","-1.7469","4.5643","-215911","784089","-21.5911"
"INTEGRATED_CONTINUOUS","DS003682","삼성전자","0193W0","LONG","3/30","5/30","20","113","105","8","2","25.66","-0.2077","-0.4649","16.56","-2.3590","5.4923","-216031","783969","-21.6031"
"INTEGRATED_CONTINUOUS","DS002040","SK하이닉스","0197X0","SHORT","5/10","5/20","50","173","165","8","4","31.79","-0.1132","-0.4710","18.55","-5.1400","10.5684","-216338","783662","-21.6338"
"INTEGRATED_CONTINUOUS","DS004570","SK하이닉스","0193T0","LONG","10/20","20/30","20","69","64","5","5","30.43","-0.3170","-0.6253","31.16","-5.7498","9.3607","-216361","783639","-21.6361"
"INTEGRATED_CONTINUOUS","DS004726","SK하이닉스","0197X0","SHORT","10/30","20/30","20","102","94","8","3","36.27","-0.2118","-0.4162","29.20","-5.0143","10.1819","-216441","783559","-21.6441"
"INTEGRATED_CONTINUOUS","DS002648","SK하이닉스","0193T0","LONG","10/20","10/20","5","108","100","8","2","30.56","-0.2104","-0.5607","20.44","-3.3866","8.8159","-216688","783312","-21.6688"
"INTEGRATED_CONTINUOUS","DS000816","삼성전자","0193L0","SHORT","3/30","3/10","50","97","93","4","2","23.71","-0.2481","-0.3906","9.46","-1.7917","2.9987","-216723","783277","-21.6723"
"INTEGRATED_CONTINUOUS","DS001883","SK하이닉스","0193T0","LONG","20/30","3/20","30","47","46","1","2","21.28","-0.5143","-0.5462","13.23","-2.1443","3.0221","-216954","783046","-21.6954"
"INTEGRATED_CONTINUOUS","DS004042","SK하이닉스","0193T0","LONG","5/20","10/30","20","75","67","8","4","30.67","-0.2981","-0.6752","24.89","-3.2319","9.2110","-216974","783026","-21.6974"
"INTEGRATED_CONTINUOUS","DS002744","SK하이닉스","0193T0","LONG","5/30","10/20","5","122","110","12","3","37.70","-0.1817","-0.4435","20.81","-3.3866","8.9445","-217661","782339","-21.7661"
"INTEGRATED_CONTINUOUS","DS001340","삼성전자","0193L0","SHORT","5/30","5/10","5","152","149","3","2","32.24","-0.1581","-0.3171","9.86","-1.5825","3.1048","-217673","782327","-21.7673"
"INTEGRATED_CONTINUOUS","DS004773","SK하이닉스","0197X0","SHORT","20/30","20/30","10","88","82","6","1","35.23","-0.2583","-0.7139","29.27","-5.3405","7.3472","-217880","782120","-21.7880"
"INTEGRATED_CONTINUOUS","DS000463","삼성전자","0193W0","LONG","20/30","3/5","NONE","120","117","3","2","27.50","-0.2017","-0.3215","5.31","-2.3600","3.3264","-217965","782035","-21.7965"
"INTEGRATED_CONTINUOUS","DS001211","SK하이닉스","0193T0","LONG","10/20","5/10","30","66","64","2","1","19.70","-0.3690","-0.4685","8.30","-1.7481","4.1228","-218887","781113","-21.8887"
"INTEGRATED_CONTINUOUS","DS000907","삼성전자","0193L0","SHORT","10/30","3/10","NONE","122","120","2","2","33.61","-0.1997","-0.1591","9.81","-3.4571","2.6163","-219096","780904","-21.9096"
"INTEGRATED_CONTINUOUS","DS001387","삼성전자","0193L0","SHORT","10/30","5/10","NONE","122","119","3","2","31.15","-0.1992","-0.2379","9.72","-3.4571","3.1469","-219147","780853","-21.9147"
"INTEGRATED_CONTINUOUS","DS004796","삼성전자","0193L0","SHORT","20/30","20/30","5","66","61","5","1","28.79","-0.3649","-0.5207","26.94","-2.9778","5.4901","-219267","780733","-21.9267"
"INTEGRATED_CONTINUOUS","DS000057","SK하이닉스","0193T0","LONG","3/10","3/5","10","149","146","3","1","26.17","-0.1591","-0.2606","5.60","-2.1231","7.0780","-219485","780515","-21.9485"
"INTEGRATED_CONTINUOUS","DS002565","SK하이닉스","0197X0","SHORT","3/20","10/20","10","167","158","9","3","37.13","-0.1261","-0.3485","21.31","-5.1716","11.3926","-219600","780400","-21.9600"
"INTEGRATED_CONTINUOUS","DS003516","SK하이닉스","0193T0","LONG","3/20","5/30","50","84","82","2","3","26.19","-0.2784","-0.6966","23.05","-2.8344","6.2717","-220212","779788","-22.0212"
"INTEGRATED_CONTINUOUS","DS003636","삼성전자","0193W0","LONG","10/20","5/30","50","83","79","4","3","28.92","-0.2931","-0.3925","20.05","-4.9105","3.7230","-220483","779517","-22.0483"
"INTEGRATED_CONTINUOUS","DS003695","삼성전자","0193L0","SHORT","3/30","5/30","30","93","89","4","3","26.88","-0.2626","-0.5173","18.00","-2.5631","3.6721","-220749","779251","-22.0749"
"INTEGRATED_CONTINUOUS","DS002743","SK하이닉스","0193T0","LONG","5/30","10/20","NONE","123","111","12","3","37.40","-0.1839","-0.4515","20.69","-3.3866","8.9445","-221244","778756","-22.1244"
"INTEGRATED_CONTINUOUS","DS002217","SK하이닉스","0193T0","LONG","3/30","5/20","10","122","115","7","2","34.43","-0.1872","-0.3855","17.13","-2.9952","9.3323","-221476","778524","-22.1476"
"INTEGRATED_CONTINUOUS","DS003201","삼성전자","0193W0","LONG","3/30","3/30","10","147","141","6","2","29.25","-0.1629","-0.4595","14.59","-2.0256","5.1333","-221738","778262","-22.1738"
"INTEGRATED_CONTINUOUS","DS001245","삼성전자","0193L0","SHORT","10/20","5/10","10","152","151","1","2","37.50","-0.1611","-0.2401","9.95","-5.2353","2.6850","-222096","777904","-22.2096"
"INTEGRATED_CONTINUOUS","DS000084","삼성전자","0193W0","LONG","3/10","3/5","50","171","169","2","2","29.82","-0.1429","-0.2915","4.94","-1.5920","5.0361","-222328","777672","-22.2328"
"INTEGRATED_CONTINUOUS","DS002696","SK하이닉스","0193T0","LONG","3/30","10/20","5","134","124","10","4","38.81","-0.1661","-0.3294","21.54","-4.6994","9.3323","-222343","777657","-22.2343"
"INTEGRATED_CONTINUOUS","DS004560","삼성전자","0193L0","SHORT","5/20","20/30","50","90","77","13","3","24.44","-0.2712","-0.3559","26.64","-2.6283","3.6275","-222356","777644","-22.2356"
"INTEGRATED_CONTINUOUS","DS004531","SK하이닉스","0197X0","SHORT","5/20","20/30","NONE","180","163","17","9","42.22","-0.0960","-0.2537","35.86","-10.9955","10.8390","-222434","777566","-22.2434"
"INTEGRATED_CONTINUOUS","DS001584","삼성전자","0193L0","SHORT","5/10","3/20","50","188","181","7","4","31.91","-0.1273","-0.3765","15.03","-2.8657","5.0483","-222471","777529","-22.2471"
"INTEGRATED_CONTINUOUS","DS004678","SK하이닉스","0197X0","SHORT","5/30","20/30","20","95","86","9","3","34.74","-0.2389","-0.4701","30.11","-6.9788","10.8390","-222690","777310","-22.2690"
"INTEGRATED_CONTINUOUS","DS001771","삼성전자","0193L0","SHORT","3/30","3/20","NONE","198","190","8","4","29.80","-0.1206","-0.3297","15.80","-2.0015","5.6487","-222735","777265","-22.2735"
"INTEGRATED_CONTINUOUS","DS002964","삼성전자","0193W0","LONG","3/10","3/30","50","171","160","11","6","31.58","-0.1341","-0.3529","19.95","-3.7309","4.3541","-223300","776700","-22.3300"
"INTEGRATED_CONTINUOUS","DS001339","삼성전자","0193L0","SHORT","5/30","5/10","NONE","160","157","3","3","31.88","-0.1549","-0.2988","9.79","-1.5825","3.1048","-223774","776226","-22.3774"
"INTEGRATED_CONTINUOUS","DS003612","SK하이닉스","0193T0","LONG","10/20","5/30","50","58","55","3","2","20.69","-0.4166","-0.8127","21.66","-3.0949","5.9414","-224037","775963","-22.4037"
"INTEGRATED_CONTINUOUS","DS000108","SK하이닉스","0193T0","LONG","5/10","3/5","50","128","127","1","2","31.25","-0.1908","-0.2977","5.41","-2.4885","6.8184","-224038","775962","-22.4038"
"INTEGRATED_CONTINUOUS","DS002652","SK하이닉스","0193T0","LONG","10/20","10/20","50","58","55","3","2","22.41","-0.4225","-0.7590","18.57","-3.2319","5.9414","-224071","775929","-22.4071"
"INTEGRATED_CONTINUOUS","DS003775","삼성전자","0193W0","LONG","10/30","5/30","NONE","125","117","8","2","28.80","-0.1945","-0.5107","20.50","-2.9317","5.0332","-224409","775591","-22.4409"
"INTEGRATED_CONTINUOUS","DS002484","삼성전자","0193W0","LONG","3/10","10/20","50","171","157","14","6","35.67","-0.1349","-0.3528","20.87","-3.1187","5.0828","-224426","775574","-22.4426"
"INTEGRATED_CONTINUOUS","DS003696","삼성전자","0193L0","SHORT","3/30","5/30","50","97","91","6","3","23.71","-0.2559","-0.4981","19.56","-2.5631","3.6721","-224623","775377","-22.4623"
"INTEGRATED_CONTINUOUS","DS000801","삼성전자","0193W0","LONG","3/30","3/10","10","147","143","4","2","31.29","-0.1681","-0.3357","8.33","-2.6319","4.6843","-224814","775186","-22.4814"
"INTEGRATED_CONTINUOUS","DS004257","삼성전자","0193W0","LONG","10/30","10/30","10","118","109","9","2","27.97","-0.2047","-0.5608","23.32","-3.8098","6.7854","-225072","774928","-22.5072"
"INTEGRATED_CONTINUOUS","DS002818","삼성전자","0193W0","LONG","10/30","10/20","20","88","86","2","1","25.00","-0.2806","-0.5649","17.19","-2.8219","5.5956","-225091","774909","-22.5091"
"INTEGRATED_CONTINUOUS","DS002349","삼성전자","0193L0","SHORT","10/30","5/20","10","116","111","5","2","23.28","-0.2130","-0.4639","16.59","-2.3429","6.3271","-225261","774739","-22.5261"
"INTEGRATED_CONTINUOUS","DS003262","삼성전자","0193L0","SHORT","5/30","3/30","20","92","87","5","2","25.00","-0.2720","-0.4494","18.45","-4.8591","3.6569","-225369","774631","-22.5369"
"INTEGRATED_CONTINUOUS","DS001920","삼성전자","0193L0","SHORT","20/30","3/20","50","60","57","3","2","11.67","-0.4221","-0.4709","12.85","-1.9205","2.9527","-225478","774522","-22.5478"
"INTEGRATED_CONTINUOUS","DS002470","SK하이닉스","0197X0","SHORT","3/10","10/20","20","161","150","11","5","30.43","-0.1214","-0.5033","19.56","-4.2188","11.9394","-225496","774504","-22.5496"
"INTEGRATED_CONTINUOUS","DS002843","SK하이닉스","0193T0","LONG","20/30","10/20","30","47","45","2","2","25.53","-0.5311","-0.6240","17.28","-3.5299","6.2442","-225922","774078","-22.5922"
"INTEGRATED_CONTINUOUS","DS002458","SK하이닉스","0193T0","LONG","3/10","10/20","20","138","128","10","4","32.61","-0.1549","-0.4685","19.76","-3.7123","8.6876","-226194","773806","-22.6194"
"INTEGRATED_CONTINUOUS","DS003105","삼성전자","0193W0","LONG","5/20","3/30","10","156","149","7","4","31.41","-0.1504","-0.4529","19.00","-3.6380","5.5530","-226265","773735","-22.6265"
"INTEGRATED_CONTINUOUS","DS001092","삼성전자","0193W0","LONG","5/10","5/10","50","153","150","3","2","28.76","-0.1625","-0.3321","8.50","-2.2801","5.9394","-226313","773687","-22.6313"
"INTEGRATED_CONTINUOUS","DS000921","SK하이닉스","0193T0","LONG","20/30","3/10","10","65","65","0","2","18.46","-0.3919","-0.4628","6.62","-2.3516","2.6193","-226704","773296","-22.6704"
"INTEGRATED_CONTINUOUS","DS001715","삼성전자","0193W0","LONG","10/20","3/20","30","79","76","3","2","22.78","-0.3207","-0.4556","13.23","-2.8219","3.1045","-226761","773239","-22.6761"
"INTEGRATED_CONTINUOUS","DS001279","삼성전자","0193W0","LONG","3/30","5/10","NONE","203","196","7","3","31.53","-0.1201","-0.3505","9.88","-1.7450","5.6091","-227307","772693","-22.7307"
"INTEGRATED_CONTINUOUS","DS004234","SK하이닉스","0193T0","LONG","10/30","10/30","20","79","73","6","1","25.32","-0.3017","-0.7972","26.15","-3.3697","10.3433","-227315","772685","-22.7315"
"INTEGRATED_CONTINUOUS","DS004088","SK하이닉스","0193T0","LONG","10/20","10/30","5","108","100","8","4","25.93","-0.2101","-0.7314","27.50","-3.2319","10.2005","-227336","772664","-22.7336"
"INTEGRATED_CONTINUOUS","DS004112","삼성전자","0193W0","LONG","10/20","10/30","5","125","114","11","3","31.20","-0.1888","-0.5322","27.13","-5.2049","7.3307","-227365","772635","-22.7365"
"INTEGRATED_CONTINUOUS","DS004269","삼성전자","0193L0","SHORT","10/30","10/30","10","116","109","7","2","27.59","-0.2136","-0.5017","24.73","-2.7812","7.8870","-228630","771370","-22.8630"
"INTEGRATED_CONTINUOUS","DS003163","삼성전자","0193L0","SHORT","10/20","3/30","NONE","164","157","7","3","31.71","-0.1466","-0.2989","21.60","-6.3061","7.1481","-228640","771360","-22.8640"
"INTEGRATED_CONTINUOUS","DS001774","삼성전자","0193L0","SHORT","3/30","3/20","20","110","104","6","3","23.64","-0.2317","-0.3925","14.75","-1.8645","4.4577","-228722","771278","-22.8722"
"INTEGRATED_CONTINUOUS","DS002963","삼성전자","0193W0","LONG","3/10","3/30","30","158","151","7","6","28.48","-0.1535","-0.4107","17.02","-2.6930","6.2249","-228755","771245","-22.8755"
"INTEGRATED_CONTINUOUS","DS001196","삼성전자","0193L0","SHORT","5/20","5/10","5","175","172","3","1","34.29","-0.1444","-0.2853","10.23","-2.6176","4.1693","-228804","771196","-22.8804"
"INTEGRATED_CONTINUOUS","DS000144","삼성전자","0193L0","SHORT","5/10","3/5","50","188","184","4","2","29.26","-0.1356","-0.2000","5.21","-1.4273","3.1436","-228871","771129","-22.8871"
"INTEGRATED_CONTINUOUS","DS001533","삼성전자","0193L0","SHORT","3/10","3/20","10","178","173","5","4","33.71","-0.1389","-0.3637","14.50","-3.6933","4.9480","-228988","771012","-22.8988"
"INTEGRATED_CONTINUOUS","DS003116","삼성전자","0193L0","SHORT","5/20","3/30","5","175","167","8","4","29.14","-0.1373","-0.3980","20.28","-6.4469","7.7967","-229056","770944","-22.9056"
"INTEGRATED_CONTINUOUS","DS003323","SK하이닉스","0193T0","LONG","20/30","3/30","30","47","45","2","2","21.28","-0.5388","-0.8080","19.21","-2.5571","6.2442","-229109","770891","-22.9109"
"INTEGRATED_CONTINUOUS","DS002347","삼성전자","0193L0","SHORT","10/30","5/20","NONE","122","116","6","2","24.59","-0.2068","-0.4499","16.76","-2.3429","6.3271","-229376","770624","-22.9376"
"INTEGRATED_CONTINUOUS","DS000428","삼성전자","0193L0","SHORT","10/30","3/5","5","92","92","0","1","27.17","-0.2814","-0.2189","4.41","-2.1324","1.5764","-229541","770459","-22.9541"
"INTEGRATED_CONTINUOUS","DS000249","SK하이닉스","0193T0","LONG","10/20","3/5","10","133","131","2","1","24.81","-0.1909","-0.3319","5.12","-2.1595","5.9960","-229748","770252","-22.9748"
"INTEGRATED_CONTINUOUS","DS002265","SK하이닉스","0193T0","LONG","5/30","5/20","10","104","97","7","2","27.88","-0.2324","-0.4952","15.85","-2.9952","8.9445","-229824","770176","-22.9824"
"INTEGRATED_CONTINUOUS","DS003537","삼성전자","0193W0","LONG","3/20","5/30","10","157","147","10","4","30.57","-0.1474","-0.4332","21.78","-4.9105","6.1830","-230116","769884","-23.0116"
"INTEGRATED_CONTINUOUS","DS001691","SK하이닉스","0193T0","LONG","10/20","3/20","30","66","63","3","2","21.21","-0.3890","-0.6156","13.06","-2.5061","3.6425","-230163","769837","-23.0163"
"INTEGRATED_CONTINUOUS","DS003324","SK하이닉스","0193T0","LONG","20/30","3/30","50","43","39","4","2","16.28","-0.5937","-0.9049","17.44","-2.4035","6.2442","-230177","769823","-23.0177"
"INTEGRATED_CONTINUOUS","DS004703","삼성전자","0193L0","SHORT","5/30","20/30","30","66","64","2","3","22.73","-0.3908","-0.5166","22.33","-2.1787","3.6275","-230481","769519","-23.0481"
"INTEGRATED_CONTINUOUS","DS001328","삼성전자","0193W0","LONG","5/30","5/10","5","158","153","5","2","25.95","-0.1607","-0.3728","9.23","-1.7450","4.8205","-230548","769452","-23.0548"
"INTEGRATED_CONTINUOUS","DS003730","삼성전자","0193W0","LONG","5/30","5/30","20","106","102","4","2","28.30","-0.2402","-0.5083","17.46","-2.9791","5.3840","-230790","769210","-23.0790"
"INTEGRATED_CONTINUOUS","DS002531","삼성전자","0193W0","LONG","5/10","10/20","30","146","137","9","7","31.51","-0.1676","-0.3829","20.13","-3.5357","4.8373","-231178","768822","-23.1178"
"INTEGRATED_CONTINUOUS","DS001019","SK하이닉스","0193T0","LONG","3/10","5/10","30","133","128","5","2","34.59","-0.1869","-0.2598","10.18","-4.0462","5.1857","-231333","768667","-23.1333"
"INTEGRATED_CONTINUOUS","DS002770","삼성전자","0193W0","LONG","5/30","10/20","20","106","100","6","3","34.91","-0.2401","-0.5113","18.66","-2.3941","6.4086","-231652","768348","-23.1652"
"INTEGRATED_CONTINUOUS","DS002720","삼성전자","0193W0","LONG","3/30","10/20","5","166","157","9","3","37.35","-0.1481","-0.3988","19.11","-2.1380","6.5179","-231762","768238","-23.1762"
"INTEGRATED_CONTINUOUS","DS002172","SK하이닉스","0193T0","LONG","10/20","5/20","50","58","55","3","2","22.41","-0.4460","-0.6158","16.17","-2.9952","3.6425","-231819","768181","-23.1819"
"INTEGRATED_CONTINUOUS","DS002684","삼성전자","0193L0","SHORT","10/20","10/20","5","107","102","5","2","29.91","-0.2374","-0.3936","20.70","-3.0643","5.5882","-232370","767630","-23.2370"
"INTEGRATED_CONTINUOUS","DS004211","삼성전자","0193W0","LONG","5/30","10/30","30","66","61","5","3","24.24","-0.3941","-0.4949","22.61","-3.8568","2.7502","-232506","767494","-23.2506"
"INTEGRATED_CONTINUOUS","DS000060","SK하이닉스","0193T0","LONG","3/10","3/5","50","134","133","1","1","25.37","-0.1905","-0.2983","5.25","-2.1067","7.0780","-232558","767442","-23.2558"
"INTEGRATED_CONTINUOUS","DS002396","삼성전자","0193L0","SHORT","20/30","5/20","5","66","63","3","2","21.21","-0.3940","-0.4481","16.64","-5.3852","3.6337","-232624","767376","-23.2624"
"INTEGRATED_CONTINUOUS","DS002817","삼성전자","0193W0","LONG","10/30","10/20","10","118","112","6","2","29.66","-0.2160","-0.5083","17.76","-2.8219","5.5956","-232824","767176","-23.2824"
"INTEGRATED_CONTINUOUS","DS001137","삼성전자","0193W0","LONG","3/20","5/10","10","157","152","5","3","31.21","-0.1622","-0.3809","10.27","-2.2151","5.1443","-232951","767049","-23.2951"
"INTEGRATED_CONTINUOUS","DS002651","SK하이닉스","0193T0","LONG","10/20","10/20","30","66","60","6","2","24.24","-0.3881","-0.7088","18.58","-2.5760","5.9414","-232972","767028","-23.2972"
"INTEGRATED_CONTINUOUS","DS001053","삼성전자","0193L0","SHORT","3/10","5/10","10","178","174","4","3","32.58","-0.1447","-0.2492","10.28","-3.6933","3.0996","-233026","766974","-23.3026"
"INTEGRATED_CONTINUOUS","DS003071","삼성전자","0193L0","SHORT","3/20","3/30","30","117","110","7","3","29.06","-0.2219","-0.3882","16.34","-3.6933","4.0649","-233366","766634","-23.3366"
"INTEGRATED_CONTINUOUS","DS000598","SK하이닉스","0197X0","SHORT","5/10","3/10","20","158","152","6","3","34.18","-0.1599","-0.3509","9.30","-3.2730","7.0900","-233505","766495","-23.3505"
"INTEGRATED_CONTINUOUS","DS003151","삼성전자","0193W0","LONG","10/20","3/30","NONE","171","164","7","3","30.99","-0.1462","-0.4534","19.34","-3.2008","5.0254","-234124","765876","-23.4124"
"INTEGRATED_CONTINUOUS","DS002698","SK하이닉스","0193T0","LONG","3/30","10/20","20","86","78","8","3","36.05","-0.2945","-0.2568","19.27","-4.6994","6.6040","-234492","765508","-23.4492"
"INTEGRATED_CONTINUOUS","DS004017","삼성전자","0193W0","LONG","3/20","10/30","10","157","144","13","4","32.48","-0.1405","-0.4643","28.28","-5.2049","9.2894","-234619","765381","-23.4619"
"INTEGRATED_CONTINUOUS","DS000612","삼성전자","0193W0","LONG","5/10","3/10","50","153","150","3","2","27.45","-0.1700","-0.3145","8.03","-3.0659","5.9394","-234950","765050","-23.4950"
"INTEGRATED_CONTINUOUS","DS002192","삼성전자","0193W0","LONG","10/20","5/20","5","125","119","6","3","31.20","-0.2078","-0.4576","16.14","-3.0586","5.0254","-234955","765045","-23.4955"
"INTEGRATED_CONTINUOUS","DS004020","삼성전자","0193W0","LONG","3/20","10/30","50","111","107","4","5","36.04","-0.2253","-0.4355","27.21","-5.2049","5.9031","-235075","764925","-23.5075"
"INTEGRATED_CONTINUOUS","DS002242","삼성전자","0193W0","LONG","3/30","5/20","20","113","106","7","3","29.20","-0.2297","-0.3810","16.62","-2.2852","5.1333","-235156","764844","-23.5156"
"INTEGRATED_CONTINUOUS","DS000283","삼성전자","0193L0","SHORT","10/20","3/5","NONE","164","164","0","2","27.44","-0.1622","-0.2000","5.31","-1.5438","2.6459","-235969","764031","-23.5969"
"INTEGRATED_CONTINUOUS","DS000657","삼성전자","0193W0","LONG","3/20","3/10","10","157","153","4","3","27.39","-0.1659","-0.3264","8.83","-2.2151","4.8874","-236397","763603","-23.6397"
"INTEGRATED_CONTINUOUS","DS004524","SK하이닉스","0193T0","LONG","5/20","20/30","50","67","65","2","6","32.84","-0.3755","-0.7525","31.88","-5.7498","8.3787","-236419","763581","-23.6419"
"INTEGRATED_CONTINUOUS","DS001185","삼성전자","0193W0","LONG","5/20","5/10","10","156","150","6","2","29.49","-0.1675","-0.3438","9.48","-2.3630","4.9282","-236610","763390","-23.6610"
"INTEGRATED_CONTINUOUS","DS001987","SK하이닉스","0197X0","SHORT","3/10","5/20","NONE","336","320","16","6","35.71","-0.0519","-0.3048","21.29","-5.1400","11.2317","-236968","763032","-23.6968"
"INTEGRATED_CONTINUOUS","DS001208","SK하이닉스","0193T0","LONG","10/20","5/10","5","108","106","2","1","31.48","-0.2445","-0.3988","9.34","-2.5618","5.2213","-237005","762995","-23.7005"
"INTEGRATED_CONTINUOUS","DS002205","삼성전자","0193L0","SHORT","10/20","5/20","10","152","147","5","2","32.89","-0.1713","-0.3179","17.05","-2.3429","6.3271","-237217","762783","-23.7217"
"INTEGRATED_CONTINUOUS","DS001820","삼성전자","0193L0","SHORT","5/30","3/20","5","152","147","5","2","30.92","-0.1729","-0.4048","15.49","-1.8673","5.3896","-237266","762734","-23.7266"
"INTEGRATED_CONTINUOUS","DS000070","SK하이닉스","0197X0","SHORT","3/10","3/5","20","161","157","4","1","31.06","-0.1627","-0.2539","5.74","-3.2730","5.4800","-237345","762655","-23.7345"
"INTEGRATED_CONTINUOUS","DS001162","SK하이닉스","0193T0","LONG","5/20","5/10","20","75","71","4","2","29.33","-0.3564","-0.4644","9.77","-2.4097","3.0135","-237652","762348","-23.7652"
"INTEGRATED_CONTINUOUS","DS002591","삼성전자","0193L0","SHORT","3/20","10/20","30","117","109","8","4","34.19","-0.2245","-0.3372","20.28","-4.3459","4.0649","-237729","762271","-23.7729"
"INTEGRATED_CONTINUOUS","DS003597","삼성전자","0193L0","SHORT","5/20","5/30","10","141","134","7","4","30.50","-0.1772","-0.3909","23.54","-6.7967","8.7860","-238115","761885","-23.8115"
"INTEGRATED_CONTINUOUS","DS001327","삼성전자","0193W0","LONG","5/30","5/10","NONE","165","160","5","2","27.27","-0.1599","-0.3550","9.12","-1.7450","4.8205","-238239","761761","-23.8239"
"INTEGRATED_CONTINUOUS","DS003729","삼성전자","0193W0","LONG","5/30","5/30","10","130","122","8","1","28.46","-0.2010","-0.5318","18.24","-2.9791","5.3840","-238401","761599","-23.8401"
"INTEGRATED_CONTINUOUS","DS004304","삼성전자","0193W0","LONG","20/30","10/30","5","77","73","4","2","23.38","-0.3402","-0.5880","26.34","-2.7399","5.9031","-238420","761580","-23.8420"
"INTEGRATED_CONTINUOUS","DS004091","SK하이닉스","0193T0","LONG","10/20","10/30","30","66","60","6","3","22.73","-0.3782","-0.8872","23.06","-2.6989","10.2005","-238443","761557","-23.8443"
"INTEGRATED_CONTINUOUS","DS000273","삼성전자","0193W0","LONG","10/20","3/5","10","159","155","4","2","28.30","-0.1681","-0.2723","4.77","-2.2060","5.0766","-238645","761355","-23.8645"
"INTEGRATED_CONTINUOUS","DS003177","SK하이닉스","0193T0","LONG","3/30","3/30","10","122","118","4","1","27.87","-0.2121","-0.4945","16.87","-2.9952","9.3323","-238745","761255","-23.8745"
"INTEGRATED_CONTINUOUS","DS000776","SK하이닉스","0193T0","LONG","3/30","3/10","5","134","131","3","2","37.31","-0.1962","-0.3114","9.40","-2.5061","5.6022","-238775","761225","-23.8775"
"INTEGRATED_CONTINUOUS","DS000670","삼성전자","0193L0","SHORT","3/20","3/10","20","99","96","3","2","27.27","-0.2719","-0.3669","9.93","-2.6568","3.3351","-238933","761067","-23.8933"
"INTEGRATED_CONTINUOUS","DS002876","삼성전자","0193L0","SHORT","20/30","10/20","5","66","62","4","2","21.21","-0.4048","-0.4607","20.35","-5.5439","4.8040","-238981","761019","-23.8981"
"INTEGRATED_CONTINUOUS","DS004619","SK하이닉스","0193T0","LONG","3/30","20/30","30","58","54","4","4","29.31","-0.4581","-0.5720","25.00","-5.4577","5.6677","-239492","760508","-23.9492"
"INTEGRATED_CONTINUOUS","DS004735","삼성전자","0193W0","LONG","10/30","20/30","NONE","125","113","12","3","33.60","-0.2031","-0.4064","25.54","-3.5119","6.5107","-239581","760419","-23.9581"
"INTEGRATED_CONTINUOUS","DS002877","삼성전자","0193L0","SHORT","20/30","10/20","10","83","77","6","2","24.10","-0.3237","-0.4450","18.31","-2.9778","4.8040","-239695","760305","-23.9695"
"INTEGRATED_CONTINUOUS","DS000874","SK하이닉스","0193T0","LONG","10/30","3/10","20","79","78","1","2","26.58","-0.3420","-0.4365","9.14","-2.6074","4.7941","-239726","760274","-23.9726"
"INTEGRATED_CONTINUOUS","DS000381","삼성전자","0193L0","SHORT","5/30","3/5","10","128","126","2","2","31.25","-0.2112","-0.2405","4.91","-3.9846","3.1436","-239781","760219","-23.9781"
"INTEGRATED_CONTINUOUS","DS000824","SK하이닉스","0193T0","LONG","5/30","3/10","5","122","119","3","2","34.43","-0.2190","-0.3442","9.49","-2.5061","5.2277","-239948","760052","-23.9948"
"INTEGRATED_CONTINUOUS","DS004316","삼성전자","0193L0","SHORT","20/30","10/30","5","66","61","5","3","25.76","-0.4061","-0.5773","26.50","-5.1735","5.4497","-240121","759879","-24.0121"
"INTEGRATED_CONTINUOUS","DS002051","삼성전자","0193W0","LONG","5/10","5/20","30","146","140","6","6","31.51","-0.1789","-0.3703","16.77","-2.9739","5.1070","-240210","759790","-24.0210"
"INTEGRATED_CONTINUOUS","DS004053","SK하이닉스","0197X0","SHORT","5/20","10/30","10","144","135","9","4","40.97","-0.1374","-0.3452","32.68","-11.2795","12.6247","-240450","759550","-24.0450"
"INTEGRATED_CONTINUOUS","DS004748","삼성전자","0193L0","SHORT","10/30","20/30","5","92","83","9","3","27.17","-0.2813","-0.4213","30.95","-8.5459","6.6980","-240652","759348","-24.0652"
"INTEGRATED_CONTINUOUS","DS000848","삼성전자","0193W0","LONG","5/30","3/10","5","158","154","4","2","25.32","-0.1701","-0.3747","8.03","-1.7469","4.5643","-241249","758751","-24.1249"
"INTEGRATED_CONTINUOUS","DS003787","삼성전자","0193L0","SHORT","10/30","5/30","NONE","122","113","9","2","25.41","-0.2158","-0.4868","21.53","-3.9143","7.7184","-241257","758743","-24.1257"
"INTEGRATED_CONTINUOUS","DS001831","SK하이닉스","0193T0","LONG","10/30","3/20","NONE","109","104","5","2","24.77","-0.2436","-0.4052","13.77","-2.0171","8.4197","-241357","758643","-24.1357"
"INTEGRATED_CONTINUOUS","DS004222","삼성전자","0193L0","SHORT","5/30","10/30","20","92","84","8","3","26.09","-0.2929","-0.4456","25.91","-5.0225","3.3774","-241523","758477","-24.1523"
"INTEGRATED_CONTINUOUS","DS000059","SK하이닉스","0193T0","LONG","3/10","3/5","30","133","130","3","2","25.56","-0.2014","-0.2950","5.07","-2.1231","7.0780","-241595","758405","-24.1595"
"INTEGRATED_CONTINUOUS","DS001712","삼성전자","0193W0","LONG","10/20","3/20","5","125","119","6","2","31.20","-0.2151","-0.4260","14.02","-2.8219","5.6914","-241745","758255","-24.1745"
"INTEGRATED_CONTINUOUS","DS001594","SK하이닉스","0193T0","LONG","3/20","3/20","20","86","82","4","1","25.58","-0.3141","-0.6333","12.38","-2.8344","4.1258","-241799","758201","-24.1799"
"INTEGRATED_CONTINUOUS","DS003428","SK하이닉스","0197X0","SHORT","3/10","5/30","5","285","266","19","5","37.54","-0.0551","-0.3544","28.61","-8.0997","11.9394","-241820","758180","-24.1820"
"INTEGRATED_CONTINUOUS","DS004390","SK하이닉스","0197X0","SHORT","3/10","20/30","20","161","143","18","5","34.78","-0.1330","-0.5414","25.80","-4.0221","11.5039","-242039","757961","-24.2039"
"INTEGRATED_CONTINUOUS","DS002075","SK하이닉스","0193T0","LONG","3/20","5/20","30","84","77","7","3","29.76","-0.3047","-0.5289","19.02","-12.3102","8.6876","-242345","757655","-24.2345"
"INTEGRATED_CONTINUOUS","DS003804","SK하이닉스","0193T0","LONG","20/30","5/30","50","43","37","6","2","20.93","-0.6307","-0.9036","20.72","-3.5208","6.2442","-242836","757164","-24.2836"
"INTEGRATED_CONTINUOUS","DS000860","삼성전자","0193L0","SHORT","5/30","3/10","5","152","149","3","2","31.58","-0.1800","-0.3584","8.65","-2.8434","2.6571","-243040","756960","-24.3040"
"INTEGRATED_CONTINUOUS","DS000454","SK하이닉스","0197X0","SHORT","20/30","3/5","20","107","107","0","2","28.97","-0.2551","-0.2487","6.11","-5.4364","2.4817","-243109","756891","-24.3109"
"INTEGRATED_CONTINUOUS","DS001761","삼성전자","0193W0","LONG","3/30","3/20","10","147","141","6","3","28.57","-0.1826","-0.4573","13.08","-1.7152","5.8000","-243112","756888","-24.3112"
"INTEGRATED_CONTINUOUS","DS003272","SK하이닉스","0193T0","LONG","10/30","3/30","5","76","73","3","2","26.32","-0.3530","-0.7692","20.39","-2.3829","8.4957","-243274","756726","-24.3274"
"INTEGRATED_CONTINUOUS","DS004704","삼성전자","0193L0","SHORT","5/30","20/30","50","77","72","5","2","23.38","-0.3545","-0.5008","24.12","-4.5182","3.6275","-243462","756538","-24.3462"
"INTEGRATED_CONTINUOUS","DS004255","삼성전자","0193W0","LONG","10/30","10/30","NONE","125","116","9","2","26.40","-0.2125","-0.5450","22.37","-3.8098","6.7854","-243528","756472","-24.3528"
"INTEGRATED_CONTINUOUS","DS000823","SK하이닉스","0193T0","LONG","5/30","3/10","NONE","123","120","3","2","34.15","-0.2214","-0.3461","9.42","-2.5061","5.2277","-243821","756179","-24.3821"
"INTEGRATED_CONTINUOUS","DS004267","삼성전자","0193L0","SHORT","10/30","10/30","NONE","122","114","8","2","27.87","-0.2196","-0.4850","24.16","-2.7812","7.8870","-244110","755890","-24.4110"
"INTEGRATED_CONTINUOUS","DS004690","삼성전자","0193W0","LONG","5/30","20/30","20","106","99","7","3","28.30","-0.2416","-0.5416","25.00","-3.1463","7.3307","-244792","755208","-24.4792"
"INTEGRATED_CONTINUOUS","DS000189","삼성전자","0193L0","SHORT","3/20","3/5","10","175","173","2","1","28.57","-0.1584","-0.2782","5.05","-1.6738","3.1436","-245276","754724","-24.5276"
"INTEGRATED_CONTINUOUS","DS003128","SK하이닉스","0193T0","LONG","10/20","3/30","5","108","104","4","2","28.70","-0.2452","-0.6130","19.21","-2.9952","8.8159","-245320","754680","-24.5320"
"INTEGRATED_CONTINUOUS","DS004392","SK하이닉스","0197X0","SHORT","3/10","20/30","50","175","158","17","6","34.86","-0.1100","-0.4368","29.71","-10.6563","11.5039","-245327","754673","-24.5327"
"INTEGRATED_CONTINUOUS","DS002722","삼성전자","0193W0","LONG","3/30","10/20","20","113","106","7","3","31.86","-0.2402","-0.5069","17.20","-2.0938","6.5179","-245612","754388","-24.5612"
"INTEGRATED_CONTINUOUS","DS000847","삼성전자","0193W0","LONG","5/30","3/10","NONE","165","161","4","2","26.06","-0.1663","-0.3686","8.00","-1.7469","4.5643","-245652","754348","-24.5652"
"INTEGRATED_CONTINUOUS","DS003035","SK하이닉스","0193T0","LONG","3/20","3/30","30","84","80","4","3","23.81","-0.3237","-0.6538","14.98","-2.9952","6.0228","-245856","754144","-24.5856"
"INTEGRATED_CONTINUOUS","DS003260","삼성전자","0193L0","SHORT","5/30","3/30","5","152","146","6","2","25.66","-0.1791","-0.4349","18.15","-4.8591","6.6951","-246019","753981","-24.6019"
"INTEGRATED_CONTINUOUS","DS000669","삼성전자","0193L0","SHORT","3/20","3/10","10","175","172","3","2","32.00","-0.1578","-0.2756","9.50","-2.6568","3.3351","-246268","753732","-24.6268"
"INTEGRATED_CONTINUOUS","DS002289","삼성전자","0193W0","LONG","5/30","5/20","10","130","124","6","2","32.31","-0.2102","-0.4581","15.91","-2.2965","5.0254","-246270","753730","-24.6270"
"INTEGRATED_CONTINUOUS","DS000564","삼성전자","0193W0","LONG","3/10","3/10","50","171","168","3","2","30.99","-0.1604","-0.3319","7.65","-2.0410","4.8491","-246284","753716","-24.6284"
"INTEGRATED_CONTINUOUS","DS003091","SK하이닉스","0197X0","SHORT","5/20","3/30","NONE","180","174","6","3","35.00","-0.1397","-0.4748","21.00","-8.5021","4.9463","-246337","753663","-24.6337"
"INTEGRATED_CONTINUOUS","DS000825","SK하이닉스","0193T0","LONG","5/30","3/10","10","104","101","3","2","32.69","-0.2666","-0.3960","8.77","-2.5061","5.2277","-247004","752996","-24.7004"
"INTEGRATED_CONTINUOUS","DS002880","삼성전자","0193L0","SHORT","20/30","10/20","50","60","56","4","2","15.00","-0.4686","-0.4607","15.85","-1.6515","2.5655","-247114","752886","-24.7114"
"INTEGRATED_CONTINUOUS","DS002311","SK하이닉스","0193T0","LONG","10/30","5/20","NONE","109","101","8","2","24.77","-0.2497","-0.3817","14.46","-2.0024","8.4957","-247543","752457","-24.7543"
"INTEGRATED_CONTINUOUS","DS002361","SK하이닉스","0193T0","LONG","20/30","5/20","10","65","63","2","2","23.08","-0.4266","-0.5151","13.95","-2.7102","6.2442","-247549","752451","-24.7549"
"INTEGRATED_CONTINUOUS","DS003175","SK하이닉스","0193T0","LONG","3/30","3/30","NONE","150","145","5","1","28.00","-0.1771","-0.5153","16.51","-2.9952","9.3323","-247658","752342","-24.7658"
"INTEGRATED_CONTINUOUS","DS001918","삼성전자","0193L0","SHORT","20/30","3/20","20","104","100","4","3","21.15","-0.2692","-0.3417","13.80","-2.1200","4.2391","-248225","751775","-24.8225"
"INTEGRATED_CONTINUOUS","DS003480","SK하이닉스","0197X0","SHORT","5/10","5/30","50","173","161","12","5","32.37","-0.1361","-0.5236","25.01","-9.0710","11.2719","-248523","751477","-24.8523"
"INTEGRATED_CONTINUOUS","DS000922","SK하이닉스","0193T0","LONG","20/30","3/10","20","91","90","1","2","24.18","-0.3072","-0.4628","8.46","-6.1343","3.3714","-248623","751377","-24.8623"
"INTEGRATED_CONTINUOUS","DS001498","SK하이닉스","0193T0","LONG","3/10","3/20","20","138","135","3","4","29.71","-0.1898","-0.5086","13.49","-2.7088","6.4903","-249407","750593","-24.9407"
"INTEGRATED_CONTINUOUS","DS000164","SK하이닉스","0197X0","SHORT","3/20","3/5","5","194","189","5","1","31.96","-0.1436","-0.3310","5.45","-3.2730","4.0482","-249559","750441","-24.9559"
"INTEGRATED_CONTINUOUS","DS002576","삼성전자","0193W0","LONG","3/20","10/20","5","202","189","13","4","35.15","-0.1310","-0.4054","20.29","-4.5951","6.7373","-249728","750272","-24.9728"
"INTEGRATED_CONTINUOUS","DS001435","삼성전자","0193L0","SHORT","20/30","5/10","NONE","122","120","2","3","27.05","-0.2319","-0.2494","9.91","-5.3076","1.9792","-249808","750192","-24.9808"
"INTEGRATED_CONTINUOUS","DS001233","삼성전자","0193W0","LONG","10/20","5/10","10","159","154","5","2","27.67","-0.1764","-0.3075","8.42","-2.2060","4.8205","-249999","750001","-24.9999"
"INTEGRATED_CONTINUOUS","DS001881","SK하이닉스","0193T0","LONG","20/30","3/20","10","65","64","1","2","18.46","-0.4346","-0.5538","12.72","-2.1443","6.1754","-250044","749956","-25.0044"
"INTEGRATED_CONTINUOUS","DS003800","SK하이닉스","0193T0","LONG","20/30","5/30","5","56","52","4","2","19.64","-0.4972","-0.6825","21.64","-3.5208","6.2442","-250237","749763","-25.0237"
"INTEGRATED_CONTINUOUS","DS002590","삼성전자","0193L0","SHORT","3/20","10/20","20","99","91","8","3","27.27","-0.2815","-0.3882","19.59","-5.3934","4.0649","-250560","749440","-25.0560"
"INTEGRATED_CONTINUOUS","DS000668","삼성전자","0193L0","SHORT","3/20","3/10","5","196","192","4","2","33.67","-0.1436","-0.2635","9.27","-2.6568","3.3351","-250691","749309","-25.0691"
"INTEGRATED_CONTINUOUS","DS002745","SK하이닉스","0193T0","LONG","5/30","10/20","10","104","95","9","3","36.54","-0.2582","-0.5105","19.42","-3.3866","8.9445","-251163","748837","-25.1163"
"INTEGRATED_CONTINUOUS","DS000814","삼성전자","0193L0","SHORT","3/30","3/10","20","110","105","5","2","29.09","-0.2598","-0.3548","9.56","-1.8577","2.9987","-251264","748736","-25.1264"
"INTEGRATED_CONTINUOUS","DS001243","삼성전자","0193L0","SHORT","10/20","5/10","NONE","164","163","1","2","36.59","-0.1723","-0.2488","10.15","-5.2353","2.6850","-251283","748717","-25.1283"
"INTEGRATED_CONTINUOUS","DS004320","삼성전자","0193L0","SHORT","20/30","10/30","50","60","56","4","2","20.00","-0.4771","-0.6655","22.12","-2.0147","2.2889","-251295","748705","-25.1295"
"INTEGRATED_CONTINUOUS","DS002076","SK하이닉스","0193T0","LONG","3/20","5/20","50","84","82","2","3","28.57","-0.3324","-0.5826","18.20","-2.9952","4.1258","-251309","748691","-25.1309"
"INTEGRATED_CONTINUOUS","DS002769","삼성전자","0193W0","LONG","5/30","10/20","10","130","122","8","2","35.38","-0.2132","-0.5053","18.35","-2.3941","6.4086","-251386","748614","-25.1386"
"INTEGRATED_CONTINUOUS","DS002064","삼성전자","0193L0","SHORT","5/10","5/20","50","188","179","9","4","34.57","-0.1476","-0.2664","17.78","-2.8657","4.6533","-251547","748453","-25.1547"
"INTEGRATED_CONTINUOUS","DS002782","삼성전자","0193L0","SHORT","5/30","10/20","20","92","86","6","3","31.52","-0.3077","-0.3576","20.83","-5.3934","3.6569","-251632","748368","-25.1632"
"INTEGRATED_CONTINUOUS","DS001582","삼성전자","0193L0","SHORT","5/10","3/20","20","168","163","5","4","27.98","-0.1663","-0.4029","12.84","-2.1011","5.0483","-251646","748354","-25.1646"
"INTEGRATED_CONTINUOUS","DS003069","삼성전자","0193L0","SHORT","3/20","3/30","10","175","169","6","5","31.43","-0.1522","-0.3746","21.71","-6.4469","6.2608","-251939","748061","-25.1939"
"INTEGRATED_CONTINUOUS","DS001546","SK하이닉스","0193T0","LONG","5/10","3/20","20","131","128","3","3","29.01","-0.2039","-0.5296","12.96","-3.2513","6.1754","-251956","748044","-25.1956"
"INTEGRATED_CONTINUOUS","DS001524","삼성전자","0193W0","LONG","3/10","3/20","50","171","162","9","4","29.82","-0.1608","-0.3411","14.18","-2.4719","5.5782","-252139","747861","-25.2139"
"INTEGRATED_CONTINUOUS","DS001572","삼성전자","0193W0","LONG","5/10","3/20","50","153","146","7","4","30.72","-0.1831","-0.3448","13.78","-2.4719","5.5232","-252231","747769","-25.2231"
"INTEGRATED_CONTINUOUS","DS004800","삼성전자","0193L0","SHORT","20/30","20/30","50","60","56","4","2","26.67","-0.4766","-0.5532","25.80","-2.8087","3.3735","-252296","747704","-25.2296"
"INTEGRATED_CONTINUOUS","DS001631","삼성전자","0193L0","SHORT","3/20","3/20","30","117","111","6","1","27.35","-0.2451","-0.3904","12.28","-3.6933","4.4577","-252772","747228","-25.2772"
"INTEGRATED_CONTINUOUS","DS004763","SK하이닉스","0193T0","LONG","20/30","20/30","30","47","45","2","1","25.53","-0.5897","-0.7263","29.00","-6.0402","9.3607","-253184","746816","-25.3184"
"INTEGRATED_CONTINUOUS","DS000671","삼성전자","0193L0","SHORT","3/20","3/10","30","117","112","5","3","31.62","-0.2463","-0.3517","9.49","-2.6568","2.9987","-253203","746797","-25.3203"
"INTEGRATED_CONTINUOUS","DS001819","삼성전자","0193L0","SHORT","5/30","3/20","NONE","160","155","5","3","31.88","-0.1765","-0.3962","16.03","-3.9846","5.3896","-253402","746598","-25.3402"
"INTEGRATED_CONTINUOUS","DS001149","삼성전자","0193L0","SHORT","3/20","5/10","10","175","172","3","2","32.57","-0.1622","-0.2537","10.91","-3.6933","3.0996","-253778","746222","-25.3778"
"INTEGRATED_CONTINUOUS","DS002110","삼성전자","0193L0","SHORT","3/20","5/20","20","99","92","7","2","25.25","-0.2880","-0.4294","15.64","-5.2344","4.0649","-253841","746159","-25.3841"
"INTEGRATED_CONTINUOUS","DS002815","삼성전자","0193W0","LONG","10/30","10/20","NONE","125","119","6","2","28.80","-0.2260","-0.4589","17.70","-2.8219","5.5956","-253872","746128","-25.3872"
"INTEGRATED_CONTINUOUS","DS002961","삼성전자","0193W0","LONG","3/10","3/30","10","137","130","7","4","28.47","-0.1987","-0.4412","17.92","-2.4597","5.7616","-253878","746122","-25.3878"
"INTEGRATED_CONTINUOUS","DS001571","삼성전자","0193W0","LONG","5/10","3/20","30","146","141","5","4","27.40","-0.1937","-0.3977","13.55","-2.6930","5.5232","-253967","746033","-25.3967"
"INTEGRATED_CONTINUOUS","DS003092","SK하이닉스","0197X0","SHORT","5/20","3/30","5","174","168","6","3","33.33","-0.1507","-0.4996","20.72","-8.5021","4.9463","-254253","745747","-25.4253"
"INTEGRATED_CONTINUOUS","DS002171","SK하이닉스","0193T0","LONG","10/20","5/20","30","66","60","6","2","21.21","-0.4370","-0.6446","15.27","-2.9952","3.6425","-254325","745675","-25.4325"
"INTEGRATED_CONTINUOUS","DS004051","SK하이닉스","0197X0","SHORT","5/20","10/30","NONE","180","168","12","5","41.11","-0.1103","-0.2855","31.71","-11.2795","12.6247","-254505","745495","-25.4505"
"INTEGRATED_CONTINUOUS","DS003346","삼성전자","0193W0","LONG","20/30","3/30","20","108","105","3","2","28.70","-0.2653","-0.5536","18.26","-3.1289","3.5665","-254903","745097","-25.4903"
"INTEGRATED_CONTINUOUS","DS000946","삼성전자","0193W0","LONG","20/30","3/10","20","108","104","4","2","24.07","-0.2693","-0.3879","8.45","-2.9000","2.8227","-255197","744803","-25.5197"
"INTEGRATED_CONTINUOUS","DS003055","삼성전자","0193W0","LONG","3/20","3/30","NONE","248","238","10","5","28.23","-0.1074","-0.4102","18.04","-3.2828","6.1830","-255354","744646","-25.5354"
"INTEGRATED_CONTINUOUS","DS000271","삼성전자","0193W0","LONG","10/20","3/5","NONE","171","167","4","2","28.65","-0.1691","-0.2514","4.84","-2.2060","5.0766","-255472","744528","-25.5472"
"INTEGRATED_CONTINUOUS","DS000873","SK하이닉스","0193T0","LONG","10/30","3/10","10","99","95","4","2","28.28","-0.2926","-0.3956","9.01","-2.6074","4.7941","-255554","744446","-25.5554"
"INTEGRATED_CONTINUOUS","DS000716","삼성전자","0193L0","SHORT","5/20","3/10","5","175","172","3","2","31.43","-0.1657","-0.3132","8.44","-1.7818","3.6335","-255878","744122","-25.5878"
"INTEGRATED_CONTINUOUS","DS001184","삼성전자","0193W0","LONG","5/20","5/10","5","190","183","7","2","30.00","-0.1505","-0.3447","9.47","-2.3630","4.9282","-256219","743781","-25.6219"
"INTEGRATED_CONTINUOUS","DS003475","SK하이닉스","0197X0","SHORT","5/10","5/30","NONE","319","299","20","7","40.13","-0.0590","-0.3234","27.83","-9.0710","11.2719","-256439","743561","-25.6439"
"INTEGRATED_CONTINUOUS","DS004281","SK하이닉스","0193T0","LONG","20/30","10/30","10","65","62","3","2","21.54","-0.4330","-0.7489","25.52","-3.5299","10.2005","-256642","743358","-25.6642"
"INTEGRATED_CONTINUOUS","DS001258","SK하이닉스","0193T0","LONG","3/30","5/10","20","86","82","4","2","32.56","-0.3380","-0.2869","10.78","-4.8392","3.0459","-256816","743184","-25.6816"
"INTEGRATED_CONTINUOUS","DS003360","삼성전자","0193L0","SHORT","20/30","3/30","50","60","57","3","2","13.33","-0.4907","-0.6131","18.97","-1.8598","2.5655","-257168","742832","-25.7168"
"INTEGRATED_CONTINUOUS","DS000332","삼성전자","0193L0","SHORT","3/30","3/5","5","164","161","3","2","32.32","-0.1791","-0.2537","4.95","-1.7917","3.1436","-257221","742779","-25.7221"
"INTEGRATED_CONTINUOUS","DS000871","SK하이닉스","0193T0","LONG","10/30","3/10","NONE","109","105","4","3","28.44","-0.2673","-0.3956","9.68","-2.6074","4.7941","-257413","742587","-25.7413"
"INTEGRATED_CONTINUOUS","DS002313","SK하이닉스","0193T0","LONG","10/30","5/20","10","99","91","8","2","25.25","-0.2893","-0.4052","14.70","-2.0024","8.4957","-257600","742400","-25.7600"
"INTEGRATED_CONTINUOUS","DS001028","SK하이닉스","0197X0","SHORT","3/10","5/10","5","285","277","8","2","36.84","-0.0942","-0.3607","11.60","-3.6571","6.5179","-258051","741949","-25.8051"
"INTEGRATED_CONTINUOUS","DS001676","삼성전자","0193L0","SHORT","5/20","3/20","5","175","170","5","2","26.86","-0.1652","-0.3590","13.82","-2.0015","6.4777","-258387","741613","-25.8387"
"INTEGRATED_CONTINUOUS","DS000082","삼성전자","0193W0","LONG","3/10","3/5","20","157","155","2","1","29.94","-0.1869","-0.3026","5.04","-1.7052","3.9131","-258530","741470","-25.8530"
"INTEGRATED_CONTINUOUS","DS002035","SK하이닉스","0197X0","SHORT","5/10","5/20","NONE","319","304","15","6","39.18","-0.0701","-0.2615","20.74","-5.1400","10.5684","-258624","741376","-25.8624"
"INTEGRATED_CONTINUOUS","DS000236","삼성전자","0193L0","SHORT","5/20","3/5","5","175","172","3","2","30.29","-0.1693","-0.2494","4.48","-1.3874","3.1436","-259210","740790","-25.9210"
"INTEGRATED_CONTINUOUS","DS000705","삼성전자","0193W0","LONG","5/20","3/10","10","156","151","5","2","28.85","-0.1875","-0.3525","8.22","-2.3630","4.6718","-259422","740578","-25.9422"
"INTEGRATED_CONTINUOUS","DS001354","SK하이닉스","0193T0","LONG","10/30","5/10","20","79","78","1","2","27.85","-0.3751","-0.3498","9.04","-2.3296","4.9116","-259482","740518","-25.9482"
"INTEGRATED_CONTINUOUS","DS000334","삼성전자","0193L0","SHORT","3/30","3/5","20","110","106","4","2","27.27","-0.2714","-0.2816","5.15","-1.7917","1.7261","-259622","740378","-25.9622"
"INTEGRATED_CONTINUOUS","DS003681","삼성전자","0193W0","LONG","3/30","5/30","10","147","137","10","2","29.93","-0.1961","-0.5138","17.81","-2.3590","5.4923","-259882","740118","-25.9882"
"INTEGRATED_CONTINUOUS","DS003803","SK하이닉스","0193T0","LONG","20/30","5/30","30","47","45","2","2","19.15","-0.6234","-0.7489","20.74","-3.5208","6.2442","-259953","740047","-25.9953"
"INTEGRATED_CONTINUOUS","DS004512","삼성전자","0193L0","SHORT","3/20","20/30","50","122","105","17","4","31.15","-0.2367","-0.4282","25.35","-3.7317","6.2202","-259988","740012","-25.9988"
"INTEGRATED_CONTINUOUS","DS002145","삼성전자","0193W0","LONG","5/20","5/20","10","156","148","8","2","33.97","-0.1859","-0.4272","15.28","-2.3127","5.1333","-259991","740009","-25.9991"
"INTEGRATED_CONTINUOUS","DS003259","삼성전자","0193L0","SHORT","5/30","3/30","NONE","160","153","7","3","26.88","-0.1801","-0.4291","19.26","-4.8591","6.6951","-260079","739921","-26.0079"
"INTEGRATED_CONTINUOUS","DS003704","SK하이닉스","0193T0","LONG","5/30","5/30","5","122","112","10","2","28.69","-0.2326","-0.5708","20.48","-2.7856","8.9445","-260282","739718","-26.0282"
"INTEGRATED_CONTINUOUS","DS000142","삼성전자","0193L0","SHORT","5/10","3/5","20","168","165","3","2","32.14","-0.1769","-0.2471","5.39","-1.7087","2.5325","-260393","739607","-26.0393"
"INTEGRATED_CONTINUOUS","DS004005","SK하이닉스","0197X0","SHORT","3/20","10/30","10","167","155","12","4","40.12","-0.1289","-0.3273","32.68","-11.2795","12.7469","-260402","739598","-26.0402"
"INTEGRATED_CONTINUOUS","DS000380","삼성전자","0193L0","SHORT","5/30","3/5","5","152","150","2","2","28.95","-0.1965","-0.2490","4.80","-2.5180","3.1436","-260758","739242","-26.0758"
"INTEGRATED_CONTINUOUS","DS003093","SK하이닉스","0197X0","SHORT","5/20","3/30","10","144","140","4","2","34.72","-0.1908","-0.4996","21.75","-8.5021","4.8382","-260845","739155","-26.0845"
"INTEGRATED_CONTINUOUS","DS002794","SK하이닉스","0193T0","LONG","10/30","10/20","20","79","73","6","2","25.32","-0.3687","-0.6219","18.53","-2.6302","8.4957","-261244","738756","-26.1244"
"INTEGRATED_CONTINUOUS","DS001183","삼성전자","0193W0","LONG","5/20","5/10","NONE","197","190","7","2","29.95","-0.1489","-0.3446","9.44","-2.3630","4.9282","-261750","738250","-26.1750"
"INTEGRATED_CONTINUOUS","DS002577","삼성전자","0193W0","LONG","3/20","10/20","10","157","149","8","4","33.76","-0.1814","-0.4654","19.70","-4.5951","6.7373","-261842","738158","-26.1842"
"INTEGRATED_CONTINUOUS","DS004533","SK하이닉스","0197X0","SHORT","5/20","20/30","10","144","132","12","5","40.28","-0.1642","-0.2690","35.56","-10.9955","10.8390","-261952","738048","-26.1952"
"INTEGRATED_CONTINUOUS","DS003742","삼성전자","0193L0","SHORT","5/30","5/30","20","92","87","5","1","22.83","-0.3255","-0.5236","18.91","-2.3659","3.2656","-262119","737881","-26.2119"
"INTEGRATED_CONTINUOUS","DS003550","삼성전자","0193L0","SHORT","3/20","5/30","20","99","93","6","3","24.24","-0.2993","-0.4765","18.27","-4.3459","3.6721","-262155","737845","-26.2155"
"INTEGRATED_CONTINUOUS","DS001510","SK하이닉스","0197X0","SHORT","3/10","3/20","20","161","154","7","3","28.57","-0.1733","-0.5235","14.45","-3.7499","9.1716","-262362","737638","-26.2362"
"INTEGRATED_CONTINUOUS","DS001808","삼성전자","0193W0","LONG","5/30","3/20","5","158","151","7","2","28.48","-0.1867","-0.4121","13.52","-2.2852","5.6914","-262390","737610","-26.2390"
"INTEGRATED_CONTINUOUS","DS004797","삼성전자","0193L0","SHORT","20/30","20/30","10","83","75","8","1","28.92","-0.3571","-0.4765","27.27","-2.9778","5.4901","-262714","737286","-26.2714"
"INTEGRATED_CONTINUOUS","DS001294","삼성전자","0193L0","SHORT","3/30","5/10","20","110","104","6","2","28.18","-0.2739","-0.3068","10.74","-2.4503","2.9987","-263159","736841","-26.3159"
"INTEGRATED_CONTINUOUS","DS002252","삼성전자","0193L0","SHORT","3/30","5/20","5","164","155","9","3","34.76","-0.1777","-0.3430","18.18","-5.2344","5.0352","-263380","736620","-26.3380"
"INTEGRATED_CONTINUOUS","DS003703","SK하이닉스","0193T0","LONG","5/30","5/30","NONE","123","113","10","2","28.46","-0.2348","-0.5671","20.32","-2.7856","8.9445","-264052","735948","-26.4052"
"INTEGRATED_CONTINUOUS","DS002400","삼성전자","0193L0","SHORT","20/30","5/20","50","60","57","3","2","15.00","-0.5074","-0.5800","14.12","-1.8598","2.5655","-264356","735644","-26.4356"
"INTEGRATED_CONTINUOUS","DS000539","SK하이닉스","0193T0","LONG","3/10","3/10","30","133","129","4","2","28.57","-0.2233","-0.4015","8.18","-2.5061","5.1857","-264527","735473","-26.4527"
"INTEGRATED_CONTINUOUS","DS000152","SK하이닉스","0193T0","LONG","3/20","3/5","5","173","169","4","1","29.48","-0.1717","-0.3349","5.24","-2.1231","5.8940","-264657","735343","-26.4657"
"INTEGRATED_CONTINUOUS","DS000247","SK하이닉스","0193T0","LONG","10/20","3/5","NONE","145","143","2","2","25.52","-0.2068","-0.3319","5.33","-2.1595","5.9960","-264754","735246","-26.4754"
"INTEGRATED_CONTINUOUS","DS001257","SK하이닉스","0193T0","LONG","3/30","5/10","10","122","120","2","2","37.70","-0.2450","-0.2473","9.98","-2.6011","5.7207","-264819","735181","-26.4819"
"INTEGRATED_CONTINUOUS","DS000573","삼성전자","0193L0","SHORT","3/10","3/10","10","178","175","3","2","33.71","-0.1694","-0.3119","9.03","-2.6568","2.9987","-264916","735084","-26.4916"
"INTEGRATED_CONTINUOUS","DS000540","SK하이닉스","0193T0","LONG","3/10","3/10","50","134","133","1","2","29.10","-0.2223","-0.4338","8.37","-2.5061","5.1857","-265064","734936","-26.5064"
"INTEGRATED_CONTINUOUS","DS002950","SK하이닉스","0197X0","SHORT","3/10","3/30","20","161","150","11","4","26.71","-0.1726","-0.5235","17.48","-3.3842","11.3926","-265311","734689","-26.5311"
"INTEGRATED_CONTINUOUS","DS001150","삼성전자","0193L0","SHORT","3/20","5/10","20","99","95","4","2","26.26","-0.3067","-0.3669","11.36","-3.6933","2.9987","-265369","734631","-26.5369"
"INTEGRATED_CONTINUOUS","DS002111","삼성전자","0193L0","SHORT","3/20","5/20","30","117","110","7","3","29.91","-0.2576","-0.3667","16.30","-4.3459","4.0649","-265394","734606","-26.5394"
"INTEGRATED_CONTINUOUS","DS003960","SK하이닉스","0197X0","SHORT","5/10","10/30","50","173","156","17","5","37.57","-0.1310","-0.2693","29.24","-10.8140","12.6247","-265468","734532","-26.5468"
"INTEGRATED_CONTINUOUS","DS003358","삼성전자","0193L0","SHORT","20/30","3/30","20","104","98","6","3","22.12","-0.2902","-0.4867","19.82","-2.5889","5.5304","-265723","734277","-26.5723"
"INTEGRATED_CONTINUOUS","DS000715","삼성전자","0193L0","SHORT","5/20","3/10","NONE","185","182","3","2","31.35","-0.1641","-0.2920","8.25","-1.7818","3.6335","-266163","733837","-26.6163"
"INTEGRATED_CONTINUOUS","DS004620","SK하이닉스","0193T0","LONG","3/30","20/30","50","56","55","1","4","28.57","-0.5378","-0.7562","27.04","-5.7498","5.6677","-266355","733645","-26.6355"
"INTEGRATED_CONTINUOUS","DS003104","삼성전자","0193W0","LONG","5/20","3/30","5","190","182","8","4","31.05","-0.1501","-0.4342","18.12","-3.6380","5.5530","-266382","733618","-26.6382"
"INTEGRATED_CONTINUOUS","DS001641","SK하이닉스","0193T0","LONG","5/20","3/20","10","144","140","4","2","31.25","-0.2050","-0.5392","14.83","-2.5711","6.4903","-266403","733597","-26.6403"
"INTEGRATED_CONTINUOUS","DS003429","SK하이닉스","0197X0","SHORT","3/10","5/30","10","164","157","7","4","28.05","-0.1498","-0.5106","24.88","-3.4319","11.9394","-266598","733402","-26.6598"
"INTEGRATED_CONTINUOUS","DS003034","SK하이닉스","0193T0","LONG","3/20","3/30","20","86","82","4","2","23.26","-0.3472","-0.6700","15.91","-2.9952","6.0228","-266634","733366","-26.6634"
"INTEGRATED_CONTINUOUS","DS001151","삼성전자","0193L0","SHORT","3/20","5/10","30","117","112","5","3","30.77","-0.2609","-0.3072","11.50","-3.6933","2.9987","-266648","733352","-26.6648"
"INTEGRATED_CONTINUOUS","DS000429","삼성전자","0193L0","SHORT","10/30","3/5","10","116","115","1","1","27.59","-0.2653","-0.2507","4.59","-2.1324","1.5764","-266695","733305","-26.6695"
"INTEGRATED_CONTINUOUS","DS003693","삼성전자","0193L0","SHORT","3/30","5/30","10","138","131","7","4","28.99","-0.2139","-0.4802","20.13","-2.7000","7.9391","-266750","733250","-26.6750"
"INTEGRATED_CONTINUOUS","DS001089","삼성전자","0193W0","LONG","5/10","5/10","10","133","128","5","2","28.57","-0.2297","-0.2865","9.32","-2.3776","3.7579","-267005","732995","-26.7005"
"INTEGRATED_CONTINUOUS","DS001080","SK하이닉스","0197X0","SHORT","5/10","5/10","50","173","168","5","2","31.79","-0.1706","-0.4276","10.03","-3.6571","6.8259","-267470","732530","-26.7470"
"INTEGRATED_CONTINUOUS","DS000081","삼성전자","0193W0","LONG","3/10","3/5","10","137","135","2","1","30.66","-0.2235","-0.2915","4.97","-3.0298","3.9131","-267732","732268","-26.7732"
"INTEGRATED_CONTINUOUS","DS002219","SK하이닉스","0193T0","LONG","3/30","5/20","30","58","53","5","2","31.03","-0.5101","-0.3603","21.50","-13.0351","4.1258","-267826","732174","-26.7826"
"INTEGRATED_CONTINUOUS","DS003840","삼성전자","0193L0","SHORT","20/30","5/30","50","60","57","3","2","16.67","-0.5157","-0.6154","20.42","-1.6005","2.1783","-268282","731718","-26.8282"
"INTEGRATED_CONTINUOUS","DS001438","삼성전자","0193L0","SHORT","20/30","5/10","20","104","103","1","3","23.08","-0.2965","-0.2948","9.64","-5.3076","1.9792","-268376","731624","-26.8376"
"INTEGRATED_CONTINUOUS","DS000130","삼성전자","0193W0","LONG","5/10","3/5","20","150","148","2","2","26.00","-0.2059","-0.2856","5.13","-1.7273","3.1990","-268568","731432","-26.8568"
"INTEGRATED_CONTINUOUS","DS001991","SK하이닉스","0197X0","SHORT","3/10","5/20","30","170","164","6","3","25.29","-0.1510","-0.4897","17.34","-5.1400","11.2317","-268656","731344","-26.8656"
"INTEGRATED_CONTINUOUS","DS001735","SK하이닉스","0193T0","LONG","3/30","3/20","NONE","150","146","4","2","30.67","-0.1942","-0.4416","15.25","-2.9883","6.6802","-268743","731257","-26.8743"
"INTEGRATED_CONTINUOUS","DS001915","삼성전자","0193L0","SHORT","20/30","3/20","NONE","122","117","5","3","24.59","-0.2525","-0.3119","14.39","-3.4243","4.2391","-269531","730469","-26.9531"
"INTEGRATED_CONTINUOUS","DS000451","SK하이닉스","0197X0","SHORT","20/30","3/5","NONE","114","113","1","2","28.95","-0.2705","-0.2573","6.18","-5.4364","2.4817","-269577","730423","-26.9577"
"INTEGRATED_CONTINUOUS","DS004750","삼성전자","0193L0","SHORT","10/30","20/30","20","85","79","6","3","31.76","-0.3501","-0.4737","31.29","-8.5459","6.6980","-269846","730154","-26.9846"
"INTEGRATED_CONTINUOUS","DS002841","SK하이닉스","0193T0","LONG","20/30","10/20","10","65","62","3","2","24.62","-0.4705","-0.6722","17.74","-3.5299","6.2442","-269983","730017","-26.9983"
"INTEGRATED_CONTINUOUS","DS001399","SK하이닉스","0193T0","LONG","20/30","5/10","NONE","100","97","3","2","26.00","-0.3064","-0.4182","9.42","-4.8292","5.2835","-270082","729918","-27.0082"
"INTEGRATED_CONTINUOUS","DS001195","삼성전자","0193L0","SHORT","5/20","5/10","NONE","185","182","3","2","34.05","-0.1660","-0.2853","10.25","-5.2353","4.1693","-270867","729133","-27.0867"
"INTEGRATED_CONTINUOUS","DS001807","삼성전자","0193W0","LONG","5/30","3/20","NONE","165","158","7","2","28.48","-0.1860","-0.3926","13.45","-2.2852","5.6914","-271241","728759","-27.1241"
"INTEGRATED_CONTINUOUS","DS001353","SK하이닉스","0193T0","LONG","10/30","5/10","10","99","95","4","2","28.28","-0.3141","-0.3397","8.83","-2.3296","4.9116","-271339","728661","-27.1339"
"INTEGRATED_CONTINUOUS","DS002829","삼성전자","0193L0","SHORT","10/30","10/20","10","116","110","6","3","25.00","-0.2648","-0.4663","18.93","-2.7812","6.0041","-271510","728490","-27.1510"
"INTEGRATED_CONTINUOUS","DS000609","삼성전자","0193W0","LONG","5/10","3/10","10","133","129","4","2","27.07","-0.2348","-0.2865","8.56","-1.8239","2.6326","-271603","728397","-27.1603"
"INTEGRATED_CONTINUOUS","DS001351","SK하이닉스","0193T0","LONG","10/30","5/10","NONE","109","105","4","3","30.28","-0.2842","-0.3397","9.10","-2.3296","4.9116","-271628","728372","-27.1628"
"INTEGRATED_CONTINUOUS","DS001832","SK하이닉스","0193T0","LONG","10/30","3/20","5","76","74","2","1","25.00","-0.4103","-0.5862","14.71","-2.0006","5.2054","-271723","728277","-27.1723"
"INTEGRATED_CONTINUOUS","DS004666","SK하이닉스","0193T0","LONG","5/30","20/30","20","88","80","8","3","35.23","-0.3419","-0.5561","29.57","-4.3592","8.9445","-272209","727791","-27.2209"
"INTEGRATED_CONTINUOUS","DS003103","삼성전자","0193W0","LONG","5/20","3/30","NONE","197","189","8","4","31.47","-0.1489","-0.4273","18.53","-3.6380","5.5530","-272419","727581","-27.2419"
"INTEGRATED_CONTINUOUS","DS002312","SK하이닉스","0193T0","LONG","10/30","5/20","5","76","71","5","1","25.00","-0.4089","-0.6117","16.21","-2.0024","8.4957","-272765","727235","-27.2765"
"INTEGRATED_CONTINUOUS","DS004716","SK하이닉스","0193T0","LONG","10/30","20/30","50","40","38","2","2","27.50","-0.7698","-0.9258","27.50","-5.1638","8.4957","-272821","727179","-27.2821"
"INTEGRATED_CONTINUOUS","DS001497","SK하이닉스","0193T0","LONG","3/10","3/20","10","149","144","5","4","32.21","-0.1879","-0.5968","14.78","-2.7088","8.0933","-272841","727159","-27.2841"
"INTEGRATED_CONTINUOUS","DS001833","SK하이닉스","0193T0","LONG","10/30","3/20","10","99","94","5","2","24.24","-0.3128","-0.4685","13.74","-2.0171","8.4197","-273081","726919","-27.3081"
"INTEGRATED_CONTINUOUS","DS004162","삼성전자","0193W0","LONG","3/30","10/30","20","113","104","9","3","27.43","-0.2681","-0.5091","21.46","-3.2422","7.8638","-273615","726385","-27.3615"
"INTEGRATED_CONTINUOUS","DS000058","SK하이닉스","0193T0","LONG","3/10","3/5","20","138","135","3","1","23.91","-0.2251","-0.3171","5.14","-2.1231","7.0780","-273633","726367","-27.3633"
"INTEGRATED_CONTINUOUS","DS001304","SK하이닉스","0193T0","LONG","5/30","5/10","5","122","118","4","2","30.33","-0.2558","-0.2675","10.08","-2.6011","5.3457","-273670","726330","-27.3670"
"INTEGRATED_CONTINUOUS","DS000235","삼성전자","0193L0","SHORT","5/20","3/5","NONE","185","182","3","2","30.27","-0.1708","-0.2494","4.48","-1.3874","3.1436","-273748","726252","-27.3748"
"INTEGRATED_CONTINUOUS","DS003199","삼성전자","0193W0","LONG","3/30","3/30","NONE","203","195","8","2","28.57","-0.1512","-0.4135","13.96","-2.0256","5.1333","-273862","726138","-27.3862"
"INTEGRATED_CONTINUOUS","DS001231","삼성전자","0193W0","LONG","10/20","5/10","NONE","171","166","5","2","29.24","-0.1814","-0.2890","9.17","-2.6514","4.8205","-273919","726081","-27.3919"
"INTEGRATED_CONTINUOUS","DS003754","SK하이닉스","0193T0","LONG","10/30","5/30","20","79","73","6","2","29.11","-0.3924","-0.7489","22.68","-3.0949","8.4957","-274063","725937","-27.4063"
"INTEGRATED_CONTINUOUS","DS002695","SK하이닉스","0193T0","LONG","3/30","10/20","NONE","150","139","11","4","37.33","-0.1950","-0.3067","20.36","-4.6994","9.3323","-275380","724620","-27.5380"
"INTEGRATED_CONTINUOUS","DS001031","SK하이닉스","0197X0","SHORT","3/10","5/10","30","170","166","4","3","35.88","-0.1771","-0.3191","11.22","-6.8667","5.3758","-275476","724524","-27.5476"
"INTEGRATED_CONTINUOUS","DS002940","SK하이닉스","0193T0","LONG","3/10","3/30","50","134","130","4","5","31.34","-0.2249","-0.5260","21.82","-2.9952","6.5542","-275494","724506","-27.5494"
"INTEGRATED_CONTINUOUS","DS002301","삼성전자","0193L0","SHORT","5/30","5/20","10","128","123","5","2","29.69","-0.2419","-0.4580","17.59","-5.2344","4.7776","-275797","724203","-27.5797"
"INTEGRATED_CONTINUOUS","DS000775","SK하이닉스","0193T0","LONG","3/30","3/10","NONE","150","147","3","2","36.67","-0.2082","-0.3114","9.37","-2.5061","5.6022","-275882","724118","-27.5882"
"INTEGRATED_CONTINUOUS","DS002253","삼성전자","0193L0","SHORT","3/30","5/20","10","138","131","7","4","31.88","-0.2248","-0.4127","17.32","-5.2344","5.0352","-275902","724098","-27.5902"
"INTEGRATED_CONTINUOUS","DS004030","삼성전자","0193L0","SHORT","3/20","10/30","20","99","91","8","3","28.28","-0.3166","-0.4593","23.57","-5.0225","3.7843","-275960","724040","-27.5960"
"INTEGRATED_CONTINUOUS","DS000955","삼성전자","0193L0","SHORT","20/30","3/10","NONE","122","121","1","2","27.05","-0.2615","-0.2000","9.11","-4.9699","1.8673","-276076","723924","-27.6076"
"INTEGRATED_CONTINUOUS","DS002004","삼성전자","0193W0","LONG","3/10","5/20","50","171","159","12","5","33.33","-0.1771","-0.3764","18.56","-3.1207","5.1618","-276186","723814","-27.6186"
"INTEGRATED_CONTINUOUS","DS001665","삼성전자","0193W0","LONG","5/20","3/20","10","156","150","6","2","31.41","-0.2005","-0.4266","13.30","-2.6483","5.8000","-276269","723731","-27.6269"
"INTEGRATED_CONTINUOUS","DS004607","삼성전자","0193L0","SHORT","10/20","20/30","30","79","69","10","3","27.85","-0.3924","-0.4038","31.09","-9.1959","6.1629","-276453","723547","-27.6453"
"INTEGRATED_CONTINUOUS","DS000972","SK하이닉스","0193T0","LONG","3/5","5/10","50","230","227","3","4","35.65","-0.1290","-0.3395","12.74","-2.7088","5.5449","-276804","723196","-27.6804"
"INTEGRATED_CONTINUOUS","DS004784","삼성전자","0193W0","LONG","20/30","20/30","5","77","72","5","1","28.57","-0.4107","-0.5857","25.13","-3.3979","5.5431","-277027","722973","-27.7027"
"INTEGRATED_CONTINUOUS","DS003321","SK하이닉스","0193T0","LONG","20/30","3/30","10","65","63","2","2","21.54","-0.4849","-0.7947","18.98","-2.5571","6.2442","-277061","722939","-27.7061"
"INTEGRATED_CONTINUOUS","DS001303","SK하이닉스","0193T0","LONG","5/30","5/10","NONE","123","119","4","2","30.08","-0.2579","-0.2681","10.01","-2.6011","5.3457","-277372","722628","-27.7372"
"INTEGRATED_CONTINUOUS","DS000188","삼성전자","0193L0","SHORT","3/20","3/5","5","196","193","3","2","28.57","-0.1635","-0.2984","4.99","-1.6738","3.1436","-277411","722589","-27.7411"
"INTEGRATED_CONTINUOUS","DS004497","삼성전자","0193W0","LONG","3/20","20/30","10","157","142","15","4","35.67","-0.1753","-0.3995","29.98","-4.9596","7.6623","-277596","722404","-27.7596"
"INTEGRATED_CONTINUOUS","DS003645","삼성전자","0193L0","SHORT","10/20","5/30","10","152","145","7","3","32.24","-0.1998","-0.3662","23.71","-6.6565","7.2360","-277719","722281","-27.7719"
"INTEGRATED_CONTINUOUS","DS003343","삼성전자","0193W0","LONG","20/30","3/30","NONE","120","116","4","2","29.17","-0.2639","-0.4471","18.90","-4.5226","3.5665","-278255","721745","-27.8255"
"INTEGRATED_CONTINUOUS","DS001426","삼성전자","0193W0","LONG","20/30","5/10","20","108","103","5","2","23.15","-0.2978","-0.4297","9.42","-2.7528","3.0746","-278289","721711","-27.8289"
"INTEGRATED_CONTINUOUS","DS002193","삼성전자","0193W0","LONG","10/20","5/20","10","159","152","7","3","28.93","-0.1995","-0.4076","15.52","-3.0586","5.0254","-278574","721426","-27.8574"
"INTEGRATED_CONTINUOUS","DS003728","삼성전자","0193W0","LONG","5/30","5/30","5","158","150","8","2","29.11","-0.1991","-0.5214","17.28","-2.9791","5.3840","-278580","721420","-27.8580"
"INTEGRATED_CONTINUOUS","DS001148","삼성전자","0193L0","SHORT","3/20","5/10","5","196","191","5","2","33.67","-0.1622","-0.2528","10.90","-3.6933","3.0996","-279047","720953","-27.9047"
"INTEGRATED_CONTINUOUS","DS003705","SK하이닉스","0193T0","LONG","5/30","5/30","10","104","97","7","2","26.92","-0.3006","-0.6436","19.75","-2.7856","8.9445","-279674","720326","-27.9674"
"INTEGRATED_CONTINUOUS","DS002637","삼성전자","0193L0","SHORT","5/20","10/20","10","141","132","9","3","31.91","-0.2243","-0.3909","20.45","-3.7482","7.0547","-279841","720159","-27.9841"
"INTEGRATED_CONTINUOUS","DS002203","삼성전자","0193L0","SHORT","10/20","5/20","NONE","164","159","5","2","32.32","-0.1933","-0.3423","17.25","-2.3429","6.3271","-280080","719920","-28.0080"
"INTEGRATED_CONTINUOUS","DS000597","SK하이닉스","0197X0","SHORT","5/10","3/10","10","150","144","6","3","32.67","-0.2117","-0.3721","9.57","-3.2730","4.4133","-280575","719425","-28.0575"
"INTEGRATED_CONTINUOUS","DS002672","삼성전자","0193W0","LONG","10/20","10/20","5","125","117","8","3","30.40","-0.2548","-0.4240","18.17","-4.6634","6.4086","-280628","719372","-28.0628"
"INTEGRATED_CONTINUOUS","DS000943","삼성전자","0193W0","LONG","20/30","3/10","NONE","120","115","5","2","25.00","-0.2706","-0.3385","9.20","-3.3239","2.8227","-280705","719295","-28.0705"
"INTEGRATED_CONTINUOUS","DS004232","SK하이닉스","0193T0","LONG","10/30","10/30","5","76","71","5","1","23.68","-0.4112","-0.8312","26.62","-3.3697","10.3433","-280750","719250","-28.0750"
"INTEGRATED_CONTINUOUS","DS003115","삼성전자","0193L0","SHORT","5/20","3/30","NONE","185","177","8","4","29.19","-0.1645","-0.4073","20.61","-6.4469","7.7967","-280781","719219","-28.0781"
"INTEGRATED_CONTINUOUS","DS001017","SK하이닉스","0193T0","LONG","3/10","5/10","10","149","145","4","2","35.57","-0.2089","-0.3020","10.46","-4.0462","5.1857","-280892","719108","-28.0892"
"INTEGRATED_CONTINUOUS","DS000562","삼성전자","0193W0","LONG","3/10","3/10","20","157","154","3","2","28.03","-0.2058","-0.3540","8.03","-2.0410","4.6843","-281437","718563","-28.1437"
"INTEGRATED_CONTINUOUS","DS002241","삼성전자","0193W0","LONG","3/30","5/20","10","147","140","7","3","31.29","-0.2172","-0.4573","15.71","-1.8227","5.1333","-281725","718275","-28.1725"
"INTEGRATED_CONTINUOUS","DS000163","SK하이닉스","0197X0","SHORT","3/20","3/5","NONE","218","213","5","1","31.65","-0.1473","-0.3393","5.42","-3.2730","4.0482","-281904","718096","-28.1904"
"INTEGRATED_CONTINUOUS","DS003273","SK하이닉스","0193T0","LONG","10/30","3/30","10","99","93","6","2","26.26","-0.3203","-0.6217","19.73","-2.3842","8.4957","-282361","717639","-28.2361"
"INTEGRATED_CONTINUOUS","DS002362","SK하이닉스","0193T0","LONG","20/30","5/20","20","91","85","6","2","27.47","-0.3581","-0.5148","14.44","-2.7102","6.2442","-284066","715934","-28.4066"
"INTEGRATED_CONTINUOUS","DS002854","SK하이닉스","0197X0","SHORT","20/30","10/20","20","107","103","4","2","34.58","-0.2955","-0.5149","19.30","-6.2364","7.7665","-284074","715926","-28.4074"
"INTEGRATED_CONTINUOUS","DS004031","삼성전자","0193L0","SHORT","3/20","10/30","30","117","106","11","4","30.77","-0.2785","-0.3968","23.35","-4.3459","3.7843","-284171","715829","-28.4171"
"INTEGRATED_CONTINUOUS","DS002851","SK하이닉스","0197X0","SHORT","20/30","10/20","NONE","114","109","5","2","34.21","-0.2762","-0.5112","19.18","-6.2364","7.7665","-284221","715779","-28.4221"
"INTEGRATED_CONTINUOUS","DS000681","SK하이닉스","0193T0","LONG","5/20","3/10","10","144","141","3","2","36.11","-0.2262","-0.3819","9.08","-3.3443","5.6022","-285300","714700","-28.5300"
"INTEGRATED_CONTINUOUS","DS001291","삼성전자","0193L0","SHORT","3/30","5/10","NONE","198","191","7","3","32.83","-0.1654","-0.2538","10.90","-2.4503","3.3583","-285378","714622","-28.5378"
"INTEGRATED_CONTINUOUS","DS002288","삼성전자","0193W0","LONG","5/30","5/20","5","158","149","9","2","32.28","-0.2059","-0.4305","15.62","-2.2965","5.0254","-285408","714592","-28.5408"
"INTEGRATED_CONTINUOUS","DS002520","SK하이닉스","0197X0","SHORT","5/10","10/20","50","173","162","11","5","34.10","-0.1652","-0.4556","22.85","-4.9962","11.2719","-285898","714102","-28.5898"
"INTEGRATED_CONTINUOUS","DS000958","삼성전자","0193L0","SHORT","20/30","3/10","20","104","103","1","2","25.96","-0.3204","-0.2000","8.87","-4.9699","1.8673","-286157","713843","-28.6157"
"INTEGRATED_CONTINUOUS","DS000919","SK하이닉스","0193T0","LONG","20/30","3/10","NONE","100","96","4","2","25.00","-0.3295","-0.4470","9.01","-6.1343","3.3714","-286357","713643","-28.6357"
"INTEGRATED_CONTINUOUS","DS004092","SK하이닉스","0193T0","LONG","10/20","10/30","50","58","55","3","3","17.24","-0.5631","-0.8446","22.86","-3.2319","5.8174","-286455","713545","-28.6455"
"INTEGRATED_CONTINUOUS","DS003596","삼성전자","0193L0","SHORT","5/20","5/30","5","175","166","9","4","28.57","-0.1804","-0.3980","22.17","-6.7967","8.7860","-286535","713465","-28.6535"
"INTEGRATED_CONTINUOUS","DS000538","SK하이닉스","0193T0","LONG","3/10","3/10","20","138","135","3","2","26.81","-0.2383","-0.4185","8.20","-2.5061","5.1857","-287480","712520","-28.7480"
"INTEGRATED_CONTINUOUS","DS003659","SK하이닉스","0193T0","LONG","3/30","5/30","30","58","53","5","3","25.86","-0.5544","-0.5781","24.21","-13.3443","6.6040","-287497","712503","-28.7497"
"INTEGRATED_CONTINUOUS","DS002121","SK하이닉스","0193T0","LONG","5/20","5/20","10","144","136","8","2","30.56","-0.2236","-0.6035","15.53","-3.3443","9.3323","-287547","712453","-28.7547"
"INTEGRATED_CONTINUOUS","DS004571","SK하이닉스","0193T0","LONG","10/20","20/30","30","66","60","6","5","24.24","-0.4830","-0.7511","27.44","-4.3592","9.3607","-287630","712370","-28.7630"
"INTEGRATED_CONTINUOUS","DS000537","SK하이닉스","0193T0","LONG","3/10","3/10","10","149","145","4","2","30.87","-0.2211","-0.3348","8.87","-2.5061","5.1857","-288178","711822","-28.8178"
"INTEGRATED_CONTINUOUS","DS001629","삼성전자","0193L0","SHORT","3/20","3/20","10","175","170","5","1","28.00","-0.1888","-0.4274","13.26","-3.6933","4.9605","-288302","711698","-28.8302"
"INTEGRATED_CONTINUOUS","DS003752","SK하이닉스","0193T0","LONG","10/30","5/30","5","76","71","5","2","26.32","-0.4327","-0.8383","22.63","-3.0949","8.4957","-288481","711519","-28.8481"
"INTEGRATED_CONTINUOUS","DS004760","SK하이닉스","0193T0","LONG","20/30","20/30","5","56","52","4","1","21.43","-0.5794","-0.7331","27.34","-6.0402","9.3607","-288591","711409","-28.8591"
"INTEGRATED_CONTINUOUS","DS001759","삼성전자","0193W0","LONG","3/30","3/20","NONE","203","193","10","3","30.54","-0.1599","-0.3811","13.81","-2.2852","5.8000","-288778","711222","-28.8778"
"INTEGRATED_CONTINUOUS","DS000096","삼성전자","0193L0","SHORT","3/10","3/5","50","194","189","5","2","27.32","-0.1731","-0.2460","5.12","-1.7917","3.1436","-288818","711182","-28.8818"
"INTEGRATED_CONTINUOUS","DS001536","삼성전자","0193L0","SHORT","3/10","3/20","50","194","187","7","4","30.41","-0.1674","-0.3046","14.57","-3.6933","5.0483","-289285","710715","-28.9285"
"INTEGRATED_CONTINUOUS","DS004774","SK하이닉스","0197X0","SHORT","20/30","20/30","20","107","99","8","1","36.45","-0.3010","-0.7005","27.31","-5.3405","7.3472","-289715","710285","-28.9715"
"INTEGRATED_CONTINUOUS","DS003633","삼성전자","0193W0","LONG","10/20","5/30","10","159","149","10","3","30.82","-0.2061","-0.5259","20.59","-4.9105","5.3840","-289887","710113","-28.9887"
"INTEGRATED_CONTINUOUS","DS002062","삼성전자","0193L0","SHORT","5/10","5/20","20","168","162","6","5","29.17","-0.1970","-0.4312","15.18","-2.1400","4.6533","-289967","710033","-28.9967"
"INTEGRATED_CONTINUOUS","DS001135","삼성전자","0193W0","LONG","3/20","5/10","NONE","248","239","9","3","31.85","-0.1323","-0.3372","10.25","-2.2151","5.1443","-290269","709731","-29.0269"
"INTEGRATED_CONTINUOUS","DS002827","삼성전자","0193L0","SHORT","10/30","10/20","NONE","122","115","7","3","26.23","-0.2732","-0.4663","18.63","-2.7812","6.0041","-290436","709564","-29.0436"
"INTEGRATED_CONTINUOUS","DS002460","SK하이닉스","0193T0","LONG","3/10","10/20","50","134","128","6","5","35.82","-0.2343","-0.3882","23.77","-4.2127","6.8044","-290497","709503","-29.0497"
"INTEGRATED_CONTINUOUS","DS003068","삼성전자","0193L0","SHORT","3/20","3/30","5","196","188","8","5","32.14","-0.1636","-0.3668","20.93","-6.4469","6.2608","-291024","708976","-29.1024"
"INTEGRATED_CONTINUOUS","DS001029","SK하이닉스","0197X0","SHORT","3/10","5/10","10","164","159","5","3","34.15","-0.1990","-0.3079","11.05","-6.8667","5.3758","-291252","708748","-29.1252"
"INTEGRATED_CONTINUOUS","DS004210","삼성전자","0193W0","LONG","5/30","10/30","20","106","101","5","3","24.53","-0.3110","-0.4770","22.68","-3.8568","7.8638","-291548","708452","-29.1548"
"INTEGRATED_CONTINUOUS","DS001581","삼성전자","0193L0","SHORT","5/10","3/20","10","159","155","4","4","28.93","-0.2114","-0.4296","13.87","-2.1011","4.0482","-291847","708153","-29.1847"
"INTEGRATED_CONTINUOUS","DS001713","삼성전자","0193W0","LONG","10/20","3/20","10","159","152","7","2","28.30","-0.2119","-0.3896","13.08","-2.8219","5.6914","-292414","707586","-29.2414"
"INTEGRATED_CONTINUOUS","DS001675","삼성전자","0193L0","SHORT","5/20","3/20","NONE","185","180","5","2","25.95","-0.1815","-0.3831","13.56","-2.0015","6.4777","-292466","707534","-29.2466"
"INTEGRATED_CONTINUOUS","DS002386","삼성전자","0193W0","LONG","20/30","5/20","20","108","104","4","2","27.78","-0.3161","-0.5020","13.77","-2.5203","3.2761","-293050","706950","-29.3050"
"INTEGRATED_CONTINUOUS","DS000610","삼성전자","0193W0","LONG","5/10","3/10","20","150","146","4","2","28.67","-0.2272","-0.3145","8.41","-3.0659","3.6718","-293116","706884","-29.3116"
"INTEGRATED_CONTINUOUS","DS002988","SK하이닉스","0193T0","LONG","5/10","3/30","50","128","125","3","4","30.47","-0.2551","-0.5006","19.97","-3.7368","6.0228","-293337","706663","-29.3337"
"INTEGRATED_CONTINUOUS","DS000634","SK하이닉스","0193T0","LONG","3/20","3/10","20","86","82","4","2","32.56","-0.3948","-0.4638","9.40","-6.8416","3.1769","-293387","706613","-29.3387"
"INTEGRATED_CONTINUOUS","DS003692","삼성전자","0193L0","SHORT","3/30","5/30","5","164","155","9","3","29.88","-0.2026","-0.4062","19.55","-2.7000","7.9391","-293489","706511","-29.3489"
"INTEGRATED_CONTINUOUS","DS001978","SK하이닉스","0193T0","LONG","3/10","5/20","20","138","128","10","4","28.99","-0.2204","-0.4638","17.67","-12.3102","8.6876","-293748","706252","-29.3748"
"INTEGRATED_CONTINUOUS","DS003727","삼성전자","0193W0","LONG","5/30","5/30","NONE","165","156","9","2","28.48","-0.2035","-0.5085","17.07","-2.9791","5.3840","-293788","706212","-29.3788"
"INTEGRATED_CONTINUOUS","DS001305","SK하이닉스","0193T0","LONG","5/30","5/10","10","104","101","3","2","28.85","-0.3283","-0.3477","9.36","-2.6011","5.3457","-293982","706018","-29.3982"
"INTEGRATED_CONTINUOUS","DS003355","삼성전자","0193L0","SHORT","20/30","3/30","NONE","122","115","7","3","25.41","-0.2791","-0.3997","20.66","-3.4243","5.5304","-294219","705781","-29.4219"
"INTEGRATED_CONTINUOUS","DS003271","SK하이닉스","0193T0","LONG","10/30","3/30","NONE","109","102","7","3","26.61","-0.3050","-0.6167","20.42","-2.3842","8.4957","-294221","705779","-29.4221"
"INTEGRATED_CONTINUOUS","DS001500","SK하이닉스","0193T0","LONG","3/10","3/20","50","134","131","3","5","31.34","-0.2493","-0.4587","17.07","-2.7088","4.7005","-294771","705229","-29.4771"
"INTEGRATED_CONTINUOUS","DS001882","SK하이닉스","0193T0","LONG","20/30","3/20","20","91","88","3","2","19.78","-0.3768","-0.5001","12.86","-2.1443","6.1754","-294827","705173","-29.4827"
"INTEGRATED_CONTINUOUS","DS000165","SK하이닉스","0197X0","SHORT","3/20","3/5","10","167","163","4","1","29.94","-0.2051","-0.3603","5.32","-3.2730","4.0482","-294974","705026","-29.4974"
"INTEGRATED_CONTINUOUS","DS002768","삼성전자","0193W0","LONG","5/30","10/20","5","158","147","11","3","35.44","-0.2127","-0.4842","18.24","-2.3941","6.4086","-295097","704903","-29.5097"
"INTEGRATED_CONTINUOUS","DS000859","삼성전자","0193L0","SHORT","5/30","3/10","NONE","160","157","3","3","31.25","-0.2146","-0.3445","8.89","-4.6776","2.6571","-295748","704252","-29.5748"
"INTEGRATED_CONTINUOUS","DS003551","삼성전자","0193L0","SHORT","3/20","5/30","30","117","109","8","3","30.77","-0.2933","-0.4286","18.41","-4.3459","3.6721","-295955","704045","-29.5955"
"INTEGRATED_CONTINUOUS","DS004640","삼성전자","0193W0","LONG","3/30","20/30","5","166","151","15","4","34.94","-0.1795","-0.3789","26.57","-3.7314","7.4410","-296071","703929","-29.6071"
"INTEGRATED_CONTINUOUS","DS003211","삼성전자","0193L0","SHORT","3/30","3/30","NONE","198","190","8","2","22.22","-0.1718","-0.4040","15.38","-1.8577","6.9575","-296498","703502","-29.6498"
"INTEGRATED_CONTINUOUS","DS002973","삼성전자","0193L0","SHORT","3/10","3/30","10","178","171","7","6","34.27","-0.1851","-0.4726","21.04","-5.5887","5.7992","-296563","703437","-29.6563"
"INTEGRATED_CONTINUOUS","DS003838","삼성전자","0193L0","SHORT","20/30","5/30","20","104","98","6","3","21.15","-0.3314","-0.5365","20.37","-2.9778","6.4990","-296731","703269","-29.6731"
"INTEGRATED_CONTINUOUS","DS000753","삼성전자","0193W0","LONG","10/20","3/10","10","159","154","5","2","26.42","-0.2171","-0.3337","7.58","-2.2060","4.5643","-296799","703201","-29.6799"
"INTEGRATED_CONTINUOUS","DS001041","삼성전자","0193W0","LONG","3/10","5/10","10","137","133","4","2","27.74","-0.2506","-0.3802","9.91","-2.4011","4.6843","-296921","703079","-29.6921"
"INTEGRATED_CONTINUOUS","DS004209","삼성전자","0193W0","LONG","5/30","10/30","10","130","120","10","2","26.92","-0.2571","-0.4983","26.04","-3.8568","7.8638","-297414","702586","-29.7414"
"INTEGRATED_CONTINUOUS","DS001090","삼성전자","0193W0","LONG","5/10","5/10","20","150","146","4","2","28.67","-0.2313","-0.3443","9.01","-2.2801","3.8498","-297423","702577","-29.7423"
"INTEGRATED_CONTINUOUS","DS000799","삼성전자","0193W0","LONG","3/30","3/10","NONE","203","197","6","3","31.53","-0.1693","-0.3216","8.34","-2.6319","4.6843","-297483","702517","-29.7483"
"INTEGRATED_CONTINUOUS","DS002144","삼성전자","0193W0","LONG","5/20","5/20","5","190","181","9","2","32.63","-0.1797","-0.4173","14.68","-2.3127","5.1333","-297666","702334","-29.7666"
"INTEGRATED_CONTINUOUS","DS000586","SK하이닉스","0193T0","LONG","5/10","3/10","20","131","128","3","2","26.72","-0.2610","-0.4449","8.35","-3.2513","4.9307","-298315","701685","-29.8315"
"INTEGRATED_CONTINUOUS","DS000561","삼성전자","0193W0","LONG","3/10","3/10","10","137","134","3","2","25.55","-0.2539","-0.4036","8.09","-2.0410","4.6843","-298520","701480","-29.8520"
"INTEGRATED_CONTINUOUS","DS000094","삼성전자","0193L0","SHORT","3/10","3/5","20","186","182","4","2","27.96","-0.1882","-0.2000","5.27","-1.7917","2.1455","-298536","701464","-29.8536"
"INTEGRATED_CONTINUOUS","DS001032","SK하이닉스","0197X0","SHORT","3/10","5/10","50","175","171","4","3","35.43","-0.1917","-0.4583","10.65","-6.8667","5.3758","-298734","701266","-29.8734"
"INTEGRATED_CONTINUOUS","DS002506","SK하이닉스","0193T0","LONG","5/10","10/20","20","131","120","11","4","32.06","-0.2490","-0.4710","18.79","-3.3207","6.2717","-298806","701194","-29.8806"
"INTEGRATED_CONTINUOUS","DS001615","삼성전자","0193W0","LONG","3/20","3/20","NONE","248","239","9","2","29.03","-0.1378","-0.3772","11.49","-3.0298","6.0179","-298818","701182","-29.8818"
"INTEGRATED_CONTINUOUS","DS001944","SK하이닉스","0197X0","SHORT","3/5","5/20","50","342","333","9","8","34.21","-0.0593","-0.4322","19.41","-6.2592","11.2317","-299223","700777","-29.9223"
"INTEGRATED_CONTINUOUS","DS002143","삼성전자","0193W0","LONG","5/20","5/20","NONE","197","188","9","2","32.99","-0.1744","-0.4090","14.58","-2.3127","5.1333","-299348","700652","-29.9348"
"INTEGRATED_CONTINUOUS","DS000118","SK하이닉스","0197X0","SHORT","5/10","3/5","20","158","154","4","2","30.38","-0.2201","-0.2721","5.05","-3.2730","6.9315","-300053","699947","-30.0053"
"INTEGRATED_CONTINUOUS","DS002049","삼성전자","0193W0","LONG","5/10","5/20","10","133","128","5","4","28.57","-0.2598","-0.4576","16.51","-2.3182","4.2041","-300142","699858","-30.0142"
"INTEGRATED_CONTINUOUS","DS004187","SK하이닉스","0193T0","LONG","5/30","10/30","30","55","48","7","2","25.45","-0.6211","-0.6135","25.58","-11.4639","6.1472","-300185","699815","-30.0185"
"INTEGRATED_CONTINUOUS","DS000427","삼성전자","0193L0","SHORT","10/30","3/5","NONE","122","121","1","1","27.87","-0.2904","-0.2507","4.89","-3.4000","1.5764","-300554","699446","-30.0554"
"INTEGRATED_CONTINUOUS","DS002792","SK하이닉스","0193T0","LONG","10/30","10/20","5","76","71","5","1","25.00","-0.4577","-0.6674","18.83","-2.6302","8.4957","-300725","699275","-30.0725"
"INTEGRATED_CONTINUOUS","DS001906","삼성전자","0193W0","LONG","20/30","3/20","20","108","105","3","2","25.00","-0.3270","-0.5018","12.09","-2.5203","3.9310","-300759","699241","-30.0759"
"INTEGRATED_CONTINUOUS","DS002649","SK하이닉스","0193T0","LONG","10/20","10/20","10","133","124","9","2","29.32","-0.2556","-0.5790","18.65","-3.3866","8.8159","-301400","698600","-30.1400"
"INTEGRATED_CONTINUOUS","DS002938","SK하이닉스","0193T0","LONG","3/10","3/30","20","138","134","4","4","26.81","-0.2404","-0.5583","16.12","-2.9952","6.5542","-302079","697921","-30.2079"
"INTEGRATED_CONTINUOUS","DS003972","삼성전자","0193W0","LONG","5/10","10/30","50","153","142","11","7","32.68","-0.2134","-0.4675","29.28","-5.1116","5.9031","-302211","697789","-30.2211"
"INTEGRATED_CONTINUOUS","DS002732","삼성전자","0193L0","SHORT","3/30","10/20","5","164","153","11","3","35.98","-0.2099","-0.3118","21.73","-5.3934","6.2213","-302440","697560","-30.2440"
"INTEGRATED_CONTINUOUS","DS003608","SK하이닉스","0193T0","LONG","10/20","5/30","5","108","100","8","3","27.78","-0.3161","-0.6146","23.07","-3.1146","8.8159","-302621","697379","-30.2621"
"INTEGRATED_CONTINUOUS","DS004452","삼성전자","0193W0","LONG","5/10","20/30","50","153","145","8","6","38.56","-0.2130","-0.3517","27.41","-4.8660","6.4876","-302862","697138","-30.2862"
"INTEGRATED_CONTINUOUS","DS003081","SK하이닉스","0193T0","LONG","5/20","3/30","10","144","139","5","3","27.08","-0.2346","-0.6037","19.41","-3.0046","9.3323","-302993","697007","-30.2993"
"INTEGRATED_CONTINUOUS","DS000655","삼성전자","0193W0","LONG","3/20","3/10","NONE","248","240","8","3","29.44","-0.1407","-0.3105","8.67","-2.2151","4.8874","-303124","696876","-30.3124"
"INTEGRATED_CONTINUOUS","DS003011","삼성전자","0193W0","LONG","5/10","3/30","30","146","138","8","7","28.77","-0.2399","-0.4777","18.14","-2.6930","4.8468","-303125","696875","-30.3125"
"INTEGRATED_CONTINUOUS","DS000069","SK하이닉스","0197X0","SHORT","3/10","3/5","10","164","159","5","2","31.71","-0.2148","-0.3639","5.77","-3.2730","5.4800","-303186","696814","-30.3186"
"INTEGRATED_CONTINUOUS","DS000143","삼성전자","0193L0","SHORT","5/10","3/5","30","189","185","4","2","27.51","-0.1887","-0.2411","5.10","-1.7087","2.5325","-303225","696775","-30.3225"
"INTEGRATED_CONTINUOUS","DS003420","SK하이닉스","0193T0","LONG","3/10","5/30","50","134","127","7","5","31.34","-0.2506","-0.5023","24.63","-3.7123","6.8044","-303377","696623","-30.3377"
"INTEGRATED_CONTINUOUS","DS002721","삼성전자","0193W0","LONG","3/30","10/20","10","147","138","9","3","33.33","-0.2367","-0.5166","18.20","-2.0938","6.5179","-303480","696520","-30.3480"
"INTEGRATED_CONTINUOUS","DS004522","SK하이닉스","0193T0","LONG","5/20","20/30","20","75","66","9","6","32.00","-0.4559","-0.6720","28.12","-5.7498","8.3787","-304294","695706","-30.4294"
"INTEGRATED_CONTINUOUS","DS002625","삼성전자","0193W0","LONG","5/20","10/20","10","156","146","10","3","34.62","-0.2215","-0.4480","19.14","-3.9295","6.5179","-304472","695528","-30.4472"
"INTEGRATED_CONTINUOUS","DS003492","삼성전자","0193W0","LONG","5/10","5/30","50","153","143","10","7","31.37","-0.2254","-0.4199","23.27","-4.8169","4.8989","-304494","695506","-30.4494"
"INTEGRATED_CONTINUOUS","DS003643","삼성전자","0193L0","SHORT","10/20","5/30","NONE","164","157","7","3","32.32","-0.2077","-0.3780","23.57","-6.6565","7.2360","-304566","695434","-30.4566"
"INTEGRATED_CONTINUOUS","DS001256","SK하이닉스","0193T0","LONG","3/30","5/10","5","134","130","4","2","36.57","-0.2629","-0.2641","10.46","-4.8392","5.7207","-304940","695060","-30.4940"
"INTEGRATED_CONTINUOUS","DS002095","삼성전자","0193W0","LONG","3/20","5/20","NONE","248","236","12","3","31.05","-0.1394","-0.3519","17.02","-2.2728","5.3498","-305141","694859","-30.5141"
"INTEGRATED_CONTINUOUS","DS000551","SK하이닉스","0197X0","SHORT","3/10","3/10","30","170","166","4","2","31.76","-0.2060","-0.3910","9.19","-3.2730","5.6364","-305551","694449","-30.5551"
"INTEGRATED_CONTINUOUS","DS004771","SK하이닉스","0197X0","SHORT","20/30","20/30","NONE","114","106","8","1","35.09","-0.3022","-0.5041","26.00","-5.3405","7.3472","-305678","694322","-30.5678"
"INTEGRATED_CONTINUOUS","DS004284","SK하이닉스","0193T0","LONG","20/30","10/30","50","43","37","6","2","20.93","-0.8349","-0.9449","21.77","-3.5299","6.2442","-306005","693995","-30.6005"
"INTEGRATED_CONTINUOUS","DS000811","삼성전자","0193L0","SHORT","3/30","3/10","NONE","198","192","6","3","31.31","-0.1809","-0.2807","9.56","-1.8577","2.9987","-306079","693921","-30.6079"
"INTEGRATED_CONTINUOUS","DS003909","SK하이닉스","0197X0","SHORT","3/10","10/30","10","164","154","10","4","32.93","-0.1706","-0.5466","28.61","-4.2558","13.3003","-306133","693867","-30.6133"
"INTEGRATED_CONTINUOUS","DS002601","SK하이닉스","0193T0","LONG","5/20","10/20","10","144","135","9","3","35.42","-0.2364","-0.5807","20.44","-4.2206","9.3323","-307080","692920","-30.7080"
"INTEGRATED_CONTINUOUS","DS003679","삼성전자","0193W0","LONG","3/30","5/30","NONE","203","190","13","3","29.56","-0.1717","-0.4332","18.00","-2.3590","5.4923","-307412","692588","-30.7412"
"INTEGRATED_CONTINUOUS","DS000704","삼성전자","0193W0","LONG","5/20","3/10","5","190","184","6","2","28.42","-0.1889","-0.3534","8.09","-2.3630","4.6718","-307814","692186","-30.7814"
"INTEGRATED_CONTINUOUS","DS001903","삼성전자","0193W0","LONG","20/30","3/20","NONE","120","116","4","2","27.50","-0.3014","-0.4643","13.32","-3.9777","3.9310","-307816","692184","-30.7816"
"INTEGRATED_CONTINUOUS","DS003476","SK하이닉스","0197X0","SHORT","5/10","5/30","5","296","276","20","6","38.85","-0.0931","-0.3705","27.21","-9.0710","11.2719","-308025","691975","-30.8025"
"INTEGRATED_CONTINUOUS","DS004113","삼성전자","0193W0","LONG","10/20","10/30","10","159","144","15","3","29.56","-0.2151","-0.5259","27.50","-5.2049","7.3307","-308947","691053","-30.8947"
"INTEGRATED_CONTINUOUS","DS000071","SK하이닉스","0197X0","SHORT","3/10","3/5","30","170","166","4","1","32.94","-0.2119","-0.3309","5.49","-3.2730","5.4800","-309264","690736","-30.9264"
"INTEGRATED_CONTINUOUS","DS003739","삼성전자","0193L0","SHORT","5/30","5/30","NONE","160","153","7","3","25.63","-0.2236","-0.4496","18.74","-2.4124","7.6743","-309300","690700","-30.9300"
"INTEGRATED_CONTINUOUS","DS001104","삼성전자","0193L0","SHORT","5/10","5/10","50","188","183","5","2","31.38","-0.1932","-0.3444","9.41","-1.7599","3.0996","-309370","690630","-30.9370"
"INTEGRATED_CONTINUOUS","DS002287","삼성전자","0193W0","LONG","5/30","5/20","NONE","165","156","9","2","31.52","-0.2175","-0.4272","15.89","-2.2965","5.0254","-309380","690620","-30.9380"
"INTEGRATED_CONTINUOUS","DS002191","삼성전자","0193W0","LONG","10/20","5/20","NONE","171","164","7","3","30.41","-0.2097","-0.4055","16.16","-3.0586","5.0254","-309581","690419","-30.9581"
"INTEGRATED_CONTINUOUS","DS002552","SK하이닉스","0193T0","LONG","3/20","10/20","5","173","159","14","3","34.68","-0.1870","-0.4587","21.81","-6.5341","8.9445","-309889","690111","-30.9889"
"INTEGRATED_CONTINUOUS","DS001067","SK하이닉스","0193T0","LONG","5/10","5/10","30","130","126","4","2","30.00","-0.2766","-0.3982","9.20","-3.7368","4.9307","-310017","689983","-31.0017"
"INTEGRATED_CONTINUOUS","DS000703","삼성전자","0193W0","LONG","5/20","3/10","NONE","197","191","6","2","29.44","-0.1838","-0.3528","8.13","-2.3630","4.6718","-310116","689884","-31.0116"
"INTEGRATED_CONTINUOUS","DS004137","SK하이닉스","0193T0","LONG","3/30","10/30","10","122","114","8","4","32.79","-0.2680","-0.5413","28.32","-11.1342","11.3535","-310303","689697","-31.0303"
"INTEGRATED_CONTINUOUS","DS000095","삼성전자","0193L0","SHORT","3/10","3/5","30","199","195","4","2","28.14","-0.1847","-0.2000","5.07","-1.7087","2.1455","-310557","689443","-31.0557"
"INTEGRATED_CONTINUOUS","DS001980","SK하이닉스","0193T0","LONG","3/10","5/20","50","134","128","6","5","32.09","-0.2646","-0.4630","20.33","-3.8943","4.7005","-310571","689429","-31.0571"
"INTEGRATED_CONTINUOUS","DS002026","SK하이닉스","0193T0","LONG","5/10","5/20","20","131","123","8","4","29.01","-0.2650","-0.5746","14.96","-3.7368","6.1754","-310753","689247","-31.0753"
"INTEGRATED_CONTINUOUS","DS002544","삼성전자","0193L0","SHORT","5/10","10/20","50","188","175","13","5","36.17","-0.1898","-0.3060","21.34","-3.3607","4.6533","-310787","689213","-31.0787"
"INTEGRATED_CONTINUOUS","DS003585","삼성전자","0193W0","LONG","5/20","5/30","10","156","145","11","4","29.49","-0.2257","-0.5259","21.95","-3.6311","5.5530","-311436","688564","-31.1436"
"INTEGRATED_CONTINUOUS","DS003801","SK하이닉스","0193T0","LONG","20/30","5/30","10","65","62","3","2","18.46","-0.5602","-0.7358","20.45","-3.5208","6.2442","-312282","687718","-31.2282"
"INTEGRATED_CONTINUOUS","DS002074","SK하이닉스","0193T0","LONG","3/20","5/20","20","86","77","9","2","25.58","-0.4117","-0.6368","17.52","-12.3102","8.6876","-312352","687648","-31.2352"
"INTEGRATED_CONTINUOUS","DS002842","SK하이닉스","0193T0","LONG","20/30","10/20","20","91","83","8","2","25.27","-0.4011","-0.5712","18.23","-3.5299","6.2442","-312542","687458","-31.2542"
"INTEGRATED_CONTINUOUS","DS000072","SK하이닉스","0197X0","SHORT","3/10","3/5","50","175","171","4","1","29.71","-0.2088","-0.3803","5.14","-3.2730","5.4800","-312795","687205","-31.2795"
"INTEGRATED_CONTINUOUS","DS004667","SK하이닉스","0193T0","LONG","5/30","20/30","30","55","49","6","3","27.27","-0.6550","-0.5979","29.49","-10.2476","5.3383","-312805","687195","-31.2805"
"INTEGRATED_CONTINUOUS","DS003826","삼성전자","0193W0","LONG","20/30","5/30","20","108","103","5","2","25.00","-0.3401","-0.5336","18.46","-2.6990","3.7697","-312845","687155","-31.2845"
"INTEGRATED_CONTINUOUS","DS003443","삼성전자","0193W0","LONG","3/10","5/30","30","158","150","8","6","29.11","-0.2258","-0.5047","19.97","-4.8169","6.5876","-312869","687131","-31.2869"
"INTEGRATED_CONTINUOUS","DS004545","삼성전자","0193W0","LONG","5/20","20/30","10","156","138","18","4","35.26","-0.2124","-0.3809","30.30","-3.6809","7.4410","-312983","687017","-31.2983"
"INTEGRATED_CONTINUOUS","DS002398","삼성전자","0193L0","SHORT","20/30","5/20","20","104","99","5","3","23.08","-0.3554","-0.4752","15.16","-5.3852","3.6337","-313276","686724","-31.3276"
"INTEGRATED_CONTINUOUS","DS002156","삼성전자","0193L0","SHORT","5/20","5/20","5","175","168","7","1","28.00","-0.2089","-0.3831","16.44","-2.4164","5.8594","-313407","686593","-31.3407"
"INTEGRATED_CONTINUOUS","DS000379","삼성전자","0193L0","SHORT","5/30","3/5","NONE","160","158","2","3","28.13","-0.2318","-0.2490","4.95","-3.9846","3.1436","-313507","686493","-31.3507"
"INTEGRATED_CONTINUOUS","DS003214","삼성전자","0193L0","SHORT","3/30","3/30","20","110","103","7","2","17.27","-0.3384","-0.5035","14.20","-1.8577","4.0649","-313947","686053","-31.3947"
"INTEGRATED_CONTINUOUS","DS004786","삼성전자","0193W0","LONG","20/30","20/30","20","108","101","7","1","27.78","-0.3365","-0.5824","24.19","-3.3979","6.7110","-314325","685675","-31.4325"
"INTEGRATED_CONTINUOUS","DS003322","SK하이닉스","0193T0","LONG","20/30","3/30","20","91","87","4","2","21.98","-0.4027","-0.6013","17.64","-2.5571","6.2442","-314452","685548","-31.4452"
"INTEGRATED_CONTINUOUS","DS004593","삼성전자","0193W0","LONG","10/20","20/30","10","159","143","16","3","33.33","-0.2154","-0.4252","29.25","-4.9596","7.3307","-314863","685137","-31.4863"
"INTEGRATED_CONTINUOUS","DS002685","삼성전자","0193L0","SHORT","10/20","10/20","10","152","145","7","2","30.26","-0.2409","-0.3747","20.06","-3.6034","5.5882","-315247","684753","-31.5247"
"INTEGRATED_CONTINUOUS","DS000199","SK하이닉스","0193T0","LONG","5/20","3/5","NONE","170","168","2","2","30.59","-0.2163","-0.3370","5.15","-3.8240","6.2516","-315493","684507","-31.5493"
"INTEGRATED_CONTINUOUS","DS000549","SK하이닉스","0197X0","SHORT","3/10","3/10","10","164","159","5","2","28.05","-0.2231","-0.3946","9.21","-3.2730","5.6364","-315512","684488","-31.5512"
"INTEGRATED_CONTINUOUS","DS004185","SK하이닉스","0193T0","LONG","5/30","10/30","10","104","95","9","3","28.85","-0.3243","-0.6116","26.99","-11.4639","10.9183","-316054","683946","-31.6054"
"INTEGRATED_CONTINUOUS","DS004065","삼성전자","0193W0","LONG","5/20","10/30","10","156","140","16","4","35.90","-0.2204","-0.5075","29.24","-3.9668","8.6409","-316078","683922","-31.6078"
"INTEGRATED_CONTINUOUS","DS001068","SK하이닉스","0193T0","LONG","5/10","5/10","50","128","127","1","2","28.13","-0.2886","-0.3211","9.20","-3.7368","4.9307","-316217","683783","-31.6217"
"INTEGRATED_CONTINUOUS","DS001628","삼성전자","0193L0","SHORT","3/20","3/20","5","196","190","6","1","29.08","-0.1888","-0.3904","12.96","-3.6933","4.9605","-316218","683782","-31.6218"
"INTEGRATED_CONTINUOUS","DS003657","SK하이닉스","0193T0","LONG","3/30","5/30","10","122","113","9","3","27.05","-0.2973","-0.5393","22.35","-2.7856","9.3323","-316242","683758","-31.6242"
"INTEGRATED_CONTINUOUS","DS001558","SK하이닉스","0197X0","SHORT","5/10","3/20","20","158","152","6","3","25.32","-0.2291","-0.4976","13.60","-3.2730","6.4561","-316448","683552","-31.6448"
"INTEGRATED_CONTINUOUS","DS000331","삼성전자","0193L0","SHORT","3/30","3/5","NONE","198","194","4","2","29.80","-0.1901","-0.2474","4.83","-1.7917","3.1436","-316687","683313","-31.6687"
"INTEGRATED_CONTINUOUS","DS002251","삼성전자","0193L0","SHORT","3/30","5/20","NONE","198","187","11","4","33.33","-0.1848","-0.3430","18.42","-5.2344","5.0352","-317645","682355","-31.7645"
"INTEGRATED_CONTINUOUS","DS002986","SK하이닉스","0193T0","LONG","5/10","3/30","20","131","127","4","4","25.95","-0.2729","-0.6149","15.92","-3.7368","6.0228","-318255","681745","-31.8255"
"INTEGRATED_CONTINUOUS","DS000151","SK하이닉스","0193T0","LONG","3/20","3/5","NONE","195","191","4","1","29.74","-0.1908","-0.3367","5.18","-2.1231","5.8940","-318331","681669","-31.8331"
"INTEGRATED_CONTINUOUS","DS002793","SK하이닉스","0193T0","LONG","10/30","10/20","10","99","90","9","2","25.25","-0.3737","-0.6240","17.45","-2.6302","8.4957","-318335","681665","-31.8335"
"INTEGRATED_CONTINUOUS","DS001583","삼성전자","0193L0","SHORT","5/10","3/20","30","189","184","5","4","28.04","-0.1968","-0.3905","14.43","-2.8657","5.0483","-318396","681604","-31.8396"
"INTEGRATED_CONTINUOUS","DS001423","삼성전자","0193W0","LONG","20/30","5/10","NONE","120","114","6","2","23.33","-0.3147","-0.4148","9.98","-4.5807","3.0746","-318623","681377","-31.8623"
"INTEGRATED_CONTINUOUS","DS001639","SK하이닉스","0193T0","LONG","5/20","3/20","NONE","170","166","4","2","29.41","-0.2127","-0.5359","14.41","-4.1071","6.4903","-318670","681330","-31.8670"
"INTEGRATED_CONTINUOUS","DS000587","SK하이닉스","0193T0","LONG","5/10","3/10","30","130","126","4","2","26.92","-0.2860","-0.4354","8.44","-3.2513","4.9307","-318917","681083","-31.8917"
"INTEGRATED_CONTINUOUS","DS003536","삼성전자","0193W0","LONG","3/20","5/30","5","202","191","11","4","31.68","-0.1735","-0.3788","22.26","-4.9105","6.1830","-319006","680994","-31.9006"
"INTEGRATED_CONTINUOUS","DS000552","SK하이닉스","0197X0","SHORT","3/10","3/10","50","175","171","4","2","30.86","-0.2116","-0.5240","8.57","-3.2730","5.6364","-319156","680844","-31.9156"
"INTEGRATED_CONTINUOUS","DS002866","삼성전자","0193W0","LONG","20/30","10/20","20","108","103","5","2","25.00","-0.3493","-0.5583","15.95","-3.2430","4.6363","-319192","680808","-31.9192"
"INTEGRATED_CONTINUOUS","DS001484","삼성전자","0193L0","SHORT","3/5","3/20","5","296","290","6","5","34.46","-0.1164","-0.4055","16.76","-3.6933","5.6344","-319386","680614","-31.9386"
"INTEGRATED_CONTINUOUS","DS002254","삼성전자","0193L0","SHORT","3/30","5/20","20","110","101","9","3","25.45","-0.3430","-0.4291","17.02","-5.2344","4.0649","-319588","680412","-31.9588"
"INTEGRATED_CONTINUOUS","DS001548","SK하이닉스","0193T0","LONG","5/10","3/20","50","128","126","2","4","29.69","-0.2885","-0.4898","15.34","-3.2513","4.6284","-319685","680315","-31.9685"
"INTEGRATED_CONTINUOUS","DS004485","SK하이닉스","0197X0","SHORT","3/20","20/30","10","167","152","15","5","40.72","-0.1797","-0.2625","35.47","-10.9955","10.9593","-319941","680059","-31.9941"
"INTEGRATED_CONTINUOUS","DS001569","삼성전자","0193W0","LONG","5/10","3/20","10","133","129","4","4","25.56","-0.2850","-0.4338","13.21","-2.1807","3.6853","-320435","679565","-32.0435"
"INTEGRATED_CONTINUOUS","DS003835","삼성전자","0193L0","SHORT","20/30","5/30","NONE","122","115","7","3","22.13","-0.3099","-0.4700","20.94","-3.6579","6.4990","-320761","679239","-32.0761"
"INTEGRATED_CONTINUOUS","DS003549","삼성전자","0193L0","SHORT","3/20","5/30","10","175","168","7","5","32.57","-0.2050","-0.4182","23.88","-6.7967","7.2360","-320835","679165","-32.0835"
"INTEGRATED_CONTINUOUS","DS003319","SK하이닉스","0193T0","LONG","20/30","3/30","NONE","100","93","7","2","23.00","-0.3708","-0.5861","18.81","-3.8372","6.2442","-321156","678844","-32.1156"
"INTEGRATED_CONTINUOUS","DS001547","SK하이닉스","0193T0","LONG","5/10","3/20","30","130","126","4","3","28.46","-0.2840","-0.5373","14.18","-3.2513","4.9419","-321205","678795","-32.1205"
"INTEGRATED_CONTINUOUS","DS002767","삼성전자","0193W0","LONG","5/30","10/20","NONE","165","154","11","3","34.55","-0.2261","-0.4860","18.53","-2.3941","6.4086","-321271","678729","-32.1271"
"INTEGRATED_CONTINUOUS","DS003969","삼성전자","0193W0","LONG","5/10","10/30","10","133","122","11","6","30.08","-0.2617","-0.5214","27.65","-4.9713","10.2292","-321482","678518","-32.1482"
"INTEGRATED_CONTINUOUS","DS004233","SK하이닉스","0193T0","LONG","10/30","10/30","10","99","90","9","1","23.23","-0.3713","-0.7556","23.29","-3.3697","10.3433","-321743","678257","-32.1743"
"INTEGRATED_CONTINUOUS","DS002529","삼성전자","0193W0","LONG","5/10","10/20","10","133","126","7","5","30.83","-0.2807","-0.5615","19.39","-2.9862","5.0332","-321834","678166","-32.1834"
"INTEGRATED_CONTINUOUS","DS004183","SK하이닉스","0193T0","LONG","5/30","10/30","NONE","123","111","12","3","28.46","-0.2761","-0.5878","26.60","-11.4639","10.9183","-322480","677520","-32.2480"
"INTEGRATED_CONTINUOUS","DS001077","SK하이닉스","0197X0","SHORT","5/10","5/10","10","150","145","5","2","35.33","-0.2512","-0.4707","10.84","-3.6571","4.2167","-322523","677477","-32.2523"
"INTEGRATED_CONTINUOUS","DS002791","SK하이닉스","0193T0","LONG","10/30","10/20","NONE","109","100","9","2","25.69","-0.3446","-0.5646","16.50","-2.6302","8.4957","-322853","677147","-32.2853"
"INTEGRATED_CONTINUOUS","DS002036","SK하이닉스","0197X0","SHORT","5/10","5/20","5","296","281","15","6","37.16","-0.1098","-0.3708","20.33","-5.1400","10.5684","-322877","677123","-32.2877"
"INTEGRATED_CONTINUOUS","DS001496","SK하이닉스","0193T0","LONG","3/10","3/20","5","266","258","8","6","34.96","-0.1241","-0.4600","16.63","-9.4028","8.0933","-323422","676578","-32.3422"
"INTEGRATED_CONTINUOUS","DS000200","SK하이닉스","0193T0","LONG","5/20","3/5","5","167","165","2","2","29.94","-0.2275","-0.3512","5.06","-3.8240","6.2516","-323705","676295","-32.3705"
"INTEGRATED_CONTINUOUS","DS002001","삼성전자","0193W0","LONG","3/10","5/20","10","137","131","6","3","29.20","-0.2756","-0.4715","15.72","-3.1515","4.2583","-323707","676293","-32.3707"
"INTEGRATED_CONTINUOUS","DS004172","삼성전자","0193L0","SHORT","3/30","10/30","5","164","150","14","3","33.54","-0.2257","-0.3655","26.95","-5.0225","6.8757","-323767","676233","-32.3767"
"INTEGRATED_CONTINUOUS","DS003959","SK하이닉스","0197X0","SHORT","5/10","10/30","30","159","144","15","5","33.96","-0.2056","-0.3825","24.84","-9.6913","12.6247","-323896","676104","-32.3896"
"INTEGRATED_CONTINUOUS","DS003740","삼성전자","0193L0","SHORT","5/30","5/30","5","152","146","6","2","25.00","-0.2505","-0.4646","18.59","-2.4124","7.6743","-324175","675825","-32.4175"
"INTEGRATED_CONTINUOUS","DS001663","삼성전자","0193W0","LONG","5/20","3/20","NONE","197","189","8","2","30.46","-0.1929","-0.3884","13.17","-2.6483","5.8000","-324331","675669","-32.4331"
"INTEGRATED_CONTINUOUS","DS002300","삼성전자","0193L0","SHORT","5/30","5/20","5","152","145","7","3","26.97","-0.2519","-0.4282","17.05","-5.2344","4.7776","-324810","675190","-32.4810"
"INTEGRATED_CONTINUOUS","DS001545","SK하이닉스","0193T0","LONG","5/10","3/20","10","144","140","4","4","30.56","-0.2488","-0.6213","13.98","-3.2513","7.7688","-324841","675159","-32.4841"
"INTEGRATED_CONTINUOUS","DS004160","삼성전자","0193W0","LONG","3/30","10/30","5","166","153","13","4","32.53","-0.2225","-0.4647","25.52","-3.2422","7.8638","-324887","675113","-32.4887"
"INTEGRATED_CONTINUOUS","DS003848","SK하이닉스","0193T0","LONG","3/5","10/30","5","249","230","19","9","33.73","-0.0470","-0.5540","32.63","-10.8496","11.7921","-325166","674834","-32.5166"
"INTEGRATED_CONTINUOUS","DS001066","SK하이닉스","0193T0","LONG","5/10","5/10","20","131","127","4","2","26.72","-0.2912","-0.4593","9.23","-3.7368","4.9307","-325316","674684","-32.5316"
"INTEGRATED_CONTINUOUS","DS002155","삼성전자","0193L0","SHORT","5/20","5/20","NONE","185","178","7","2","27.57","-0.2069","-0.3831","16.12","-2.4164","5.8594","-325351","674649","-32.5351"
"INTEGRATED_CONTINUOUS","DS001101","삼성전자","0193L0","SHORT","5/10","5/10","10","159","156","3","2","28.93","-0.2432","-0.3740","9.89","-3.2568","3.0996","-325361","674639","-32.5361"
"INTEGRATED_CONTINUOUS","DS001640","SK하이닉스","0193T0","LONG","5/20","3/20","5","167","163","4","2","28.74","-0.2226","-0.5441","14.34","-4.1071","6.4903","-325504","674496","-32.5504"
"INTEGRATED_CONTINUOUS","DS001114","SK하이닉스","0193T0","LONG","3/20","5/10","20","86","81","5","2","30.23","-0.4470","-0.5801","11.58","-6.8416","5.0972","-325696","674304","-32.5696"
"INTEGRATED_CONTINUOUS","DS002383","삼성전자","0193W0","LONG","20/30","5/20","NONE","120","115","5","2","27.50","-0.3227","-0.4734","15.38","-4.5226","3.2761","-326200","673800","-32.6200"
"INTEGRATED_CONTINUOUS","DS001102","삼성전자","0193L0","SHORT","5/10","5/10","20","168","163","5","2","27.98","-0.2313","-0.3468","9.17","-1.8229","2.6760","-326297","673703","-32.6297"
"INTEGRATED_CONTINUOUS","DS001977","SK하이닉스","0193T0","LONG","3/10","5/20","10","149","139","10","4","33.56","-0.2269","-0.5542","18.00","-12.3102","8.6876","-326594","673406","-32.6594"
"INTEGRATED_CONTINUOUS","DS002169","SK하이닉스","0193T0","LONG","10/20","5/20","10","133","125","8","2","28.57","-0.2861","-0.4655","15.49","-4.6938","8.8159","-326672","673328","-32.6672"
"INTEGRATED_CONTINUOUS","DS004689","삼성전자","0193W0","LONG","5/30","20/30","10","130","119","11","3","30.77","-0.2856","-0.5494","28.16","-3.1463","7.3307","-326962","673038","-32.6962"
"INTEGRATED_CONTINUOUS","DS002218","SK하이닉스","0193T0","LONG","3/30","5/20","20","86","79","7","2","33.72","-0.4397","-0.4147","18.35","-13.0351","6.4903","-327643","672357","-32.7643"
"INTEGRATED_CONTINUOUS","DS004496","삼성전자","0193W0","LONG","3/20","20/30","5","202","184","18","4","35.64","-0.1641","-0.3768","30.68","-4.9596","7.6623","-327679","672321","-32.7679"
"INTEGRATED_CONTINUOUS","DS002359","SK하이닉스","0193T0","LONG","20/30","5/20","NONE","100","92","8","2","27.00","-0.3873","-0.5068","15.19","-3.9789","6.2442","-327857","672143","-32.7857"
"INTEGRATED_CONTINUOUS","DS003595","삼성전자","0193L0","SHORT","5/20","5/30","NONE","185","176","9","5","28.65","-0.1999","-0.4120","22.55","-6.7967","8.7860","-328339","671661","-32.8339"
"INTEGRATED_CONTINUOUS","DS001989","SK하이닉스","0197X0","SHORT","3/10","5/20","10","164","158","6","3","26.22","-0.2135","-0.4455","17.09","-3.2730","11.2317","-328383","671617","-32.8383"
"INTEGRATED_CONTINUOUS","DS001879","SK하이닉스","0193T0","LONG","20/30","3/20","NONE","100","94","6","2","21.00","-0.3905","-0.5000","14.00","-4.2151","6.1754","-328722","671278","-32.8722"
"INTEGRATED_CONTINUOUS","DS004138","SK하이닉스","0193T0","LONG","3/30","10/30","20","86","78","8","3","27.91","-0.4493","-0.5970","23.12","-3.2319","6.4792","-328751","671249","-32.8751"
"INTEGRATED_CONTINUOUS","DS002037","SK하이닉스","0197X0","SHORT","5/10","5/20","10","150","142","8","3","30.00","-0.2498","-0.4614","17.03","-3.2730","10.5684","-328815","671185","-32.8815"
"INTEGRATED_CONTINUOUS","DS004136","SK하이닉스","0193T0","LONG","3/30","10/30","5","134","124","10","5","32.84","-0.2568","-0.5760","28.19","-11.1342","11.3535","-329273","670727","-32.9273"
"INTEGRATED_CONTINUOUS","DS004783","삼성전자","0193W0","LONG","20/30","20/30","NONE","120","113","7","1","27.50","-0.3218","-0.5548","22.62","-3.3979","6.7110","-329942","670058","-32.9942"
"INTEGRATED_CONTINUOUS","DS002671","삼성전자","0193W0","LONG","10/20","10/20","NONE","171","161","10","3","29.24","-0.2260","-0.3542","17.01","-4.6634","6.4086","-330060","669940","-33.0060"
"INTEGRATED_CONTINUOUS","DS000751","삼성전자","0193W0","LONG","10/20","3/10","NONE","171","166","5","2","27.49","-0.2297","-0.3268","7.76","-2.2060","4.5643","-330289","669711","-33.0289"
"INTEGRATED_CONTINUOUS","DS001161","SK하이닉스","0193T0","LONG","5/20","5/10","10","144","141","3","2","34.03","-0.2716","-0.3862","9.48","-3.3443","5.7207","-330350","669650","-33.0350"
"INTEGRATED_CONTINUOUS","DS002553","SK하이닉스","0193T0","LONG","3/20","10/20","10","155","143","12","3","32.90","-0.2307","-0.4752","20.70","-6.5341","8.9445","-330666","669334","-33.0666"
"INTEGRATED_CONTINUOUS","DS002987","SK하이닉스","0193T0","LONG","5/10","3/30","30","130","125","5","4","26.92","-0.2945","-0.5374","17.05","-3.7368","6.0228","-330758","669242","-33.0758"
"INTEGRATED_CONTINUOUS","DS002733","삼성전자","0193L0","SHORT","3/30","10/20","10","138","129","9","4","31.88","-0.2799","-0.4509","21.00","-5.3934","6.2213","-330793","669207","-33.0793"
"INTEGRATED_CONTINUOUS","DS004184","SK하이닉스","0193T0","LONG","5/30","10/30","5","122","110","12","3","27.87","-0.2890","-0.5910","26.37","-11.4639","10.9183","-331085","668915","-33.1085"
"INTEGRATED_CONTINUOUS","DS000600","SK하이닉스","0197X0","SHORT","5/10","3/10","50","173","167","6","2","30.64","-0.2234","-0.4477","9.14","-3.2730","7.0900","-331142","668858","-33.1142"
"INTEGRATED_CONTINUOUS","DS002951","SK하이닉스","0197X0","SHORT","3/10","3/30","30","170","162","8","4","22.35","-0.2200","-0.4974","17.78","-3.3842","11.3926","-331151","668849","-33.1151"
"INTEGRATED_CONTINUOUS","DS002683","삼성전자","0193L0","SHORT","10/20","10/20","NONE","164","157","7","2","29.88","-0.2377","-0.3359","19.05","-3.6034","5.5882","-331275","668725","-33.1275"
"INTEGRATED_CONTINUOUS","DS004764","SK하이닉스","0193T0","LONG","20/30","20/30","50","43","40","3","1","20.93","-0.9179","-1.0380","19.51","-6.0402","6.2442","-332337","667663","-33.2337"
"INTEGRATED_CONTINUOUS","DS002673","삼성전자","0193W0","LONG","10/20","10/20","10","159","149","10","3","29.56","-0.2454","-0.4130","17.64","-4.6634","6.4086","-332352","667648","-33.2352"
"INTEGRATED_CONTINUOUS","DS000012","SK하이닉스","0193T0","LONG","3/5","3/5","50","230","229","1","2","25.65","-0.1703","-0.3379","4.91","-2.1067","7.0780","-332513","667487","-33.2513"
"INTEGRATED_CONTINUOUS","DS004231","SK하이닉스","0193T0","LONG","10/30","10/30","NONE","109","100","9","1","23.85","-0.3521","-0.7200","21.83","-3.3697","10.3433","-332882","667118","-33.2882"
"INTEGRATED_CONTINUOUS","DS004559","삼성전자","0193L0","SHORT","5/20","20/30","30","90","79","11","3","23.33","-0.4380","-0.3559","25.88","-8.6147","3.6275","-333165","666835","-33.3165"
"INTEGRATED_CONTINUOUS","DS000588","SK하이닉스","0193T0","LONG","5/10","3/10","50","128","127","1","2","26.56","-0.3077","-0.4043","8.68","-3.2513","4.9307","-333369","666631","-33.3369"
"INTEGRATED_CONTINUOUS","DS001592","SK하이닉스","0193T0","LONG","3/20","3/20","5","173","167","6","1","28.90","-0.2251","-0.5698","13.15","-2.8344","7.4464","-333404","666596","-33.3404"
"INTEGRATED_CONTINUOUS","DS000621","삼성전자","0193L0","SHORT","5/10","3/10","10","159","157","2","2","31.45","-0.2516","-0.3599","8.57","-2.3834","3.3351","-334104","665896","-33.4104"
"INTEGRATED_CONTINUOUS","DS000187","삼성전자","0193L0","SHORT","3/20","3/5","NONE","239","235","4","2","28.03","-0.1679","-0.2808","4.91","-1.6738","3.1436","-334316","665684","-33.4316"
"INTEGRATED_CONTINUOUS","DS004294","SK하이닉스","0197X0","SHORT","20/30","10/30","20","107","100","7","3","36.45","-0.3568","-0.4849","24.71","-5.8000","9.0767","-334464","665536","-33.4464"
"INTEGRATED_CONTINUOUS","DS002472","SK하이닉스","0197X0","SHORT","3/10","10/20","50","175","167","8","5","29.14","-0.1911","-0.5139","21.87","-4.9962","11.9394","-334776","665224","-33.4776"
"INTEGRATED_CONTINUOUS","DS002039","SK하이닉스","0197X0","SHORT","5/10","5/20","30","159","154","5","3","28.30","-0.2335","-0.5106","16.91","-5.1400","10.5684","-335574","664426","-33.5574"
"INTEGRATED_CONTINUOUS","DS003453","삼성전자","0193L0","SHORT","3/10","5/30","10","178","171","7","6","33.71","-0.2158","-0.4925","22.17","-5.6770","5.7992","-335650","664350","-33.5650"
"INTEGRATED_CONTINUOUS","DS004604","삼성전자","0193L0","SHORT","10/20","20/30","5","107","96","11","3","31.78","-0.3619","-0.4047","33.93","-8.5459","6.2202","-336115","663885","-33.6115"
"INTEGRATED_CONTINUOUS","DS000599","SK하이닉스","0197X0","SHORT","5/10","3/10","30","159","155","4","2","30.82","-0.2485","-0.4078","9.18","-3.2730","7.0900","-336317","663683","-33.6317"
"INTEGRATED_CONTINUOUS","DS000729","SK하이닉스","0193T0","LONG","10/20","3/10","10","133","130","3","2","26.32","-0.3018","-0.4005","8.99","-4.5855","5.1035","-336638","663362","-33.6638"
"INTEGRATED_CONTINUOUS","DS002781","삼성전자","0193L0","SHORT","5/30","10/20","10","128","121","7","3","30.47","-0.3085","-0.4349","21.63","-5.3934","5.9608","-336727","663273","-33.6727"
"INTEGRATED_CONTINUOUS","DS004282","SK하이닉스","0193T0","LONG","20/30","10/30","20","91","83","8","2","20.88","-0.4311","-0.7358","24.75","-3.5299","10.2005","-336838","663162","-33.6838"
"INTEGRATED_CONTINUOUS","DS001664","삼성전자","0193W0","LONG","5/20","3/20","5","190","182","8","2","29.47","-0.2100","-0.3994","12.98","-2.6483","5.8000","-336851","663149","-33.6851"
"INTEGRATED_CONTINUOUS","DS002299","삼성전자","0193L0","SHORT","5/30","5/20","NONE","160","153","7","3","28.13","-0.2480","-0.4116","17.20","-5.2344","4.7776","-337103","662897","-33.7103"
"INTEGRATED_CONTINUOUS","DS002216","SK하이닉스","0193T0","LONG","3/30","5/20","5","134","125","9","2","35.82","-0.2818","-0.4613","18.46","-13.0351","9.3323","-337349","662651","-33.7349"
"INTEGRATED_CONTINUOUS","DS000011","SK하이닉스","0193T0","LONG","3/5","3/5","30","231","230","1","2","26.84","-0.1722","-0.3737","4.86","-2.9320","7.0780","-337427","662573","-33.7427"
"INTEGRATED_CONTINUOUS","DS003631","삼성전자","0193W0","LONG","10/20","5/30","NONE","171","161","10","3","31.58","-0.2307","-0.5238","21.46","-4.9105","5.3840","-337648","662352","-33.7648"
"INTEGRATED_CONTINUOUS","DS003489","삼성전자","0193W0","LONG","5/10","5/30","10","133","126","7","5","26.32","-0.2962","-0.5831","20.84","-4.6761","7.0961","-337755","662245","-33.7755"
"INTEGRATED_CONTINUOUS","DS004688","삼성전자","0193W0","LONG","5/30","20/30","5","158","144","14","4","31.65","-0.2382","-0.5453","26.30","-3.1463","7.3307","-337928","662072","-33.7928"
"INTEGRATED_CONTINUOUS","DS002519","SK하이닉스","0197X0","SHORT","5/10","10/20","30","159","151","8","5","31.45","-0.2326","-0.5450","20.93","-4.9962","11.2719","-338168","661832","-33.8168"
"INTEGRATED_CONTINUOUS","DS001521","삼성전자","0193W0","LONG","3/10","3/20","10","137","132","5","3","25.55","-0.2943","-0.4022","12.65","-3.0298","4.2730","-338241","661759","-33.8241"
"INTEGRATED_CONTINUOUS","DS004291","SK하이닉스","0197X0","SHORT","20/30","10/30","NONE","114","106","8","3","35.96","-0.3389","-0.4968","24.49","-5.8000","9.0767","-338434","661566","-33.8434"
"INTEGRATED_CONTINUOUS","DS002395","삼성전자","0193L0","SHORT","20/30","5/20","NONE","122","116","6","3","24.59","-0.3333","-0.3898","15.47","-5.3852","3.6337","-338617","661383","-33.8617"
"INTEGRATED_CONTINUOUS","DS002471","SK하이닉스","0197X0","SHORT","3/10","10/20","30","170","162","8","5","28.82","-0.2083","-0.5086","20.58","-4.9962","11.9394","-339286","660714","-33.9286"
"INTEGRATED_CONTINUOUS","DS000009","SK하이닉스","0193T0","LONG","3/5","3/5","10","262","259","3","2","30.53","-0.1524","-0.3192","5.17","-2.2683","7.0780","-339538","660462","-33.9538"
"INTEGRATED_CONTINUOUS","DS004641","삼성전자","0193W0","LONG","3/30","20/30","10","147","133","14","4","33.33","-0.2623","-0.4156","26.29","-3.1463","7.4410","-339673","660327","-33.9673"
"INTEGRATED_CONTINUOUS","DS002459","SK하이닉스","0193T0","LONG","3/10","10/20","30","133","124","9","4","30.83","-0.2828","-0.5255","21.71","-5.2157","8.6876","-339687","660313","-33.9687"
"INTEGRATED_CONTINUOUS","DS001042","삼성전자","0193W0","LONG","3/10","5/10","20","157","154","3","2","28.66","-0.2602","-0.3896","8.92","-2.2801","4.6843","-340310","659690","-34.0310"
"INTEGRATED_CONTINUOUS","DS002998","SK하이닉스","0197X0","SHORT","5/10","3/30","20","158","149","9","4","28.48","-0.2504","-0.5178","17.27","-3.8321","8.6220","-340323","659677","-34.0323"
"INTEGRATED_CONTINUOUS","DS002239","삼성전자","0193W0","LONG","3/30","5/20","NONE","203","191","12","4","32.02","-0.1961","-0.3943","16.66","-2.2852","5.1333","-340629","659371","-34.0629"
"INTEGRATED_CONTINUOUS","DS002013","삼성전자","0193L0","SHORT","3/10","5/20","10","178","173","5","4","34.27","-0.2266","-0.4404","16.62","-4.3459","4.9885","-341178","658822","-34.1178"
"INTEGRATED_CONTINUOUS","DS000667","삼성전자","0193L0","SHORT","3/20","3/10","NONE","239","234","5","3","32.22","-0.1712","-0.3079","9.35","-2.6568","3.3351","-341386","658614","-34.1386"
"INTEGRATED_CONTINUOUS","DS000548","SK하이닉스","0197X0","SHORT","3/10","3/10","5","285","277","8","2","32.63","-0.1379","-0.3811","9.57","-3.2730","6.3128","-341609","658391","-34.1609"
"INTEGRATED_CONTINUOUS","DS001147","삼성전자","0193L0","SHORT","3/20","5/10","NONE","239","233","6","3","32.64","-0.1704","-0.2518","10.95","-3.6933","3.0996","-341837","658163","-34.1837"
"INTEGRATED_CONTINUOUS","DS001079","SK하이닉스","0197X0","SHORT","5/10","5/10","30","159","156","3","2","31.45","-0.2544","-0.4747","9.76","-3.6571","6.8259","-341886","658114","-34.1886"
"INTEGRATED_CONTINUOUS","DS002167","SK하이닉스","0193T0","LONG","10/20","5/20","NONE","145","137","8","2","28.28","-0.2776","-0.4655","15.65","-4.6938","8.8159","-342253","657747","-34.2253"
"INTEGRATED_CONTINUOUS","DS004306","삼성전자","0193W0","LONG","20/30","10/30","20","108","100","8","2","21.30","-0.3765","-0.5816","22.97","-3.1946","5.9031","-342260","657740","-34.2260"
"INTEGRATED_CONTINUOUS","DS004161","삼성전자","0193W0","LONG","3/30","10/30","10","147","135","12","3","28.57","-0.2713","-0.4892","24.01","-3.2422","7.8638","-342558","657442","-34.2558"
"INTEGRATED_CONTINUOUS","DS003996","SK하이닉스","0193T0","LONG","3/20","10/30","50","84","82","2","3","22.62","-0.4600","-0.7579","26.61","-11.7911","9.4216","-342754","657246","-34.2754"
"INTEGRATED_CONTINUOUS","DS004221","삼성전자","0193L0","SHORT","5/30","10/30","10","128","117","11","3","28.91","-0.3140","-0.4608","27.77","-5.0225","6.6135","-342912","657088","-34.2912"
"INTEGRATED_CONTINUOUS","DS003548","삼성전자","0193L0","SHORT","3/20","5/30","5","196","186","10","5","34.69","-0.2008","-0.3910","23.37","-6.7967","7.2360","-343271","656729","-34.3271"
"INTEGRATED_CONTINUOUS","DS004279","SK하이닉스","0193T0","LONG","20/30","10/30","NONE","100","91","9","3","22.00","-0.3966","-0.7311","26.76","-4.0262","10.2005","-343307","656693","-34.3307"
"INTEGRATED_CONTINUOUS","DS002481","삼성전자","0193W0","LONG","3/10","10/20","10","137","129","8","4","30.66","-0.2940","-0.5319","18.10","-3.7600","5.0877","-343349","656651","-34.3349"
"INTEGRATED_CONTINUOUS","DS002016","삼성전자","0193L0","SHORT","3/10","5/20","50","194","186","8","4","30.41","-0.2085","-0.3531","17.64","-4.3459","4.9885","-343378","656622","-34.3378"
"INTEGRATED_CONTINUOUS","DS003561","SK하이닉스","0193T0","LONG","5/20","5/30","10","144","134","10","3","27.08","-0.2741","-0.7141","22.97","-2.9563","9.3323","-343770","656230","-34.3770"
"INTEGRATED_CONTINUOUS","DS004315","삼성전자","0193L0","SHORT","20/30","10/30","NONE","122","114","8","4","26.23","-0.3358","-0.4322","25.06","-5.1735","5.4497","-343779","656221","-34.3779"
"INTEGRATED_CONTINUOUS","DS004041","SK하이닉스","0193T0","LONG","5/20","10/30","10","144","134","10","4","31.94","-0.2441","-0.7256","29.00","-11.1342","10.9906","-343874","656126","-34.3874"
"INTEGRATED_CONTINUOUS","DS002878","삼성전자","0193L0","SHORT","20/30","10/20","20","104","97","7","3","20.19","-0.3975","-0.4372","17.69","-5.5439","4.8040","-344050","655950","-34.4050"
"INTEGRATED_CONTINUOUS","DS001448","SK하이닉스","0193T0","LONG","3/5","3/20","5","249","242","7","5","32.13","-0.1504","-0.4402","16.59","-2.9883","9.1447","-344958","655042","-34.4958"
"INTEGRATED_CONTINUOUS","DS004656","삼성전자","0193L0","SHORT","3/30","20/30","50","97","90","7","3","22.68","-0.4235","-0.4277","21.00","-8.7521","3.6275","-345096","654904","-34.5096"
"INTEGRATED_CONTINUOUS","DS001255","SK하이닉스","0193T0","LONG","3/30","5/10","NONE","150","146","4","2","36.67","-0.2739","-0.2542","10.40","-4.8392","5.7207","-345118","654882","-34.5118"
"INTEGRATED_CONTINUOUS","DS001687","SK하이닉스","0193T0","LONG","10/20","3/20","NONE","145","141","4","3","25.52","-0.2826","-0.4595","14.97","-4.5855","6.6802","-345536","654464","-34.5536"
"INTEGRATED_CONTINUOUS","DS002719","삼성전자","0193W0","LONG","3/30","10/20","NONE","203","191","12","4","33.99","-0.1983","-0.4714","18.63","-2.1380","6.5179","-345710","654290","-34.5710"
"INTEGRATED_CONTINUOUS","DS001535","삼성전자","0193L0","SHORT","3/10","3/20","30","199","194","5","4","27.64","-0.2059","-0.3038","13.34","-3.6933","5.0483","-345734","654266","-34.5734"
"INTEGRATED_CONTINUOUS","DS004220","삼성전자","0193L0","SHORT","5/30","10/30","5","152","140","12","3","28.29","-0.2682","-0.4445","26.67","-5.0225","6.6135","-345821","654179","-34.5821"
"INTEGRATED_CONTINUOUS","DS003995","SK하이닉스","0193T0","LONG","3/20","10/30","30","84","78","6","3","25.00","-0.4686","-0.7914","22.98","-11.7911","9.4216","-346779","653221","-34.6779"
"INTEGRATED_CONTINUOUS","DS002061","삼성전자","0193L0","SHORT","5/10","5/20","10","159","154","5","5","30.19","-0.2622","-0.4496","16.21","-2.3834","3.8915","-347187","652813","-34.7187"
"INTEGRATED_CONTINUOUS","DS004761","SK하이닉스","0193T0","LONG","20/30","20/30","10","65","62","3","1","24.62","-0.6305","-0.8807","28.22","-6.0402","9.3607","-347562","652438","-34.7562"
"INTEGRATED_CONTINUOUS","DS003515","SK하이닉스","0193T0","LONG","3/20","5/30","30","84","78","6","3","26.19","-0.4849","-0.7431","19.50","-12.6220","6.2717","-347959","652041","-34.7959"
"INTEGRATED_CONTINUOUS","DS003067","삼성전자","0193L0","SHORT","3/20","3/30","NONE","239","228","11","6","30.96","-0.1680","-0.3662","20.09","-6.4469","6.2608","-348171","651829","-34.8171"
"INTEGRATED_CONTINUOUS","DS003823","삼성전자","0193W0","LONG","20/30","5/30","NONE","120","114","6","2","25.83","-0.3481","-0.4950","19.04","-4.7768","3.7697","-348182","651818","-34.8182"
"INTEGRATED_CONTINUOUS","DS004208","삼성전자","0193W0","LONG","5/30","10/30","5","158","147","11","3","25.95","-0.2580","-0.4770","23.94","-3.8568","7.8638","-348283","651717","-34.8283"
"INTEGRATED_CONTINUOUS","DS001711","삼성전자","0193W0","LONG","10/20","3/20","NONE","171","164","7","2","28.65","-0.2441","-0.3807","13.27","-3.0197","5.6914","-348310","651690","-34.8310"
"INTEGRATED_CONTINUOUS","DS004591","삼성전자","0193W0","LONG","10/20","20/30","NONE","171","155","16","3","33.33","-0.2281","-0.4156","29.83","-4.9596","7.3307","-348685","651315","-34.8685"
"INTEGRATED_CONTINUOUS","DS004702","삼성전자","0193L0","SHORT","5/30","20/30","20","92","85","7","3","26.09","-0.4594","-0.5184","26.26","-4.5182","3.4930","-349299","650701","-34.9299"
"INTEGRATED_CONTINUOUS","DS004111","삼성전자","0193W0","LONG","10/20","10/30","NONE","171","156","15","3","29.24","-0.2335","-0.5238","27.83","-5.2049","7.3307","-349340","650660","-34.9340"
"INTEGRATED_CONTINUOUS","DS003933","삼성전자","0193L0","SHORT","3/10","10/30","10","178","166","12","6","36.52","-0.2273","-0.4657","27.62","-5.5445","6.5288","-349449","650551","-34.9449"
"INTEGRATED_CONTINUOUS","DS004687","삼성전자","0193W0","LONG","5/30","20/30","NONE","165","150","15","4","31.52","-0.2388","-0.5387","25.90","-3.1463","7.3307","-349739","650261","-34.9739"
"INTEGRATED_CONTINUOUS","DS003658","SK하이닉스","0193T0","LONG","3/30","5/30","20","86","78","8","3","27.91","-0.4784","-0.5196","21.08","-13.3443","6.6040","-350001","649999","-35.0001"
"INTEGRATED_CONTINUOUS","DS004173","삼성전자","0193L0","SHORT","3/30","10/30","10","138","125","13","4","31.88","-0.2976","-0.5211","25.86","-5.0225","6.8757","-350040","649960","-35.0040"
"INTEGRATED_CONTINUOUS","DS001689","SK하이닉스","0193T0","LONG","10/20","3/20","10","133","129","4","2","25.56","-0.3145","-0.5283","14.45","-4.5855","6.6802","-350208","649792","-35.0208"
"INTEGRATED_CONTINUOUS","DS002508","SK하이닉스","0193T0","LONG","5/10","10/20","50","128","124","4","4","33.59","-0.3172","-0.4868","22.21","-4.0290","6.2717","-350230","649770","-35.0230"
"INTEGRATED_CONTINUOUS","DS003468","SK하이닉스","0193T0","LONG","5/10","5/30","50","128","124","4","4","27.34","-0.3181","-0.5340","22.52","-3.5287","6.2717","-350282","649718","-35.0282"
"INTEGRATED_CONTINUOUS","DS002063","삼성전자","0193L0","SHORT","5/10","5/20","30","189","183","6","5","30.69","-0.2221","-0.3746","16.91","-2.8657","4.6533","-350975","649025","-35.0975"
"INTEGRATED_CONTINUOUS","DS004318","삼성전자","0193L0","SHORT","20/30","10/30","20","104","97","7","4","23.08","-0.4067","-0.5417","23.71","-5.1735","5.4497","-351153","648847","-35.1153"
"INTEGRATED_CONTINUOUS","DS002624","삼성전자","0193W0","LONG","5/20","10/20","5","190","178","12","3","33.68","-0.2178","-0.4120","18.32","-3.9295","6.5179","-351334","648666","-35.1334"
"INTEGRATED_CONTINUOUS","DS004749","삼성전자","0193L0","SHORT","10/30","20/30","10","116","105","11","3","26.72","-0.3543","-0.4535","29.87","-8.5459","6.6980","-351339","648661","-35.1339"
"INTEGRATED_CONTINUOUS","DS004303","삼성전자","0193W0","LONG","20/30","10/30","NONE","120","111","9","2","21.67","-0.3511","-0.5081","22.82","-3.1946","5.9031","-352260","647740","-35.2260"
"INTEGRATED_CONTINUOUS","DS002636","삼성전자","0193L0","SHORT","5/20","10/20","5","175","165","10","3","32.00","-0.2409","-0.3769","20.09","-3.7482","7.0547","-352446","647554","-35.2446"
"INTEGRATED_CONTINUOUS","DS001016","SK하이닉스","0193T0","LONG","3/10","5/10","5","266","257","9","3","35.71","-0.1505","-0.2625","10.10","-4.0462","6.5422","-352496","647504","-35.2496"
"INTEGRATED_CONTINUOUS","DS002623","삼성전자","0193W0","LONG","5/20","10/20","NONE","197","185","12","3","34.01","-0.2108","-0.4073","18.47","-3.9295","6.5179","-352527","647473","-35.2527"
"INTEGRATED_CONTINUOUS","DS001027","SK하이닉스","0197X0","SHORT","3/10","5/10","NONE","336","328","8","4","37.20","-0.1185","-0.3226","11.40","-6.8667","6.5179","-352577","647423","-35.2577"
"INTEGRATED_CONTINUOUS","DS004568","SK하이닉스","0193T0","LONG","10/20","20/30","5","108","100","8","6","31.48","-0.3741","-0.5784","32.29","-5.7498","9.3607","-352622","647378","-35.2622"
"INTEGRATED_CONTINUOUS","DS003802","SK하이닉스","0193T0","LONG","20/30","5/30","20","91","83","8","2","21.98","-0.4644","-0.6871","20.48","-3.5208","6.2442","-353025","646975","-35.3025"
"INTEGRATED_CONTINUOUS","DS002647","SK하이닉스","0193T0","LONG","10/20","10/20","NONE","145","136","9","2","28.28","-0.2876","-0.5997","17.48","-3.3866","8.8159","-353533","646467","-35.3533"
"INTEGRATED_CONTINUOUS","DS000119","SK하이닉스","0197X0","SHORT","5/10","3/5","30","159","156","3","2","29.56","-0.2681","-0.3442","5.07","-3.2730","6.9315","-353573","646427","-35.3573"
"INTEGRATED_CONTINUOUS","DS004712","SK하이닉스","0193T0","LONG","10/30","20/30","5","76","71","5","2","28.95","-0.5490","-0.7550","29.58","-5.1638","9.5025","-353757","646243","-35.3757"
"INTEGRATED_CONTINUOUS","DS000727","SK하이닉스","0193T0","LONG","10/20","3/10","NONE","145","142","3","3","27.59","-0.2948","-0.3830","9.61","-4.5855","5.1035","-353975","646025","-35.3975"
"INTEGRATED_CONTINUOUS","DS000120","SK하이닉스","0197X0","SHORT","5/10","3/5","50","173","168","5","2","28.32","-0.2462","-0.3388","5.14","-3.2730","6.9315","-354128","645872","-35.4128"
"INTEGRATED_CONTINUOUS","DS000632","SK하이닉스","0193T0","LONG","3/20","3/10","5","173","168","5","2","33.53","-0.2462","-0.4009","9.32","-2.8344","5.2277","-354513","645487","-35.4513"
"INTEGRATED_CONTINUOUS","DS003584","삼성전자","0193W0","LONG","5/20","5/30","5","190","178","12","4","30.00","-0.2183","-0.5132","21.17","-3.6311","5.5530","-354614","645386","-35.4614"
"INTEGRATED_CONTINUOUS","DS004714","SK하이닉스","0193T0","LONG","10/30","20/30","20","79","73","6","2","29.11","-0.5285","-0.8064","29.96","-5.1638","9.5025","-355364","644636","-35.5364"
"INTEGRATED_CONTINUOUS","DS002839","SK하이닉스","0193T0","LONG","20/30","10/20","NONE","100","91","9","2","25.00","-0.4280","-0.5493","18.73","-3.7427","6.2442","-355538","644462","-35.5538"
"INTEGRATED_CONTINUOUS","DS004391","SK하이닉스","0197X0","SHORT","3/10","20/30","30","170","156","14","6","32.35","-0.2261","-0.5327","24.54","-4.0221","11.5039","-356234","643766","-35.6234"
"INTEGRATED_CONTINUOUS","DS002027","SK하이닉스","0193T0","LONG","5/10","5/20","30","130","123","7","4","30.00","-0.3231","-0.5757","16.70","-3.7368","4.9419","-356361","643639","-35.6361"
"INTEGRATED_CONTINUOUS","DS000585","SK하이닉스","0193T0","LONG","5/10","3/10","10","144","141","3","2","27.08","-0.2968","-0.4761","8.92","-3.2513","4.9307","-356703","643297","-35.6703"
"INTEGRATED_CONTINUOUS","DS003852","SK하이닉스","0193T0","LONG","3/5","10/30","50","230","216","14","14","29.13","-0.0891","-0.6169","29.43","-4.4148","11.7921","-356839","643161","-35.6839"
"INTEGRATED_CONTINUOUS","DS004077","삼성전자","0193L0","SHORT","5/20","10/30","10","141","127","14","4","36.17","-0.2910","-0.4302","30.16","-10.4449","7.7143","-357794","642206","-35.7794"
"INTEGRATED_CONTINUOUS","DS002025","SK하이닉스","0193T0","LONG","5/10","5/20","10","144","137","7","4","29.86","-0.2826","-0.6399","15.75","-3.7368","7.7688","-358379","641621","-35.8379"
"INTEGRATED_CONTINUOUS","DS002507","SK하이닉스","0193T0","LONG","5/10","10/20","30","130","123","7","4","30.00","-0.3225","-0.5143","19.98","-4.0290","6.2717","-358938","641062","-35.8938"
"INTEGRATED_CONTINUOUS","DS003753","SK하이닉스","0193T0","LONG","10/30","5/30","10","99","89","10","2","26.26","-0.4365","-0.6739","20.82","-3.0949","8.4957","-359051","640949","-35.9051"
"INTEGRATED_CONTINUOUS","DS001593","SK하이닉스","0193T0","LONG","3/20","3/20","10","155","149","6","1","29.68","-0.2771","-0.6094","13.39","-2.8344","7.4464","-359199","640801","-35.9199"
"INTEGRATED_CONTINUOUS","DS002408","SK하이닉스","0193T0","LONG","3/5","10/20","5","249","234","15","7","37.75","-0.1385","-0.3845","23.60","-6.9002","9.3972","-359298","640702","-35.9298"
"INTEGRATED_CONTINUOUS","DS001209","SK하이닉스","0193T0","LONG","10/20","5/10","10","133","130","3","2","29.32","-0.3281","-0.3820","8.92","-5.4518","5.2213","-359616","640384","-35.9616"
"INTEGRATED_CONTINUOUS","DS003441","삼성전자","0193W0","LONG","3/10","5/30","10","137","129","8","4","27.01","-0.3109","-0.5082","19.89","-4.9105","5.0877","-360534","639466","-36.0534"
"INTEGRATED_CONTINUOUS","DS001499","SK하이닉스","0193T0","LONG","3/10","3/20","30","133","129","4","3","27.82","-0.3228","-0.5559","14.15","-3.6931","6.3642","-361257","638743","-36.1257"
"INTEGRATED_CONTINUOUS","DS002734","삼성전자","0193L0","SHORT","3/30","10/20","20","110","100","10","3","26.36","-0.3997","-0.4525","19.15","-5.3934","4.0649","-361299","638701","-36.1299"
"INTEGRATED_CONTINUOUS","DS004572","SK하이닉스","0193T0","LONG","10/20","20/30","50","58","55","3","5","24.14","-0.7518","-0.9320","27.98","-5.7498","5.0109","-361300","638700","-36.1300"
"INTEGRATED_CONTINUOUS","DS000492","SK하이닉스","0193T0","LONG","3/5","3/10","50","230","228","2","4","31.30","-0.1839","-0.3936","10.70","-3.8851","5.5449","-361352","638648","-36.1352"
"INTEGRATED_CONTINUOUS","DS002731","삼성전자","0193L0","SHORT","3/30","10/20","NONE","198","186","12","4","34.85","-0.2170","-0.3192","20.91","-5.3934","6.2213","-361604","638396","-36.1604"
"INTEGRATED_CONTINUOUS","DS003691","삼성전자","0193L0","SHORT","3/30","5/30","NONE","198","187","11","4","28.28","-0.2175","-0.4119","19.86","-2.7000","7.9391","-361764","638236","-36.1764"
"INTEGRATED_CONTINUOUS","DS003751","SK하이닉스","0193T0","LONG","10/30","5/30","NONE","109","99","10","3","27.52","-0.4000","-0.6080","20.61","-3.0949","8.4957","-362149","637851","-36.2149"
"INTEGRATED_CONTINUOUS","DS003477","SK하이닉스","0197X0","SHORT","5/10","5/30","10","150","142","8","3","32.00","-0.2760","-0.6324","24.64","-9.0710","11.2719","-362298","637702","-36.2298"
"INTEGRATED_CONTINUOUS","DS002875","삼성전자","0193L0","SHORT","20/30","10/20","NONE","122","114","8","3","23.77","-0.3609","-0.3540","18.31","-5.5439","4.8040","-362368","637632","-36.2368"
"INTEGRATED_CONTINUOUS","DS001512","SK하이닉스","0197X0","SHORT","3/10","3/20","50","175","169","6","4","26.86","-0.2376","-0.5608","15.63","-4.9482","9.1716","-362449","637551","-36.2449"
"INTEGRATED_CONTINUOUS","DS002517","SK하이닉스","0197X0","SHORT","5/10","10/20","10","150","141","9","3","32.67","-0.2803","-0.5465","20.23","-4.6741","11.2719","-362489","637511","-36.2489"
"INTEGRATED_CONTINUOUS","DS003984","삼성전자","0193L0","SHORT","5/10","10/30","50","188","169","19","6","33.51","-0.2291","-0.3598","27.68","-5.3770","5.4157","-363031","636969","-36.3031"
"INTEGRATED_CONTINUOUS","DS003656","SK하이닉스","0193T0","LONG","3/30","5/30","5","134","124","10","2","29.85","-0.3125","-0.5341","23.49","-13.3443","9.3323","-363665","636335","-36.3665"
"INTEGRATED_CONTINUOUS","DS002939","SK하이닉스","0193T0","LONG","3/10","3/30","30","133","128","5","4","26.32","-0.3246","-0.5559","17.69","-4.2752","6.5542","-364246","635754","-36.4246"
"INTEGRATED_CONTINUOUS","DS004016","삼성전자","0193W0","LONG","3/20","10/30","5","202","188","14","5","31.19","-0.1966","-0.4659","29.33","-5.2049","9.2894","-364289","635711","-36.4289"
"INTEGRATED_CONTINUOUS","DS004510","삼성전자","0193L0","SHORT","3/20","20/30","20","99","89","10","3","26.26","-0.4503","-0.4847","23.73","-3.7317","3.5289","-365355","634645","-36.5355"
"INTEGRATED_CONTINUOUS","DS004207","삼성전자","0193W0","LONG","5/30","10/30","NONE","165","153","12","3","25.45","-0.2631","-0.4696","23.48","-3.8568","7.8638","-365531","634469","-36.5531"
"INTEGRATED_CONTINUOUS","DS000624","삼성전자","0193L0","SHORT","5/10","3/10","50","188","183","5","2","30.85","-0.2387","-0.3795","8.46","-2.0376","2.8054","-365605","634395","-36.5605"
"INTEGRATED_CONTINUOUS","DS003921","삼성전자","0193W0","LONG","3/10","10/30","10","137","125","12","5","32.12","-0.3115","-0.5056","25.93","-5.2049","5.0359","-365850","634150","-36.5850"
"INTEGRATED_CONTINUOUS","DS003799","SK하이닉스","0193T0","LONG","20/30","5/30","NONE","100","90","10","2","22.00","-0.4371","-0.6608","21.53","-4.0262","6.2442","-366014","633986","-36.6014"
"INTEGRATED_CONTINUOUS","DS003479","SK하이닉스","0197X0","SHORT","5/10","5/30","30","159","150","9","5","28.30","-0.2613","-0.5450","20.92","-9.0710","11.2719","-366068","633932","-36.6068"
"INTEGRATED_CONTINUOUS","DS001627","삼성전자","0193L0","SHORT","3/20","3/20","NONE","239","232","7","2","27.62","-0.1861","-0.3846","12.56","-3.6933","4.9605","-366155","633845","-36.6155"
"INTEGRATED_CONTINUOUS","DS002109","삼성전자","0193L0","SHORT","3/20","5/20","10","175","169","6","3","30.86","-0.2529","-0.4304","15.81","-5.2344","4.3510","-366812","633188","-36.6812"
"INTEGRATED_CONTINUOUS","DS001570","삼성전자","0193W0","LONG","5/10","3/20","20","150","145","5","4","24.67","-0.2992","-0.4610","12.13","-2.8166","3.8498","-366942","633058","-36.6942"
"INTEGRATED_CONTINUOUS","DS002108","삼성전자","0193L0","SHORT","3/20","5/20","5","196","188","8","2","34.18","-0.2249","-0.3962","17.11","-5.2344","4.3510","-367131","632869","-36.7131"
"INTEGRATED_CONTINUOUS","DS004795","삼성전자","0193L0","SHORT","20/30","20/30","NONE","122","113","9","2","28.69","-0.3664","-0.3216","23.92","-5.0122","5.4901","-367378","632622","-36.7378"
"INTEGRATED_CONTINUOUS","DS002530","삼성전자","0193W0","LONG","5/10","10/20","20","150","140","10","7","29.33","-0.2929","-0.5346","17.76","-3.5371","3.6853","-367449","632551","-36.7449"
"INTEGRATED_CONTINUOUS","DS003514","SK하이닉스","0193T0","LONG","3/20","5/30","20","86","78","8","3","22.09","-0.5081","-0.7185","18.97","-12.6220","6.2717","-367621","632379","-36.7621"
"INTEGRATED_CONTINUOUS","DS002863","삼성전자","0193W0","LONG","20/30","10/20","NONE","120","114","6","2","25.00","-0.3744","-0.4956","17.43","-4.7768","4.6363","-368114","631886","-36.8114"
"INTEGRATED_CONTINUOUS","DS002015","삼성전자","0193L0","SHORT","3/10","5/20","30","199","194","5","5","30.65","-0.2231","-0.3507","16.85","-4.3459","4.9885","-368384","631616","-36.8384"
"INTEGRATED_CONTINUOUS","DS002120","SK하이닉스","0193T0","LONG","5/20","5/20","5","167","157","10","2","28.74","-0.2650","-0.5754","14.74","-3.3443","9.3323","-368955","631045","-36.8955"
"INTEGRATED_CONTINUOUS","DS004064","삼성전자","0193W0","LONG","5/20","10/30","5","190","172","18","4","34.74","-0.2221","-0.4859","28.08","-3.9668","8.6409","-369050","630950","-36.9050"
"INTEGRATED_CONTINUOUS","DS003127","SK하이닉스","0193T0","LONG","10/20","3/30","NONE","145","140","5","3","28.28","-0.3007","-0.5710","19.37","-8.3213","8.8159","-369357","630643","-36.9357"
"INTEGRATED_CONTINUOUS","DS002456","SK하이닉스","0193T0","LONG","3/10","10/20","5","266","246","20","6","39.10","-0.1325","-0.3855","24.31","-6.9002","10.1819","-369473","630527","-36.9473"
"INTEGRATED_CONTINUOUS","DS002457","SK하이닉스","0193T0","LONG","3/10","10/20","10","149","139","10","4","34.90","-0.2749","-0.5958","20.58","-6.9002","8.6876","-370045","629955","-37.0045"
"INTEGRATED_CONTINUOUS","DS002780","삼성전자","0193L0","SHORT","5/30","10/20","5","152","144","8","3","30.92","-0.2956","-0.3759","20.72","-5.3934","5.9608","-370065","629935","-37.0065"
"INTEGRATED_CONTINUOUS","DS003694","삼성전자","0193L0","SHORT","3/30","5/30","20","110","102","8","3","21.82","-0.4146","-0.5384","17.01","-2.3429","3.6721","-370493","629507","-37.0493"
"INTEGRATED_CONTINUOUS","DS002119","SK하이닉스","0193T0","LONG","5/20","5/20","NONE","170","160","10","2","28.82","-0.2617","-0.5842","14.68","-3.3443","9.3323","-370559","629441","-37.0559"
"INTEGRATED_CONTINUOUS","DS004544","삼성전자","0193W0","LONG","5/20","20/30","5","190","169","21","4","35.26","-0.2169","-0.3902","29.47","-4.2274","7.4410","-370630","629370","-37.0630"
"INTEGRATED_CONTINUOUS","DS004219","삼성전자","0193L0","SHORT","5/30","10/30","NONE","160","147","13","4","30.00","-0.2755","-0.4101","28.26","-5.0225","6.6135","-371120","628880","-37.1120"
"INTEGRATED_CONTINUOUS","DS003466","SK하이닉스","0193T0","LONG","5/10","5/30","20","131","121","10","4","24.43","-0.3334","-0.6614","18.56","-3.5287","6.2717","-371829","628171","-37.1829"
"INTEGRATED_CONTINUOUS","DS000128","삼성전자","0193W0","LONG","5/10","3/5","5","316","311","5","2","25.95","-0.1433","-0.2500","4.71","-2.1807","6.1114","-372502","627498","-37.2502"
"INTEGRATED_CONTINUOUS","DS004798","삼성전자","0193L0","SHORT","20/30","20/30","20","104","95","9","2","26.92","-0.4401","-0.4715","25.87","-5.0122","5.4901","-373890","626110","-37.3890"
"INTEGRATED_CONTINUOUS","DS002412","SK하이닉스","0193T0","LONG","3/5","10/20","50","230","218","12","9","34.78","-0.1736","-0.4318","22.79","-4.6994","6.6040","-374087","625913","-37.4087"
"INTEGRATED_CONTINUOUS","DS004440","SK하이닉스","0197X0","SHORT","5/10","20/30","50","173","152","21","6","34.68","-0.2334","-0.4392","28.38","-10.5284","10.8390","-374160","625840","-37.4160"
"INTEGRATED_CONTINUOUS","DS004655","삼성전자","0193L0","SHORT","3/30","20/30","30","93","87","6","3","22.58","-0.4931","-0.4305","20.61","-8.7521","3.5289","-374505","625495","-37.4505"
"INTEGRATED_CONTINUOUS","DS002028","SK하이닉스","0193T0","LONG","5/10","5/20","50","128","124","4","4","29.69","-0.3515","-0.5240","18.20","-3.7368","4.6284","-374627","625373","-37.4627"
"INTEGRATED_CONTINUOUS","DS003024","삼성전자","0193L0","SHORT","5/10","3/30","50","188","177","11","5","31.91","-0.2438","-0.4427","18.62","-5.4212","4.6937","-375068","624932","-37.5068"
"INTEGRATED_CONTINUOUS","DS000576","삼성전자","0193L0","SHORT","3/10","3/10","50","194","189","5","2","30.41","-0.2390","-0.3595","8.22","-2.6568","2.9987","-375266","624734","-37.5266"
"INTEGRATED_CONTINUOUS","DS001964","삼성전자","0193L0","SHORT","3/5","5/20","5","296","288","8","5","33.11","-0.1459","-0.3631","19.02","-4.3459","5.6752","-375708","624292","-37.5708"
"INTEGRATED_CONTINUOUS","DS000622","삼성전자","0193L0","SHORT","5/10","3/10","20","168","164","4","2","27.98","-0.2769","-0.3805","8.11","-1.8504","3.3351","-375842","624158","-37.5842"
"INTEGRATED_CONTINUOUS","DS002050","삼성전자","0193W0","LONG","5/10","5/20","20","150","144","6","6","26.67","-0.3067","-0.4657","15.06","-2.8166","3.6489","-376940","623060","-37.6940"
"INTEGRATED_CONTINUOUS","DS000117","SK하이닉스","0197X0","SHORT","5/10","3/5","10","150","146","4","1","29.33","-0.3110","-0.3193","5.31","-3.2730","3.2851","-376999","623001","-37.6999"
"INTEGRATED_CONTINUOUS","DS004401","삼성전자","0193W0","LONG","3/10","20/30","10","137","124","13","4","38.69","-0.3179","-0.4294","27.42","-4.9596","5.5502","-377173","622827","-37.7173"
"INTEGRATED_CONTINUOUS","DS001534","삼성전자","0193L0","SHORT","3/10","3/20","20","186","181","5","4","24.73","-0.2479","-0.3603","12.42","-3.6933","5.0483","-377389","622611","-37.7389"
"INTEGRATED_CONTINUOUS","DS003000","SK하이닉스","0197X0","SHORT","5/10","3/30","50","173","162","11","4","30.64","-0.2584","-0.4443","20.57","-9.0710","8.6220","-377400","622600","-37.7400"
"INTEGRATED_CONTINUOUS","DS003923","삼성전자","0193W0","LONG","3/10","10/30","30","158","146","12","6","29.11","-0.2806","-0.5276","24.80","-5.1116","8.5565","-377559","622441","-37.7559"
"INTEGRATED_CONTINUOUS","DS000633","SK하이닉스","0193T0","LONG","3/20","3/10","10","155","150","5","2","32.90","-0.2973","-0.4138","9.38","-6.8416","5.2277","-378710","621290","-37.8710"
"INTEGRATED_CONTINUOUS","DS002575","삼성전자","0193W0","LONG","3/20","10/20","NONE","248","233","15","4","32.66","-0.1813","-0.4530","18.88","-4.5951","6.7373","-378760","621240","-37.8760"
"INTEGRATED_CONTINUOUS","DS000044","삼성전자","0193L0","SHORT","3/5","3/5","5","296","294","2","2","30.41","-0.1580","-0.2000","5.63","-2.4392","3.5544","-378804","621196","-37.8804"
"INTEGRATED_CONTINUOUS","DS000971","SK하이닉스","0193T0","LONG","3/5","5/10","30","231","229","2","5","32.47","-0.1920","-0.3961","12.08","-4.8392","5.7834","-379272","620728","-37.9272"
"INTEGRATED_CONTINUOUS","DS002496","삼성전자","0193L0","SHORT","3/10","10/20","50","194","182","12","5","31.96","-0.2361","-0.3175","21.55","-4.3459","4.6533","-379359","620641","-37.9359"
"INTEGRATED_CONTINUOUS","DS003900","SK하이닉스","0193T0","LONG","3/10","10/30","50","134","126","8","7","26.12","-0.3134","-0.7167","28.10","-4.4148","11.7921","-380624","619376","-38.0624"
"INTEGRATED_CONTINUOUS","DS000056","SK하이닉스","0193T0","LONG","3/10","3/5","5","266","260","6","2","28.57","-0.1745","-0.2700","5.18","-2.2151","6.2247","-380794","619206","-38.0794"
"INTEGRATED_CONTINUOUS","DS004747","삼성전자","0193L0","SHORT","10/30","20/30","NONE","122","110","12","4","27.05","-0.3745","-0.4410","30.07","-8.5459","6.6980","-380975","619025","-38.0975"
"INTEGRATED_CONTINUOUS","DS000992","삼성전자","0193W0","LONG","3/5","5/10","5","290","280","10","4","33.10","-0.1577","-0.3172","10.57","-4.9263","5.6091","-380989","619011","-38.0989"
"INTEGRATED_CONTINUOUS","DS003583","삼성전자","0193W0","LONG","5/20","5/30","NONE","197","185","12","4","30.96","-0.2306","-0.5083","21.55","-4.0614","5.5530","-381508","618492","-38.1508"
"INTEGRATED_CONTINUOUS","DS004135","SK하이닉스","0193T0","LONG","3/30","10/30","NONE","150","139","11","5","30.67","-0.2830","-0.5446","26.97","-11.1342","11.3535","-381708","618292","-38.1708"
"INTEGRATED_CONTINUOUS","DS003021","삼성전자","0193L0","SHORT","5/10","3/30","10","159","151","8","5","29.56","-0.2941","-0.4839","19.21","-5.5887","4.6937","-381768","618232","-38.1768"
"INTEGRATED_CONTINUOUS","DS001054","삼성전자","0193L0","SHORT","3/10","5/10","20","186","180","6","3","27.42","-0.2551","-0.2868","9.89","-3.6933","2.9987","-382611","617389","-38.2611"
"INTEGRATED_CONTINUOUS","DS002949","SK하이닉스","0197X0","SHORT","3/10","3/30","10","164","157","7","4","24.39","-0.2718","-0.4834","20.71","-4.8931","11.3926","-382673","617327","-38.2673"
"INTEGRATED_CONTINUOUS","DS002599","SK하이닉스","0193T0","LONG","5/20","10/20","NONE","170","158","12","3","35.29","-0.2635","-0.5682","20.42","-5.5794","9.3323","-383358","616642","-38.3358"
"INTEGRATED_CONTINUOUS","DS003129","SK하이닉스","0193T0","LONG","10/20","3/30","10","133","128","5","2","24.81","-0.3458","-0.6167","19.00","-8.3213","8.8159","-383462","616538","-38.3462"
"INTEGRATED_CONTINUOUS","DS002215","SK하이닉스","0193T0","LONG","3/30","5/20","NONE","150","141","9","3","34.00","-0.2991","-0.4330","18.10","-13.0351","9.3323","-383502","616498","-38.3502"
"INTEGRATED_CONTINUOUS","DS000679","SK하이닉스","0193T0","LONG","5/20","3/10","NONE","170","167","3","2","32.94","-0.2783","-0.3966","8.85","-4.1071","5.6022","-384637","615363","-38.4637"
"INTEGRATED_CONTINUOUS","DS003467","SK하이닉스","0193T0","LONG","5/10","5/30","30","130","123","7","4","26.15","-0.3565","-0.6614","20.24","-3.5287","6.2717","-384935","615065","-38.4935"
"INTEGRATED_CONTINUOUS","DS004404","삼성전자","0193W0","LONG","3/10","20/30","50","171","161","10","5","38.01","-0.2479","-0.3538","26.36","-5.0063","6.6550","-385186","614814","-38.5186"
"INTEGRATED_CONTINUOUS","DS002912","삼성전자","0193W0","LONG","3/5","3/30","5","290","276","14","7","33.79","-0.1459","-0.3643","21.25","-9.5121","6.5920","-386279","613721","-38.6279"
"INTEGRATED_CONTINUOUS","DS002600","SK하이닉스","0193T0","LONG","5/20","10/20","5","167","155","12","3","35.33","-0.2713","-0.5974","20.32","-5.5794","9.3323","-386401","613599","-38.6401"
"INTEGRATED_CONTINUOUS","DS003444","삼성전자","0193W0","LONG","3/10","5/30","50","171","159","12","6","29.24","-0.2648","-0.4281","23.41","-4.9572","4.9536","-386646","613354","-38.6646"
"INTEGRATED_CONTINUOUS","DS000080","삼성전자","0193W0","LONG","3/10","3/5","5","296","293","3","2","30.74","-0.1608","-0.2769","4.76","-3.0298","6.1114","-386730","613270","-38.6730"
"INTEGRATED_CONTINUOUS","DS000104","SK하이닉스","0193T0","LONG","5/10","3/5","5","269","263","6","2","30.48","-0.1754","-0.3027","5.14","-2.4885","6.9257","-386969","613031","-38.6969"
"INTEGRATED_CONTINUOUS","DS003010","삼성전자","0193W0","LONG","5/10","3/30","20","150","143","7","7","26.00","-0.3191","-0.4486","16.61","-3.4234","3.9263","-387201","612799","-38.7201"
"INTEGRATED_CONTINUOUS","DS001522","삼성전자","0193W0","LONG","3/10","3/20","20","157","153","4","3","22.29","-0.3070","-0.4174","11.73","-2.8166","4.2730","-387837","612163","-38.7837"
"INTEGRATED_CONTINUOUS","DS003994","SK하이닉스","0193T0","LONG","3/20","10/30","20","86","78","8","3","19.77","-0.5336","-0.7353","21.58","-11.7911","9.4216","-387871","612129","-38.7871"
"INTEGRATED_CONTINUOUS","DS001076","SK하이닉스","0197X0","SHORT","5/10","5/10","5","296","289","7","2","35.14","-0.1568","-0.4406","10.38","-3.6571","6.8259","-388435","611565","-38.8435"
"INTEGRATED_CONTINUOUS","DS003491","삼성전자","0193W0","LONG","5/10","5/30","30","146","139","7","7","26.03","-0.3295","-0.5176","19.71","-4.8169","4.8989","-388668","611332","-38.8668"
"INTEGRATED_CONTINUOUS","DS004475","SK하이닉스","0193T0","LONG","3/20","20/30","30","84","79","5","5","27.38","-0.5522","-0.7543","25.06","-10.5793","8.5877","-388688","611312","-38.8688"
"INTEGRATED_CONTINUOUS","DS003022","삼성전자","0193L0","SHORT","5/10","3/30","20","168","160","8","5","27.38","-0.2870","-0.5494","17.45","-2.3170","4.6937","-389198","610802","-38.9198"
"INTEGRATED_CONTINUOUS","DS001112","SK하이닉스","0193T0","LONG","3/20","5/10","5","173","167","6","2","34.68","-0.2754","-0.4005","10.18","-4.0462","5.3457","-389289","610711","-38.9289"
"INTEGRATED_CONTINUOUS","DS001103","삼성전자","0193L0","SHORT","5/10","5/10","30","189","185","4","2","26.98","-0.2575","-0.3592","8.98","-1.8229","2.5949","-389408","610592","-38.9408"
"INTEGRATED_CONTINUOUS","DS002779","삼성전자","0193L0","SHORT","5/30","10/20","NONE","160","151","9","3","31.88","-0.2974","-0.3549","21.05","-5.3934","5.9608","-389461","610539","-38.9461"
"INTEGRATED_CONTINUOUS","DS001495","SK하이닉스","0193T0","LONG","3/10","3/20","NONE","301","292","9","6","32.89","-0.1356","-0.4546","16.57","-9.4028","9.3441","-389528","610472","-38.9528"
"INTEGRATED_CONTINUOUS","DS004171","삼성전자","0193L0","SHORT","3/30","10/30","NONE","198","182","16","4","32.32","-0.2367","-0.4250","26.02","-5.0225","6.8757","-389560","610440","-38.9560"
"INTEGRATED_CONTINUOUS","DS001207","SK하이닉스","0193T0","LONG","10/20","5/10","NONE","145","142","3","2","28.28","-0.3335","-0.3951","9.32","-5.4518","5.2213","-389612","610388","-38.9612"
"INTEGRATED_CONTINUOUS","DS002073","SK하이닉스","0193T0","LONG","3/20","5/20","10","155","143","12","3","31.61","-0.2915","-0.5405","16.55","-12.3102","8.9445","-390095","609905","-39.0095"
"INTEGRATED_CONTINUOUS","DS001056","삼성전자","0193L0","SHORT","3/10","5/10","50","194","188","6","3","29.90","-0.2503","-0.3011","10.18","-3.6933","3.0996","-390248","609752","-39.0248"
"INTEGRATED_CONTINUOUS","DS001075","SK하이닉스","0197X0","SHORT","5/10","5/10","NONE","319","312","7","2","34.80","-0.1461","-0.4153","10.00","-3.6571","6.8259","-390283","609717","-39.0283"
"INTEGRATED_CONTINUOUS","DS002904","SK하이닉스","0197X0","SHORT","3/5","3/30","50","342","330","12","8","31.87","-0.1094","-0.4449","21.56","-4.9380","10.6123","-390332","609668","-39.0332"
"INTEGRATED_CONTINUOUS","DS001976","SK하이닉스","0193T0","LONG","3/10","5/20","5","266","248","18","6","36.47","-0.1371","-0.4350","20.28","-12.3102","10.1819","-390810","609190","-39.0810"
"INTEGRATED_CONTINUOUS","DS004449","삼성전자","0193W0","LONG","5/10","20/30","10","133","119","14","5","35.34","-0.3497","-0.4908","29.30","-4.7253","7.2249","-390873","609127","-39.0873"
"INTEGRATED_CONTINUOUS","DS000596","SK하이닉스","0197X0","SHORT","5/10","3/10","5","296","288","8","3","33.45","-0.1583","-0.3874","9.57","-4.3451","7.0900","-390898","609102","-39.0898"
"INTEGRATED_CONTINUOUS","DS002588","삼성전자","0193L0","SHORT","3/20","10/20","5","196","184","12","4","35.71","-0.2418","-0.3646","21.70","-5.3934","5.5294","-391178","608822","-39.1178"
"INTEGRATED_CONTINUOUS","DS000575","삼성전자","0193L0","SHORT","3/10","3/10","30","199","195","4","2","30.15","-0.2475","-0.3603","7.85","-2.6568","2.9987","-392631","607369","-39.2631"
"INTEGRATED_CONTINUOUS","DS001952","삼성전자","0193W0","LONG","3/5","5/20","5","290","275","15","6","35.86","-0.1568","-0.3445","20.31","-7.3596","4.7793","-392744","607256","-39.2744"
"INTEGRATED_CONTINUOUS","DS000032","삼성전자","0193W0","LONG","3/5","3/5","5","290","285","5","2","31.03","-0.1684","-0.2956","5.03","-3.0298","3.9131","-392772","607228","-39.2772"
"INTEGRATED_CONTINUOUS","DS003007","삼성전자","0193W0","LONG","5/10","3/30","NONE","355","337","18","8","33.24","-0.1166","-0.3163","21.69","-5.6173","7.2094","-392846","607154","-39.2846"
"INTEGRATED_CONTINUOUS","DS002635","삼성전자","0193L0","SHORT","5/20","10/20","NONE","185","175","10","3","30.81","-0.2622","-0.4048","19.68","-3.7482","7.0547","-393042","606958","-39.3042"
"INTEGRATED_CONTINUOUS","DS001485","삼성전자","0193L0","SHORT","3/5","3/20","10","358","347","11","9","31.84","-0.1213","-0.3559","14.52","-3.6933","6.2582","-393326","606674","-39.3326"
"INTEGRATED_CONTINUOUS","DS004665","SK하이닉스","0193T0","LONG","5/30","20/30","10","104","94","10","3","31.73","-0.4473","-0.6029","31.01","-10.2476","10.0731","-394615","605385","-39.4615"
"INTEGRATED_CONTINUOUS","DS000680","SK하이닉스","0193T0","LONG","5/20","3/10","5","167","164","3","2","32.34","-0.2932","-0.3976","8.84","-4.1071","5.6022","-394656","605344","-39.4656"
"INTEGRATED_CONTINUOUS","DS001560","SK하이닉스","0197X0","SHORT","5/10","3/20","50","173","166","7","4","26.01","-0.2758","-0.5432","15.67","-4.9482","6.4561","-394747","605253","-39.4747"
"INTEGRATED_CONTINUOUS","DS001979","SK하이닉스","0193T0","LONG","3/10","5/20","30","133","124","9","4","27.82","-0.3485","-0.4635","19.34","-12.3102","8.6876","-394880","605120","-39.4880"
"INTEGRATED_CONTINUOUS","DS002551","SK하이닉스","0193T0","LONG","3/20","10/20","NONE","195","181","14","3","33.85","-0.2312","-0.4642","20.97","-6.5341","8.9445","-395158","604842","-39.5158"
"INTEGRATED_CONTINUOUS","DS001591","SK하이닉스","0193T0","LONG","3/20","3/20","NONE","195","189","6","1","28.72","-0.2489","-0.5698","12.83","-2.8344","7.4464","-395194","604806","-39.5194"
"INTEGRATED_CONTINUOUS","DS002542","삼성전자","0193L0","SHORT","5/10","10/20","20","168","159","9","5","29.76","-0.2900","-0.4009","18.02","-2.7190","4.6533","-395445","604555","-39.5445"
"INTEGRATED_CONTINUOUS","DS001532","삼성전자","0193L0","SHORT","3/10","3/20","5","298","288","10","5","31.21","-0.1596","-0.3897","15.34","-3.6933","6.1707","-396001","603999","-39.6001"
"INTEGRATED_CONTINUOUS","DS000547","SK하이닉스","0197X0","SHORT","3/10","3/10","NONE","336","328","8","2","32.14","-0.1421","-0.3854","9.17","-3.2730","6.3128","-396109","603891","-39.6109"
"INTEGRATED_CONTINUOUS","DS001065","SK하이닉스","0193T0","LONG","5/10","5/10","10","144","141","3","2","31.94","-0.3411","-0.4613","9.81","-3.7368","4.9307","-396414","603586","-39.6414"
"INTEGRATED_CONTINUOUS","DS002482","삼성전자","0193W0","LONG","3/10","10/20","20","157","148","9","6","29.94","-0.3113","-0.5835","16.92","-3.5371","3.5575","-397678","602322","-39.7678"
"INTEGRATED_CONTINUOUS","DS002962","삼성전자","0193W0","LONG","3/10","3/30","20","157","152","5","6","26.75","-0.3150","-0.4412","16.20","-3.4234","4.0857","-397748","602252","-39.7748"
"INTEGRATED_CONTINUOUS","DS002892","SK하이닉스","0193T0","LONG","3/5","3/30","50","230","221","9","8","32.17","-0.2014","-0.5281","21.65","-3.5953","6.3543","-399973","600027","-39.9973"
"INTEGRATED_CONTINUOUS","DS001015","SK하이닉스","0193T0","LONG","3/10","5/10","NONE","301","292","9","4","34.22","-0.1548","-0.2674","10.26","-4.0462","6.5422","-400889","599111","-40.0889"
"INTEGRATED_CONTINUOUS","DS000502","SK하이닉스","0197X0","SHORT","3/5","3/10","20","324","316","8","5","30.86","-0.1469","-0.4110","10.67","-3.9358","6.8074","-401042","598958","-40.1042"
"INTEGRATED_CONTINUOUS","DS002948","SK하이닉스","0197X0","SHORT","3/10","3/30","5","285","267","18","5","32.63","-0.1529","-0.3442","24.07","-8.0997","11.3926","-401470","598530","-40.1470"
"INTEGRATED_CONTINUOUS","DS001055","삼성전자","0193L0","SHORT","3/10","5/10","30","199","195","4","3","29.15","-0.2540","-0.2853","9.84","-3.6933","2.9987","-401628","598372","-40.1628"
"INTEGRATED_CONTINUOUS","DS002937","SK하이닉스","0193T0","LONG","3/10","3/30","10","149","143","6","4","31.54","-0.3258","-0.5854","19.15","-5.4485","5.6615","-402049","597951","-40.2049"
"INTEGRATED_CONTINUOUS","DS000574","삼성전자","0193L0","SHORT","3/10","3/10","20","186","182","4","2","28.49","-0.2733","-0.3784","8.18","-2.6568","2.9987","-402226","597774","-40.2226"
"INTEGRATED_CONTINUOUS","DS004125","삼성전자","0193L0","SHORT","10/20","10/30","10","152","141","11","3","32.89","-0.3171","-0.4626","29.72","-10.3101","7.8870","-402929","597071","-40.2929"
"INTEGRATED_CONTINUOUS","DS000536","SK하이닉스","0193T0","LONG","3/10","3/10","5","266","259","7","2","31.58","-0.1870","-0.3384","8.77","-2.6612","6.1058","-402986","597014","-40.2986"
"INTEGRATED_CONTINUOUS","DS001928","SK하이닉스","0193T0","LONG","3/5","5/20","5","249","236","13","5","35.34","-0.1732","-0.4360","19.67","-13.0351","9.3972","-403064","596936","-40.3064"
"INTEGRATED_CONTINUOUS","DS003023","삼성전자","0193L0","SHORT","5/10","3/30","30","189","179","10","6","29.10","-0.2673","-0.5069","18.62","-2.0536","4.6937","-403261","596739","-40.3261"
"INTEGRATED_CONTINUOUS","DS000488","SK하이닉스","0193T0","LONG","3/5","3/10","5","249","244","5","4","32.53","-0.2003","-0.3471","9.59","-2.5061","5.6649","-403525","596475","-40.3525"
"INTEGRATED_CONTINUOUS","DS004089","SK하이닉스","0193T0","LONG","10/20","10/30","10","133","122","11","4","24.81","-0.3579","-0.7294","26.23","-9.3500","10.2005","-403870","596130","-40.3870"
"INTEGRATED_CONTINUOUS","DS000512","삼성전자","0193W0","LONG","3/5","3/10","5","290","282","8","3","31.38","-0.1739","-0.2981","8.73","-4.3179","4.6843","-404097","595903","-40.4097"
"INTEGRATED_CONTINUOUS","DS002936","SK하이닉스","0193T0","LONG","3/10","3/30","5","266","255","11","6","33.08","-0.1641","-0.4939","21.49","-11.4360","10.1819","-404144","595856","-40.4144"
"INTEGRATED_CONTINUOUS","DS002505","SK하이닉스","0193T0","LONG","5/10","10/20","10","144","135","9","5","33.33","-0.3246","-0.5464","20.60","-6.9002","6.9300","-404149","595851","-40.4149"
"INTEGRATED_CONTINUOUS","DS000524","삼성전자","0193L0","SHORT","3/5","3/10","5","296","293","3","4","34.46","-0.1704","-0.2414","9.53","-2.6568","3.2731","-404456","595544","-40.4456"
"INTEGRATED_CONTINUOUS","DS004063","삼성전자","0193W0","LONG","5/20","10/30","NONE","197","179","18","4","34.52","-0.2418","-0.4825","28.65","-4.3584","8.6409","-404477","595523","-40.4477"
"INTEGRATED_CONTINUOUS","DS002985","SK하이닉스","0193T0","LONG","5/10","3/30","10","144","139","5","3","29.17","-0.3389","-0.6774","17.63","-5.4485","7.1037","-405103","594897","-40.5103"
"INTEGRATED_CONTINUOUS","DS000092","삼성전자","0193L0","SHORT","3/10","3/5","5","298","293","5","2","30.20","-0.1719","-0.2490","5.09","-1.7917","3.1436","-405498","594502","-40.5498"
"INTEGRATED_CONTINUOUS","DS004403","삼성전자","0193W0","LONG","3/10","20/30","30","158","149","9","5","36.08","-0.3106","-0.4066","21.25","-4.8660","6.0988","-405558","594442","-40.5558"
"INTEGRATED_CONTINUOUS","DS003008","삼성전자","0193W0","LONG","5/10","3/30","5","316","301","15","7","31.65","-0.1476","-0.3682","21.13","-5.6173","7.0961","-405730","594270","-40.5730"
"INTEGRATED_CONTINUOUS","DS003504","삼성전자","0193L0","SHORT","5/10","5/30","50","188","176","12","5","29.26","-0.2701","-0.4763","20.84","-5.5097","4.6937","-406746","593254","-40.6746"
"INTEGRATED_CONTINUOUS","DS004437","SK하이닉스","0197X0","SHORT","5/10","20/30","10","150","132","18","5","36.67","-0.2979","-0.4021","35.05","-10.5284","10.8390","-406835","593165","-40.6835"
"INTEGRATED_CONTINUOUS","DS004388","SK하이닉스","0197X0","SHORT","3/10","20/30","5","285","259","26","11","40.00","-0.1275","-0.3229","35.29","-10.6563","11.5039","-408044","591956","-40.8044"
"INTEGRATED_CONTINUOUS","DS003982","삼성전자","0193L0","SHORT","5/10","10/30","20","168","157","11","6","29.76","-0.3023","-0.5301","22.76","-3.1603","5.4157","-408266","591734","-40.8266"
"INTEGRATED_CONTINUOUS","DS000968","SK하이닉스","0193T0","LONG","3/5","5/10","5","249","244","5","4","36.55","-0.2014","-0.2681","10.90","-4.8392","5.7834","-408655","591345","-40.8655"
"INTEGRATED_CONTINUOUS","DS004123","삼성전자","0193L0","SHORT","10/20","10/30","NONE","164","153","11","4","32.93","-0.3005","-0.4271","29.35","-10.3101","7.8870","-409505","590495","-40.9505"
"INTEGRATED_CONTINUOUS","DS001531","삼성전자","0193L0","SHORT","3/10","3/20","NONE","385","375","10","5","32.73","-0.1268","-0.2924","15.86","-3.6933","6.1707","-409719","590281","-40.9719"
"INTEGRATED_CONTINUOUS","DS004543","삼성전자","0193W0","LONG","5/20","20/30","NONE","197","176","21","4","35.03","-0.2402","-0.3995","29.89","-4.2274","7.4410","-409898","590102","-40.9898"
"INTEGRATED_CONTINUOUS","DS004040","SK하이닉스","0193T0","LONG","5/20","10/30","5","167","152","15","6","32.93","-0.2648","-0.6714","29.64","-11.1342","10.9906","-410065","589935","-41.0065"
"INTEGRATED_CONTINUOUS","DS002975","삼성전자","0193L0","SHORT","3/10","3/30","30","199","191","8","7","28.14","-0.2579","-0.4617","18.63","-3.6933","5.7992","-410110","589890","-41.0110"
"INTEGRATED_CONTINUOUS","DS004476","SK하이닉스","0193T0","LONG","3/20","20/30","50","84","82","2","5","27.38","-0.5936","-0.7742","30.63","-10.5793","8.5877","-410272","589728","-41.0272"
"INTEGRATED_CONTINUOUS","DS002002","삼성전자","0193W0","LONG","3/10","5/20","20","157","152","5","5","26.75","-0.3279","-0.5516","15.31","-2.8166","3.8617","-410376","589624","-41.0376"
"INTEGRATED_CONTINUOUS","DS004039","SK하이닉스","0193T0","LONG","5/20","10/30","NONE","170","155","15","6","32.94","-0.2604","-0.6701","29.65","-11.1342","10.9906","-410477","589523","-41.0477"
"INTEGRATED_CONTINUOUS","DS004389","SK하이닉스","0197X0","SHORT","3/10","20/30","10","164","151","13","4","32.93","-0.2738","-0.6942","31.91","-4.0221","11.5039","-410551","589449","-41.0551"
"INTEGRATED_CONTINUOUS","DS003924","삼성전자","0193W0","LONG","3/10","10/30","50","171","158","13","6","31.58","-0.2815","-0.5074","28.68","-5.2515","6.8300","-410905","589095","-41.0905"
"INTEGRATED_CONTINUOUS","DS003971","삼성전자","0193W0","LONG","5/10","10/30","30","146","136","10","7","28.08","-0.3454","-0.5576","25.79","-5.1116","5.9031","-411665","588335","-41.1665"
"INTEGRATED_CONTINUOUS","DS001113","SK하이닉스","0193T0","LONG","3/20","5/10","10","155","150","5","2","35.48","-0.3294","-0.4005","10.21","-6.8416","5.3457","-411669","588331","-41.1669"
"INTEGRATED_CONTINUOUS","DS004087","SK하이닉스","0193T0","LONG","10/20","10/30","NONE","145","133","12","5","26.21","-0.3372","-0.6635","26.77","-9.3500","10.2005","-411899","588101","-41.1899"
"INTEGRATED_CONTINUOUS","DS000127","삼성전자","0193W0","LONG","5/10","3/5","NONE","355","350","5","2","26.76","-0.1456","-0.2511","4.86","-2.2166","6.1114","-412486","587514","-41.2486"
"INTEGRATED_CONTINUOUS","DS002976","삼성전자","0193L0","SHORT","3/10","3/30","50","194","185","9","5","26.80","-0.2678","-0.4382","18.62","-5.4212","5.7992","-412835","587165","-41.2835"
"INTEGRATED_CONTINUOUS","DS000021","SK하이닉스","0197X0","SHORT","3/5","3/5","10","317","314","3","2","29.65","-0.1622","-0.3603","5.64","-3.0198","5.4800","-412948","587052","-41.2948"
"INTEGRATED_CONTINUOUS","DS002107","삼성전자","0193L0","SHORT","3/20","5/20","NONE","239","230","9","3","32.22","-0.2152","-0.3746","16.59","-5.2344","4.3510","-413473","586527","-41.3473"
"INTEGRATED_CONTINUOUS","DS001939","SK하이닉스","0197X0","SHORT","3/5","5/20","NONE","632","605","27","9","39.24","-0.0464","-0.3493","21.79","-6.2592","11.2317","-414732","585268","-41.4732"
"INTEGRATED_CONTINUOUS","DS002960","삼성전자","0193W0","LONG","3/10","3/30","5","296","282","14","7","32.77","-0.1610","-0.3539","22.12","-6.1680","6.5920","-414811","585189","-41.4811"
"INTEGRATED_CONTINUOUS","DS004174","삼성전자","0193L0","SHORT","3/30","10/30","20","110","101","9","3","21.82","-0.4782","-0.5249","22.54","-5.0225","3.7843","-414999","585001","-41.4999"
"INTEGRATED_CONTINUOUS","DS004762","SK하이닉스","0193T0","LONG","20/30","20/30","20","91","86","5","1","24.18","-0.5678","-0.7263","24.65","-6.0402","9.3607","-415325","584675","-41.5325"
"INTEGRATED_CONTINUOUS","DS004617","SK하이닉스","0193T0","LONG","3/30","20/30","10","122","112","10","5","33.61","-0.4060","-0.4970","32.56","-9.9134","10.5050","-415345","584655","-41.5345"
"INTEGRATED_CONTINUOUS","DS004076","삼성전자","0193L0","SHORT","5/20","10/30","5","175","159","16","4","34.29","-0.2848","-0.3554","29.70","-10.4449","7.7143","-415735","584265","-41.5735"
"INTEGRATED_CONTINUOUS","DS002493","삼성전자","0193L0","SHORT","3/10","10/20","10","178","169","9","4","34.83","-0.2913","-0.4502","20.72","-4.7752","4.2589","-415816","584184","-41.5816"
"INTEGRATED_CONTINUOUS","DS004639","삼성전자","0193W0","LONG","3/30","20/30","NONE","203","185","18","6","33.50","-0.2362","-0.4156","24.19","-3.7314","7.4410","-415902","584098","-41.5902"
"INTEGRATED_CONTINUOUS","DS001160","SK하이닉스","0193T0","LONG","5/20","5/10","5","167","163","4","2","31.74","-0.3154","-0.4031","9.18","-3.3443","5.7207","-415986","584014","-41.5986"
"INTEGRATED_CONTINUOUS","DS002947","SK하이닉스","0197X0","SHORT","3/10","3/30","NONE","336","317","19","6","33.63","-0.1323","-0.3406","23.69","-8.0997","11.3926","-416085","583915","-41.6085"
"INTEGRATED_CONTINUOUS","DS002589","삼성전자","0193L0","SHORT","3/20","10/20","10","175","166","9","4","32.00","-0.2960","-0.4182","20.59","-5.3934","5.5294","-416278","583722","-41.6278"
"INTEGRATED_CONTINUOUS","DS003418","SK하이닉스","0193T0","LONG","3/10","5/30","20","138","129","9","5","26.81","-0.3637","-0.6586","19.32","-12.6220","6.8044","-418013","581987","-41.8013"
"INTEGRATED_CONTINUOUS","DS002014","삼성전자","0193L0","SHORT","3/10","5/20","20","186","178","8","5","27.96","-0.2835","-0.4452","15.39","-4.3459","4.9885","-418188","581812","-41.8188"
"INTEGRATED_CONTINUOUS","DS002974","삼성전자","0193L0","SHORT","3/10","3/30","20","186","177","9","6","26.34","-0.2832","-0.4802","18.28","-3.6933","5.7992","-418192","581808","-41.8192"
"INTEGRATED_CONTINUOUS","DS001159","SK하이닉스","0193T0","LONG","5/20","5/10","NONE","170","166","4","2","31.76","-0.3121","-0.4036","9.20","-3.3443","5.7207","-418218","581782","-41.8218"
"INTEGRATED_CONTINUOUS","DS000055","SK하이닉스","0193T0","LONG","3/10","3/5","NONE","301","295","6","2","27.57","-0.1746","-0.3016","5.05","-2.2151","7.0780","-419560","580440","-41.9560"
"INTEGRATED_CONTINUOUS","DS002072","SK하이닉스","0193T0","LONG","3/20","5/20","5","173","160","13","3","30.64","-0.2890","-0.5557","17.23","-12.3102","8.9445","-419926","580074","-41.9926"
"INTEGRATED_CONTINUOUS","DS000982","SK하이닉스","0197X0","SHORT","3/5","5/10","20","324","318","6","6","32.10","-0.1551","-0.3792","12.36","-6.8667","6.5439","-420289","579711","-42.0289"
"INTEGRATED_CONTINUOUS","DS002515","SK하이닉스","0197X0","SHORT","5/10","10/20","NONE","319","301","18","7","37.93","-0.1438","-0.3815","24.64","-5.0575","11.2719","-420924","579076","-42.0924"
"INTEGRATED_CONTINUOUS","DS004663","SK하이닉스","0193T0","LONG","5/30","20/30","NONE","123","110","13","4","30.89","-0.4093","-0.5746","30.72","-10.2476","10.0731","-421034","578966","-42.1034"
"INTEGRATED_CONTINUOUS","DS000595","SK하이닉스","0197X0","SHORT","5/10","3/10","NONE","319","311","8","3","33.23","-0.1619","-0.3511","9.51","-4.3451","7.0900","-421099","578901","-42.1099"
"INTEGRATED_CONTINUOUS","DS003547","삼성전자","0193L0","SHORT","3/20","5/30","NONE","239","226","13","6","33.05","-0.2169","-0.4007","22.25","-6.7967","7.2360","-422861","577139","-42.2861"
"INTEGRATED_CONTINUOUS","DS002543","삼성전자","0193L0","SHORT","5/10","10/20","30","189","180","9","6","32.28","-0.2817","-0.3769","20.57","-3.3607","4.6533","-423059","576941","-42.3059"
"INTEGRATED_CONTINUOUS","DS003501","삼성전자","0193L0","SHORT","5/10","5/30","10","159","151","8","5","28.30","-0.3350","-0.5408","21.63","-5.6770","4.6937","-423138","576862","-42.3138"
"INTEGRATED_CONTINUOUS","DS000008","SK하이닉스","0193T0","LONG","3/5","3/5","5","249","245","4","2","29.32","-0.2160","-0.3339","5.35","-2.9320","5.9178","-423424","576576","-42.3424"
"INTEGRATED_CONTINUOUS","DS004664","SK하이닉스","0193T0","LONG","5/30","20/30","5","122","109","13","4","30.33","-0.4161","-0.5812","30.48","-10.2476","10.0731","-423453","576547","-42.3453"
"INTEGRATED_CONTINUOUS","DS000623","삼성전자","0193L0","SHORT","5/10","3/10","30","189","185","4","2","28.04","-0.2883","-0.3966","8.03","-2.0376","2.8054","-423784","576216","-42.3784"
"INTEGRATED_CONTINUOUS","DS003465","SK하이닉스","0193T0","LONG","5/10","5/30","10","144","133","11","3","29.17","-0.3606","-0.7249","20.28","-5.1135","7.4332","-424345","575655","-42.4345"
"INTEGRATED_CONTINUOUS","DS002495","삼성전자","0193L0","SHORT","3/10","10/20","30","199","192","7","5","31.66","-0.2673","-0.3519","21.13","-4.3459","4.6533","-425141","574859","-42.5141"
"INTEGRATED_CONTINUOUS","DS003079","SK하이닉스","0193T0","LONG","5/20","3/30","NONE","170","165","5","3","25.88","-0.3109","-0.6057","19.09","-4.1071","9.3323","-426365","573635","-42.6365"
"INTEGRATED_CONTINUOUS","DS003983","삼성전자","0193L0","SHORT","5/10","10/30","30","189","176","13","6","30.16","-0.2850","-0.4436","26.56","-3.4714","5.4157","-427397","572603","-42.7397"
"INTEGRATED_CONTINUOUS","DS000068","SK하이닉스","0197X0","SHORT","3/10","3/5","5","285","278","7","1","30.53","-0.1908","-0.3229","5.49","-3.2730","5.4800","-427564","572436","-42.7564"
"INTEGRATED_CONTINUOUS","DS003907","SK하이닉스","0197X0","SHORT","3/10","10/30","NONE","336","310","26","8","41.67","-0.0971","-0.3127","32.63","-10.9414","13.3003","-427623","572377","-42.7623"
"INTEGRATED_CONTINUOUS","DS000560","삼성전자","0193W0","LONG","3/10","3/10","5","296","288","8","1","30.74","-0.1835","-0.3487","8.15","-2.8641","5.5941","-427855","572145","-42.7855"
"INTEGRATED_CONTINUOUS","DS002924","삼성전자","0193L0","SHORT","3/5","3/30","5","296","282","14","8","31.42","-0.1633","-0.3354","23.68","-6.4469","6.4911","-428601","571399","-42.8601"
"INTEGRATED_CONTINUOUS","DS003080","SK하이닉스","0193T0","LONG","5/20","3/30","5","167","162","5","3","25.75","-0.3196","-0.6115","18.93","-4.1071","9.3323","-429318","570682","-42.9318"
"INTEGRATED_CONTINUOUS","DS003655","SK하이닉스","0193T0","LONG","3/30","5/30","NONE","150","139","11","3","27.33","-0.3512","-0.5341","22.83","-13.3443","9.3323","-429506","570494","-42.9506"
"INTEGRATED_CONTINUOUS","DS003957","SK하이닉스","0197X0","SHORT","5/10","10/30","10","150","139","11","5","36.67","-0.3219","-0.3812","30.94","-10.8140","12.6247","-430173","569827","-43.0173"
"INTEGRATED_CONTINUOUS","DS000022","SK하이닉스","0197X0","SHORT","3/5","3/5","20","324","319","5","2","28.40","-0.1685","-0.3391","5.34","-3.0198","5.4800","-430318","569682","-43.0318"
"INTEGRATED_CONTINUOUS","DS003490","삼성전자","0193W0","LONG","5/10","5/30","20","150","143","7","7","25.33","-0.3683","-0.5567","17.55","-2.6649","3.6853","-430521","569479","-43.0521"
"INTEGRATED_CONTINUOUS","DS003935","삼성전자","0193L0","SHORT","3/10","10/30","30","199","186","13","8","29.65","-0.2727","-0.4312","26.55","-4.3459","6.5288","-432126","567874","-43.2126"
"INTEGRATED_CONTINUOUS","DS000491","SK하이닉스","0193T0","LONG","3/5","3/10","30","231","230","1","5","29.00","-0.2342","-0.4335","10.10","-4.3423","5.6649","-432335","567665","-43.2335"
"INTEGRATED_CONTINUOUS","DS003535","삼성전자","0193W0","LONG","3/20","5/30","NONE","248","234","14","5","29.84","-0.2131","-0.3954","21.35","-4.9105","6.1830","-432591","567409","-43.2591"
"INTEGRATED_CONTINUOUS","DS002925","삼성전자","0193L0","SHORT","3/5","3/30","10","358","335","23","11","29.33","-0.1286","-0.4157","20.84","-6.4469","7.5746","-433412","566588","-43.3412"
"INTEGRATED_CONTINUOUS","DS001511","SK하이닉스","0197X0","SHORT","3/10","3/20","30","170","165","5","3","24.71","-0.3185","-0.5582","14.65","-4.9482","9.1716","-434030","565970","-43.4030"
"INTEGRATED_CONTINUOUS","DS003033","SK하이닉스","0193T0","LONG","3/20","3/30","10","155","148","7","4","27.10","-0.3500","-0.6202","18.03","-5.0767","8.9445","-434543","565457","-43.4543"
"INTEGRATED_CONTINUOUS","DS001040","삼성전자","0193W0","LONG","3/10","5/10","5","296","286","10","3","33.45","-0.1845","-0.3426","9.94","-3.1316","5.9947","-434694","565306","-43.4694"
"INTEGRATED_CONTINUOUS","DS004557","삼성전자","0193L0","SHORT","5/20","20/30","10","141","125","16","4","30.50","-0.3830","-0.3519","32.50","-8.6147","7.7555","-435219","564781","-43.5219"
"INTEGRATED_CONTINUOUS","DS003970","삼성전자","0193W0","LONG","5/10","10/30","20","150","137","13","7","27.33","-0.3636","-0.5589","23.01","-3.2422","5.9031","-435252","564748","-43.5252"
"INTEGRATED_CONTINUOUS","DS004618","SK하이닉스","0193T0","LONG","3/30","20/30","20","86","76","10","4","32.56","-0.6485","-0.4970","26.53","-5.7498","5.6677","-437375","562625","-43.7375"
"INTEGRATED_CONTINUOUS","DS001544","SK하이닉스","0193T0","LONG","5/10","3/20","5","269","260","9","6","32.34","-0.1950","-0.4644","15.48","-8.1219","7.7688","-437848","562152","-43.7848"
"INTEGRATED_CONTINUOUS","DS001509","SK하이닉스","0197X0","SHORT","3/10","3/20","10","164","159","5","3","25.61","-0.3396","-0.5610","13.67","-3.2730","9.1716","-438005","561995","-43.8005"
"INTEGRATED_CONTINUOUS","DS003372","SK하이닉스","0193T0","LONG","3/5","5/30","50","230","216","14","8","30.00","-0.2220","-0.5451","25.32","-4.6202","6.6040","-438100","561900","-43.8100"
"INTEGRATED_CONTINUOUS","DS000010","SK하이닉스","0193T0","LONG","3/5","3/5","20","245","243","2","2","24.90","-0.2307","-0.3521","4.76","-2.9320","7.0780","-438190","561810","-43.8190"
"INTEGRATED_CONTINUOUS","DS003456","삼성전자","0193L0","SHORT","3/10","5/30","50","194","183","11","5","27.32","-0.2881","-0.5191","21.09","-5.5097","5.7992","-438264","561736","-43.8264"
"INTEGRATED_CONTINUOUS","DS003455","삼성전자","0193L0","SHORT","3/10","5/30","30","199","191","8","7","28.14","-0.2799","-0.5408","20.96","-4.3459","5.7992","-438319","561681","-43.8319"
"INTEGRATED_CONTINUOUS","DS000036","삼성전자","0193W0","LONG","3/5","3/5","50","321","318","3","2","24.61","-0.1763","-0.2969","4.34","-1.8378","5.0361","-438458","561542","-43.8458"
"INTEGRATED_CONTINUOUS","DS004387","SK하이닉스","0197X0","SHORT","3/10","20/30","NONE","336","305","31","12","40.48","-0.1130","-0.3191","34.95","-10.6563","11.5039","-438522","561478","-43.8522"
"INTEGRATED_CONTINUOUS","DS001579","삼성전자","0193L0","SHORT","5/10","3/20","NONE","360","350","10","6","31.67","-0.1500","-0.3663","15.85","-3.3492","5.9526","-438606","561394","-43.8606"
"INTEGRATED_CONTINUOUS","DS002959","삼성전자","0193W0","LONG","3/10","3/30","NONE","386","367","19","8","31.87","-0.1238","-0.3532","21.96","-6.1680","7.3224","-438754","561246","-43.8754"
"INTEGRATED_CONTINUOUS","DS004701","삼성전자","0193L0","SHORT","5/30","20/30","10","128","117","11","3","29.69","-0.4201","-0.4810","31.30","-9.1959","6.6543","-438824","561176","-43.8824"
"INTEGRATED_CONTINUOUS","DS003981","삼성전자","0193L0","SHORT","5/10","10/30","10","159","145","14","6","30.82","-0.3504","-0.5054","27.30","-5.5445","5.4157","-439665","560335","-43.9665"
"INTEGRATED_CONTINUOUS","DS004450","삼성전자","0193W0","LONG","5/10","20/30","20","150","137","13","6","33.33","-0.3751","-0.5072","22.48","-3.3561","6.4876","-440853","559147","-44.0853"
"INTEGRATED_CONTINUOUS","DS003502","삼성전자","0193L0","SHORT","5/10","5/30","20","168","160","8","5","24.40","-0.3372","-0.5602","18.96","-2.7070","4.6937","-440993","559007","-44.0993"
"INTEGRATED_CONTINUOUS","DS001004","삼성전자","0193L0","SHORT","3/5","5/10","5","296","293","3","5","33.11","-0.1910","-0.2185","11.20","-3.6933","3.5102","-441587","558413","-44.1587"
"INTEGRATED_CONTINUOUS","DS003609","SK하이닉스","0193T0","LONG","10/20","5/30","10","133","122","11","3","26.32","-0.4198","-0.6098","21.83","-7.9964","8.8159","-442427","557573","-44.2427"
"INTEGRATED_CONTINUOUS","DS004759","SK하이닉스","0193T0","LONG","20/30","20/30","NONE","100","93","7","1","24.00","-0.5640","-0.7181","22.89","-6.0402","9.3607","-442649","557351","-44.2649"
"INTEGRATED_CONTINUOUS","DS000501","SK하이닉스","0197X0","SHORT","3/5","3/10","10","317","312","5","6","29.34","-0.1730","-0.4460","9.53","-5.3553","6.8074","-442861","557139","-44.2861"
"INTEGRATED_CONTINUOUS","DS004159","삼성전자","0193W0","LONG","3/30","10/30","NONE","203","187","16","4","29.06","-0.2742","-0.4863","23.39","-3.2422","7.8638","-442907","557093","-44.2907"
"INTEGRATED_CONTINUOUS","DS002888","SK하이닉스","0193T0","LONG","3/5","3/30","5","249","240","9","7","34.54","-0.2142","-0.4816","22.71","-5.4485","9.3972","-443532","556468","-44.3532"
"INTEGRATED_CONTINUOUS","DS002455","SK하이닉스","0193T0","LONG","3/10","10/20","NONE","301","280","21","7","36.88","-0.1485","-0.3866","24.29","-6.9002","10.1819","-443901","556099","-44.3901"
"INTEGRATED_CONTINUOUS","DS003032","SK하이닉스","0193T0","LONG","3/20","3/30","5","173","166","7","3","27.75","-0.3224","-0.6094","19.27","-5.0767","8.9445","-444783","555217","-44.4783"
"INTEGRATED_CONTINUOUS","DS002468","SK하이닉스","0197X0","SHORT","3/10","10/20","5","285","268","17","5","34.39","-0.1715","-0.3617","24.41","-5.3646","11.9394","-444811","555189","-44.4811"
"INTEGRATED_CONTINUOUS","DS004713","SK하이닉스","0193T0","LONG","10/30","20/30","10","99","89","10","2","27.27","-0.5710","-0.7972","27.47","-5.1638","9.5025","-444899","555101","-44.4899"
"INTEGRATED_CONTINUOUS","DS003993","SK하이닉스","0193T0","LONG","3/20","10/30","10","155","142","13","4","28.39","-0.3284","-0.7525","28.12","-11.7911","11.2808","-445567","554433","-44.5567"
"INTEGRATED_CONTINUOUS","DS001932","SK하이닉스","0193T0","LONG","3/5","5/20","50","230","218","12","6","33.04","-0.2386","-0.4643","20.96","-4.3825","5.0580","-445654","554346","-44.5654"
"INTEGRATED_CONTINUOUS","DS001472","삼성전자","0193W0","LONG","3/5","3/20","5","290","279","11","5","33.45","-0.1923","-0.3403","15.76","-7.3596","5.1942","-446246","553754","-44.6246"
"INTEGRATED_CONTINUOUS","DS001543","SK하이닉스","0193T0","LONG","5/10","3/20","NONE","286","276","10","6","32.17","-0.1816","-0.4600","15.78","-8.1219","9.3441","-446767","553233","-44.6767"
"INTEGRATED_CONTINUOUS","DS003383","SK하이닉스","0197X0","SHORT","3/5","5/30","30","342","324","18","9","31.29","-0.1322","-0.5492","23.11","-6.2592","11.9394","-448369","551631","-44.8369"
"INTEGRATED_CONTINUOUS","DS003864","SK하이닉스","0197X0","SHORT","3/5","10/30","50","342","321","21","10","37.13","-0.0767","-0.4224","27.35","-11.3637","13.3003","-448403","551597","-44.8403"
"INTEGRATED_CONTINUOUS","DS003936","삼성전자","0193L0","SHORT","3/10","10/30","50","194","177","17","6","28.35","-0.2957","-0.4385","26.19","-5.3770","6.5288","-448819","551181","-44.8819"
"INTEGRATED_CONTINUOUS","DS001452","SK하이닉스","0193T0","LONG","3/5","3/20","50","230","224","6","8","32.17","-0.2475","-0.4564","17.97","-2.9883","4.7005","-449394","550606","-44.9394"
"INTEGRATED_CONTINUOUS","DS003908","SK하이닉스","0197X0","SHORT","3/10","10/30","5","285","263","22","7","41.40","-0.1358","-0.3080","33.19","-10.9414","13.3003","-449634","550366","-44.9634"
"INTEGRATED_CONTINUOUS","DS003851","SK하이닉스","0193T0","LONG","3/5","10/30","30","231","222","9","15","26.41","-0.1426","-0.7114","25.65","-5.5970","10.2719","-449683","550317","-44.9683"
"INTEGRATED_CONTINUOUS","DS002587","삼성전자","0193L0","SHORT","3/20","10/20","NONE","239","225","14","4","34.31","-0.2395","-0.3516","20.59","-5.3934","5.5294","-449840","550160","-44.9840"
"INTEGRATED_CONTINUOUS","DS003607","SK하이닉스","0193T0","LONG","10/20","5/30","NONE","145","134","11","3","26.21","-0.3937","-0.5710","22.17","-7.9964","8.8159","-449859","550141","-44.9859"
"INTEGRATED_CONTINUOUS","DS000103","SK하이닉스","0193T0","LONG","5/10","3/5","NONE","286","280","6","2","30.77","-0.2025","-0.3031","5.29","-4.1533","6.9257","-450399","549601","-45.0399"
"INTEGRATED_CONTINUOUS","DS003392","삼성전자","0193W0","LONG","3/5","5/30","5","290","272","18","7","35.17","-0.1858","-0.3735","24.74","-9.4653","6.5920","-453289","546711","-45.3289"
"INTEGRATED_CONTINUOUS","DS002541","삼성전자","0193L0","SHORT","5/10","10/20","10","159","149","10","5","28.30","-0.3721","-0.5408","19.89","-2.7190","3.6569","-453890","546110","-45.3890"
"INTEGRATED_CONTINUOUS","DS004653","삼성전자","0193L0","SHORT","3/30","20/30","10","138","124","14","6","31.88","-0.4080","-0.4096","30.55","-8.7521","6.9166","-453920","546080","-45.3920"
"INTEGRATED_CONTINUOUS","DS003992","SK하이닉스","0193T0","LONG","3/20","10/30","5","173","157","16","6","28.32","-0.2981","-0.7121","29.51","-11.7911","11.2808","-454438","545562","-45.4438"
"INTEGRATED_CONTINUOUS","DS000139","삼성전자","0193L0","SHORT","5/10","3/5","NONE","360","356","4","2","29.72","-0.1657","-0.2162","5.03","-2.7813","3.1436","-454973","545027","-45.4973"
"INTEGRATED_CONTINUOUS","DS000489","SK하이닉스","0193T0","LONG","3/5","3/10","10","262","259","3","4","30.53","-0.2236","-0.3534","8.63","-6.8416","5.6649","-455305","544695","-45.5305"
"INTEGRATED_CONTINUOUS","DS003559","SK하이닉스","0193T0","LONG","5/20","5/30","NONE","170","157","13","3","26.47","-0.3402","-0.6873","22.61","-3.7674","9.3323","-455854","544146","-45.5854"
"INTEGRATED_CONTINUOUS","DS002444","삼성전자","0193L0","SHORT","3/5","10/20","5","296","279","17","6","32.77","-0.1885","-0.3823","22.27","-5.0595","4.9408","-455884","544116","-45.5884"
"INTEGRATED_CONTINUOUS","DS002995","SK하이닉스","0197X0","SHORT","5/10","3/30","NONE","319","300","19","6","35.74","-0.1660","-0.2976","23.18","-9.0710","8.6220","-455909","544091","-45.5909"
"INTEGRATED_CONTINUOUS","DS004075","삼성전자","0193L0","SHORT","5/20","10/30","NONE","185","169","16","5","33.51","-0.3051","-0.4118","30.18","-10.4449","7.7143","-456009","543991","-45.6009"
"INTEGRATED_CONTINUOUS","DS003560","SK하이닉스","0193T0","LONG","5/20","5/30","5","167","154","13","3","26.35","-0.3469","-0.6891","22.50","-3.7674","9.3323","-456436","543564","-45.6436"
"INTEGRATED_CONTINUOUS","DS001508","SK하이닉스","0197X0","SHORT","3/10","3/20","5","285","273","12","5","31.58","-0.1975","-0.4973","17.83","-4.9482","9.1716","-457158","542842","-45.7158"
"INTEGRATED_CONTINUOUS","DS004521","SK하이닉스","0193T0","LONG","5/20","20/30","10","144","133","11","5","34.03","-0.3800","-0.7112","32.79","-9.9134","10.1448","-457369","542631","-45.7369"
"INTEGRATED_CONTINUOUS","DS004451","삼성전자","0193W0","LONG","5/10","20/30","30","146","137","9","6","34.25","-0.4056","-0.4314","22.32","-4.8660","6.0435","-457771","542229","-45.7771"
"INTEGRATED_CONTINUOUS","DS004616","SK하이닉스","0193T0","LONG","3/30","20/30","5","134","122","12","3","32.09","-0.4168","-0.5728","31.25","-9.9134","10.5050","-457966","542034","-45.7966"
"INTEGRATED_CONTINUOUS","DS002999","SK하이닉스","0197X0","SHORT","5/10","3/30","30","159","151","8","4","25.16","-0.3698","-0.5159","17.50","-9.0710","8.6220","-458616","541384","-45.8616"
"INTEGRATED_CONTINUOUS","DS004439","SK하이닉스","0197X0","SHORT","5/10","20/30","30","159","143","16","6","30.19","-0.3586","-0.6061","23.36","-9.8774","10.8390","-459098","540902","-45.9098"
"INTEGRATED_CONTINUOUS","DS004511","삼성전자","0193L0","SHORT","3/20","20/30","30","117","104","13","4","28.21","-0.5133","-0.4765","23.86","-8.6147","3.5289","-459147","540853","-45.9147"
"INTEGRATED_CONTINUOUS","DS000035","삼성전자","0193W0","LONG","3/5","3/5","30","329","325","4","2","25.23","-0.1839","-0.2882","4.24","-1.8378","3.9131","-459403","540597","-45.9403"
"INTEGRATED_CONTINUOUS","DS000631","SK하이닉스","0193T0","LONG","3/20","3/10","NONE","195","190","5","2","32.82","-0.3068","-0.4415","9.32","-6.8416","5.2277","-459550","540450","-45.9550"
"INTEGRATED_CONTINUOUS","DS000067","SK하이닉스","0197X0","SHORT","3/10","3/5","NONE","336","329","7","2","30.95","-0.1786","-0.3226","5.39","-3.2730","5.4800","-460194","539806","-46.0194"
"INTEGRATED_CONTINUOUS","DS004028","삼성전자","0193L0","SHORT","3/20","10/30","5","196","180","16","6","36.22","-0.2864","-0.3215","30.80","-10.4449","6.1795","-461099","538901","-46.1099"
"INTEGRATED_CONTINUOUS","DS002411","SK하이닉스","0193T0","LONG","3/5","10/20","30","231","222","9","8","31.60","-0.2248","-0.5080","20.35","-5.5970","9.3972","-461191","538809","-46.1191"
"INTEGRATED_CONTINUOUS","DS003896","SK하이닉스","0193T0","LONG","3/10","10/30","5","266","242","24","7","33.83","-0.1745","-0.5303","31.63","-10.8496","11.7921","-461646","538354","-46.1646"
"INTEGRATED_CONTINUOUS","DS004711","SK하이닉스","0193T0","LONG","10/30","20/30","NONE","109","99","10","3","29.36","-0.5464","-0.7298","27.59","-5.1638","9.5025","-462146","537854","-46.2146"
"INTEGRATED_CONTINUOUS","DS000140","삼성전자","0193L0","SHORT","5/10","3/5","5","333","329","4","2","28.23","-0.1837","-0.2426","4.86","-2.7813","3.1436","-462465","537535","-46.2465"
"INTEGRATED_CONTINUOUS","DS003442","삼성전자","0193W0","LONG","3/10","5/30","20","157","152","5","6","23.57","-0.3889","-0.5436","17.31","-2.6649","3.7933","-463437","536563","-46.3437"
"INTEGRATED_CONTINUOUS","DS001580","삼성전자","0193L0","SHORT","5/10","3/20","5","333","323","10","4","29.13","-0.1777","-0.3901","15.08","-3.3492","5.9526","-464451","535549","-46.4451"
"INTEGRATED_CONTINUOUS","DS002516","SK하이닉스","0197X0","SHORT","5/10","10/20","5","296","278","18","6","36.82","-0.1865","-0.4232","24.02","-5.0575","11.2719","-464854","535146","-46.4854"
"INTEGRATED_CONTINUOUS","DS003898","SK하이닉스","0193T0","LONG","3/10","10/30","20","138","129","9","6","26.09","-0.4196","-0.7946","21.62","-4.4148","9.4216","-465545","534455","-46.5545"
"INTEGRATED_CONTINUOUS","DS003945","SK하이닉스","0193T0","LONG","5/10","10/30","10","144","133","11","6","29.17","-0.3546","-0.8482","26.88","-11.7911","11.2808","-465585","534415","-46.5585"
"INTEGRATED_CONTINUOUS","DS001557","SK하이닉스","0197X0","SHORT","5/10","3/20","10","150","144","6","3","26.00","-0.4093","-0.5491","13.71","-3.2730","4.7311","-465790","534210","-46.5790"
"INTEGRATED_CONTINUOUS","DS003946","SK하이닉스","0193T0","LONG","5/10","10/30","20","131","120","11","6","26.72","-0.4321","-0.7597","24.37","-11.7911","9.2110","-466917","533083","-46.6917"
"INTEGRATED_CONTINUOUS","DS000572","삼성전자","0193L0","SHORT","3/10","3/10","5","298","292","6","2","32.55","-0.2080","-0.3507","8.44","-2.6568","3.6462","-468164","531836","-46.8164"
"INTEGRATED_CONTINUOUS","DS003503","삼성전자","0193L0","SHORT","5/10","5/30","30","189","179","10","6","24.87","-0.3264","-0.5176","20.20","-2.3388","4.6937","-468334","531666","-46.8334"
"INTEGRATED_CONTINUOUS","DS004029","삼성전자","0193L0","SHORT","3/20","10/30","10","175","161","14","6","33.71","-0.3300","-0.4549","31.33","-10.4449","6.1795","-470385","529615","-47.0385"
"INTEGRATED_CONTINUOUS","DS002891","SK하이닉스","0193T0","LONG","3/5","3/30","30","231","227","4","7","28.14","-0.2497","-0.5349","18.59","-4.6603","9.3972","-470425","529575","-47.0425"
"INTEGRATED_CONTINUOUS","DS003948","SK하이닉스","0193T0","LONG","5/10","10/30","50","128","123","5","7","25.00","-0.4530","-0.7507","27.54","-11.7911","9.2110","-471818","528182","-47.1818"
"INTEGRATED_CONTINUOUS","DS000020","SK하이닉스","0197X0","SHORT","3/5","3/5","5","308","305","3","2","28.25","-0.2022","-0.3609","5.82","-3.0198","5.4800","-472144","527856","-47.2144"
"INTEGRATED_CONTINUOUS","DS002012","삼성전자","0193L0","SHORT","3/10","5/20","5","298","286","12","6","33.89","-0.2036","-0.3793","19.10","-5.0327","5.5542","-472603","527397","-47.2603"
"INTEGRATED_CONTINUOUS","DS000608","삼성전자","0193W0","LONG","5/10","3/10","5","316","307","9","2","27.85","-0.1978","-0.3359","8.05","-1.9681","5.9394","-472748","527252","-47.2748"
"INTEGRATED_CONTINUOUS","DS001965","삼성전자","0193L0","SHORT","3/5","5/20","10","358","342","16","9","32.68","-0.1633","-0.4098","16.54","-4.3459","5.6752","-473728","526272","-47.3728"
"INTEGRATED_CONTINUOUS","DS000034","삼성전자","0193W0","LONG","3/5","3/5","20","307","304","3","2","25.73","-0.2067","-0.3134","4.40","-1.5920","3.9131","-473973","526027","-47.3973"
"INTEGRATED_CONTINUOUS","DS000970","SK하이닉스","0193T0","LONG","3/5","5/10","20","245","241","4","4","31.43","-0.2484","-0.4077","11.66","-6.8416","5.5449","-474237","525763","-47.4237"
"INTEGRATED_CONTINUOUS","DS002469","SK하이닉스","0197X0","SHORT","3/10","10/20","10","164","158","6","4","23.17","-0.3556","-0.6228","19.48","-3.4319","11.9394","-474337","525663","-47.4337"
"INTEGRATED_CONTINUOUS","DS003419","SK하이닉스","0193T0","LONG","3/10","5/30","30","133","125","8","4","27.07","-0.4589","-0.6711","21.30","-12.6220","6.8044","-475130","524870","-47.5130"
"INTEGRATED_CONTINUOUS","DS003922","삼성전자","0193W0","LONG","3/10","10/30","20","157","145","12","6","27.39","-0.3957","-0.5835","22.82","-2.8942","6.8300","-475763","524237","-47.5763"
"INTEGRATED_CONTINUOUS","DS000535","SK하이닉스","0193T0","LONG","3/10","3/10","NONE","301","294","7","2","29.57","-0.2084","-0.3819","8.37","-2.6612","6.1058","-476863","523137","-47.6863"
"INTEGRATED_CONTINUOUS","DS000981","SK하이닉스","0197X0","SHORT","3/5","5/10","10","317","313","4","7","30.91","-0.1914","-0.4129","11.51","-6.8667","6.5439","-477396","522604","-47.7396"
"INTEGRATED_CONTINUOUS","DS002494","삼성전자","0193L0","SHORT","3/10","10/20","20","186","174","12","5","27.42","-0.3386","-0.4802","19.26","-4.3459","4.6533","-477500","522500","-47.7500"
"INTEGRATED_CONTINUOUS","DS004474","SK하이닉스","0193T0","LONG","3/20","20/30","20","86","78","8","5","23.26","-0.7174","-0.9304","24.38","-10.5793","8.5877","-478289","521711","-47.8289"
"INTEGRATED_CONTINUOUS","DS003404","삼성전자","0193L0","SHORT","3/5","5/30","5","296","281","15","8","30.74","-0.1928","-0.4297","25.74","-6.7967","6.4990","-478479","521521","-47.8479"
"INTEGRATED_CONTINUOUS","DS004569","SK하이닉스","0193T0","LONG","10/20","20/30","10","133","121","12","6","28.57","-0.4623","-0.6080","30.96","-8.1047","9.3607","-479208","520792","-47.9208"
"INTEGRATED_CONTINUOUS","DS000091","삼성전자","0193L0","SHORT","3/10","3/5","NONE","385","380","5","2","29.87","-0.1674","-0.2000","4.95","-1.7917","3.1436","-479616","520384","-47.9616"
"INTEGRATED_CONTINUOUS","DS002996","SK하이닉스","0197X0","SHORT","5/10","3/30","5","296","277","19","5","34.46","-0.1986","-0.3273","22.62","-9.0710","8.6220","-480214","519786","-48.0214"
"INTEGRATED_CONTINUOUS","DS002410","SK하이닉스","0193T0","LONG","3/5","10/20","20","245","234","11","7","29.80","-0.2375","-0.4648","19.02","-4.9758","8.6876","-480445","519555","-48.0445"
"INTEGRATED_CONTINUOUS","DS000969","SK하이닉스","0193T0","LONG","3/5","5/10","10","262","258","4","4","32.44","-0.2353","-0.3203","10.15","-7.6054","5.7834","-481123","518877","-48.1123"
"INTEGRATED_CONTINUOUS","DS002997","SK하이닉스","0197X0","SHORT","5/10","3/30","10","150","142","8","3","28.00","-0.4202","-0.5126","20.73","-9.0710","4.6488","-481339","518661","-48.1339"
"INTEGRATED_CONTINUOUS","DS002432","삼성전자","0193W0","LONG","3/5","10/20","5","290","272","18","7","38.62","-0.2077","-0.3565","22.42","-7.3596","5.0877","-481951","518049","-48.1951"
"INTEGRATED_CONTINUOUS","DS002436","삼성전자","0193W0","LONG","3/5","10/20","50","321","298","23","13","34.27","-0.1835","-0.3521","20.41","-7.3596","5.0828","-482160","517840","-48.2160"
"INTEGRATED_CONTINUOUS","DS003956","SK하이닉스","0197X0","SHORT","5/10","10/30","5","296","269","27","8","41.55","-0.1595","-0.2524","32.40","-10.8140","12.6247","-482507","517493","-48.2507"
"INTEGRATED_CONTINUOUS","DS001088","삼성전자","0193W0","LONG","5/10","5/10","5","316","306","10","2","28.16","-0.2038","-0.3375","8.74","-2.3776","5.9394","-483128","516872","-48.3128"
"INTEGRATED_CONTINUOUS","DS001975","SK하이닉스","0193T0","LONG","3/10","5/20","NONE","301","282","19","6","33.89","-0.1668","-0.4411","20.20","-12.3102","10.1819","-484801","515199","-48.4801"
"INTEGRATED_CONTINUOUS","DS003454","삼성전자","0193L0","SHORT","3/10","5/30","20","186","176","10","6","24.19","-0.3466","-0.5563","19.76","-4.3459","5.7992","-486177","513823","-48.6177"
"INTEGRATED_CONTINUOUS","DS003934","삼성전자","0193L0","SHORT","3/10","10/30","20","186","173","13","7","26.88","-0.3480","-0.5162","23.77","-4.3459","6.5288","-486834","513166","-48.6834"
"INTEGRATED_CONTINUOUS","DS001052","삼성전자","0193L0","SHORT","3/10","5/10","5","298","290","8","3","32.55","-0.2191","-0.3011","10.33","-3.6933","3.8691","-486934","513066","-48.6934"
"INTEGRATED_CONTINUOUS","DS000079","삼성전자","0193W0","LONG","3/10","3/5","NONE","386","381","5","2","28.76","-0.1692","-0.2835","4.58","-3.0298","6.1114","-487576","512424","-48.7576"
"INTEGRATED_CONTINUOUS","DS001507","SK하이닉스","0197X0","SHORT","3/10","3/20","NONE","336","324","12","5","31.85","-0.1832","-0.4663","17.58","-4.9482","9.1716","-488213","511787","-48.8213"
"INTEGRATED_CONTINUOUS","DS000983","SK하이닉스","0197X0","SHORT","3/5","5/10","30","342","336","6","6","30.41","-0.1814","-0.4144","11.94","-6.8667","6.5439","-488597","511403","-48.8597"
"INTEGRATED_CONTINUOUS","DS002071","SK하이닉스","0193T0","LONG","3/20","5/20","NONE","195","182","13","3","30.77","-0.3198","-0.5584","17.17","-12.3102","8.9445","-488784","511216","-48.8784"
"INTEGRATED_CONTINUOUS","DS004436","SK하이닉스","0197X0","SHORT","5/10","20/30","5","296","264","32","12","39.86","-0.1732","-0.3305","34.81","-10.5284","10.8390","-488835","511165","-48.8835"
"INTEGRATED_CONTINUOUS","DS002011","삼성전자","0193L0","SHORT","3/10","5/20","NONE","385","373","12","8","34.55","-0.1634","-0.3138","19.34","-5.0327","5.5542","-489182","510818","-48.9182"
"INTEGRATED_CONTINUOUS","DS003947","SK하이닉스","0193T0","LONG","5/10","10/30","30","130","123","7","6","24.62","-0.4720","-0.7849","25.16","-11.7911","9.2110","-489877","510123","-48.9877"
"INTEGRATED_CONTINUOUS","DS002467","SK하이닉스","0197X0","SHORT","3/10","10/20","NONE","336","318","18","6","34.52","-0.1700","-0.3799","24.03","-5.3646","11.9394","-492981","507019","-49.2981"
"INTEGRATED_CONTINUOUS","DS001111","SK하이닉스","0193T0","LONG","3/20","5/10","NONE","195","189","6","3","34.36","-0.3374","-0.4223","10.58","-6.8416","5.3457","-493466","506534","-49.3466"
"INTEGRATED_CONTINUOUS","DS000116","SK하이닉스","0197X0","SHORT","5/10","3/5","5","296","289","7","2","30.07","-0.2242","-0.2839","5.20","-4.3451","6.9315","-493499","506501","-49.3499"
"INTEGRATED_CONTINUOUS","DS002972","삼성전자","0193L0","SHORT","3/10","3/30","5","298","282","16","9","32.55","-0.2097","-0.3662","22.93","-5.8812","7.4860","-493719","506281","-49.3719"
"INTEGRATED_CONTINUOUS","DS001486","삼성전자","0193L0","SHORT","3/5","3/20","20","356","345","11","7","29.49","-0.1769","-0.3182","14.35","-3.6933","5.6344","-493980","506020","-49.3980"
"INTEGRATED_CONTINUOUS","DS003031","SK하이닉스","0193T0","LONG","3/20","3/30","NONE","195","188","7","4","27.18","-0.3323","-0.5933","18.72","-5.0767","8.9445","-494343","505657","-49.4343"
"INTEGRATED_CONTINUOUS","DS000115","SK하이닉스","0197X0","SHORT","5/10","3/5","NONE","319","312","7","2","31.03","-0.2076","-0.2697","5.27","-4.3451","6.9315","-494432","505568","-49.4432"
"INTEGRATED_CONTINUOUS","DS003899","SK하이닉스","0193T0","LONG","3/10","10/30","30","133","125","8","6","25.56","-0.4832","-0.8460","23.93","-5.2157","9.4216","-495570","504430","-49.5570"
"INTEGRATED_CONTINUOUS","DS004435","SK하이닉스","0197X0","SHORT","5/10","20/30","NONE","319","287","32","12","40.75","-0.1510","-0.2986","35.22","-10.5284","10.8390","-496125","503875","-49.6125"
"INTEGRATED_CONTINUOUS","DS004413","삼성전자","0193L0","SHORT","3/10","20/30","10","178","163","15","6","35.96","-0.3672","-0.4765","31.24","-8.5459","4.8263","-496183","503817","-49.6183"
"INTEGRATED_CONTINUOUS","DS004015","삼성전자","0193W0","LONG","3/20","10/30","NONE","248","228","20","6","30.24","-0.2521","-0.4839","27.63","-5.2049","9.2894","-496451","503549","-49.6451"
"INTEGRATED_CONTINUOUS","DS004509","삼성전자","0193L0","SHORT","3/20","20/30","10","175","159","16","5","34.86","-0.3708","-0.4120","33.01","-8.6147","6.2202","-496514","503486","-49.6514"
"INTEGRATED_CONTINUOUS","DS000503","SK하이닉스","0197X0","SHORT","3/5","3/10","30","342","335","7","6","29.24","-0.1876","-0.4664","10.57","-3.9358","6.8074","-496596","503404","-49.6596"
"INTEGRATED_CONTINUOUS","DS001064","SK하이닉스","0193T0","LONG","5/10","5/10","5","269","261","8","3","31.97","-0.2470","-0.3334","9.29","-3.7368","6.9257","-496756","503244","-49.6756"
"INTEGRATED_CONTINUOUS","DS002928","삼성전자","0193L0","SHORT","3/5","3/30","50","362","343","19","13","26.80","-0.1727","-0.3859","20.15","-5.4212","6.4911","-497218","502782","-49.7218"
"INTEGRATED_CONTINUOUS","DS004461","삼성전자","0193L0","SHORT","5/10","20/30","10","159","142","17","7","31.45","-0.4188","-0.5548","29.68","-5.8537","3.8533","-497310","502690","-49.7310"
"INTEGRATED_CONTINUOUS","DS004402","삼성전자","0193W0","LONG","3/10","20/30","20","157","145","12","5","32.48","-0.4222","-0.5620","22.38","-3.4780","6.6550","-498073","501927","-49.8073"
"INTEGRATED_CONTINUOUS","DS001555","SK하이닉스","0197X0","SHORT","5/10","3/20","NONE","319","308","11","6","32.29","-0.2033","-0.4537","17.33","-4.9482","6.4561","-498178","501822","-49.8178"
"INTEGRATED_CONTINUOUS","DS004464","삼성전자","0193L0","SHORT","5/10","20/30","50","188","164","24","6","28.72","-0.3559","-0.4263","24.11","-5.6867","3.8533","-498248","501752","-49.8248"
"INTEGRATED_CONTINUOUS","DS000500","SK하이닉스","0197X0","SHORT","3/5","3/10","5","308","304","4","4","31.49","-0.2145","-0.4653","10.21","-3.9358","5.9983","-498768","501232","-49.8768"
"INTEGRATED_CONTINUOUS","DS004654","삼성전자","0193L0","SHORT","3/30","20/30","20","110","100","10","3","23.64","-0.6112","-0.5063","24.29","-8.5459","3.5289","-498832","501168","-49.8832"
"INTEGRATED_CONTINUOUS","DS002504","SK하이닉스","0193T0","LONG","5/10","10/20","5","269","249","20","7","36.43","-0.2270","-0.4065","23.48","-6.9002","10.5784","-498898","501102","-49.8898"
"INTEGRATED_CONTINUOUS","DS004652","삼성전자","0193L0","SHORT","3/30","20/30","5","164","149","15","5","31.10","-0.3963","-0.3594","27.27","-8.7521","6.9166","-499069","500931","-49.9069"
"INTEGRATED_CONTINUOUS","DS001942","SK하이닉스","0197X0","SHORT","3/5","5/20","20","324","307","17","6","32.72","-0.1829","-0.5091","16.62","-6.2592","11.2317","-499807","500193","-49.9807"
"INTEGRATED_CONTINUOUS","DS000023","SK하이닉스","0197X0","SHORT","3/5","3/5","30","342","337","5","2","26.61","-0.1977","-0.3831","5.16","-3.0198","5.4800","-500609","499391","-50.0609"
"INTEGRATED_CONTINUOUS","DS004380","SK하이닉스","0193T0","LONG","3/10","20/30","50","134","124","10","10","28.36","-0.4741","-0.7884","32.22","-5.7498","10.9402","-500716","499284","-50.0716"
"INTEGRATED_CONTINUOUS","DS000045","삼성전자","0193L0","SHORT","3/5","3/5","10","358","352","6","2","28.21","-0.1918","-0.2000","5.06","-2.4392","3.1446","-501042","498958","-50.1042"
"INTEGRATED_CONTINUOUS","DS000984","SK하이닉스","0197X0","SHORT","3/5","5/10","50","342","337","5","5","32.16","-0.1880","-0.4370","12.13","-6.8667","6.5439","-501262","498738","-50.1262"
"INTEGRATED_CONTINUOUS","DS002409","SK하이닉스","0193T0","LONG","3/5","10/20","10","262","247","15","7","34.73","-0.2261","-0.4611","20.92","-6.9002","9.3972","-501695","498305","-50.1695"
"INTEGRATED_CONTINUOUS","DS004495","삼성전자","0193W0","LONG","3/20","20/30","NONE","248","224","24","4","33.87","-0.2501","-0.3902","28.94","-4.9596","7.6623","-502537","497463","-50.2537"
"INTEGRATED_CONTINUOUS","DS002916","삼성전자","0193W0","LONG","3/5","3/30","50","321","300","21","14","29.91","-0.1949","-0.3996","20.34","-9.5121","5.2344","-503716","496284","-50.3716"
"INTEGRATED_CONTINUOUS","DS003405","삼성전자","0193L0","SHORT","3/5","5/30","10","358","333","25","11","30.17","-0.1554","-0.4768","22.87","-6.7967","8.5618","-504485","495515","-50.4485"
"INTEGRATED_CONTINUOUS","DS004615","SK하이닉스","0193T0","LONG","3/30","20/30","NONE","150","137","13","5","32.00","-0.4330","-0.5469","30.31","-9.9134","10.5050","-505731","494269","-50.5731"
"INTEGRATED_CONTINUOUS","DS001929","SK하이닉스","0193T0","LONG","3/5","5/20","10","262","249","13","7","31.68","-0.2370","-0.5113","16.81","-8.7946","9.3972","-506154","493846","-50.6154"
"INTEGRATED_CONTINUOUS","DS001087","삼성전자","0193W0","LONG","5/10","5/10","NONE","355","345","10","2","27.61","-0.1939","-0.3393","8.36","-2.3776","5.9394","-506264","493736","-50.6264"
"INTEGRATED_CONTINUOUS","DS002059","삼성전자","0193L0","SHORT","5/10","5/20","NONE","360","348","12","7","34.44","-0.1845","-0.3138","18.84","-5.0327","5.3373","-506711","493289","-50.6711"
"INTEGRATED_CONTINUOUS","DS002424","SK하이닉스","0197X0","SHORT","3/5","10/20","50","342","330","12","9","33.33","-0.1538","-0.4508","21.75","-7.0793","11.9394","-507622","492378","-50.7622"
"INTEGRATED_CONTINUOUS","DS000584","SK하이닉스","0193T0","LONG","5/10","3/10","5","269","262","7","2","30.11","-0.2549","-0.4055","8.66","-3.2513","6.8060","-507694","492306","-50.7694"
"INTEGRATED_CONTINUOUS","DS001559","SK하이닉스","0197X0","SHORT","5/10","3/20","30","159","155","4","3","22.01","-0.4351","-0.5568","14.04","-4.9482","6.4561","-507737","492263","-50.7737"
"INTEGRATED_CONTINUOUS","DS003944","SK하이닉스","0193T0","LONG","5/10","10/30","5","269","244","25","8","32.71","-0.2001","-0.5672","31.65","-11.7911","11.2808","-509224","490776","-50.9224"
"INTEGRATED_CONTINUOUS","DS001943","SK하이닉스","0197X0","SHORT","3/5","5/20","30","342","328","14","6","29.53","-0.1700","-0.5225","17.99","-6.2592","11.2317","-509251","490749","-50.9251"
"INTEGRATED_CONTINUOUS","DS004027","삼성전자","0193L0","SHORT","3/20","10/30","NONE","239","218","21","6","35.56","-0.2713","-0.3766","29.45","-10.4449","6.1795","-509602","490398","-50.9602"
"INTEGRATED_CONTINUOUS","DS004605","삼성전자","0193L0","SHORT","10/20","20/30","10","152","135","17","4","30.26","-0.4370","-0.4003","33.05","-9.1959","6.2202","-511074","488926","-51.1074"
"INTEGRATED_CONTINUOUS","DS001520","삼성전자","0193W0","LONG","3/10","3/20","5","296","284","12","3","30.41","-0.2242","-0.3329","14.91","-9.2740","6.7322","-511096","488904","-51.1096"
"INTEGRATED_CONTINUOUS","DS002445","삼성전자","0193L0","SHORT","3/5","10/20","10","358","331","27","9","33.52","-0.1766","-0.3700","19.53","-5.0595","6.8341","-511279","488721","-51.1279"
"INTEGRATED_CONTINUOUS","DS000490","SK하이닉스","0193T0","LONG","3/5","3/10","20","245","243","2","4","28.16","-0.2833","-0.4370","9.67","-6.8416","5.5449","-512776","487224","-51.2776"
"INTEGRATED_CONTINUOUS","DS000607","삼성전자","0193W0","LONG","5/10","3/10","NONE","355","346","9","2","29.01","-0.1971","-0.3145","8.30","-4.1611","5.9394","-512806","487194","-51.2806"
"INTEGRATED_CONTINUOUS","DS001039","삼성전자","0193W0","LONG","3/10","5/10","NONE","386","374","12","3","31.87","-0.1787","-0.3444","9.74","-3.1316","5.9947","-513405","486595","-51.3405"
"INTEGRATED_CONTINUOUS","DS002024","SK하이닉스","0193T0","LONG","5/10","5/20","5","269","253","16","6","33.83","-0.2428","-0.4948","18.01","-8.4474","10.5784","-513882","486118","-51.3882"
"INTEGRATED_CONTINUOUS","DS000559","삼성전자","0193W0","LONG","3/10","3/10","NONE","386","376","10","2","27.98","-0.1820","-0.3433","7.53","-2.8641","5.5941","-513972","486028","-51.3972"
"INTEGRATED_CONTINUOUS","DS004699","삼성전자","0193L0","SHORT","5/30","20/30","NONE","160","147","13","5","30.00","-0.4255","-0.4449","29.49","-9.1959","6.6543","-514910","485090","-51.4910"
"INTEGRATED_CONTINUOUS","DS001051","삼성전자","0193L0","SHORT","3/10","5/10","NONE","385","377","8","3","32.99","-0.1838","-0.2466","10.36","-3.6933","3.8691","-515655","484345","-51.5655"
"INTEGRATED_CONTINUOUS","DS003955","SK하이닉스","0197X0","SHORT","5/10","10/30","NONE","319","292","27","10","42.32","-0.1519","-0.2510","33.04","-10.8140","12.6247","-515722","484278","-51.5722"
"INTEGRATED_CONTINUOUS","DS001488","삼성전자","0193L0","SHORT","3/5","3/20","50","362","348","14","7","29.01","-0.1867","-0.3100","15.30","-3.6933","5.6344","-515724","484276","-51.5724"
"INTEGRATED_CONTINUOUS","DS000980","SK하이닉스","0197X0","SHORT","3/5","5/10","5","308","305","3","4","31.17","-0.2258","-0.4742","11.74","-4.9380","6.3909","-516067","483933","-51.6067"
"INTEGRATED_CONTINUOUS","DS002926","삼성전자","0193L0","SHORT","3/5","3/30","20","356","337","19","11","26.69","-0.1848","-0.4299","19.25","-4.4878","6.6515","-517292","482708","-51.7292"
"INTEGRATED_CONTINUOUS","DS003850","SK하이닉스","0193T0","LONG","3/5","10/30","20","245","234","11","13","24.90","-0.2184","-0.6659","23.49","-4.4148","9.8451","-517609","482391","-51.7609"
"INTEGRATED_CONTINUOUS","DS003417","SK하이닉스","0193T0","LONG","3/10","5/30","10","149","138","11","4","32.21","-0.4636","-0.6747","22.12","-12.6220","5.2470","-517641","482359","-51.7641"
"INTEGRATED_CONTINUOUS","DS002971","삼성전자","0193L0","SHORT","3/10","3/30","NONE","385","367","18","9","34.03","-0.1725","-0.3231","22.86","-5.8812","7.4860","-517762","482238","-51.7762"
"INTEGRATED_CONTINUOUS","DS004700","삼성전자","0193L0","SHORT","5/30","20/30","5","152","140","12","4","28.95","-0.4556","-0.4810","28.22","-9.1959","6.6543","-519545","480455","-51.9545"
"INTEGRATED_CONTINUOUS","DS004508","삼성전자","0193L0","SHORT","3/20","20/30","5","196","177","19","5","35.20","-0.3575","-0.3977","30.70","-8.6147","6.2202","-520687","479313","-52.0687"
"INTEGRATED_CONTINUOUS","DS004332","SK하이닉스","0193T0","LONG","3/5","20/30","50","230","216","14","16","30.43","-0.2211","-0.7222","32.80","-4.5653","10.9402","-521267","478733","-52.1267"
"INTEGRATED_CONTINUOUS","DS001099","삼성전자","0193L0","SHORT","5/10","5/10","NONE","360","353","7","3","30.56","-0.2008","-0.3105","9.27","-3.2568","3.6556","-521617","478383","-52.1617"
"INTEGRATED_CONTINUOUS","DS004603","삼성전자","0193L0","SHORT","10/20","20/30","NONE","164","147","17","4","29.88","-0.4190","-0.3887","32.12","-9.1959","6.2202","-522429","477571","-52.2429"
"INTEGRATED_CONTINUOUS","DS001519","삼성전자","0193W0","LONG","3/10","3/20","NONE","386","369","17","4","30.57","-0.1741","-0.3148","15.36","-9.2740","6.8984","-522542","477458","-52.2542"
"INTEGRATED_CONTINUOUS","DS003897","SK하이닉스","0193T0","LONG","3/10","10/30","10","149","138","11","4","29.53","-0.4606","-0.8596","25.31","-6.5093","9.4216","-523534","476466","-52.3534"
"INTEGRATED_CONTINUOUS","DS002984","SK하이닉스","0193T0","LONG","5/10","3/30","5","269","258","11","6","31.23","-0.2492","-0.4654","20.31","-10.1837","10.5784","-523909","476091","-52.3909"
"INTEGRATED_CONTINUOUS","DS001063","SK하이닉스","0193T0","LONG","5/10","5/10","NONE","286","278","8","3","31.12","-0.2517","-0.3792","8.95","-3.7368","6.9257","-524083","475917","-52.4083"
"INTEGRATED_CONTINUOUS","DS000048","삼성전자","0193L0","SHORT","3/5","3/5","50","362","355","7","3","26.52","-0.2034","-0.2457","4.80","-2.4392","3.5544","-525573","474427","-52.5573"
"INTEGRATED_CONTINUOUS","DS001941","SK하이닉스","0197X0","SHORT","3/5","5/20","10","317","305","12","7","32.49","-0.2052","-0.5232","16.94","-6.2592","11.2317","-526176","473824","-52.6176"
"INTEGRATED_CONTINUOUS","DS001568","삼성전자","0193W0","LONG","5/10","3/20","5","316","305","11","4","28.48","-0.2273","-0.3673","14.23","-6.0767","6.7322","-527317","472683","-52.7317"
"INTEGRATED_CONTINUOUS","DS003513","SK하이닉스","0193T0","LONG","3/20","5/30","10","155","141","14","4","27.10","-0.4563","-0.7205","22.68","-12.6220","8.9445","-527463","472537","-52.7463"
"INTEGRATED_CONTINUOUS","DS002060","삼성전자","0193L0","SHORT","5/10","5/20","5","333","321","12","7","32.13","-0.2143","-0.3639","18.21","-5.0327","5.3373","-527669","472331","-52.7669"
"INTEGRATED_CONTINUOUS","DS001449","SK하이닉스","0193T0","LONG","3/5","3/20","10","262","257","5","6","30.92","-0.2662","-0.5280","14.40","-8.4703","7.8984","-528758","471242","-52.8758"
"INTEGRATED_CONTINUOUS","DS001567","삼성전자","0193W0","LONG","5/10","3/20","NONE","355","341","14","4","30.42","-0.2012","-0.3321","15.01","-6.0767","6.7322","-529142","470858","-52.9142"
"INTEGRATED_CONTINUOUS","DS003991","SK하이닉스","0193T0","LONG","3/20","10/30","NONE","195","179","16","6","27.18","-0.3350","-0.7121","28.30","-11.7911","11.2808","-530523","469477","-53.0523"
"INTEGRATED_CONTINUOUS","DS002047","삼성전자","0193W0","LONG","5/10","5/20","NONE","355","336","19","6","31.83","-0.1990","-0.4273","18.33","-6.8956","6.0597","-531430","468570","-53.1430"
"INTEGRATED_CONTINUOUS","DS000033","삼성전자","0193W0","LONG","3/5","3/5","10","305","301","4","2","25.25","-0.2465","-0.2944","4.36","-3.0298","3.9131","-532102","467898","-53.2102"
"INTEGRATED_CONTINUOUS","DS002935","SK하이닉스","0193T0","LONG","3/10","3/30","NONE","301","289","12","6","30.90","-0.2221","-0.4999","21.47","-11.4360","10.1819","-532202","467798","-53.2202"
"INTEGRATED_CONTINUOUS","DS004567","SK하이닉스","0193T0","LONG","10/20","20/30","NONE","145","131","14","6","29.66","-0.4970","-0.6253","32.10","-8.1047","9.3607","-532946","467054","-53.2946"
"INTEGRATED_CONTINUOUS","DS002435","삼성전자","0193W0","LONG","3/5","10/20","30","329","310","19","13","32.52","-0.2115","-0.3587","18.91","-7.3596","4.1050","-533805","466195","-53.3805"
"INTEGRATED_CONTINUOUS","DS003382","SK하이닉스","0197X0","SHORT","3/5","5/30","20","324","306","18","9","32.72","-0.1996","-0.5630","20.56","-6.2592","11.9394","-533932","466068","-53.3932"
"INTEGRATED_CONTINUOUS","DS002503","SK하이닉스","0193T0","LONG","5/10","10/20","NONE","286","265","21","8","35.66","-0.2319","-0.4095","23.77","-6.9002","10.5784","-535651","464349","-53.5651"
"INTEGRATED_CONTINUOUS","DS004556","삼성전자","0193L0","SHORT","5/20","20/30","5","175","156","19","4","28.57","-0.4095","-0.3600","31.41","-9.4331","7.7555","-536041","463959","-53.6041"
"INTEGRATED_CONTINUOUS","DS004352","삼성전자","0193W0","LONG","3/5","20/30","5","290","263","27","7","41.03","-0.2306","-0.2786","29.95","-6.7574","6.7201","-536191","463809","-53.6191"
"INTEGRATED_CONTINUOUS","DS002023","SK하이닉스","0193T0","LONG","5/10","5/20","NONE","286","269","17","6","33.57","-0.2366","-0.4932","18.28","-8.4474","10.5784","-536223","463777","-53.6223"
"INTEGRATED_CONTINUOUS","DS000046","삼성전자","0193L0","SHORT","3/5","3/5","20","356","350","6","2","27.25","-0.2134","-0.2198","4.97","-2.4392","3.1446","-536275","463725","-53.6275"
"INTEGRATED_CONTINUOUS","DS003488","삼성전자","0193W0","LONG","5/10","5/30","5","316","297","19","7","30.38","-0.2248","-0.4235","24.07","-5.5685","7.0961","-536303","463697","-53.6303"
"INTEGRATED_CONTINUOUS","DS004519","SK하이닉스","0193T0","LONG","5/20","20/30","NONE","170","154","16","7","33.53","-0.4068","-0.6761","33.50","-9.9134","10.1448","-537132","462868","-53.7132"
"INTEGRATED_CONTINUOUS","DS002000","삼성전자","0193W0","LONG","3/10","5/20","5","296","279","17","5","33.11","-0.2383","-0.4135","19.71","-10.0651","6.0597","-537563","462437","-53.7563"
"INTEGRATED_CONTINUOUS","DS000571","삼성전자","0193L0","SHORT","3/10","3/10","NONE","385","379","6","2","31.43","-0.1970","-0.3061","8.21","-2.6568","3.6462","-537812","462188","-53.7812"
"INTEGRATED_CONTINUOUS","DS000504","SK하이닉스","0197X0","SHORT","3/5","3/10","50","342","336","6","5","30.12","-0.2122","-0.4889","10.69","-3.9358","6.8074","-538453","461547","-53.8453"
"INTEGRATED_CONTINUOUS","DS003943","SK하이닉스","0193T0","LONG","5/10","10/30","NONE","286","260","26","8","32.52","-0.2011","-0.5303","31.63","-11.7911","11.2808","-538614","461386","-53.8614"
"INTEGRATED_CONTINUOUS","DS003849","SK하이닉스","0193T0","LONG","3/5","10/30","10","262","244","18","11","30.53","-0.2062","-0.7267","28.79","-6.5093","9.8451","-539102","460898","-53.9102"
"INTEGRATED_CONTINUOUS","DS000525","삼성전자","0193L0","SHORT","3/5","3/10","10","358","351","7","6","30.17","-0.2120","-0.2483","8.76","-2.8984","3.4199","-539108","460892","-53.9108"
"INTEGRATED_CONTINUOUS","DS001100","삼성전자","0193L0","SHORT","5/10","5/10","5","333","326","7","2","29.13","-0.2291","-0.3507","9.43","-3.2568","3.6556","-539839","460161","-53.9839"
"INTEGRATED_CONTINUOUS","DS001556","SK하이닉스","0197X0","SHORT","5/10","3/20","5","296","285","11","5","30.74","-0.2516","-0.4839","16.53","-4.9482","6.4561","-539865","460135","-53.9865"
"INTEGRATED_CONTINUOUS","DS003885","삼성전자","0193L0","SHORT","3/5","10/30","10","358","322","36","11","34.36","-0.1796","-0.3865","27.68","-10.4449","7.4923","-540402","459598","-54.0402"
"INTEGRATED_CONTINUOUS","DS003872","삼성전자","0193W0","LONG","3/5","10/30","5","290","267","23","7","33.10","-0.2279","-0.3789","30.72","-9.8210","9.7103","-540644","459356","-54.0644"
"INTEGRATED_CONTINUOUS","DS003380","SK하이닉스","0197X0","SHORT","3/5","5/30","5","308","293","15","7","34.42","-0.2130","-0.4954","27.12","-7.2000","11.9394","-543846","456154","-54.3846"
"INTEGRATED_CONTINUOUS","DS002890","SK하이닉스","0193T0","LONG","3/5","3/30","20","245","240","5","6","25.71","-0.3000","-0.5584","16.81","-4.2936","6.3543","-544093","455907","-54.4093"
"INTEGRATED_CONTINUOUS","DS001940","SK하이닉스","0197X0","SHORT","3/5","5/20","5","308","296","12","5","33.12","-0.2250","-0.4956","20.20","-6.2592","11.2317","-544809","455191","-54.4809"
"INTEGRATED_CONTINUOUS","DS000024","SK하이닉스","0197X0","SHORT","3/5","3/5","50","342","338","4","2","27.49","-0.2252","-0.3977","4.98","-3.0198","5.4800","-544991","455009","-54.4991"
"INTEGRATED_CONTINUOUS","DS000583","SK하이닉스","0193T0","LONG","5/10","3/10","NONE","286","279","7","2","30.07","-0.2667","-0.4022","8.91","-3.4794","6.8060","-545425","454575","-54.5425"
"INTEGRATED_CONTINUOUS","DS004462","삼성전자","0193L0","SHORT","5/10","20/30","20","168","152","16","7","27.38","-0.4569","-0.6291","25.44","-3.0077","3.8533","-545630","454370","-54.5630"
"INTEGRATED_CONTINUOUS","DS003487","삼성전자","0193W0","LONG","5/10","5/30","NONE","355","333","22","8","30.99","-0.1990","-0.3894","24.11","-5.5685","7.0961","-545839","454161","-54.5839"
"INTEGRATED_CONTINUOUS","DS004520","SK하이닉스","0193T0","LONG","5/20","20/30","5","167","151","16","7","32.34","-0.4257","-0.6891","33.80","-9.9134","10.1448","-546027","453973","-54.6027"
"INTEGRATED_CONTINUOUS","DS002048","삼성전자","0193W0","LONG","5/10","5/20","5","316","300","16","6","30.38","-0.2372","-0.4433","17.87","-6.8956","6.0597","-546716","453284","-54.6716"
"INTEGRATED_CONTINUOUS","DS004379","SK하이닉스","0193T0","LONG","3/10","20/30","30","133","126","7","9","26.32","-0.5681","-0.8066","25.32","-4.6699","8.5877","-546988","453012","-54.6988"
"INTEGRATED_CONTINUOUS","DS001451","SK하이닉스","0193T0","LONG","3/5","3/20","30","231","230","1","5","28.14","-0.3282","-0.5425","15.41","-4.3423","6.3642","-547140","452860","-54.7140"
"INTEGRATED_CONTINUOUS","DS001487","삼성전자","0193L0","SHORT","3/5","3/20","30","363","353","10","7","29.20","-0.2063","-0.3208","14.48","-3.6933","5.6344","-548029","451971","-54.8029"
"INTEGRATED_CONTINUOUS","DS003512","SK하이닉스","0193T0","LONG","3/20","5/30","5","173","158","15","3","29.48","-0.4326","-0.6864","23.95","-12.6220","8.9445","-548382","451618","-54.8382"
"INTEGRATED_CONTINUOUS","DS003452","삼성전자","0193L0","SHORT","3/10","5/30","5","298","280","18","9","32.89","-0.2469","-0.4802","24.81","-6.2332","8.4724","-548384","451616","-54.8384"
"INTEGRATED_CONTINUOUS","DS001464","SK하이닉스","0197X0","SHORT","3/5","3/20","50","342","334","8","7","27.49","-0.2106","-0.4874","16.13","-4.9380","8.4068","-548899","451101","-54.8899"
"INTEGRATED_CONTINUOUS","DS003863","SK하이닉스","0197X0","SHORT","3/5","10/30","30","342","317","25","10","34.21","-0.1693","-0.5123","23.35","-11.3637","13.3003","-550433","449567","-55.0433"
"INTEGRATED_CONTINUOUS","DS003440","삼성전자","0193W0","LONG","3/10","5/30","5","296","278","18","7","32.77","-0.2459","-0.3683","25.80","-6.1195","6.5920","-551159","448841","-55.1159"
"INTEGRATED_CONTINUOUS","DS003416","SK하이닉스","0193T0","LONG","3/10","5/30","5","266","244","22","6","33.83","-0.2636","-0.5204","26.06","-12.6220","10.1819","-556465","443535","-55.6465"
"INTEGRATED_CONTINUOUS","DS004416","삼성전자","0193L0","SHORT","3/10","20/30","50","194","174","20","6","28.87","-0.4081","-0.5155","24.05","-5.6867","4.8263","-557027","442973","-55.7027"
"INTEGRATED_CONTINUOUS","DS000047","삼성전자","0193L0","SHORT","3/5","3/5","30","363","358","5","3","26.45","-0.2233","-0.2523","4.80","-2.4392","3.1446","-559153","440847","-55.9153"
"INTEGRATED_CONTINUOUS","DS003019","삼성전자","0193L0","SHORT","5/10","3/30","NONE","360","343","17","9","34.17","-0.2103","-0.3841","22.73","-6.0705","7.2651","-559718","440282","-55.9718"
"INTEGRATED_CONTINUOUS","DS004428","SK하이닉스","0193T0","LONG","5/10","20/30","50","128","122","6","10","25.78","-0.5944","-0.7316","32.38","-10.5793","8.3787","-559751","440249","-55.9751"
"INTEGRATED_CONTINUOUS","DS004651","삼성전자","0193L0","SHORT","3/30","20/30","NONE","198","181","17","6","29.80","-0.3927","-0.3997","26.40","-8.7521","6.9166","-560787","439213","-56.0787"
"INTEGRATED_CONTINUOUS","DS003408","삼성전자","0193L0","SHORT","3/5","5/30","50","362","338","24","13","26.52","-0.2052","-0.4388","22.77","-5.5097","6.4911","-560803","439197","-56.0803"
"INTEGRATED_CONTINUOUS","DS002492","삼성전자","0193L0","SHORT","3/10","10/20","5","298","278","20","6","34.56","-0.2633","-0.3878","23.27","-5.1920","6.7462","-562740","437260","-56.2740"
"INTEGRATED_CONTINUOUS","DS004427","SK하이닉스","0193T0","LONG","5/10","20/30","30","130","124","6","9","24.62","-0.5957","-0.7411","26.99","-10.5793","8.3787","-563400","436600","-56.3400"
"INTEGRATED_CONTINUOUS","DS001005","삼성전자","0193L0","SHORT","3/5","5/10","10","358","350","8","6","30.17","-0.2253","-0.2570","10.22","-5.2376","3.9547","-564333","435667","-56.4333"
"INTEGRATED_CONTINUOUS","DS000513","삼성전자","0193W0","LONG","3/5","3/10","10","305","299","6","4","23.93","-0.2703","-0.3418","7.65","-2.5500","4.6843","-566302","433698","-56.6302"
"INTEGRATED_CONTINUOUS","DS001968","삼성전자","0193L0","SHORT","3/5","5/20","50","362","343","19","7","28.73","-0.2176","-0.3683","17.96","-4.3459","5.6752","-567135","432865","-56.7135"
"INTEGRATED_CONTINUOUS","DS000619","삼성전자","0193L0","SHORT","5/10","3/10","NONE","360","354","6","3","30.28","-0.2285","-0.3514","8.60","-3.3492","3.3351","-567766","432234","-56.7766"
"INTEGRATED_CONTINUOUS","DS000979","SK하이닉스","0197X0","SHORT","3/5","5/10","NONE","632","621","11","7","35.28","-0.1168","-0.3863","13.12","-6.8667","8.0163","-569273","430727","-56.9273"
"INTEGRATED_CONTINUOUS","DS003368","SK하이닉스","0193T0","LONG","3/5","5/30","5","249","233","16","7","32.93","-0.3072","-0.5060","26.53","-13.3443","9.3972","-569752","430248","-56.9752"
"INTEGRATED_CONTINUOUS","DS003884","삼성전자","0193L0","SHORT","3/5","10/30","5","296","275","21","8","34.46","-0.2465","-0.3865","31.48","-10.4449","7.2255","-569867","430133","-56.9867"
"INTEGRATED_CONTINUOUS","DS001008","삼성전자","0193L0","SHORT","3/5","5/10","50","362","350","12","5","27.62","-0.2284","-0.2978","11.48","-3.6933","3.8947","-571687","428313","-57.1687"
"INTEGRATED_CONTINUOUS","DS004555","삼성전자","0193L0","SHORT","5/20","20/30","NONE","185","165","20","4","28.65","-0.4294","-0.3639","31.84","-9.4331","7.7555","-573573","426427","-57.3573"
"INTEGRATED_CONTINUOUS","DS003895","SK하이닉스","0193T0","LONG","3/10","10/30","NONE","301","275","26","9","31.56","-0.2209","-0.5421","31.07","-10.8496","11.7921","-574011","425989","-57.4011"
"INTEGRATED_CONTINUOUS","DS004473","SK하이닉스","0193T0","LONG","3/20","20/30","10","155","140","15","5","30.32","-0.5025","-0.7845","32.28","-10.5793","10.4327","-575203","424797","-57.5203"
"INTEGRATED_CONTINUOUS","DS000516","삼성전자","0193W0","LONG","3/5","3/10","50","321","315","6","6","28.04","-0.2547","-0.3357","9.22","-4.8533","4.8491","-575471","424529","-57.5471"
"INTEGRATED_CONTINUOUS","DS004463","삼성전자","0193L0","SHORT","5/10","20/30","30","189","171","18","7","27.51","-0.4421","-0.5548","23.96","-3.0077","3.8533","-576656","423344","-57.6656"
"INTEGRATED_CONTINUOUS","DS002913","삼성전자","0193W0","LONG","3/5","3/30","10","305","291","14","9","27.21","-0.2730","-0.4576","17.95","-3.6861","5.7616","-578929","421071","-57.8929"
"INTEGRATED_CONTINUOUS","DS004415","삼성전자","0193L0","SHORT","3/10","20/30","30","199","184","15","7","31.16","-0.4231","-0.5141","23.71","-3.7317","4.8263","-579852","420148","-57.9852"
"INTEGRATED_CONTINUOUS","DS001953","삼성전자","0193W0","LONG","3/5","5/20","10","305","293","12","8","28.20","-0.2748","-0.4357","15.87","-6.5346","4.2583","-580453","419547","-58.0453"
"INTEGRATED_CONTINUOUS","DS004472","SK하이닉스","0193T0","LONG","3/20","20/30","5","173","155","18","6","30.64","-0.4532","-0.7525","32.75","-10.5793","10.4327","-580770","419230","-58.0770"
"INTEGRATED_CONTINUOUS","DS003464","SK하이닉스","0193T0","LONG","5/10","5/30","5","269","247","22","6","31.23","-0.2971","-0.5199","24.58","-8.7730","10.5784","-580869","419131","-58.0869"
"INTEGRATED_CONTINUOUS","DS002983","SK하이닉스","0193T0","LONG","5/10","3/30","NONE","286","274","12","6","30.42","-0.2782","-0.4572","20.62","-10.1837","10.5784","-581207","418793","-58.1207"
"INTEGRATED_CONTINUOUS","DS000996","삼성전자","0193W0","LONG","3/5","5/10","50","321","313","8","6","28.97","-0.2554","-0.3808","11.39","-5.4583","5.6091","-581256","418744","-58.1256"
"INTEGRATED_CONTINUOUS","DS003451","삼성전자","0193L0","SHORT","3/10","5/30","NONE","385","365","20","9","33.77","-0.2071","-0.4294","25.04","-6.2332","8.4724","-581841","418159","-58.1841"
"INTEGRATED_CONTINUOUS","DS000620","삼성전자","0193L0","SHORT","5/10","3/10","5","333","327","6","3","28.83","-0.2580","-0.3586","8.29","-3.3492","3.3351","-582093","417907","-58.2093"
"INTEGRATED_CONTINUOUS","DS001931","SK하이닉스","0193T0","LONG","3/5","5/20","30","231","221","10","6","27.27","-0.3426","-0.5425","19.39","-13.0351","9.3972","-582491","417509","-58.2491"
"INTEGRATED_CONTINUOUS","DS003860","SK하이닉스","0197X0","SHORT","3/5","10/30","5","308","292","16","8","37.66","-0.2274","-0.4481","29.98","-10.8140","13.3003","-582666","417334","-58.2666"
"INTEGRATED_CONTINUOUS","DS002927","삼성전자","0193L0","SHORT","3/5","3/30","30","363","346","17","12","26.72","-0.2264","-0.4286","18.90","-4.4878","6.4911","-584531","415469","-58.4531"
"INTEGRATED_CONTINUOUS","DS001967","삼성전자","0193L0","SHORT","3/5","5/20","30","363","350","13","7","30.03","-0.2290","-0.3667","17.58","-4.3459","5.6752","-584573","415427","-58.4573"
"INTEGRATED_CONTINUOUS","DS001999","삼성전자","0193W0","LONG","3/10","5/20","NONE","386","364","22","6","32.64","-0.2042","-0.3811","19.74","-10.0651","6.2249","-584743","415257","-58.4743"
"INTEGRATED_CONTINUOUS","DS001956","삼성전자","0193W0","LONG","3/5","5/20","50","321","300","21","12","32.09","-0.2497","-0.3901","19.84","-7.8780","4.7793","-584765","415235","-58.4765"
"INTEGRATED_CONTINUOUS","DS000515","삼성전자","0193W0","LONG","3/5","3/10","30","329","323","6","4","27.36","-0.2578","-0.3515","9.13","-4.8533","4.6843","-587510","412490","-58.7510"
"INTEGRATED_CONTINUOUS","DS000993","삼성전자","0193W0","LONG","3/5","5/10","10","305","297","8","6","25.57","-0.2855","-0.3930","9.62","-2.5080","4.6843","-587867","412133","-58.7867"
"INTEGRATED_CONTINUOUS","DS001450","SK하이닉스","0193T0","LONG","3/5","3/20","20","245","242","3","5","24.90","-0.3469","-0.5546","13.99","-4.3423","6.4903","-588683","411317","-58.8683"
"INTEGRATED_CONTINUOUS","DS003406","삼성전자","0193L0","SHORT","3/5","5/30","20","356","335","21","11","25.00","-0.2225","-0.4654","21.23","-4.4878","7.6303","-589170","410830","-58.9170"
"INTEGRATED_CONTINUOUS","DS004378","SK하이닉스","0193T0","LONG","3/10","20/30","20","138","129","9","9","26.09","-0.6108","-0.8568","25.52","-5.7498","8.5877","-589504","410496","-58.9504"
"INTEGRATED_CONTINUOUS","DS004426","SK하이닉스","0193T0","LONG","5/10","20/30","20","131","121","10","9","24.43","-0.6344","-0.8064","27.32","-10.5793","8.3787","-589615","410385","-58.9615"
"INTEGRATED_CONTINUOUS","DS002434","삼성전자","0193W0","LONG","3/5","10/20","20","307","295","12","12","30.29","-0.2762","-0.4571","16.83","-6.8792","3.5575","-589676","410324","-58.9676"
"INTEGRATED_CONTINUOUS","DS003020","삼성전자","0193L0","SHORT","5/10","3/30","5","333","316","17","8","32.13","-0.2510","-0.4162","21.95","-6.0705","7.2651","-590345","409655","-59.0345"
"INTEGRATED_CONTINUOUS","DS002422","SK하이닉스","0197X0","SHORT","3/5","10/20","20","324","305","19","9","33.33","-0.2390","-0.5200","17.71","-7.0793","11.9394","-590730","409270","-59.0730"
"INTEGRATED_CONTINUOUS","DS003862","SK하이닉스","0197X0","SHORT","3/5","10/30","20","324","302","22","9","33.64","-0.2196","-0.5422","21.48","-7.0793","13.3003","-591327","408673","-59.1327"
"INTEGRATED_CONTINUOUS","DS000514","삼성전자","0193W0","LONG","3/5","3/10","20","307","302","5","5","26.38","-0.2846","-0.3812","8.96","-4.8533","4.6843","-591741","408259","-59.1741"
"INTEGRATED_CONTINUOUS","DS000526","삼성전자","0193L0","SHORT","3/5","3/10","20","356","347","9","5","28.65","-0.2480","-0.2839","9.26","-2.8984","3.8947","-592098","407902","-59.2098"
"INTEGRATED_CONTINUOUS","DS004507","삼성전자","0193L0","SHORT","3/20","20/30","NONE","239","215","24","6","34.31","-0.3579","-0.4120","30.38","-8.6147","6.2202","-592606","407394","-59.2606"
"INTEGRATED_CONTINUOUS","DS001930","SK하이닉스","0193T0","LONG","3/5","5/20","20","245","233","12","5","25.71","-0.3389","-0.5612","17.71","-13.0351","8.6876","-592719","407281","-59.2719"
"INTEGRATED_CONTINUOUS","DS002900","SK하이닉스","0197X0","SHORT","3/5","3/30","5","308","295","13","6","31.49","-0.2654","-0.4786","23.27","-6.2714","10.6123","-593526","406474","-59.3526"
"INTEGRATED_CONTINUOUS","DS001966","삼성전자","0193L0","SHORT","3/5","5/20","20","356","340","16","7","30.34","-0.2384","-0.3973","16.84","-5.1841","5.6752","-593700","406300","-59.3700"
"INTEGRATED_CONTINUOUS","DS003511","SK하이닉스","0193T0","LONG","3/20","5/30","NONE","195","180","15","4","27.69","-0.4370","-0.6726","23.12","-12.6220","8.9445","-594545","405455","-59.4545"
"INTEGRATED_CONTINUOUS","DS001476","삼성전자","0193W0","LONG","3/5","3/20","50","321","305","16","8","27.73","-0.2700","-0.3996","15.21","-7.3596","5.1942","-595476","404524","-59.5476"
"INTEGRATED_CONTINUOUS","DS001006","삼성전자","0193L0","SHORT","3/5","5/10","20","356","347","9","6","28.65","-0.2489","-0.2903","11.08","-5.2376","3.8947","-595684","404316","-59.5684"
"INTEGRATED_CONTINUOUS","DS002915","삼성전자","0193W0","LONG","3/5","3/30","30","329","313","16","14","27.96","-0.2561","-0.4131","18.42","-9.5121","4.7924","-597139","402861","-59.7139"
"INTEGRATED_CONTINUOUS","DS002423","SK하이닉스","0197X0","SHORT","3/5","10/20","30","342","325","17","9","31.58","-0.2227","-0.5467","20.08","-7.0793","11.9394","-597454","402546","-59.7454"
"INTEGRATED_CONTINUOUS","DS000528","삼성전자","0193L0","SHORT","3/5","3/10","50","362","351","11","5","27.90","-0.2468","-0.3183","9.60","-2.6568","3.8947","-598229","401771","-59.8229"
"INTEGRATED_CONTINUOUS","DS002528","삼성전자","0193W0","LONG","5/10","10/20","5","316","296","20","7","31.65","-0.2707","-0.4652","21.41","-8.4370","7.4565","-599030","400970","-59.9030"
"INTEGRATED_CONTINUOUS","DS002903","SK하이닉스","0197X0","SHORT","3/5","3/30","30","342","327","15","8","26.90","-0.2424","-0.5747","18.65","-4.9380","10.6123","-599197","400803","-59.9197"
"INTEGRATED_CONTINUOUS","DS003407","삼성전자","0193L0","SHORT","3/5","5/30","30","363","343","20","12","26.72","-0.2325","-0.4659","21.23","-4.4878","6.4911","-599232","400768","-59.9232"
"INTEGRATED_CONTINUOUS","DS002448","삼성전자","0193L0","SHORT","3/5","10/20","50","362","337","25","8","30.66","-0.2369","-0.3642","20.06","-5.0595","4.9408","-599261","400739","-59.9261"
"INTEGRATED_CONTINUOUS","DS004331","SK하이닉스","0193T0","LONG","3/5","20/30","30","231","224","7","14","27.71","-0.3133","-0.7280","26.77","-5.4577","9.3972","-600895","399105","-60.0895"
"INTEGRATED_CONTINUOUS","DS001483","삼성전자","0193L0","SHORT","3/5","3/20","NONE","712","689","23","11","33.29","-0.1073","-0.2918","17.20","-3.6933","7.6783","-604272","395728","-60.4272"
"INTEGRATED_CONTINUOUS","DS001955","삼성전자","0193W0","LONG","3/5","5/20","30","329","312","17","12","30.70","-0.2599","-0.3899","18.38","-7.8780","4.7793","-605013","394987","-60.5013"
"INTEGRATED_CONTINUOUS","DS003379","SK하이닉스","0197X0","SHORT","3/5","5/30","NONE","632","599","33","11","40.19","-0.0826","-0.4038","28.79","-8.9578","11.9394","-606275","393725","-60.6275"
"INTEGRATED_CONTINUOUS","DS002491","삼성전자","0193L0","SHORT","3/10","10/20","NONE","385","363","22","8","35.32","-0.2271","-0.3162","23.52","-5.1920","6.7462","-606649","393351","-60.6649"
"INTEGRATED_CONTINUOUS","DS001473","삼성전자","0193W0","LONG","3/5","3/20","10","305","295","10","6","25.25","-0.2994","-0.4606","12.42","-5.7126","4.2730","-606940","393060","-60.6940"
"INTEGRATED_CONTINUOUS","DS003371","SK하이닉스","0193T0","LONG","3/5","5/30","30","231","221","10","7","25.11","-0.3661","-0.6237","22.44","-13.3443","9.3972","-607163","392837","-60.7163"
"INTEGRATED_CONTINUOUS","DS004425","SK하이닉스","0193T0","LONG","5/10","20/30","10","144","133","11","6","27.78","-0.5867","-0.8898","30.62","-10.5793","10.4327","-607803","392197","-60.7803"
"INTEGRATED_CONTINUOUS","DS000499","SK하이닉스","0197X0","SHORT","3/5","3/10","NONE","632","621","11","6","33.54","-0.1329","-0.4045","11.29","-5.3553","7.8083","-608542","391458","-60.8542"
"INTEGRATED_CONTINUOUS","DS003381","SK하이닉스","0197X0","SHORT","3/5","5/30","10","317","302","15","7","33.12","-0.2550","-0.5856","23.49","-8.9578","11.9394","-612458","387542","-61.2458"
"INTEGRATED_CONTINUOUS","DS002901","SK하이닉스","0197X0","SHORT","3/5","3/30","10","317","303","14","6","31.23","-0.2710","-0.5212","20.50","-8.9578","10.6123","-612800","387200","-61.2800"
"INTEGRATED_CONTINUOUS","DS000995","삼성전자","0193W0","LONG","3/5","5/10","30","329","322","7","6","27.66","-0.2747","-0.4023","10.98","-5.4583","5.6091","-613744","386256","-61.3744"
"INTEGRATED_CONTINUOUS","DS003968","삼성전자","0193W0","LONG","5/10","10/30","5","316","288","28","8","31.01","-0.2695","-0.5074","29.99","-5.9394","10.2292","-614766","385234","-61.4766"
"INTEGRATED_CONTINUOUS","DS003439","삼성전자","0193W0","LONG","3/10","5/30","NONE","386","361","25","8","31.35","-0.2143","-0.3811","25.55","-6.1195","6.6385","-615486","384514","-61.5486"
"INTEGRATED_CONTINUOUS","DS002433","삼성전자","0193W0","LONG","3/5","10/20","10","305","287","18","8","30.82","-0.2993","-0.4826","18.26","-8.0820","5.0877","-616868","383132","-61.6868"
"INTEGRATED_CONTINUOUS","DS002889","SK하이닉스","0193T0","LONG","3/5","3/30","10","262","254","8","7","33.59","-0.3404","-0.5800","19.79","-10.5243","9.3972","-617830","382170","-61.7830"
"INTEGRATED_CONTINUOUS","DS002480","삼성전자","0193W0","LONG","3/10","10/20","5","296","276","20","6","34.46","-0.2941","-0.4514","22.18","-11.5541","7.4565","-618469","381531","-61.8469"
"INTEGRATED_CONTINUOUS","DS004344","SK하이닉스","0197X0","SHORT","3/5","20/30","50","342","319","23","11","37.43","-0.2145","-0.4167","26.91","-10.5284","11.5039","-619043","380957","-61.9043"
"INTEGRATED_CONTINUOUS","DS002527","삼성전자","0193W0","LONG","5/10","10/20","NONE","355","332","23","7","31.55","-0.2511","-0.4501","22.01","-8.4370","7.4565","-619626","380374","-61.9626"
"INTEGRATED_CONTINUOUS","DS004414","삼성전자","0193L0","SHORT","3/10","20/30","20","186","170","16","7","29.03","-0.5047","-0.5626","25.85","-8.5459","4.8263","-619834","380166","-61.9834"
"INTEGRATED_CONTINUOUS","DS002902","SK하이닉스","0197X0","SHORT","3/5","3/30","20","324","307","17","8","28.09","-0.2760","-0.6074","17.19","-4.9380","10.6123","-621208","378792","-62.1208"
"INTEGRATED_CONTINUOUS","DS001462","SK하이닉스","0197X0","SHORT","3/5","3/20","20","324","312","12","5","27.47","-0.2854","-0.5225","13.93","-4.9380","8.4068","-621367","378633","-62.1367"
"INTEGRATED_CONTINUOUS","DS001007","삼성전자","0193L0","SHORT","3/5","5/10","30","363","354","9","6","27.82","-0.2633","-0.3121","11.05","-3.6933","3.8947","-622683","377317","-62.2683"
"INTEGRATED_CONTINUOUS","DS003886","삼성전자","0193L0","SHORT","3/5","10/30","20","356","328","28","12","28.93","-0.2482","-0.4293","23.66","-5.6788","7.2255","-625598","374402","-62.5598"
"INTEGRATED_CONTINUOUS","DS000527","삼성전자","0193L0","SHORT","3/5","3/10","30","363","354","9","5","27.82","-0.2666","-0.3132","9.17","-2.6568","3.8947","-625848","374152","-62.5848"
"INTEGRATED_CONTINUOUS","DS003499","삼성전자","0193L0","SHORT","5/10","5/30","NONE","360","342","18","9","32.22","-0.2537","-0.4526","24.74","-6.4218","8.2495","-627070","372930","-62.7070"
"INTEGRATED_CONTINUOUS","DS002539","삼성전자","0193L0","SHORT","5/10","10/20","NONE","360","340","20","7","35.28","-0.2576","-0.3544","23.15","-5.1920","6.5268","-628833","371167","-62.8833"
"INTEGRATED_CONTINUOUS","DS003932","삼성전자","0193L0","SHORT","3/10","10/30","5","298","272","26","10","33.89","-0.2978","-0.3753","31.50","-9.9034","7.4038","-628849","371151","-62.8849"
"INTEGRATED_CONTINUOUS","DS004328","SK하이닉스","0193T0","LONG","3/5","20/30","5","249","229","20","9","32.53","-0.2952","-0.6184","35.50","-9.6249","10.9402","-631399","368601","-63.1399"
"INTEGRATED_CONTINUOUS","DS001461","SK하이닉스","0197X0","SHORT","3/5","3/20","10","317","309","8","6","26.50","-0.3018","-0.5683","13.86","-4.9380","8.4068","-633153","366847","-63.3153"
"INTEGRATED_CONTINUOUS","DS003463","SK하이닉스","0193T0","LONG","5/10","5/30","NONE","286","263","23","6","30.07","-0.3259","-0.5130","24.69","-8.7730","10.5784","-634493","365507","-63.4493"
"INTEGRATED_CONTINUOUS","DS002421","SK하이닉스","0197X0","SHORT","3/5","10/20","10","317","304","13","7","31.23","-0.2776","-0.5993","19.92","-7.0793","11.9394","-634529","365471","-63.4529"
"INTEGRATED_CONTINUOUS","DS002923","삼성전자","0193L0","SHORT","3/5","3/30","NONE","712","668","44","16","32.87","-0.1023","-0.2813","23.94","-6.4469","9.0122","-635560","364440","-63.5560"
"INTEGRATED_CONTINUOUS","DS002446","삼성전자","0193L0","SHORT","3/5","10/20","20","356","333","23","8","29.49","-0.2656","-0.3935","18.85","-5.3432","5.9175","-636289","363711","-63.6289"
"INTEGRATED_CONTINUOUS","DS002447","삼성전자","0193L0","SHORT","3/5","10/20","30","363","344","19","8","30.03","-0.2652","-0.3811","19.81","-5.0595","4.9408","-637636","362364","-63.7636"
"INTEGRATED_CONTINUOUS","DS001475","삼성전자","0193W0","LONG","3/5","3/20","30","329","316","13","8","26.75","-0.2978","-0.4300","14.19","-7.3596","5.1942","-638989","361011","-63.8989"
"INTEGRATED_CONTINUOUS","DS003370","SK하이닉스","0193T0","LONG","3/5","5/30","20","245","234","11","7","24.08","-0.3864","-0.6199","19.97","-13.3443","6.6040","-639379","360621","-63.9379"
"INTEGRATED_CONTINUOUS","DS002914","삼성전자","0193W0","LONG","3/5","3/30","20","307","297","10","12","26.38","-0.3204","-0.5019","17.09","-9.0429","4.0857","-639618","360382","-63.9618"
"INTEGRATED_CONTINUOUS","DS002540","삼성전자","0193L0","SHORT","5/10","10/20","5","333","313","20","7","33.63","-0.2915","-0.3736","22.48","-5.1920","6.5268","-640070","359930","-64.0070"
"INTEGRATED_CONTINUOUS","DS003393","삼성전자","0193W0","LONG","3/5","5/30","10","305","287","18","9","27.21","-0.3221","-0.5019","20.82","-4.9105","5.0877","-640587","359413","-64.0587"
"INTEGRATED_CONTINUOUS","DS000994","삼성전자","0193W0","LONG","3/5","5/10","20","307","302","5","6","25.08","-0.3250","-0.4217","10.36","-5.4583","4.6843","-641079","358921","-64.1079"
"INTEGRATED_CONTINUOUS","DS003967","삼성전자","0193W0","LONG","5/10","10/30","NONE","355","323","32","10","31.27","-0.2513","-0.4913","30.41","-5.9394","10.2292","-641607","358393","-64.1607"
"INTEGRATED_CONTINUOUS","DS003888","삼성전자","0193L0","SHORT","3/5","10/30","50","362","331","31","14","29.28","-0.2585","-0.4109","25.43","-5.6788","7.2255","-642836","357164","-64.2836"
"INTEGRATED_CONTINUOUS","DS001954","삼성전자","0193W0","LONG","3/5","5/20","20","307","298","9","11","27.69","-0.3244","-0.4666","16.41","-7.8780","3.8617","-645593","354407","-64.5593"
"INTEGRATED_CONTINUOUS","DS004340","SK하이닉스","0197X0","SHORT","3/5","20/30","5","308","287","21","10","37.99","-0.2821","-0.4046","32.03","-10.5284","11.5039","-646426","353574","-64.6426"
"INTEGRATED_CONTINUOUS","DS003500","삼성전자","0193L0","SHORT","5/10","5/30","5","333","315","18","8","30.33","-0.2939","-0.4771","24.15","-6.4218","8.2495","-648062","351938","-64.8062"
"INTEGRATED_CONTINUOUS","DS003415","SK하이닉스","0193T0","LONG","3/10","5/30","NONE","301","277","24","6","31.56","-0.3107","-0.5313","25.68","-12.6220","10.1819","-651434","348566","-65.1434"
"INTEGRATED_CONTINUOUS","DS003395","삼성전자","0193W0","LONG","3/5","5/30","30","329","312","17","14","28.57","-0.3011","-0.4291","21.16","-9.4653","4.5718","-652718","347282","-65.2718"
"INTEGRATED_CONTINUOUS","DS001463","SK하이닉스","0197X0","SHORT","3/5","3/20","30","342","331","11","6","25.15","-0.2929","-0.5610","15.20","-4.9380","8.4068","-654862","345138","-65.4862"
"INTEGRATED_CONTINUOUS","DS004356","삼성전자","0193W0","LONG","3/5","20/30","50","321","300","21","11","32.40","-0.2864","-0.4355","24.21","-4.9596","6.8792","-655559","344441","-65.5559"
"INTEGRATED_CONTINUOUS","DS003887","삼성전자","0193L0","SHORT","3/5","10/30","30","363","336","27","13","28.10","-0.2726","-0.4286","23.83","-5.6788","7.2255","-657806","342194","-65.7806"
"INTEGRATED_CONTINUOUS","DS001474","삼성전자","0193W0","LONG","3/5","3/20","20","307","300","7","7","23.45","-0.3443","-0.4691","12.52","-6.8792","4.2730","-659705","340295","-65.9705"
"INTEGRATED_CONTINUOUS","DS004364","삼성전자","0193L0","SHORT","3/5","20/30","5","296","264","32","8","35.14","-0.3367","-0.3498","32.74","-7.8515","5.5120","-661839","338161","-66.1839"
"INTEGRATED_CONTINUOUS","DS002479","삼성전자","0193W0","LONG","3/10","10/20","NONE","386","360","26","6","33.68","-0.2481","-0.3898","22.47","-11.5541","7.6238","-662604","337396","-66.2604"
"INTEGRATED_CONTINUOUS","DS003920","삼성전자","0193W0","LONG","3/10","10/30","5","296","269","27","8","32.43","-0.3317","-0.5065","31.86","-6.4882","9.7103","-662932","337068","-66.2932"
"INTEGRATED_CONTINUOUS","DS003369","SK하이닉스","0193T0","LONG","3/5","5/30","10","262","246","16","7","29.39","-0.3843","-0.5958","23.05","-9.1189","9.3972","-663252","336748","-66.3252"
"INTEGRATED_CONTINUOUS","DS001460","SK하이닉스","0197X0","SHORT","3/5","3/20","5","308","300","8","5","27.92","-0.3377","-0.5700","16.69","-4.9380","8.4068","-663368","336632","-66.3368"
"INTEGRATED_CONTINUOUS","DS004377","SK하이닉스","0193T0","LONG","3/10","20/30","10","149","137","12","5","29.53","-0.6995","-0.9455","30.52","-5.7498","8.5877","-664768","335232","-66.4768"
"INTEGRATED_CONTINUOUS","DS004400","삼성전자","0193W0","LONG","3/10","20/30","5","296","267","29","8","37.84","-0.3263","-0.3663","31.55","-6.1680","8.3877","-665659","334341","-66.5659"
"INTEGRATED_CONTINUOUS","DS004471","SK하이닉스","0193T0","LONG","3/20","20/30","NONE","195","177","18","6","28.72","-0.5149","-0.7701","31.50","-10.5793","10.4327","-667484","332516","-66.7484"
"INTEGRATED_CONTINUOUS","DS003396","삼성전자","0193W0","LONG","3/5","5/30","50","321","298","23","14","29.28","-0.3181","-0.4571","23.39","-9.4653","5.0846","-670125","329875","-67.0125"
"INTEGRATED_CONTINUOUS","DS001963","삼성전자","0193L0","SHORT","3/5","5/20","NONE","712","683","29","11","34.27","-0.1326","-0.2670","20.42","-5.1841","7.0530","-670453","329547","-67.0453"
"INTEGRATED_CONTINUOUS","DS003861","SK하이닉스","0197X0","SHORT","3/5","10/30","10","317","295","22","7","34.38","-0.2879","-0.6372","26.29","-9.5789","13.3003","-672052","327948","-67.2052"
"INTEGRATED_CONTINUOUS","DS000019","SK하이닉스","0197X0","SHORT","3/5","3/5","NONE","632","624","8","3","29.43","-0.1719","-0.3537","5.15","-3.0198","6.0923","-673112","326888","-67.3112"
"INTEGRATED_CONTINUOUS","DS004355","삼성전자","0193W0","LONG","3/5","20/30","30","329","312","17","11","33.74","-0.3055","-0.3995","21.23","-3.6483","6.8792","-673625","326375","-67.3625"
"INTEGRATED_CONTINUOUS","DS003931","삼성전자","0193L0","SHORT","3/10","10/30","NONE","385","353","32","10","35.58","-0.2642","-0.3208","32.11","-9.9034","7.4038","-681537","318463","-68.1537"
"INTEGRATED_CONTINUOUS","DS003875","삼성전자","0193W0","LONG","3/5","10/30","30","329","309","20","13","27.96","-0.3180","-0.4523","24.20","-9.8210","6.8745","-681545","318455","-68.1545"
"INTEGRATED_CONTINUOUS","DS004448","삼성전자","0193W0","LONG","5/10","20/30","5","316","284","32","7","35.13","-0.3278","-0.4796","29.78","-5.6173","8.3877","-682497","317503","-68.2497"
"INTEGRATED_CONTINUOUS","DS002420","SK하이닉스","0197X0","SHORT","3/5","10/20","5","308","294","14","5","31.82","-0.3363","-0.5080","22.85","-7.0793","11.9394","-683015","316985","-68.3015"
"INTEGRATED_CONTINUOUS","DS003394","삼성전자","0193W0","LONG","3/5","5/30","20","307","293","14","12","26.38","-0.3629","-0.5083","19.35","-8.9959","3.8366","-684855","315145","-68.4855"
"INTEGRATED_CONTINUOUS","DS000007","SK하이닉스","0193T0","LONG","3/5","3/5","NONE","542","536","6","2","27.68","-0.2088","-0.3562","4.66","-2.9320","7.9372","-686501","313499","-68.6501"
"INTEGRATED_CONTINUOUS","DS004330","SK하이닉스","0193T0","LONG","3/5","20/30","20","245","238","7","13","26.94","-0.4049","-0.7956","27.03","-5.4577","9.0080","-690094","309906","-69.0094"
"INTEGRATED_CONTINUOUS","DS004376","SK하이닉스","0193T0","LONG","3/10","20/30","5","266","239","27","10","32.71","-0.3868","-0.5909","34.41","-9.6249","10.9402","-690937","309063","-69.0937"
"INTEGRATED_CONTINUOUS","DS004343","SK하이닉스","0197X0","SHORT","3/5","20/30","30","342","317","25","10","34.21","-0.2964","-0.5801","23.87","-7.8082","11.5039","-691552","308448","-69.1552"
"INTEGRATED_CONTINUOUS","DS003874","삼성전자","0193W0","LONG","3/5","10/30","20","307","285","22","12","27.04","-0.3589","-0.5253","23.71","-5.1116","6.8745","-694702","305298","-69.4702"
"INTEGRATED_CONTINUOUS","DS004424","SK하이닉스","0193T0","LONG","5/10","20/30","5","269","244","25","11","31.97","-0.3873","-0.5746","33.91","-10.5793","10.5784","-695256","304744","-69.5256"
"INTEGRATED_CONTINUOUS","DS003979","삼성전자","0193L0","SHORT","5/10","10/30","NONE","360","330","30","9","36.11","-0.2880","-0.3598","32.79","-10.0846","7.1831","-697476","302524","-69.7476"
"INTEGRATED_CONTINUOUS","DS003876","삼성전자","0193W0","LONG","3/5","10/30","50","321","296","25","13","29.91","-0.3351","-0.4886","26.88","-9.8210","6.8745","-698187","301813","-69.8187"
"INTEGRATED_CONTINUOUS","DS003873","삼성전자","0193W0","LONG","3/5","10/30","10","305","280","25","9","28.20","-0.3720","-0.5098","25.73","-5.2049","5.0359","-700216","299784","-70.0216"
"INTEGRATED_CONTINUOUS","DS001459","SK하이닉스","0197X0","SHORT","3/5","3/20","NONE","632","613","19","9","32.28","-0.1686","-0.4301","18.09","-4.9380","8.4068","-702283","297717","-70.2283"
"INTEGRATED_CONTINUOUS","DS004447","삼성전자","0193W0","LONG","5/10","20/30","NONE","355","320","35","9","35.77","-0.2997","-0.4572","29.79","-5.6173","8.3877","-702451","297549","-70.2451"
"INTEGRATED_CONTINUOUS","DS004342","SK하이닉스","0197X0","SHORT","3/5","20/30","20","324","298","26","9","34.26","-0.3327","-0.6279","24.59","-7.8082","11.5039","-708811","291189","-70.8811"
"INTEGRATED_CONTINUOUS","DS004423","SK하이닉스","0193T0","LONG","5/10","20/30","NONE","286","258","28","11","31.82","-0.3780","-0.5594","33.52","-10.5793","10.5784","-710777","289223","-71.0777"
"INTEGRATED_CONTINUOUS","DS004341","SK하이닉스","0197X0","SHORT","3/5","20/30","10","317","294","23","8","35.96","-0.3349","-0.5189","30.82","-9.7652","11.5039","-713665","286335","-71.3665"
"INTEGRATED_CONTINUOUS","DS004354","삼성전자","0193W0","LONG","3/5","20/30","20","307","285","22","11","31.92","-0.3803","-0.5098","23.42","-4.8660","6.5433","-713922","286078","-71.3922"
"INTEGRATED_CONTINUOUS","DS004365","삼성전자","0193L0","SHORT","3/5","20/30","10","358","310","48","11","33.24","-0.3164","-0.4279","30.76","-8.5459","7.5334","-717597","282403","-71.7597"
"INTEGRATED_CONTINUOUS","DS004329","SK하이닉스","0193T0","LONG","3/5","20/30","10","262","245","17","11","30.53","-0.4001","-0.7870","33.45","-5.2811","9.3972","-718460","281540","-71.8460"
"INTEGRATED_CONTINUOUS","DS002899","SK하이닉스","0197X0","SHORT","3/5","3/30","NONE","632","602","30","9","37.03","-0.1566","-0.3609","23.89","-8.9578","10.6123","-719746","280254","-71.9746"
"INTEGRATED_CONTINUOUS","DS004353","삼성전자","0193W0","LONG","3/5","20/30","10","305","279","26","8","34.75","-0.3896","-0.4829","27.24","-4.9596","6.8792","-722804","277196","-72.2804"
"INTEGRATED_CONTINUOUS","DS003980","삼성전자","0193L0","SHORT","5/10","10/30","5","333","304","29","8","34.53","-0.3412","-0.3947","32.17","-10.0846","7.1831","-723305","276695","-72.3305"
"INTEGRATED_CONTINUOUS","DS003919","삼성전자","0193W0","LONG","3/10","10/30","NONE","386","350","36","10","31.09","-0.2847","-0.4945","31.31","-6.4882","9.7103","-724675","275325","-72.4675"
"INTEGRATED_CONTINUOUS","DS004412","삼성전자","0193L0","SHORT","3/10","20/30","5","298","268","30","9","33.89","-0.4034","-0.4614","30.01","-8.5459","7.4449","-724718","275282","-72.4718"
"INTEGRATED_CONTINUOUS","DS000967","SK하이닉스","0193T0","LONG","3/5","5/10","NONE","542","530","12","7","35.79","-0.2216","-0.3066","12.56","-7.6054","6.4786","-728658","271342","-72.8658"
"INTEGRATED_CONTINUOUS","DS003403","삼성전자","0193L0","SHORT","3/5","5/30","NONE","712","663","49","16","32.87","-0.1370","-0.3339","26.62","-6.7967","10.0126","-735646","264354","-73.5646"
"INTEGRATED_CONTINUOUS","DS001003","삼성전자","0193L0","SHORT","3/5","5/10","NONE","712","693","19","7","32.58","-0.1811","-0.2460","11.90","-5.2376","5.3440","-741427","258573","-74.1427"
"INTEGRATED_CONTINUOUS","DS002419","SK하이닉스","0197X0","SHORT","3/5","10/20","NONE","632","602","30","9","37.18","-0.1660","-0.4092","23.71","-7.0793","11.9394","-743103","256897","-74.3103"
"INTEGRATED_CONTINUOUS","DS004368","삼성전자","0193L0","SHORT","3/5","20/30","50","362","320","42","13","29.01","-0.3578","-0.4577","25.67","-6.4411","5.5120","-745228","254772","-74.5228"
"INTEGRATED_CONTINUOUS","DS004375","SK하이닉스","0193T0","LONG","3/10","20/30","NONE","301","271","30","11","31.89","-0.4031","-0.6896","33.46","-9.6249","10.9402","-749344","250656","-74.9344"
"INTEGRATED_CONTINUOUS","DS000523","삼성전자","0193L0","SHORT","3/5","3/10","NONE","712","695","17","7","30.76","-0.1878","-0.2569","9.93","-2.8984","4.8021","-749406","250594","-74.9406"
"INTEGRATED_CONTINUOUS","DS002407","SK하이닉스","0193T0","LONG","3/5","10/20","NONE","542","511","31","11","36.35","-0.1955","-0.3800","24.46","-6.9002","10.1160","-750563","249437","-75.0563"
"INTEGRATED_CONTINUOUS","DS004399","삼성전자","0193W0","LONG","3/10","20/30","NONE","386","349","37","9","36.53","-0.3092","-0.4474","30.69","-6.1680","8.3877","-752667","247333","-75.2667"
"INTEGRATED_CONTINUOUS","DS000487","SK하이닉스","0193T0","LONG","3/5","3/10","NONE","542","532","10","7","33.21","-0.2445","-0.4155","10.85","-6.8416","6.0542","-753846","246154","-75.3846"
"INTEGRATED_CONTINUOUS","DS000043","삼성전자","0193L0","SHORT","3/5","3/5","NONE","712","703","9","3","26.40","-0.1952","-0.2404","4.64","-2.6073","3.5544","-754891","245109","-75.4891"
"INTEGRATED_CONTINUOUS","DS001447","SK하이닉스","0193T0","LONG","3/5","3/20","NONE","542","525","17","9","31.00","-0.2297","-0.4379","17.78","-8.7668","9.6111","-758715","241285","-75.8715"
"INTEGRATED_CONTINUOUS","DS000031","삼성전자","0193W0","LONG","3/5","3/5","NONE","713","705","8","2","26.09","-0.1970","-0.2725","4.28","-3.0298","6.1114","-760234","239766","-76.0234"
"INTEGRATED_CONTINUOUS","DS004459","삼성전자","0193L0","SHORT","5/10","20/30","NONE","360","324","36","10","33.06","-0.3775","-0.4246","30.66","-7.9563","7.2241","-765071","234929","-76.5071"
"INTEGRATED_CONTINUOUS","DS004411","삼성전자","0193L0","SHORT","3/10","20/30","NONE","385","350","35","11","34.81","-0.3501","-0.4285","30.42","-8.5459","7.4449","-765564","234436","-76.5564"
"INTEGRATED_CONTINUOUS","DS004460","삼성전자","0193L0","SHORT","5/10","20/30","5","333","299","34","10","31.83","-0.4216","-0.5141","30.31","-7.9563","7.2241","-773773","226227","-77.3773"
"INTEGRATED_CONTINUOUS","DS002443","삼성전자","0193L0","SHORT","3/5","10/20","NONE","712","662","50","12","35.39","-0.1765","-0.3134","23.29","-5.3432","8.2619","-775252","224748","-77.5252"
"INTEGRATED_CONTINUOUS","DS004367","삼성전자","0193L0","SHORT","3/5","20/30","30","363","326","37","12","28.10","-0.3978","-0.4305","23.73","-6.4411","5.5120","-778493","221507","-77.8493"
"INTEGRATED_CONTINUOUS","DS004366","삼성전자","0193L0","SHORT","3/5","20/30","20","356","316","40","12","28.65","-0.4017","-0.4573","26.04","-8.6147","6.6108","-784735","215265","-78.4735"
"INTEGRATED_CONTINUOUS","DS003847","SK하이닉스","0193T0","LONG","3/5","10/30","NONE","542","500","42","17","32.84","-0.1502","-0.5194","32.31","-10.8496","11.7921","-788058","211942","-78.8058"
"INTEGRATED_CONTINUOUS","DS002911","삼성전자","0193W0","LONG","3/5","3/30","NONE","713","679","34","16","32.40","-0.1834","-0.3529","23.38","-9.5121","7.4658","-816386","183614","-81.6386"
"INTEGRATED_CONTINUOUS","DS001927","SK하이닉스","0193T0","LONG","3/5","5/20","NONE","542","512","30","9","32.84","-0.2561","-0.4626","20.83","-13.0351","10.1160","-817769","182231","-81.7769"
"INTEGRATED_CONTINUOUS","DS000511","삼성전자","0193W0","LONG","3/5","3/10","NONE","713","694","19","7","28.75","-0.2380","-0.3034","9.46","-4.8533","5.5941","-831866","168134","-83.1866"
"INTEGRATED_CONTINUOUS","DS000991","삼성전자","0193W0","LONG","3/5","5/10","NONE","713","691","22","7","30.72","-0.2468","-0.3413","11.43","-5.4583","5.8528","-846829","153171","-84.6829"
"INTEGRATED_CONTINUOUS","DS002887","SK하이닉스","0193T0","LONG","3/5","3/30","NONE","542","520","22","9","32.66","-0.2995","-0.4638","22.89","-10.8142","10.1160","-847000","153000","-84.7000"
"INTEGRATED_CONTINUOUS","DS003883","삼성전자","0193L0","SHORT","3/5","10/30","NONE","712","643","69","16","34.69","-0.2247","-0.3191","31.56","-10.4449","8.9288","-884247","115753","-88.4247"
"INTEGRATED_CONTINUOUS","DS001471","삼성전자","0193W0","LONG","3/5","3/20","NONE","713","683","30","10","30.58","-0.2632","-0.3359","16.76","-9.8207","6.7322","-889333","110667","-88.9333"
"INTEGRATED_CONTINUOUS","DS003391","삼성전자","0193W0","LONG","3/5","5/30","NONE","713","665","48","16","31.98","-0.2532","-0.3799","26.77","-9.4653","7.4658","-898466","101534","-89.8466"
"INTEGRATED_CONTINUOUS","DS003367","SK하이닉스","0193T0","LONG","3/5","5/30","NONE","542","501","41","10","30.44","-0.3726","-0.5115","27.08","-13.3443","10.1160","-902798","97202","-90.2798"
"INTEGRATED_CONTINUOUS","DS004339","SK하이닉스","0197X0","SHORT","3/5","20/30","NONE","632","588","44","19","40.35","-0.2549","-0.3746","32.61","-10.5284","11.5039","-910362","89638","-91.0362"
"INTEGRATED_CONTINUOUS","DS001951","삼성전자","0193W0","LONG","3/5","5/20","NONE","713","674","39","12","32.40","-0.2739","-0.3777","21.09","-10.6070","6.0597","-912701","87299","-91.2701"
"INTEGRATED_CONTINUOUS","DS004363","삼성전자","0193L0","SHORT","3/5","20/30","NONE","712","629","83","16","33.99","-0.2874","-0.3556","30.60","-8.6147","8.9705","-913517","86483","-91.3517"
"INTEGRATED_CONTINUOUS","DS004327","SK하이닉스","0193T0","LONG","3/5","20/30","NONE","542","498","44","17","32.10","-0.3576","-0.5646","34.29","-9.6249","10.9402","-922364","77636","-92.2364"
"INTEGRATED_CONTINUOUS","DS003859","SK하이닉스","0197X0","SHORT","3/5","10/30","NONE","632","588","44","18","40.19","-0.2037","-0.3391","31.01","-11.3637","13.3003","-923026","76974","-92.3026"
"INTEGRATED_CONTINUOUS","DS003871","삼성전자","0193W0","LONG","3/5","10/30","NONE","713","650","63","15","30.15","-0.2839","-0.4294","30.73","-9.8210","10.6096","-927651","72349","-92.7651"
"INTEGRATED_CONTINUOUS","DS002431","삼성전자","0193W0","LONG","3/5","10/20","NONE","713","669","44","13","31.98","-0.2954","-0.3779","22.36","-11.7599","7.4565","-928882","71118","-92.8882"
"INTEGRATED_CONTINUOUS","DS004351","삼성전자","0193W0","LONG","3/5","20/30","NONE","713","649","64","17","33.66","-0.3240","-0.4294","29.50","-7.9143","8.3877","-940905","59095","-94.0905"
