"계산방식","전략id","신호종목","실행상품코드","방향","진입ma","청산ma","추세ma","거래수","정상청산수","마감1519청산수","최대동시open","승률_pct","평균순수익률_pct","중앙순수익률_pct","평균보유분","최악거래_pct","최고거래_pct","누적복리손익","최종복리자본","누적복리수익률_pct"
"KRX_RESET","DS002277","SK하이닉스","0197X0","SHORT","5/30","5/20","10","101","99","2","2","44.55","0.0979","-0.2000","20.25","-2.5052","4.9908","90886","1090886","9.0886"
"KRX_RESET","DS002627","삼성전자","0193W0","LONG","5/20","10/20","30","84","78","6","4","39.29","0.0775","-0.2620","19.21","-1.7391","6.5831","58860","1058860","5.8860"
"KRX_RESET","DS002229","SK하이닉스","0197X0","SHORT","3/30","5/20","10","125","118","7","2","39.20","0.0529","-0.2000","19.69","-2.2629","4.9908","52572","1052572","5.2572"
"KRX_RESET","DS002579","삼성전자","0193W0","LONG","3/20","10/20","30","106","98","8","5","37.74","0.0568","-0.2447","18.17","-2.6458","6.5831","49466","1049466","4.9466"
"KRX_RESET","DS003634","삼성전자","0193W0","LONG","10/20","5/30","20","69","61","8","3","42.03","0.0792","-0.2000","23.32","-1.7730","7.3307","46341","1046341","4.6341"
"KRX_RESET","DS001797","SK하이닉스","0197X0","SHORT","5/30","3/20","10","101","99","2","2","42.57","0.0449","-0.3082","18.09","-1.9625","4.1419","36323","1036323","3.6323"
"KRX_RESET","DS000179","삼성전자","0193W0","LONG","3/20","3/5","30","106","104","2","2","31.13","0.0346","-0.2000","5.16","-1.5462","5.4012","32039","1032039","3.2039"
"KRX_RESET","DS000300","SK하이닉스","0193T0","LONG","3/30","3/5","50","44","44","0","1","36.36","0.0603","-0.1734","6.07","-1.6201","2.1753","25183","1025183","2.5183"
"KRX_RESET","DS002323","SK하이닉스","0197X0","SHORT","10/30","5/20","NONE","110","105","5","3","43.64","0.0294","-0.2462","18.61","-2.5799","5.2323","22425","1022425","2.2425"
"KRX_RESET","DS001320","SK하이닉스","0197X0","SHORT","5/30","5/10","50","59","59","0","2","38.98","0.0400","-0.1465","12.53","-1.8972","4.1457","19604","1019604","1.9604"
"KRX_RESET","DS001800","SK하이닉스","0197X0","SHORT","5/30","3/20","50","59","57","2","2","35.59","0.0451","-0.5049","19.19","-3.7454","4.1419","19437","1019437","1.9437"
"KRX_RESET","DS001139","삼성전자","0193W0","LONG","3/20","5/10","30","106","100","6","3","34.91","0.0220","-0.2181","10.29","-1.6124","5.1443","16999","1016999","1.6999"
"KRX_RESET","DS002325","SK하이닉스","0197X0","SHORT","10/30","5/20","10","106","101","5","2","42.45","0.0246","-0.2532","18.46","-2.5799","5.2323","16350","1016350","1.6350"
"KRX_RESET","DS004594","삼성전자","0193W0","LONG","10/20","20/30","20","69","62","7","3","37.68","0.0479","-0.3635","28.78","-3.1042","7.3307","15033","1015033","1.5033"
"KRX_RESET","DS001317","SK하이닉스","0197X0","SHORT","5/30","5/10","10","101","101","0","2","45.54","0.0193","-0.1282","12.26","-2.5052","4.1457","13152","1013152","1.3152"
"KRX_RESET","DS002674","삼성전자","0193W0","LONG","10/20","10/20","20","69","63","6","2","40.58","0.0274","-0.2515","20.80","-1.7730","6.2549","12319","1012319","1.2319"
"KRX_RESET","DS000780","SK하이닉스","0193T0","LONG","3/30","3/10","50","44","44","0","2","43.18","0.0303","-0.1312","10.73","-1.6201","3.2237","10753","1010753","1.0753"
"KRX_RESET","DS001187","삼성전자","0193W0","LONG","5/20","5/10","30","84","80","4","2","34.52","0.0184","-0.2373","10.10","-1.4697","5.1443","10598","1010598","1.0598"
"KRX_RESET","DS000707","삼성전자","0193W0","LONG","5/20","3/10","30","84","80","4","2","34.52","0.0178","-0.2185","9.02","-1.2969","4.8874","10409","1010409","1.0409"
"KRX_RESET","DS003240","SK하이닉스","0197X0","SHORT","5/30","3/30","50","59","57","2","2","33.90","0.0250","-0.5238","20.03","-2.1725","4.8204","8761","1008761","0.8761"
"KRX_RESET","DS000659","삼성전자","0193W0","LONG","3/20","3/10","30","106","100","6","2","33.96","0.0121","-0.2831","8.81","-1.6124","4.8874","6883","1006883","0.6883"
"KRX_RESET","DS000227","삼성전자","0193W0","LONG","5/20","3/5","30","84","83","1","2","27.38","0.0108","-0.2185","5.07","-1.0246","5.4012","5211","1005211","0.5211"
"KRX_RESET","DS003237","SK하이닉스","0197X0","SHORT","5/30","3/30","10","101","99","2","2","38.61","0.0152","-0.3806","21.87","-2.4368","4.8204","5119","1005119","0.5119"
"KRX_RESET","DS000348","SK하이닉스","0193T0","LONG","5/30","3/5","50","39","39","0","1","43.59","0.0102","-0.2986","5.97","-1.3085","2.0704","2650","1002650","0.2650"
"KRX_RESET","DS002280","SK하이닉스","0197X0","SHORT","5/30","5/20","50","59","57","2","2","37.29","0.0127","-0.4039","21.56","-3.9397","3.7349","998","1000998","0.0998"
"KRX_RESET","DS000347","SK하이닉스","0193T0","LONG","5/30","3/5","30","42","40","2","1","40.48","0.0079","-0.2520","5.69","-1.5981","5.3457","698","1000698","0.0698"
"KRX_RESET","DS000828","SK하이닉스","0193T0","LONG","5/30","3/10","50","39","39","0","2","41.03","0.0034","-0.2986","10.92","-1.3085","2.7247","-363","999637","-0.0363"
"KRX_RESET","DS000286","삼성전자","0193L0","SHORT","10/20","3/5","20","66","66","0","2","37.88","-0.0014","-0.1462","5.21","-1.1038","2.6459","-2151","997849","-0.2151"
"KRX_RESET","DS002700","SK하이닉스","0193T0","LONG","3/30","10/20","50","44","42","2","3","43.18","0.0077","-0.0345","20.07","-2.7653","6.6040","-2878","997122","-0.2878"
"KRX_RESET","DS003587","삼성전자","0193W0","LONG","5/20","5/30","30","84","78","6","4","32.14","0.0044","-0.4284","20.00","-1.6169","7.6623","-5936","994064","-0.5936"
"KRX_RESET","DS002275","SK하이닉스","0197X0","SHORT","5/30","5/20","NONE","127","123","4","2","41.73","0.0055","-0.2000","20.73","-4.2995","4.9908","-7597","992403","-0.7597"
"KRX_RESET","DS000827","SK하이닉스","0193T0","LONG","5/30","3/10","30","42","39","3","1","28.57","-0.0134","-0.2984","9.17","-2.0248","5.2277","-8667","991333","-0.8667"
"KRX_RESET","DS001416","SK하이닉스","0197X0","SHORT","20/30","5/10","50","53","53","0","2","39.62","-0.0131","-0.2000","12.42","-1.5580","2.8023","-9242","990758","-0.9242"
"KRX_RESET","DS002276","SK하이닉스","0197X0","SHORT","5/30","5/20","5","126","122","4","2","41.27","0.0031","-0.2266","20.74","-4.2995","4.9908","-10686","989314","-1.0686"
"KRX_RESET","DS002194","삼성전자","0193W0","LONG","10/20","5/20","20","69","63","6","2","34.78","-0.0133","-0.2772","17.54","-1.4248","5.0254","-13590","986410","-1.3590"
"KRX_RESET","DS000837","SK하이닉스","0197X0","SHORT","5/30","3/10","10","101","101","0","2","41.58","-0.0083","-0.2000","10.50","-1.9924","4.4133","-14259","985741","-1.4259"
"KRX_RESET","DS002808","SK하이닉스","0197X0","SHORT","10/30","10/20","50","57","56","1","3","40.35","-0.0113","-0.2000","20.19","-4.3224","5.1623","-14635","985365","-1.4635"
"KRX_RESET","DS003539","삼성전자","0193W0","LONG","3/20","5/30","30","106","98","8","6","32.08","-0.0009","-0.3481","18.96","-1.5942","7.6623","-15443","984557","-1.5443"
"KRX_RESET","DS002328","SK하이닉스","0197X0","SHORT","10/30","5/20","50","57","55","2","3","36.84","-0.0161","-0.4738","17.60","-2.5799","4.6551","-15574","984426","-1.5574"
"KRX_RESET","DS001246","삼성전자","0193L0","SHORT","10/20","5/10","20","66","66","0","2","39.39","-0.0222","-0.1511","11.48","-1.5104","2.6021","-17048","982952","-1.7048"
"KRX_RESET","DS001234","삼성전자","0193W0","LONG","10/20","5/10","20","69","64","5","2","33.33","-0.0198","-0.2385","9.77","-1.6515","4.8205","-17706","982294","-1.7706"
"KRX_RESET","DS000840","SK하이닉스","0197X0","SHORT","5/30","3/10","50","59","59","0","2","37.29","-0.0255","-0.2533","10.47","-1.8435","4.4133","-18530","981470","-1.8530"
"KRX_RESET","DS001846","SK하이닉스","0197X0","SHORT","10/30","3/20","20","91","88","3","2","39.56","-0.0126","-0.3212","17.30","-2.0741","4.6551","-18851","981149","-1.8851"
"KRX_RESET","DS002578","삼성전자","0193W0","LONG","3/20","10/20","20","101","94","7","5","32.67","-0.0117","-0.2520","15.42","-1.4248","3.5954","-20573","979427","-2.0573"
"KRX_RESET","DS000396","SK하이닉스","0193T0","LONG","10/30","3/5","50","33","33","0","1","33.33","-0.0591","-0.2532","5.18","-1.1327","4.9116","-21194","978806","-2.1194"
"KRX_RESET","DS001283","삼성전자","0193W0","LONG","3/30","5/10","30","77","73","4","2","35.06","-0.0181","-0.3022","10.42","-1.6124","5.6091","-21628","978372","-2.1628"
"KRX_RESET","DS003288","SK하이닉스","0197X0","SHORT","10/30","3/30","50","57","55","2","3","35.09","-0.0285","-0.3826","19.63","-1.9991","4.2534","-22108","977892","-2.2108"
"KRX_RESET","DS001368","SK하이닉스","0197X0","SHORT","10/30","5/10","50","57","56","1","2","38.60","-0.0326","-0.2497","10.82","-1.7723","3.3545","-22140","977860","-2.2140"
"KRX_RESET","DS001412","SK하이닉스","0197X0","SHORT","20/30","5/10","5","74","73","1","2","41.89","-0.0260","-0.2000","12.05","-1.7294","2.8023","-22166","977834","-2.2166"
"KRX_RESET","DS002856","SK하이닉스","0197X0","SHORT","20/30","10/20","50","53","53","0","3","30.19","-0.0341","-0.4923","20.66","-3.2158","3.9611","-25752","974248","-2.5752"
"KRX_RESET","DS001848","SK하이닉스","0197X0","SHORT","10/30","3/20","50","57","55","2","2","36.84","-0.0364","-0.5776","15.75","-2.0741","4.6551","-26309","973691","-2.6309"
"KRX_RESET","DS001260","SK하이닉스","0193T0","LONG","3/30","5/10","50","44","44","0","2","45.45","-0.0545","-0.1078","11.77","-1.7697","3.0459","-26331","973669","-2.6331"
"KRX_RESET","DS001308","SK하이닉스","0193T0","LONG","5/30","5/10","50","39","39","0","2","35.90","-0.0664","-0.1534","11.77","-2.0670","2.7247","-27174","972826","-2.7174"
"KRX_RESET","DS003227","SK하이닉스","0193T0","LONG","5/30","3/30","30","42","37","5","1","28.57","-0.0496","-0.5105","18.43","-2.0248","8.9445","-28013","971987","-2.8013"
"KRX_RESET","DS003144","SK하이닉스","0197X0","SHORT","10/20","3/30","50","67","63","4","2","34.33","-0.0315","-0.2977","21.81","-2.1275","4.2534","-28147","971853","-2.8147"
"KRX_RESET","DS004114","삼성전자","0193W0","LONG","10/20","10/30","20","69","61","8","3","39.13","-0.0279","-0.3542","26.88","-2.0734","7.3307","-28464","971536","-2.8464"
"KRX_RESET","DS001316","SK하이닉스","0197X0","SHORT","5/30","5/10","5","126","126","0","2","43.65","-0.0173","-0.1384","11.92","-2.5052","4.1457","-28986","971014","-2.8986"
"KRX_RESET","DS001844","SK하이닉스","0197X0","SHORT","10/30","3/20","5","89","86","3","2","39.33","-0.0252","-0.4141","16.90","-2.0741","4.6551","-29396","970604","-2.9396"
"KRX_RESET","DS003348","삼성전자","0193W0","LONG","20/30","3/30","50","54","51","3","2","33.33","-0.0493","-0.2641","17.91","-1.6825","3.6287","-29698","970302","-2.9698"
"KRX_RESET","DS001315","SK하이닉스","0197X0","SHORT","5/30","5/10","NONE","127","127","0","2","43.31","-0.0183","-0.1361","11.85","-2.5052","4.1457","-30308","969692","-3.0308"
"KRX_RESET","DS003336","SK하이닉스","0197X0","SHORT","20/30","3/30","50","53","53","0","3","35.85","-0.0467","-0.4923","24.36","-1.9991","3.6926","-31191","968809","-3.1191"
"KRX_RESET","DS001307","SK하이닉스","0193T0","LONG","5/30","5/10","30","42","39","3","1","33.33","-0.0679","-0.2822","10.00","-2.1291","5.3457","-31375","968625","-3.1375"
"KRX_RESET","DS000694","SK하이닉스","0197X0","SHORT","5/20","3/10","20","80","79","1","1","41.25","-0.0348","-0.1384","10.65","-1.6537","4.4133","-31698","968302","-3.1698"
"KRX_RESET","DS001843","SK하이닉스","0197X0","SHORT","10/30","3/20","NONE","110","106","4","2","39.09","-0.0217","-0.3655","16.77","-2.0741","4.6551","-31845","968155","-3.1845"
"KRX_RESET","DS003154","삼성전자","0193W0","LONG","10/20","3/30","20","69","62","7","3","36.23","-0.0413","-0.3123","20.41","-1.5997","5.3840","-32446","967554","-3.2446"
"KRX_RESET","DS000766","삼성전자","0193L0","SHORT","10/20","3/10","20","66","66","0","2","36.36","-0.0483","-0.1324","10.27","-1.3164","2.1372","-32976","967024","-3.2976"
"KRX_RESET","DS000886","SK하이닉스","0197X0","SHORT","10/30","3/10","20","91","91","0","2","40.66","-0.0295","-0.2485","10.58","-6.0613","3.8486","-33341","966659","-3.3341"
"KRX_RESET","DS001667","삼성전자","0193W0","LONG","5/20","3/20","30","84","80","4","2","35.71","-0.0341","-0.4088","13.90","-1.4579","5.3498","-33407","966593","-3.3407"
"KRX_RESET","DS001272","SK하이닉스","0197X0","SHORT","3/30","5/10","50","81","77","4","2","39.51","-0.0320","-0.2000","13.11","-2.7814","5.1012","-34131","965869","-3.4131"
"KRX_RESET","DS001186","삼성전자","0193W0","LONG","5/20","5/10","20","83","79","4","2","36.14","-0.0365","-0.2382","10.11","-1.8210","3.7579","-34152","965848","-3.4152"
"KRX_RESET","DS001749","SK하이닉스","0197X0","SHORT","3/30","3/20","10","125","118","7","2","36.80","-0.0199","-0.4232","16.70","-1.9434","4.9984","-35559","964441","-3.5559"
"KRX_RESET","DS001714","삼성전자","0193W0","LONG","10/20","3/20","20","69","63","6","2","33.33","-0.0475","-0.4043","15.39","-1.5997","5.0254","-36582","963418","-3.6582"
"KRX_RESET","DS000214","SK하이닉스","0197X0","SHORT","5/20","3/5","20","80","79","1","1","40.00","-0.0447","-0.1091","5.31","-1.4692","1.7895","-36652","963348","-3.6652"
"KRX_RESET","DS000299","SK하이닉스","0193T0","LONG","3/30","3/5","30","48","46","2","1","31.25","-0.0752","-0.2908","5.33","-0.9567","2.1753","-36681","963319","-3.6681"
"KRX_RESET","DS003203","삼성전자","0193W0","LONG","3/30","3/30","30","77","72","5","2","33.77","-0.0431","-0.3886","14.66","-1.6124","3.6560","-36956","963044","-3.6956"
"KRX_RESET","DS003720","SK하이닉스","0197X0","SHORT","5/30","5/30","50","59","57","2","1","33.90","-0.0533","-0.4538","21.31","-2.2887","4.9560","-37555","962445","-3.7555"
"KRX_RESET","DS000706","삼성전자","0193W0","LONG","5/20","3/10","20","83","79","4","2","34.94","-0.0421","-0.2370","8.98","-1.7052","3.5640","-37598","962402","-3.7598"
"KRX_RESET","DS002699","SK하이닉스","0193T0","LONG","3/30","10/20","30","48","43","5","3","39.58","-0.0688","-0.1418","19.98","-2.7206","6.6040","-37599","962401","-3.7599"
"KRX_RESET","DS000287","삼성전자","0193L0","SHORT","10/20","3/5","30","76","76","0","2","35.53","-0.0488","-0.2000","5.83","-1.5438","2.6459","-38078","961922","-3.8078"
"KRX_RESET","DS000876","SK하이닉스","0193T0","LONG","10/30","3/10","50","33","33","0","2","33.33","-0.1133","-0.3956","8.67","-1.3403","4.7941","-38519","961481","-3.8519"
"KRX_RESET","DS002147","삼성전자","0193W0","LONG","5/20","5/20","30","84","80","4","1","38.10","-0.0413","-0.2669","14.69","-1.6169","5.3498","-39078","960922","-3.9078"
"KRX_RESET","DS003059","삼성전자","0193W0","LONG","3/20","3/30","30","106","99","7","6","29.25","-0.0322","-0.3352","15.40","-1.6124","5.7096","-39128","960872","-3.9128"
"KRX_RESET","DS001404","SK하이닉스","0193T0","LONG","20/30","5/10","50","35","34","1","2","28.57","-0.1038","-0.2940","10.57","-1.7549","5.2835","-39459","960541","-3.9459"
"KRX_RESET","DS000420","삼성전자","0193W0","LONG","10/30","3/5","50","50","49","1","1","32.00","-0.0765","-0.2396","4.92","-1.5588","4.2738","-39492","960508","-3.9492"
"KRX_RESET","DS001787","SK하이닉스","0193T0","LONG","5/30","3/20","30","42","38","4","1","30.95","-0.0887","-0.4284","14.50","-2.1291","5.6407","-40220","959780","-4.0220"
"KRX_RESET","DS001845","SK하이닉스","0197X0","SHORT","10/30","3/20","10","106","102","4","2","37.74","-0.0313","-0.4120","16.57","-2.0741","4.6551","-40606","959394","-4.0606"
"KRX_RESET","DS000836","SK하이닉스","0197X0","SHORT","5/30","3/10","5","126","126","0","2","42.06","-0.0279","-0.2247","10.32","-1.9924","4.4133","-41365","958635","-4.1365"
"KRX_RESET","DS000658","삼성전자","0193W0","LONG","3/20","3/10","20","101","95","6","2","36.63","-0.0372","-0.2442","9.16","-1.6124","4.6843","-41452","958548","-4.1452"
"KRX_RESET","DS000884","SK하이닉스","0197X0","SHORT","10/30","3/10","5","89","89","0","2","40.45","-0.0404","-0.2485","10.28","-6.0613","3.8486","-41707","958293","-4.1707"
"KRX_RESET","DS000408","SK하이닉스","0197X0","SHORT","10/30","3/5","50","57","56","1","2","31.58","-0.0703","-0.3820","5.44","-1.3123","5.2348","-41939","958061","-4.1939"
"KRX_RESET","DS003768","SK하이닉스","0197X0","SHORT","10/30","5/30","50","57","55","2","3","40.35","-0.0642","-0.5236","22.46","-2.5799","4.4302","-43484","956516","-4.3484"
"KRX_RESET","DS000888","SK하이닉스","0197X0","SHORT","10/30","3/10","50","57","56","1","3","35.09","-0.0730","-0.3060","9.40","-1.4971","3.8486","-43698","956302","-4.3698"
"KRX_RESET","DS003236","SK하이닉스","0197X0","SHORT","5/30","3/30","5","126","122","4","2","35.71","-0.0271","-0.4054","20.26","-2.4368","4.8204","-44165","955835","-4.4165"
"KRX_RESET","DS000835","SK하이닉스","0197X0","SHORT","5/30","3/10","NONE","127","127","0","2","41.73","-0.0307","-0.2495","10.25","-1.9924","4.4133","-45119","954881","-4.5119"
"KRX_RESET","DS002747","SK하이닉스","0193T0","LONG","5/30","10/20","30","42","36","6","1","30.95","-0.0944","-0.5636","19.98","-2.1685","7.4106","-45171","954829","-4.5171"
"KRX_RESET","DS001380","삼성전자","0193W0","LONG","10/30","5/10","50","50","49","1","2","22.00","-0.0872","-0.3780","8.46","-1.0311","4.0196","-45407","954593","-4.5407"
"KRX_RESET","DS000646","SK하이닉스","0197X0","SHORT","3/20","3/10","20","97","94","3","2","37.11","-0.0411","-0.2532","10.57","-1.7550","4.4133","-45873","954127","-4.5873"
"KRX_RESET","DS003660","SK하이닉스","0193T0","LONG","3/30","5/30","50","44","42","2","2","29.55","-0.0946","-0.4228","23.82","-2.4119","6.6040","-45948","954052","-4.5948"
"KRX_RESET","DS000779","SK하이닉스","0193T0","LONG","3/30","3/10","30","48","45","3","2","29.17","-0.0941","-0.2590","9.17","-1.5749","3.2237","-46245","953755","-4.6245"
"KRX_RESET","DS000883","SK하이닉스","0197X0","SHORT","10/30","3/10","NONE","110","109","1","3","39.09","-0.0365","-0.2501","10.06","-6.0613","3.8486","-46628","953372","-4.6628"
"KRX_RESET","DS002326","SK하이닉스","0197X0","SHORT","10/30","5/20","20","91","88","3","2","42.86","-0.0446","-0.2598","18.10","-2.5799","4.6551","-46848","953152","-4.6848"
"KRX_RESET","DS003235","SK하이닉스","0197X0","SHORT","5/30","3/30","NONE","127","123","4","2","35.43","-0.0294","-0.3943","20.25","-2.4368","4.8204","-47332","952668","-4.7332"
"KRX_RESET","DS000274","삼성전자","0193W0","LONG","10/20","3/5","20","69","65","4","1","28.99","-0.0673","-0.2364","4.68","-1.2488","5.0766","-47624","952376","-4.7624"
"KRX_RESET","DS000178","삼성전자","0193W0","LONG","3/20","3/5","20","101","99","2","2","35.64","-0.0458","-0.2000","5.20","-1.5462","3.9131","-48755","951245","-4.8755"
"KRX_RESET","DS002760","SK하이닉스","0197X0","SHORT","5/30","10/20","50","59","57","2","3","37.29","-0.0703","-0.2000","23.69","-4.0363","5.0917","-49342","950658","-4.9342"
"KRX_RESET","DS000180","삼성전자","0193W0","LONG","3/20","3/5","50","110","108","2","2","33.64","-0.0426","-0.2000","4.98","-1.5462","3.9131","-49612","950388","-4.9612"
"KRX_RESET","DS002650","SK하이닉스","0193T0","LONG","10/20","10/20","20","59","53","6","2","33.90","-0.0700","-0.4956","21.19","-3.3866","7.2838","-49947","950053","-4.9947"
"KRX_RESET","DS004260","삼성전자","0193W0","LONG","10/30","10/30","50","50","47","3","2","32.00","-0.0919","-0.4662","23.40","-1.7730","6.5107","-49983","950017","-4.9983"
"KRX_RESET","DS001363","SK하이닉스","0197X0","SHORT","10/30","5/10","NONE","110","109","1","2","41.82","-0.0380","-0.2229","11.74","-6.2043","3.3545","-49986","950014","-4.9986"
"KRX_RESET","DS001415","SK하이닉스","0197X0","SHORT","20/30","5/10","30","60","60","0","2","38.33","-0.0817","-0.2000","10.75","-1.7294","2.8023","-50053","949947","-5.0053"
"KRX_RESET","DS000226","삼성전자","0193W0","LONG","5/20","3/5","20","83","82","1","2","28.92","-0.0589","-0.2373","5.02","-1.7052","3.8139","-50100","949900","-5.0100"
"KRX_RESET","DS002099","삼성전자","0193W0","LONG","3/20","5/20","30","106","98","8","2","31.13","-0.0422","-0.2914","14.75","-1.6124","5.3498","-50282","949718","-5.0282"
"KRX_RESET","DS001366","SK하이닉스","0197X0","SHORT","10/30","5/10","20","91","91","0","2","41.76","-0.0471","-0.2000","12.59","-6.2043","3.3545","-50424","949576","-5.0424"
"KRX_RESET","DS000346","SK하이닉스","0193T0","LONG","5/30","3/5","20","74","72","2","2","35.14","-0.0652","-0.2788","5.30","-1.6000","5.3457","-50711","949289","-5.0711"
"KRX_RESET","DS002084","SK하이닉스","0197X0","SHORT","3/20","5/20","5","183","174","9","3","37.16","-0.0165","-0.3186","19.07","-2.7606","5.3824","-50763","949237","-5.0763"
"KRX_RESET","DS001269","SK하이닉스","0197X0","SHORT","3/30","5/10","10","125","120","5","2","43.20","-0.0350","-0.1543","12.15","-1.9661","4.1457","-50861","949139","-5.0861"
"KRX_RESET","DS000395","SK하이닉스","0193T0","LONG","10/30","3/5","30","40","39","1","1","25.00","-0.1258","-0.3137","5.03","-1.1327","5.8940","-51340","948660","-5.1340"
"KRX_RESET","DS002626","삼성전자","0193W0","LONG","5/20","10/20","20","83","78","5","4","34.94","-0.0572","-0.2871","17.46","-1.7824","3.5132","-52128","947872","-5.2128"
"KRX_RESET","DS003107","삼성전자","0193W0","LONG","5/20","3/30","30","84","79","5","4","35.71","-0.0588","-0.3472","17.12","-1.4579","5.7096","-52449","947551","-5.2449"
"KRX_RESET","DS004067","삼성전자","0193W0","LONG","5/20","10/30","30","84","77","7","4","34.52","-0.0535","-0.3565","25.05","-1.6914","7.6623","-52546","947454","-5.2546"
"KRX_RESET","DS002376","SK하이닉스","0197X0","SHORT","20/30","5/20","50","53","53","0","2","35.85","-0.0961","-0.4264","17.96","-2.0097","2.8398","-52646","947354","-5.2646"
"KRX_RESET","DS001270","SK하이닉스","0197X0","SHORT","3/30","5/10","20","109","104","5","2","44.04","-0.0427","-0.1489","12.83","-2.7814","5.1012","-52648","947352","-5.2648"
"KRX_RESET","DS003180","SK하이닉스","0193T0","LONG","3/30","3/30","50","44","43","1","1","31.82","-0.1151","-0.5270","17.80","-1.6201","6.3543","-52942","947058","-5.2942"
"KRX_RESET","DS003332","SK하이닉스","0197X0","SHORT","20/30","3/30","5","74","71","3","2","39.19","-0.0646","-0.4285","23.68","-2.1178","3.6926","-53276","946724","-5.3276"
"KRX_RESET","DS000935","SK하이닉스","0197X0","SHORT","20/30","3/10","30","60","60","0","2","33.33","-0.0859","-0.2710","9.77","-1.9059","3.2899","-53397","946603","-5.3397"
"KRX_RESET","DS002723","삼성전자","0193W0","LONG","3/30","10/20","30","77","73","4","3","33.77","-0.0607","-0.3411","18.17","-2.6117","4.4680","-53432","946568","-5.3432"
"KRX_RESET","DS001796","SK하이닉스","0197X0","SHORT","5/30","3/20","5","126","123","3","2","39.68","-0.0349","-0.3460","18.14","-3.8290","4.1419","-53969","946031","-5.3969"
"KRX_RESET","DS002324","SK하이닉스","0197X0","SHORT","10/30","5/20","5","89","85","4","2","41.57","-0.0544","-0.2598","18.45","-2.5799","4.6551","-54070","945930","-5.4070"
"KRX_RESET","DS003717","SK하이닉스","0197X0","SHORT","5/30","5/30","10","101","99","2","1","39.60","-0.0434","-0.4299","24.06","-2.9633","5.1074","-54782","945218","-5.4782"
"KRX_RESET","DS001896","SK하이닉스","0197X0","SHORT","20/30","3/20","50","53","53","0","2","35.85","-0.1015","-0.3489","16.04","-2.4183","3.0215","-55447","944553","-5.5447"
"KRX_RESET","DS003707","SK하이닉스","0193T0","LONG","5/30","5/30","30","42","35","7","1","26.19","-0.1169","-0.5808","20.19","-2.2997","8.9445","-55572","944428","-5.5572"
"KRX_RESET","DS002483","삼성전자","0193W0","LONG","3/10","10/20","30","162","152","10","6","33.95","-0.0191","-0.3372","20.64","-3.5357","7.4684","-55723","944277","-5.5723"
"KRX_RESET","DS002868","삼성전자","0193W0","LONG","20/30","10/20","50","54","51","3","2","29.63","-0.1012","-0.3620","16.37","-1.7760","4.4851","-56792","943208","-5.6792"
"KRX_RESET","DS001795","SK하이닉스","0197X0","SHORT","5/30","3/20","NONE","127","124","3","2","39.37","-0.0372","-0.3392","18.15","-3.8290","4.1419","-57104","942896","-5.7104"
"KRX_RESET","DS000468","삼성전자","0193W0","LONG","20/30","3/5","50","54","51","3","2","27.78","-0.1079","-0.2639","5.19","-0.8565","3.3264","-58155","941845","-5.8155"
"KRX_RESET","DS000932","SK하이닉스","0197X0","SHORT","20/30","3/10","5","74","74","0","2","31.08","-0.0777","-0.2558","9.86","-1.9059","3.2899","-59005","940995","-5.9005"
"KRX_RESET","DS002278","SK하이닉스","0197X0","SHORT","5/30","5/20","20","87","84","3","2","36.78","-0.0603","-0.3502","19.41","-2.5052","4.9908","-59423","940577","-5.9423"
"KRX_RESET","DS003189","SK하이닉스","0197X0","SHORT","3/30","3/30","10","125","118","7","1","33.60","-0.0404","-0.4743","18.87","-2.4797","5.6824","-60171","939829","-6.0171"
"KRX_RESET","DS000684","SK하이닉스","0193T0","LONG","5/20","3/10","50","57","56","1","2","35.09","-0.1070","-0.2000","8.96","-1.5749","2.4383","-61259","938741","-6.1259"
"KRX_RESET","DS003816","SK하이닉스","0197X0","SHORT","20/30","5/30","50","53","53","0","3","35.85","-0.1055","-0.6196","26.13","-3.2158","3.8268","-61922","938078","-6.1922"
"KRX_RESET","DS004090","SK하이닉스","0193T0","LONG","10/20","10/30","20","59","52","7","4","25.42","-0.0702","-0.6365","28.05","-2.9810","10.2005","-62254","937746","-6.2254"
"KRX_RESET","DS001367","SK하이닉스","0197X0","SHORT","10/30","5/10","30","56","55","1","2","32.14","-0.1094","-0.3068","10.89","-2.1435","2.8023","-62281","937719","-6.2281"
"KRX_RESET","DS000789","SK하이닉스","0197X0","SHORT","3/30","3/10","10","125","120","5","2","36.80","-0.0452","-0.2637","10.51","-1.9434","5.2720","-62422","937578","-6.2422"
"KRX_RESET","DS000790","SK하이닉스","0197X0","SHORT","3/30","3/10","20","109","104","5","2","37.61","-0.0527","-0.2541","10.67","-2.3512","5.2720","-62473","937527","-6.2473"
"KRX_RESET","DS000838","SK하이닉스","0197X0","SHORT","5/30","3/10","20","87","87","0","2","40.23","-0.0693","-0.1465","10.47","-1.9924","4.4133","-62496","937504","-6.2496"
"KRX_RESET","DS000936","SK하이닉스","0197X0","SHORT","20/30","3/10","50","53","53","0","2","32.08","-0.1174","-0.2451","10.64","-1.9446","3.2899","-62568","937432","-6.2568"
"KRX_RESET","DS000695","SK하이닉스","0197X0","SHORT","5/20","3/10","30","76","74","2","1","34.21","-0.0781","-0.2349","10.12","-1.7605","4.4133","-62571","937429","-6.2571"
"KRX_RESET","DS003300","삼성전자","0193W0","LONG","10/30","3/30","50","50","48","2","2","26.00","-0.1224","-0.4310","19.06","-1.5754","4.5789","-62630","937370","-6.2630"
"KRX_RESET","DS001356","SK하이닉스","0193T0","LONG","10/30","5/10","50","33","33","0","2","30.30","-0.1898","-0.2000","9.48","-1.4231","4.9116","-62736","937264","-6.2736"
"KRX_RESET","DS003672","SK하이닉스","0197X0","SHORT","3/30","5/30","50","81","72","9","3","32.10","-0.0644","-0.5171","21.78","-2.1404","5.8723","-62849","937151","-6.2849"
"KRX_RESET","DS004140","SK하이닉스","0193T0","LONG","3/30","10/30","50","44","42","2","3","25.00","-0.1359","-0.5543","24.32","-2.2156","6.4792","-62878","937122","-6.2878"
"KRX_RESET","DS000228","삼성전자","0193W0","LONG","5/20","3/5","50","88","87","1","2","31.82","-0.0707","-0.2000","4.80","-1.8600","3.8139","-62903","937097","-6.2903"
"KRX_RESET","DS000204","SK하이닉스","0193T0","LONG","5/20","3/5","50","57","56","1","2","29.82","-0.1102","-0.3354","5.49","-2.3512","2.6412","-63058","936942","-6.3058"
"KRX_RESET","DS000323","삼성전자","0193W0","LONG","3/30","3/5","30","77","76","1","2","31.17","-0.0813","-0.2896","4.99","-1.0246","3.9131","-63152","936848","-6.3152"
"KRX_RESET","DS001138","삼성전자","0193W0","LONG","3/20","5/10","20","101","95","6","2","37.62","-0.0599","-0.2370","10.63","-2.2629","4.6843","-63751","936249","-6.3751"
"KRX_RESET","DS003828","삼성전자","0193W0","LONG","20/30","5/30","50","54","49","5","3","31.48","-0.1132","-0.5271","19.65","-2.1130","5.5431","-63869","936131","-6.3869"
"KRX_RESET","DS000933","SK하이닉스","0197X0","SHORT","20/30","3/10","10","82","82","0","2","32.93","-0.0755","-0.2346","10.21","-1.9446","3.2899","-64190","935810","-6.4190"
"KRX_RESET","DS003659","SK하이닉스","0193T0","LONG","3/30","5/30","30","48","43","5","2","25.00","-0.1280","-0.3609","22.69","-2.4119","6.6040","-64198","935802","-6.4198"
"KRX_RESET","DS000215","SK하이닉스","0197X0","SHORT","5/20","3/5","30","76","74","2","1","35.53","-0.0847","-0.1501","5.24","-1.7605","4.3127","-64523","935477","-6.4523"
"KRX_RESET","DS001364","SK하이닉스","0197X0","SHORT","10/30","5/10","5","89","89","0","2","41.57","-0.0655","-0.2000","12.08","-6.2043","3.3545","-64695","935305","-6.4695"
"KRX_RESET","DS001030","SK하이닉스","0197X0","SHORT","3/10","5/10","20","143","140","3","3","37.76","-0.0381","-0.2615","11.76","-2.0984","5.2716","-64796","935204","-6.4796"
"KRX_RESET","DS002086","SK하이닉스","0197X0","SHORT","3/20","5/20","20","97","90","7","2","31.96","-0.0589","-0.3186","18.35","-1.8705","5.3824","-64817","935183","-6.4817"
"KRX_RESET","DS000392","SK하이닉스","0193T0","LONG","10/30","3/5","5","73","72","1","2","27.40","-0.0861","-0.2527","5.07","-1.6000","5.8940","-64978","935022","-6.4978"
"KRX_RESET","DS002820","삼성전자","0193W0","LONG","10/30","10/20","50","50","48","2","2","34.00","-0.1257","-0.4818","18.16","-1.7792","5.4431","-65245","934755","-6.5245"
"KRX_RESET","DS003780","삼성전자","0193W0","LONG","10/30","5/30","50","50","47","3","2","28.00","-0.1257","-0.5748","19.86","-1.7730","6.5107","-65642","934358","-6.5642"
"KRX_RESET","DS000203","SK하이닉스","0193T0","LONG","5/20","3/5","30","61","58","3","1","26.23","-0.1066","-0.3523","5.11","-1.2601","6.2516","-66093","933907","-6.6093"
"KRX_RESET","DS002372","SK하이닉스","0197X0","SHORT","20/30","5/20","5","74","71","3","2","39.19","-0.0859","-0.2636","18.85","-2.4603","3.1758","-66155","933845","-6.6155"
"KRX_RESET","DS001413","SK하이닉스","0197X0","SHORT","20/30","5/10","10","82","82","0","2","40.24","-0.0797","-0.2000","10.82","-1.7294","2.8023","-66212","933788","-6.6212"
"KRX_RESET","DS001860","삼성전자","0193W0","LONG","10/30","3/20","50","50","48","2","2","26.00","-0.1312","-0.4590","13.46","-1.5754","4.2230","-66546","933454","-6.6546"
"KRX_RESET","DS000479","삼성전자","0193L0","SHORT","20/30","3/5","30","53","52","1","1","22.64","-0.1310","-0.2000","4.64","-1.1046","3.2104","-68356","931644","-6.8356"
"KRX_RESET","DS001259","SK하이닉스","0193T0","LONG","3/30","5/10","30","48","45","3","2","31.25","-0.1431","-0.2234","10.08","-1.7697","3.0459","-68448","931552","-6.8448"
"KRX_RESET","DS000885","SK하이닉스","0197X0","SHORT","10/30","3/10","10","106","105","1","2","37.74","-0.0605","-0.2523","9.80","-6.0613","3.8486","-68953","931047","-6.8953"
"KRX_RESET","DS004788","삼성전자","0193W0","LONG","20/30","20/30","50","54","51","3","2","31.48","-0.1209","-0.4773","25.78","-2.2502","5.5431","-69016","930984","-6.9016"
"KRX_RESET","DS003287","SK하이닉스","0197X0","SHORT","10/30","3/30","30","56","53","3","3","32.14","-0.1184","-0.5295","19.30","-1.7300","5.0793","-69085","930915","-6.9085"
"KRX_RESET","DS000767","삼성전자","0193L0","SHORT","10/20","3/10","30","76","76","0","2","31.58","-0.0923","-0.1543","9.84","-1.3446","2.1372","-69326","930674","-6.9326"
"KRX_RESET","DS001365","SK하이닉스","0197X0","SHORT","10/30","5/10","10","106","105","1","2","40.57","-0.0602","-0.2477","11.48","-6.2043","3.3545","-70351","929649","-7.0351"
"KRX_RESET","DS004292","SK하이닉스","0197X0","SHORT","20/30","10/30","5","74","70","4","2","40.54","-0.0847","-0.2969","28.08","-4.0382","5.5718","-70585","929415","-7.0585"
"KRX_RESET","DS000887","SK하이닉스","0197X0","SHORT","10/30","3/10","30","56","55","1","2","30.36","-0.1264","-0.2804","9.25","-1.5420","3.8486","-70705","929295","-7.0705"
"KRX_RESET","DS003812","SK하이닉스","0197X0","SHORT","20/30","5/30","5","74","71","3","2","37.84","-0.0885","-0.4095","25.35","-3.2158","3.8268","-70943","929057","-7.0943"
"KRX_RESET","DS004139","SK하이닉스","0193T0","LONG","3/30","10/30","30","48","43","5","3","27.08","-0.1441","-0.3622","25.56","-2.1707","6.4792","-70953","929047","-7.0953"
"KRX_RESET","DS003283","SK하이닉스","0197X0","SHORT","10/30","3/30","NONE","110","105","5","3","38.18","-0.0547","-0.3030","21.22","-6.2043","5.0793","-71166","928834","-7.1166"
"KRX_RESET","DS000416","삼성전자","0193W0","LONG","10/30","3/5","5","81","80","1","1","28.40","-0.0886","-0.2360","4.22","-1.5016","4.2738","-71759","928241","-7.1759"
"KRX_RESET","DS001763","삼성전자","0193W0","LONG","3/30","3/20","30","77","71","6","2","31.17","-0.0883","-0.3809","12.70","-1.6124","5.1942","-72239","927761","-7.2239"
"KRX_RESET","DS000826","SK하이닉스","0193T0","LONG","5/30","3/10","20","74","72","2","2","32.43","-0.0959","-0.3852","9.65","-1.8802","5.2277","-72612","927388","-7.2612"
"KRX_RESET","DS002340","삼성전자","0193W0","LONG","10/30","5/20","50","50","48","2","2","24.00","-0.1448","-0.4310","14.62","-1.5754","4.2230","-72936","927064","-7.2936"
"KRX_RESET","DS002757","SK하이닉스","0197X0","SHORT","5/30","10/20","10","101","99","2","3","41.58","-0.0585","-0.3616","22.76","-4.0363","5.0917","-73019","926981","-7.3019"
"KRX_RESET","DS002267","SK하이닉스","0193T0","LONG","5/30","5/20","30","42","36","6","1","26.19","-0.1727","-0.4877","16.64","-2.2855","5.6407","-73755","926245","-7.3755"
"KRX_RESET","DS000754","삼성전자","0193W0","LONG","10/20","3/10","20","69","64","5","2","27.54","-0.1064","-0.2417","8.14","-1.6273","4.5643","-73792","926208","-7.3792"
"KRX_RESET","DS002243","삼성전자","0193W0","LONG","3/30","5/20","30","77","70","7","2","32.47","-0.0893","-0.3899","15.71","-2.2417","4.7793","-73802","926198","-7.3802"
"KRX_RESET","DS000391","SK하이닉스","0193T0","LONG","10/30","3/5","NONE","100","98","2","2","32.00","-0.0716","-0.2482","5.53","-1.6507","5.8940","-73853","926147","-7.3853"
"KRX_RESET","DS003179","SK하이닉스","0193T0","LONG","3/30","3/30","30","48","45","3","1","20.83","-0.1524","-0.4967","14.88","-1.3148","6.3543","-73873","926127","-7.3873"
"KRX_RESET","DS002230","SK하이닉스","0197X0","SHORT","3/30","5/20","20","109","100","9","3","37.61","-0.0594","-0.2000","20.60","-4.6206","4.5880","-73950","926050","-7.3950"
"KRX_RESET","DS001619","삼성전자","0193W0","LONG","3/20","3/20","30","106","101","5","2","27.36","-0.0672","-0.3519","11.49","-1.6124","5.3498","-74418","925582","-7.4418"
"KRX_RESET","DS001126","SK하이닉스","0197X0","SHORT","3/20","5/10","20","97","94","3","2","36.08","-0.0724","-0.2531","12.69","-2.0541","4.6968","-75156","924844","-7.5156"
"KRX_RESET","DS002748","SK하이닉스","0193T0","LONG","5/30","10/20","50","39","37","2","2","33.33","-0.1901","-0.4956","22.03","-2.1364","6.2717","-75325","924675","-7.5325"
"KRX_RESET","DS000924","SK하이닉스","0193T0","LONG","20/30","3/10","50","35","34","1","2","22.86","-0.2245","-0.3880","8.97","-1.5705","2.6193","-76737","923263","-7.6737"
"KRX_RESET","DS004667","SK하이닉스","0193T0","LONG","5/30","20/30","30","42","36","6","3","21.43","-0.1721","-0.5153","27.36","-2.1841","8.9445","-76785","923215","-7.6785"
"KRX_RESET","DS001752","SK하이닉스","0197X0","SHORT","3/30","3/20","50","81","75","6","3","33.33","-0.0859","-0.3622","18.19","-4.9482","4.9984","-77065","922935","-7.7065"
"KRX_RESET","DS000647","SK하이닉스","0197X0","SHORT","3/20","3/10","30","92","89","3","2","33.70","-0.0784","-0.3171","10.17","-1.7961","4.4133","-77269","922731","-7.7269"
"KRX_RESET","DS003285","SK하이닉스","0197X0","SHORT","10/30","3/30","10","106","101","5","3","36.79","-0.0635","-0.3608","21.04","-6.2043","5.0793","-77686","922314","-7.7686"
"KRX_RESET","DS000900","삼성전자","0193W0","LONG","10/30","3/10","50","50","49","1","2","20.00","-0.1584","-0.3154","7.18","-1.7098","3.7654","-78136","921864","-7.8136"
"KRX_RESET","DS004187","SK하이닉스","0193T0","LONG","5/30","10/30","30","42","35","7","2","26.19","-0.1754","-0.4788","24.98","-2.7300","8.9445","-78502","921498","-7.8502"
"KRX_RESET","DS000419","삼성전자","0193W0","LONG","10/30","3/5","30","49","49","0","1","30.61","-0.1659","-0.2451","4.18","-1.2488","2.8010","-79017","920983","-7.9017"
"KRX_RESET","DS001908","삼성전자","0193W0","LONG","20/30","3/20","50","54","51","3","2","25.93","-0.1485","-0.3347","11.85","-1.4912","3.2761","-79133","920867","-7.9133"
"KRX_RESET","DS001175","SK하이닉스","0197X0","SHORT","5/20","5/10","30","76","74","2","1","34.21","-0.1026","-0.3019","11.70","-1.7723","4.6968","-80026","919974","-8.0026"
"KRX_RESET","DS000444","SK하이닉스","0193T0","LONG","20/30","3/5","50","35","34","1","1","17.14","-0.2361","-0.3418","4.66","-1.9383","2.7344","-80253","919747","-8.0253"
"KRX_RESET","DS001376","삼성전자","0193W0","LONG","10/30","5/10","5","81","78","3","2","27.16","-0.0991","-0.3128","8.62","-1.4468","4.0196","-81011","918989","-8.1011"
"KRX_RESET","DS001654","SK하이닉스","0197X0","SHORT","5/20","3/20","20","80","76","4","2","31.25","-0.1013","-0.4206","15.31","-1.6537","4.4276","-82162","917838","-8.2162"
"KRX_RESET","DS002228","SK하이닉스","0197X0","SHORT","3/30","5/20","5","136","127","9","3","36.76","-0.0499","-0.2266","19.88","-5.1400","4.9908","-82597","917403","-8.2597"
"KRX_RESET","DS004570","SK하이닉스","0193T0","LONG","10/20","20/30","20","59","52","7","4","27.12","-0.1136","-0.5690","31.51","-2.7897","9.3607","-82719","917281","-8.2719"
"KRX_RESET","DS001331","삼성전자","0193W0","LONG","5/30","5/10","30","66","63","3","2","28.79","-0.1209","-0.3722","9.32","-1.4663","5.9947","-82841","917159","-8.2841"
"KRX_RESET","DS000357","SK하이닉스","0197X0","SHORT","5/30","3/5","10","101","101","0","2","37.62","-0.0830","-0.1535","5.68","-1.9445","3.7637","-82973","917027","-8.2973"
"KRX_RESET","DS000407","SK하이닉스","0197X0","SHORT","10/30","3/5","30","56","55","1","2","32.14","-0.1528","-0.2315","5.14","-1.3123","1.6363","-83099","916901","-8.3099"
"KRX_RESET","DS000467","삼성전자","0193W0","LONG","20/30","3/5","30","47","44","3","1","19.15","-0.1824","-0.3541","4.43","-1.1507","3.3264","-83514","916486","-8.3514"
"KRX_RESET","DS003228","SK하이닉스","0193T0","LONG","5/30","3/30","50","39","38","1","1","33.33","-0.2153","-0.4956","20.21","-1.9059","6.0228","-83785","916215","-8.3785"
"KRX_RESET","DS004054","SK하이닉스","0197X0","SHORT","5/20","10/30","20","80","75","5","3","41.25","-0.0939","-0.2498","24.71","-4.0363","6.7199","-83865","916135","-8.3865"
"KRX_RESET","DS003192","SK하이닉스","0197X0","SHORT","3/30","3/30","50","81","75","6","1","29.63","-0.1000","-0.4455","16.14","-1.6388","5.6824","-84119","915881","-8.4119"
"KRX_RESET","DS004019","삼성전자","0193W0","LONG","3/20","10/30","30","106","96","10","6","33.02","-0.0702","-0.4261","24.40","-2.6458","7.6623","-84147","915853","-8.4147"
"KRX_RESET","DS002232","SK하이닉스","0197X0","SHORT","3/30","5/20","50","81","75","6","3","33.33","-0.0951","-0.3153","20.62","-5.1400","4.5880","-84477","915523","-8.4477"
"KRX_RESET","DS004619","SK하이닉스","0193T0","LONG","3/30","20/30","30","48","44","4","4","27.08","-0.1766","-0.3582","26.94","-2.0332","5.6677","-84627","915373","-8.4627"
"KRX_RESET","DS000288","삼성전자","0193L0","SHORT","10/20","3/5","50","71","69","2","2","29.58","-0.1235","-0.2000","5.34","-1.1809","1.6419","-84827","915173","-8.4827"
"KRX_RESET","DS000252","SK하이닉스","0193T0","LONG","10/20","3/5","50","45","44","1","1","26.67","-0.1938","-0.2527","4.98","-2.1595","1.9159","-84880","915120","-8.4880"
"KRX_RESET","DS002648","SK하이닉스","0193T0","LONG","10/20","10/20","5","96","88","8","2","35.42","-0.0780","-0.4640","20.71","-3.3866","7.2838","-85055","914945","-8.5055"
"KRX_RESET","DS000803","삼성전자","0193W0","LONG","3/30","3/10","30","77","73","4","2","32.47","-0.1107","-0.3688","8.61","-1.6124","4.6843","-85336","914664","-8.5336"
"KRX_RESET","DS000443","SK하이닉스","0193T0","LONG","20/30","3/5","30","43","43","0","2","18.60","-0.2052","-0.4118","5.00","-1.9383","3.6516","-86115","913885","-8.6115"
"KRX_RESET","DS001247","삼성전자","0193L0","SHORT","10/20","5/10","30","76","75","1","2","35.53","-0.1166","-0.2387","10.55","-1.5104","2.6021","-86870","913130","-8.6870"
"KRX_RESET","DS004200","SK하이닉스","0197X0","SHORT","5/30","10/30","50","59","57","2","3","42.37","-0.1340","-0.2000","29.44","-4.5616","6.7199","-87359","912641","-8.7359"
"KRX_RESET","DS001655","SK하이닉스","0197X0","SHORT","5/20","3/20","30","76","73","3","2","28.95","-0.1133","-0.5301","14.95","-1.6537","4.1419","-87421","912579","-8.7421"
"KRX_RESET","DS001788","SK하이닉스","0193T0","LONG","5/30","3/20","50","39","38","1","1","30.77","-0.2305","-0.4799","15.56","-1.7719","2.8492","-87870","912130","-8.7870"
"KRX_RESET","DS000250","SK하이닉스","0193T0","LONG","10/20","3/5","20","59","57","2","1","25.42","-0.1517","-0.3214","5.02","-1.2450","5.2213","-87879","912121","-8.7879"
"KRX_RESET","DS003624","SK하이닉스","0197X0","SHORT","10/20","5/30","50","67","62","5","2","35.82","-0.1249","-0.4684","23.43","-2.1275","4.9098","-88038","911962","-8.8038"
"KRX_RESET","DS002852","SK하이닉스","0197X0","SHORT","20/30","10/20","5","74","71","3","2","37.84","-0.1143","-0.4288","20.47","-3.2158","3.9611","-88418","911582","-8.8418"
"KRX_RESET","DS001391","삼성전자","0193L0","SHORT","10/30","5/10","30","50","48","2","2","34.00","-0.1833","-0.2000","10.68","-1.2586","2.3042","-88745","911255","-8.8745"
"KRX_RESET","DS002603","SK하이닉스","0193T0","LONG","5/20","10/20","30","61","56","5","2","32.79","-0.1410","-0.5385","19.20","-2.7206","5.5478","-89173","910827","-8.9173"
"KRX_RESET","DS004308","삼성전자","0193W0","LONG","20/30","10/30","50","54","49","5","3","27.78","-0.1639","-0.5417","22.85","-1.9695","5.5431","-89348","910652","-8.9348"
"KRX_RESET","DS000839","SK하이닉스","0197X0","SHORT","5/30","3/10","30","56","56","0","2","35.71","-0.1615","-0.3353","9.80","-1.9445","4.4133","-89371","910629","-8.9371"
"KRX_RESET","DS004772","SK하이닉스","0197X0","SHORT","20/30","20/30","5","74","68","6","1","39.19","-0.1093","-0.4447","29.19","-5.3405","5.3034","-89610","910390","-8.9610"
"KRX_RESET","DS003167","삼성전자","0193L0","SHORT","10/20","3/30","30","76","74","2","4","32.89","-0.1184","-0.2829","22.29","-2.1130","2.8050","-89911","910089","-8.9911"
"KRX_RESET","DS004740","삼성전자","0193W0","LONG","10/30","20/30","50","50","48","2","2","30.00","-0.1753","-0.4584","25.72","-2.8490","6.5107","-90130","909870","-9.0130"
"KRX_RESET","DS000477","삼성전자","0193L0","SHORT","20/30","3/5","10","78","77","1","1","26.92","-0.1195","-0.1800","5.06","-1.8012","3.2104","-90749","909251","-9.0749"
"KRX_RESET","DS004280","SK하이닉스","0193T0","LONG","20/30","10/30","5","51","47","4","2","23.53","-0.1635","-0.7263","28.78","-2.5077","9.8451","-90932","909068","-9.0932"
"KRX_RESET","DS001319","SK하이닉스","0197X0","SHORT","5/30","5/10","30","56","56","0","2","32.14","-0.1645","-0.2633","11.61","-2.5052","3.4245","-91122","908878","-9.1122"
"KRX_RESET","DS004296","SK하이닉스","0197X0","SHORT","20/30","10/30","50","53","52","1","3","35.85","-0.1625","-0.4527","27.72","-4.0382","5.5718","-91315","908685","-9.1315"
"KRX_RESET","DS004055","SK하이닉스","0197X0","SHORT","5/20","10/30","30","76","71","5","4","31.58","-0.1111","-0.4217","24.01","-4.0363","6.7199","-91336","908664","-9.1336"
"KRX_RESET","DS002184","SK하이닉스","0197X0","SHORT","10/20","5/20","50","67","64","3","2","31.34","-0.1326","-0.5236","17.13","-2.1214","3.8259","-91646","908354","-9.1646"
"KRX_RESET","DS000768","삼성전자","0193L0","SHORT","10/20","3/10","50","71","69","2","2","26.76","-0.1340","-0.2000","9.17","-1.3446","2.1372","-92102","907898","-9.2102"
"KRX_RESET","DS000167","SK하이닉스","0197X0","SHORT","3/20","3/5","30","92","89","3","2","34.78","-0.1015","-0.2474","5.49","-1.4438","3.7141","-92181","907819","-9.2181"
"KRX_RESET","DS004248","SK하이닉스","0197X0","SHORT","10/30","10/30","50","57","55","2","2","36.84","-0.1530","-0.4685","24.63","-4.3224","6.1428","-92445","907555","-9.2445"
"KRX_RESET","DS003683","삼성전자","0193W0","LONG","3/30","5/30","30","77","71","6","2","31.17","-0.1201","-0.3811","16.77","-1.5183","3.6560","-92486","907514","-9.2486"
"KRX_RESET","DS001306","SK하이닉스","0193T0","LONG","5/30","5/10","20","74","72","2","2","31.08","-0.1249","-0.3081","10.70","-2.1816","5.3457","-92588","907412","-9.2588"
"KRX_RESET","DS002179","SK하이닉스","0197X0","SHORT","10/20","5/20","NONE","149","142","7","2","37.58","-0.0549","-0.3801","17.91","-3.0554","5.5559","-92692","907308","-9.2692"
"KRX_RESET","DS001390","삼성전자","0193L0","SHORT","10/30","5/10","20","87","83","4","3","37.93","-0.1094","-0.1787","10.54","-1.5721","2.3042","-92856","907144","-9.2856"
"KRX_RESET","DS002134","SK하이닉스","0197X0","SHORT","5/20","5/20","20","80","75","5","2","28.75","-0.1147","-0.3588","16.76","-2.2887","4.9908","-93177","906823","-9.3177"
"KRX_RESET","DS002375","SK하이닉스","0197X0","SHORT","20/30","5/20","30","60","59","1","2","30.00","-0.1569","-0.3887","18.47","-2.4603","3.1758","-93491","906509","-9.3491"
"KRX_RESET","DS000764","삼성전자","0193L0","SHORT","10/20","3/10","5","108","107","1","2","31.48","-0.0889","-0.1424","8.55","-1.3164","2.1372","-93811","906189","-9.3811"
"KRX_RESET","DS004643","삼성전자","0193W0","LONG","3/30","20/30","30","77","72","5","3","29.87","-0.1003","-0.5162","22.00","-2.5006","6.5433","-93956","906044","-9.3956"
"KRX_RESET","DS000405","SK하이닉스","0197X0","SHORT","10/30","3/5","10","106","105","1","2","38.68","-0.0869","-0.1776","5.83","-7.0620","5.2348","-94113","905887","-9.4113"
"KRX_RESET","DS002327","SK하이닉스","0197X0","SHORT","10/30","5/20","30","56","53","3","2","30.36","-0.1687","-0.5389","17.27","-2.5799","5.2323","-95103","904897","-9.5103"
"KRX_RESET","DS000284","삼성전자","0193L0","SHORT","10/20","3/5","5","108","107","1","2","36.11","-0.0907","-0.2000","4.94","-1.2549","2.6459","-95121","904879","-9.5121"
"KRX_RESET","DS002796","SK하이닉스","0193T0","LONG","10/30","10/20","50","33","31","2","2","30.30","-0.2905","-0.6016","18.85","-2.1364","6.9680","-95143","904857","-9.5143"
"KRX_RESET","DS004104","SK하이닉스","0197X0","SHORT","10/20","10/30","50","67","63","4","3","38.81","-0.1331","-0.3085","28.87","-3.8721","6.1428","-95264","904736","-9.5264"
"KRX_RESET","DS000456","SK하이닉스","0197X0","SHORT","20/30","3/5","50","53","53","0","2","20.75","-0.1867","-0.2700","5.81","-1.6655","2.4817","-95401","904599","-9.5401"
"KRX_RESET","DS000896","삼성전자","0193W0","LONG","10/30","3/10","5","81","78","3","2","27.16","-0.1199","-0.3293","7.81","-1.5224","3.7654","-95650","904350","-9.5650"
"KRX_RESET","DS002803","SK하이닉스","0197X0","SHORT","10/30","10/20","NONE","110","106","4","3","41.82","-0.0793","-0.2000","20.43","-4.3224","5.1623","-95703","904297","-9.5703"
"KRX_RESET","DS001653","SK하이닉스","0197X0","SHORT","5/20","3/20","10","139","135","4","2","35.25","-0.0631","-0.4322","16.43","-2.6913","4.4276","-95868","904132","-9.5868"
"KRX_RESET","DS001173","SK하이닉스","0197X0","SHORT","5/20","5/10","10","139","137","2","1","43.17","-0.0658","-0.1551","11.40","-2.6913","4.6968","-95910","904090","-9.5910"
"KRX_RESET","DS004100","SK하이닉스","0197X0","SHORT","10/20","10/30","5","107","101","6","3","44.86","-0.0765","-0.1464","30.31","-4.4438","6.1428","-96178","903822","-9.6178"
"KRX_RESET","DS003708","SK하이닉스","0193T0","LONG","5/30","5/30","50","39","37","2","1","28.21","-0.2493","-0.5945","21.79","-1.9059","6.2717","-96290","903710","-9.6290"
"KRX_RESET","DS000480","삼성전자","0193L0","SHORT","20/30","3/5","50","57","56","1","1","22.81","-0.1751","-0.2803","5.21","-1.1524","3.2104","-96325","903675","-9.6325"
"KRX_RESET","DS001786","SK하이닉스","0193T0","LONG","5/30","3/20","20","74","71","3","2","32.43","-0.1265","-0.4877","14.85","-2.1816","6.4903","-96346","903654","-9.6346"
"KRX_RESET","DS000792","SK하이닉스","0197X0","SHORT","3/30","3/10","50","81","77","4","2","34.57","-0.1160","-0.3282","11.02","-2.3512","5.2720","-96518","903482","-9.6518"
"KRX_RESET","DS003286","SK하이닉스","0197X0","SHORT","10/30","3/30","20","91","88","3","3","39.56","-0.0994","-0.3826","22.08","-6.2043","4.2534","-96618","903382","-9.6618"
"KRX_RESET","DS001739","SK하이닉스","0193T0","LONG","3/30","3/20","30","48","45","3","1","27.08","-0.2045","-0.4413","16.44","-2.3717","3.1708","-96701","903299","-9.6701"
"KRX_RESET","DS004523","SK하이닉스","0193T0","LONG","5/20","20/30","30","61","56","5","6","34.43","-0.1441","-0.5104","28.15","-2.0332","8.3787","-97267","902733","-9.7267"
"KRX_RESET","DS000440","SK하이닉스","0193T0","LONG","20/30","3/5","5","51","51","0","2","19.61","-0.1972","-0.3944","4.24","-1.3806","3.6516","-97317","902683","-9.7317"
"KRX_RESET","DS003296","삼성전자","0193W0","LONG","10/30","3/30","5","81","77","4","2","33.33","-0.1207","-0.4216","19.23","-1.7816","4.5789","-97783","902217","-9.7783"
"KRX_RESET","DS002555","SK하이닉스","0193T0","LONG","3/20","10/20","30","76","71","5","3","34.21","-0.1191","-0.4738","19.74","-2.5864","7.1573","-97844","902156","-9.7844"
"KRX_RESET","DS000324","삼성전자","0193W0","LONG","3/30","3/5","50","84","84","0","2","29.76","-0.1195","-0.2922","4.70","-1.3111","3.9131","-97919","902081","-9.7919"
"KRX_RESET","DS000248","SK하이닉스","0193T0","LONG","10/20","3/5","5","96","94","2","1","29.17","-0.1017","-0.3176","4.90","-2.1095","5.9960","-97933","902067","-9.7933"
"KRX_RESET","DS002676","삼성전자","0193W0","LONG","10/20","10/20","50","71","66","5","2","36.62","-0.1384","-0.3154","17.99","-1.7730","3.3961","-97997","902003","-9.7997"
"KRX_RESET","DS003188","SK하이닉스","0197X0","SHORT","3/30","3/30","5","136","127","9","1","31.62","-0.0672","-0.4764","17.97","-2.4797","5.6824","-98170","901830","-9.8170"
"KRX_RESET","DS000418","삼성전자","0193W0","LONG","10/30","3/5","20","87","86","1","1","29.89","-0.1155","-0.2431","4.76","-1.5016","4.2738","-98178","901822","-9.8178"
"KRX_RESET","DS000948","삼성전자","0193W0","LONG","20/30","3/10","50","54","52","2","2","29.63","-0.1878","-0.2631","8.70","-1.6352","2.8227","-98194","901806","-9.8194"
"KRX_RESET","DS000298","SK하이닉스","0193T0","LONG","3/30","3/5","20","80","78","2","1","28.75","-0.1267","-0.2621","5.41","-1.7569","2.1753","-98547","901453","-9.8547"
"KRX_RESET","DS004043","SK하이닉스","0193T0","LONG","5/20","10/30","30","61","55","6","4","34.43","-0.1419","-0.7525","25.25","-2.1707","9.2110","-98547","901453","-9.8547"
"KRX_RESET","DS002373","SK하이닉스","0197X0","SHORT","20/30","5/20","10","82","80","2","3","35.37","-0.1203","-0.2752","18.10","-2.4603","3.1758","-98577","901423","-9.8577"
"KRX_RESET","DS001643","SK하이닉스","0193T0","LONG","5/20","3/20","30","61","57","4","3","32.79","-0.1632","-0.6080","13.61","-2.1707","3.8924","-98593","901407","-9.8593"
"KRX_RESET","DS000441","SK하이닉스","0193T0","LONG","20/30","3/5","10","61","61","0","2","26.23","-0.1668","-0.3179","4.77","-1.9383","3.6516","-98598","901402","-9.8598"
"KRX_RESET","DS003284","SK하이닉스","0197X0","SHORT","10/30","3/30","5","89","85","4","3","39.33","-0.1043","-0.3826","21.79","-6.2043","4.2534","-98716","901284","-9.8716"
"KRX_RESET","DS000403","SK하이닉스","0197X0","SHORT","10/30","3/5","NONE","110","109","1","2","38.18","-0.0886","-0.1551","5.86","-7.0620","5.2348","-99013","900987","-9.9013"
"KRX_RESET","DS001704","SK하이닉스","0197X0","SHORT","10/20","3/20","50","67","64","3","2","29.85","-0.1452","-0.5408","15.42","-2.4958","3.8259","-99223","900777","-9.9223"
"KRX_RESET","DS002206","삼성전자","0193L0","SHORT","10/20","5/20","20","66","65","1","2","30.30","-0.1523","-0.3395","18.89","-2.1130","3.1945","-99301","900699","-9.9301"
"KRX_RESET","DS002268","SK하이닉스","0193T0","LONG","5/30","5/20","50","39","37","2","2","28.21","-0.2631","-0.4670","17.77","-1.7115","3.1603","-99697","900303","-9.9697"
"KRX_RESET","DS000393","SK하이닉스","0193T0","LONG","10/30","3/5","10","90","88","2","2","27.78","-0.1114","-0.2530","5.10","-1.6507","5.8940","-99775","900225","-9.9775"
"KRX_RESET","DS001726","삼성전자","0193L0","SHORT","10/20","3/20","20","66","66","0","2","33.33","-0.1548","-0.2854","16.77","-2.0755","3.5841","-100225","899775","-10.0225"
"KRX_RESET","DS001428","삼성전자","0193W0","LONG","20/30","5/10","50","54","52","2","2","25.93","-0.1915","-0.2588","9.74","-2.1477","3.0746","-100393","899607","-10.0393"
"KRX_RESET","DS002279","SK하이닉스","0197X0","SHORT","5/30","5/20","30","56","54","2","2","30.36","-0.1792","-0.4039","20.63","-3.9397","3.8785","-100635","899365","-10.0635"
"KRX_RESET","DS003910","SK하이닉스","0197X0","SHORT","3/10","10/30","20","143","133","10","4","39.16","-0.0529","-0.3080","23.68","-2.8987","8.4503","-101040","898960","-10.1040"
"KRX_RESET","DS004247","SK하이닉스","0197X0","SHORT","10/30","10/30","30","56","54","2","1","33.93","-0.1731","-0.4979","24.25","-4.3224","6.1428","-101077","898923","-10.1077"
"KRX_RESET","DS003095","SK하이닉스","0197X0","SHORT","5/20","3/30","30","76","72","4","3","25.00","-0.1332","-0.5332","17.36","-1.7605","4.8204","-101218","898782","-10.1218"
"KRX_RESET","DS003776","삼성전자","0193W0","LONG","10/30","5/30","5","81","75","6","2","33.33","-0.1237","-0.5067","20.25","-1.8841","6.5107","-101441","898559","-10.1441"
"KRX_RESET","DS003096","SK하이닉스","0197X0","SHORT","5/20","3/30","50","89","86","3","3","28.09","-0.1099","-0.5195","19.97","-4.6034","4.8204","-101665","898335","-10.1665"
"KRX_RESET","DS002180","SK하이닉스","0197X0","SHORT","10/20","5/20","5","107","103","4","2","35.51","-0.0925","-0.4434","18.11","-2.1435","3.8259","-102053","897947","-10.2053"
"KRX_RESET","DS000911","삼성전자","0193L0","SHORT","10/30","3/10","30","50","49","1","2","26.00","-0.2134","-0.2189","8.74","-1.2208","2.1372","-102149","897851","-10.2149"
"KRX_RESET","DS003767","SK하이닉스","0197X0","SHORT","10/30","5/30","30","56","53","3","3","35.71","-0.1808","-0.7390","20.93","-2.5799","5.0793","-102527","897473","-10.2527"
"KRX_RESET","DS000360","SK하이닉스","0197X0","SHORT","5/30","3/5","50","59","59","0","2","30.51","-0.1807","-0.2487","5.25","-1.4642","3.7637","-102540","897460","-10.2540"
"KRX_RESET","DS003204","삼성전자","0193W0","LONG","3/30","3/30","50","84","81","3","2","29.76","-0.1242","-0.4305","14.00","-1.7152","3.9182","-103260","896740","-10.3260"
"KRX_RESET","DS002220","SK하이닉스","0193T0","LONG","3/30","5/20","50","44","42","2","2","29.55","-0.2388","-0.4268","20.09","-2.3717","3.4829","-103415","896585","-10.3415"
"KRX_RESET","DS001740","SK하이닉스","0193T0","LONG","3/30","3/20","50","44","43","1","2","31.82","-0.2392","-0.4197","17.68","-2.3717","3.1708","-103526","896474","-10.3526"
"KRX_RESET","DS000934","SK하이닉스","0197X0","SHORT","20/30","3/10","20","98","98","0","2","36.73","-0.1060","-0.2121","11.23","-4.4182","3.2899","-104615","895385","-10.4615"
"KRX_RESET","DS002219","SK하이닉스","0193T0","LONG","3/30","5/20","30","48","43","5","2","29.17","-0.2231","-0.4411","19.50","-2.3717","3.4829","-104790","895210","-10.4790"
"KRX_RESET","DS002628","삼성전자","0193W0","LONG","5/20","10/20","50","88","82","6","4","36.36","-0.1182","-0.3295","18.26","-3.6708","3.5132","-105147","894853","-10.5147"
"KRX_RESET","DS001268","SK하이닉스","0197X0","SHORT","3/30","5/10","5","136","131","5","2","41.18","-0.0752","-0.2334","11.81","-1.9661","4.1457","-105186","894814","-10.5186"
"KRX_RESET","DS001318","SK하이닉스","0197X0","SHORT","5/30","5/10","20","87","87","0","2","41.38","-0.1233","-0.1465","11.75","-2.5052","3.1921","-105255","894745","-10.5255"
"KRX_RESET","DS000070","SK하이닉스","0197X0","SHORT","3/10","3/5","20","143","140","3","1","31.47","-0.0732","-0.2457","5.75","-1.8832","5.9490","-105373","894627","-10.5373"
"KRX_RESET","DS004739","삼성전자","0193W0","LONG","10/30","20/30","30","49","47","2","2","30.61","-0.2143","-0.4064","25.94","-2.5204","5.8779","-105381","894619","-10.5381"
"KRX_RESET","DS003958","SK하이닉스","0197X0","SHORT","5/10","10/30","20","140","130","10","4","36.43","-0.0597","-0.3301","23.92","-3.3208","9.9426","-105822","894178","-10.5822"
"KRX_RESET","DS000216","SK하이닉스","0197X0","SHORT","5/20","3/5","50","89","87","2","2","32.58","-0.1224","-0.2000","5.30","-1.5731","4.3127","-106037","893963","-10.6037"
"KRX_RESET","DS000875","SK하이닉스","0193T0","LONG","10/30","3/10","30","40","39","1","1","27.50","-0.2764","-0.4386","8.03","-1.3403","4.0226","-106182","893818","-10.6182"
"KRX_RESET","DS003239","SK하이닉스","0197X0","SHORT","5/30","3/30","30","56","54","2","2","26.79","-0.1920","-0.5536","19.04","-2.1725","4.8204","-106649","893351","-10.6649"
"KRX_RESET","DS004088","SK하이닉스","0193T0","LONG","10/20","10/30","5","96","87","9","3","29.17","-0.0881","-0.6309","28.67","-2.9810","10.2005","-106679","893321","-10.6679"
"KRX_RESET","DS002388","삼성전자","0193W0","LONG","20/30","5/20","50","54","51","3","2","27.78","-0.2044","-0.3617","12.56","-1.5726","3.2761","-106719","893281","-10.6719"
"KRX_RESET","DS000262","SK하이닉스","0197X0","SHORT","10/20","3/5","20","73","73","0","1","28.77","-0.1526","-0.2487","5.04","-1.5373","2.6360","-107014","892986","-10.7014"
"KRX_RESET","DS000404","SK하이닉스","0197X0","SHORT","10/30","3/5","5","89","89","0","2","37.08","-0.1206","-0.2000","5.58","-7.0620","5.2348","-107194","892806","-10.7194"
"KRX_RESET","DS000476","삼성전자","0193L0","SHORT","20/30","3/5","5","68","67","1","2","25.00","-0.1655","-0.2000","4.84","-0.9587","2.0124","-107273","892727","-10.7273"
"KRX_RESET","DS002806","SK하이닉스","0197X0","SHORT","10/30","10/20","20","91","88","3","2","43.96","-0.1129","-0.2000","20.64","-4.3224","5.1623","-107324","892676","-10.7324"
"KRX_RESET","DS002146","삼성전자","0193W0","LONG","5/20","5/20","20","83","79","4","1","34.94","-0.1317","-0.3521","14.00","-1.8210","3.7216","-107375","892625","-10.7375"
"KRX_RESET","DS001699","SK하이닉스","0197X0","SHORT","10/20","3/20","NONE","149","143","6","2","37.58","-0.0675","-0.3867","15.95","-2.4958","3.8259","-107436","892564","-10.7436"
"KRX_RESET","DS004547","삼성전자","0193W0","LONG","5/20","20/30","30","84","77","7","3","34.52","-0.1218","-0.3932","23.06","-2.4506","7.6623","-107760","892240","-10.7760"
"KRX_RESET","DS001856","삼성전자","0193W0","LONG","10/30","3/20","5","81","77","4","2","29.63","-0.1354","-0.4364","13.90","-1.7816","4.2230","-107832","892168","-10.7832"
"KRX_RESET","DS003140","SK하이닉스","0197X0","SHORT","10/20","3/30","5","107","102","5","2","37.38","-0.0957","-0.3806","21.69","-6.4723","4.2534","-107866","892134","-10.7866"
"KRX_RESET","DS001847","SK하이닉스","0197X0","SHORT","10/30","3/20","30","56","54","2","2","28.57","-0.1965","-0.5998","15.52","-1.7300","3.5787","-107986","892014","-10.7986"
"KRX_RESET","DS000739","SK하이닉스","0197X0","SHORT","10/20","3/10","NONE","149","146","3","2","36.91","-0.0695","-0.2000","10.03","-5.4142","4.1677","-108392","891608","-10.8392"
"KRX_RESET","DS002804","SK하이닉스","0197X0","SHORT","10/30","10/20","5","89","85","4","2","43.82","-0.1170","-0.2000","20.96","-4.3224","5.1623","-108543","891457","-10.8543"
"KRX_RESET","DS002227","SK하이닉스","0197X0","SHORT","3/30","5/20","NONE","163","154","9","3","38.65","-0.0564","-0.2000","21.03","-5.1400","4.9908","-109008","890992","-10.9008"
"KRX_RESET","DS004534","SK하이닉스","0197X0","SHORT","5/20","20/30","20","80","70","10","3","40.00","-0.1315","-0.2000","26.01","-3.5248","7.1030","-109159","890841","-10.9159"
"KRX_RESET","DS000372","삼성전자","0193W0","LONG","5/30","3/5","50","70","69","1","2","22.86","-0.1631","-0.3336","4.24","-1.4739","2.8010","-109214","890786","-10.9214"
"KRX_RESET","DS002123","SK하이닉스","0193T0","LONG","5/20","5/20","30","61","55","6","1","31.15","-0.1831","-0.5754","15.13","-1.8957","3.8924","-109293","890707","-10.9293"
"KRX_RESET","DS003670","SK하이닉스","0197X0","SHORT","3/30","5/30","20","109","98","11","3","35.78","-0.0939","-0.3833","21.91","-2.5988","5.8723","-109343","890657","-10.9343"
"KRX_RESET","DS001892","SK하이닉스","0197X0","SHORT","20/30","3/20","5","74","71","3","2","37.84","-0.1504","-0.4040","16.41","-2.4603","3.0215","-109499","890501","-10.9499"
"KRX_RESET","DS001666","삼성전자","0193W0","LONG","5/20","3/20","20","83","79","4","2","33.73","-0.1346","-0.4301","13.45","-1.7052","3.6489","-109594","890406","-10.9594"
"KRX_RESET","DS000683","SK하이닉스","0193T0","LONG","5/20","3/10","30","61","57","4","1","29.51","-0.1858","-0.3976","8.36","-1.5749","4.3739","-109639","890361","-10.9639"
"KRX_RESET","DS002675","삼성전자","0193W0","LONG","10/20","10/20","30","72","66","6","2","34.72","-0.1554","-0.3642","17.67","-1.7730","3.3629","-109664","890336","-10.9664"
"KRX_RESET","DS002771","삼성전자","0193W0","LONG","5/30","10/20","30","66","59","7","3","34.85","-0.1667","-0.3411","19.15","-1.7469","4.8495","-109781","890219","-10.9781"
"KRX_RESET","DS003226","SK하이닉스","0193T0","LONG","5/30","3/30","20","74","70","4","2","31.08","-0.1433","-0.5260","18.95","-1.9059","8.9445","-110152","889848","-11.0152"
"KRX_RESET","DS001244","삼성전자","0193L0","SHORT","10/20","5/10","5","108","106","2","2","35.19","-0.1051","-0.2380","10.26","-1.5104","2.6021","-110587","889413","-11.0587"
"KRX_RESET","DS000155","SK하이닉스","0193T0","LONG","3/20","3/5","30","76","73","3","1","28.95","-0.1491","-0.3856","5.63","-1.8480","5.8940","-110820","889180","-11.0820"
"KRX_RESET","DS001764","삼성전자","0193W0","LONG","3/30","3/20","50","84","80","4","2","29.76","-0.1315","-0.3886","13.87","-1.7152","5.1942","-111145","888855","-11.1145"
"KRX_RESET","DS002615","SK하이닉스","0197X0","SHORT","5/20","10/20","30","76","71","5","2","28.95","-0.1439","-0.4147","18.83","-4.0363","5.1769","-111415","888585","-11.1415"
"KRX_RESET","DS000636","SK하이닉스","0193T0","LONG","3/20","3/10","50","68","67","1","2","38.24","-0.1696","-0.3287","8.87","-1.7132","3.2237","-111757","888243","-11.1757"
"KRX_RESET","DS003632","삼성전자","0193W0","LONG","10/20","5/30","5","115","103","12","3","37.39","-0.0894","-0.4061","21.76","-4.9105","7.3307","-111767","888233","-11.1767"
"KRX_RESET","DS000719","삼성전자","0193L0","SHORT","5/20","3/10","30","93","90","3","2","33.33","-0.1246","-0.2433","8.43","-1.7818","2.5949","-111781","888219","-11.1781"
"KRX_RESET","DS003827","삼성전자","0193W0","LONG","20/30","5/30","30","47","43","4","2","29.79","-0.2427","-0.6178","20.49","-2.1130","5.5431","-112162","887838","-11.2162"
"KRX_RESET","DS000264","SK하이닉스","0197X0","SHORT","10/20","3/5","50","67","65","2","1","28.36","-0.1749","-0.2533","5.37","-1.5373","3.7637","-112238","887762","-11.2238"
"KRX_RESET","DS000251","SK하이닉스","0193T0","LONG","10/20","3/5","30","59","57","2","1","20.34","-0.1982","-0.3159","4.61","-1.2714","5.9960","-112838","887162","-11.2838"
"KRX_RESET","DS001224","SK하이닉스","0197X0","SHORT","10/20","5/10","50","67","65","2","2","34.33","-0.1725","-0.2699","10.24","-2.3356","4.1457","-112996","887004","-11.2996"
"KRX_RESET","DS001798","SK하이닉스","0197X0","SHORT","5/30","3/20","20","87","84","3","2","35.63","-0.1315","-0.4749","16.45","-1.9625","4.1419","-113203","886797","-11.3203"
"KRX_RESET","DS003647","삼성전자","0193L0","SHORT","10/20","5/30","30","76","74","2","4","27.63","-0.1510","-0.3913","23.68","-2.1130","2.8050","-113372","886628","-11.3372"
"KRX_RESET","DS000742","SK하이닉스","0197X0","SHORT","10/20","3/10","20","73","73","0","2","31.51","-0.1601","-0.3610","9.42","-1.6116","3.8486","-113593","886407","-11.3593"
"KRX_RESET","DS002133","SK하이닉스","0197X0","SHORT","5/20","5/20","10","139","134","5","1","33.81","-0.0774","-0.3227","17.99","-2.7606","4.9908","-113706","886294","-11.3706"
"KRX_RESET","DS000406","SK하이닉스","0197X0","SHORT","10/30","3/5","20","91","91","0","2","35.16","-0.1258","-0.2000","5.68","-7.0620","5.2348","-113709","886291","-11.3709"
"KRX_RESET","DS001702","SK하이닉스","0197X0","SHORT","10/20","3/20","20","73","70","3","2","32.88","-0.1579","-0.5610","15.75","-2.0917","3.8259","-114059","885941","-11.4059"
"KRX_RESET","DS002807","SK하이닉스","0197X0","SHORT","10/30","10/20","30","56","54","2","2","35.71","-0.2040","-0.5175","19.68","-4.3224","5.0793","-114107","885893","-11.4107"
"KRX_RESET","DS001355","SK하이닉스","0193T0","LONG","10/30","5/10","30","40","39","1","1","27.50","-0.2978","-0.3020","8.75","-1.6215","4.0226","-114117","885883","-11.4117"
"KRX_RESET","DS001284","삼성전자","0193W0","LONG","3/30","5/10","50","84","83","1","2","27.38","-0.1351","-0.3530","10.38","-1.6124","5.6091","-114126","885874","-11.4126"
"KRX_RESET","DS003311","삼성전자","0193L0","SHORT","10/30","3/30","30","50","46","4","2","22.00","-0.2381","-0.5378","20.66","-1.6367","2.8050","-114459","885541","-11.4459"
"KRX_RESET","DS000394","SK하이닉스","0193T0","LONG","10/30","3/5","20","74","73","1","2","28.38","-0.1607","-0.2530","5.09","-1.6507","4.9116","-114524","885476","-11.4524"
"KRX_RESET","DS003756","SK하이닉스","0193T0","LONG","10/30","5/30","50","33","30","3","2","27.27","-0.3523","-0.7947","21.61","-2.0234","8.4957","-114608","885392","-11.4608"
"KRX_RESET","DS003335","SK하이닉스","0197X0","SHORT","20/30","3/30","30","60","59","1","2","28.33","-0.1952","-0.4999","22.52","-2.1178","3.6926","-114719","885281","-11.4719"
"KRX_RESET","DS002805","SK하이닉스","0197X0","SHORT","10/30","10/20","10","106","102","4","2","40.57","-0.1027","-0.2000","20.28","-4.3224","5.1623","-114833","885167","-11.4833"
"KRX_RESET","DS001990","SK하이닉스","0197X0","SHORT","3/10","5/20","20","143","135","8","4","32.17","-0.0667","-0.4227","18.17","-4.6206","6.4701","-115259","884741","-11.5259"
"KRX_RESET","DS000465","삼성전자","0193W0","LONG","20/30","3/5","10","73","70","3","1","27.40","-0.1653","-0.2460","5.10","-1.2676","3.3264","-115309","884691","-11.5309"
"KRX_RESET","DS004751","삼성전자","0193L0","SHORT","10/30","20/30","30","50","43","7","2","26.00","-0.2382","-0.3576","25.92","-2.5132","3.4171","-115328","884672","-11.5328"
"KRX_RESET","DS003347","삼성전자","0193W0","LONG","20/30","3/30","30","47","44","3","1","31.91","-0.2526","-0.5758","18.98","-1.8749","3.6287","-115331","884669","-11.5331"
"KRX_RESET","DS000156","SK하이닉스","0193T0","LONG","3/20","3/5","50","68","67","1","1","29.41","-0.1764","-0.3164","5.40","-1.9027","2.6412","-115406","884594","-11.5406"
"KRX_RESET","DS001799","SK하이닉스","0197X0","SHORT","5/30","3/20","30","56","55","1","2","30.36","-0.2103","-0.5482","18.46","-3.7454","4.1419","-115504","884496","-11.5504"
"KRX_RESET","DS001164","SK하이닉스","0193T0","LONG","5/20","5/10","50","57","56","1","2","35.09","-0.2115","-0.2659","9.61","-1.5749","2.0250","-115513","884487","-11.5513"
"KRX_RESET","DS001379","삼성전자","0193W0","LONG","10/30","5/10","30","49","47","2","2","26.53","-0.2475","-0.3808","8.12","-1.4468","3.5640","-115619","884381","-11.5619"
"KRX_RESET","DS000693","SK하이닉스","0197X0","SHORT","5/20","3/10","10","139","137","2","1","39.57","-0.0820","-0.2000","9.73","-2.6913","4.4133","-115627","884373","-11.5627"
"KRX_RESET","DS002724","삼성전자","0193W0","LONG","3/30","10/20","50","84","79","5","4","33.33","-0.1365","-0.3411","19.20","-2.6117","4.4680","-115656","884344","-11.5656"
"KRX_RESET","DS003716","SK하이닉스","0197X0","SHORT","5/30","5/30","5","126","122","4","1","35.71","-0.0871","-0.4295","21.96","-2.9633","5.1074","-115736","884264","-11.5736"
"KRX_RESET","DS000708","삼성전자","0193W0","LONG","5/20","3/10","50","88","86","2","2","30.68","-0.1359","-0.2818","8.51","-2.3630","3.5640","-115968","884032","-11.5968"
"KRX_RESET","DS000550","SK하이닉스","0197X0","SHORT","3/10","3/10","20","143","140","3","1","34.97","-0.0792","-0.3033","9.80","-2.2883","5.6364","-116049","883951","-11.6049"
"KRX_RESET","DS000371","삼성전자","0193W0","LONG","5/30","3/5","30","66","66","0","2","24.24","-0.1847","-0.3128","4.45","-1.4739","2.8010","-116217","883783","-11.6217"
"KRX_RESET","DS004188","SK하이닉스","0193T0","LONG","5/30","10/30","50","39","37","2","2","25.64","-0.3075","-0.5942","25.49","-2.3557","6.1472","-116622","883378","-11.6622"
"KRX_RESET","DS001127","SK하이닉스","0197X0","SHORT","3/20","5/10","30","92","89","3","2","32.61","-0.1244","-0.2797","11.58","-2.0541","4.6968","-116656","883344","-11.6656"
"KRX_RESET","DS001836","SK하이닉스","0193T0","LONG","10/30","3/20","50","33","32","1","2","27.27","-0.3679","-0.6140","15.70","-1.7020","5.2054","-116793","883207","-11.6793"
"KRX_RESET","DS003715","SK하이닉스","0197X0","SHORT","5/30","5/30","NONE","127","123","4","1","35.43","-0.0874","-0.4290","21.80","-2.9633","5.1074","-116940","883060","-11.6940"
"KRX_RESET","DS000166","SK하이닉스","0197X0","SHORT","3/20","3/5","20","97","94","3","2","34.02","-0.1257","-0.2000","5.71","-1.4438","2.9899","-117331","882669","-11.7331"
"KRX_RESET","DS002614","SK하이닉스","0197X0","SHORT","5/20","10/20","20","80","75","5","2","33.75","-0.1450","-0.2228","17.83","-4.0363","5.0917","-117403","882597","-11.7403"
"KRX_RESET","DS000297","SK하이닉스","0193T0","LONG","3/30","3/5","10","110","109","1","1","30.00","-0.1090","-0.3311","5.27","-1.7569","5.7207","-117431","882569","-11.7431"
"KRX_RESET","DS001188","삼성전자","0193W0","LONG","5/20","5/10","50","88","86","2","2","31.82","-0.1366","-0.2412","9.95","-2.3630","3.7579","-117445","882555","-11.7445"
"KRX_RESET","DS000611","삼성전자","0193W0","LONG","5/10","3/10","30","146","142","4","2","31.51","-0.0814","-0.2405","8.70","-1.6602","5.0089","-117891","882109","-11.7891"
"KRX_RESET","DS000345","SK하이닉스","0193T0","LONG","5/30","3/5","10","89","87","2","2","32.58","-0.1367","-0.3158","5.22","-1.6000","5.3457","-118423","881577","-11.8423"
"KRX_RESET","DS003130","SK하이닉스","0193T0","LONG","10/20","3/30","20","59","55","4","2","28.81","-0.1956","-0.6221","21.08","-2.1991","8.8159","-118717","881283","-11.8717"
"KRX_RESET","DS004256","삼성전자","0193W0","LONG","10/30","10/30","5","81","74","7","1","33.33","-0.1473","-0.5098","24.10","-1.8434","6.5107","-119018","880982","-11.9018"
"KRX_RESET","DS001871","삼성전자","0193L0","SHORT","10/30","3/20","30","50","47","3","2","22.00","-0.2502","-0.4715","15.46","-1.3002","3.5841","-119256","880744","-11.9256"
"KRX_RESET","DS001174","SK하이닉스","0197X0","SHORT","5/20","5/10","20","80","79","1","1","40.00","-0.1541","-0.1508","11.75","-1.8249","3.1921","-119435","880565","-11.9435"
"KRX_RESET","DS000791","SK하이닉스","0197X0","SHORT","3/30","3/10","30","80","77","3","2","31.25","-0.1516","-0.3549","11.03","-1.7961","5.2720","-119489","880511","-11.9489"
"KRX_RESET","DS000312","SK하이닉스","0197X0","SHORT","3/30","3/5","50","81","77","4","1","25.93","-0.1543","-0.2456","5.33","-1.6388","3.7637","-119505","880495","-11.9505"
"KRX_RESET","DS000947","삼성전자","0193W0","LONG","20/30","3/10","30","47","45","2","1","23.40","-0.2680","-0.4020","7.85","-1.3668","2.8227","-119814","880186","-11.9814"
"KRX_RESET","DS000359","SK하이닉스","0197X0","SHORT","5/30","3/5","30","56","56","0","2","30.36","-0.2262","-0.1496","5.38","-1.9445","0.9955","-119825","880175","-11.9825"
"KRX_RESET","DS003168","삼성전자","0193L0","SHORT","10/20","3/30","50","71","67","4","5","30.99","-0.1735","-0.3230","20.66","-2.1130","2.8050","-120001","879999","-12.0001"
"KRX_RESET","DS000455","SK하이닉스","0197X0","SHORT","20/30","3/5","30","60","60","0","1","23.33","-0.2109","-0.2711","5.40","-1.1786","2.4817","-120042","879958","-12.0042"
"KRX_RESET","DS001248","삼성전자","0193L0","SHORT","10/20","5/10","50","71","68","3","2","32.39","-0.1775","-0.2759","10.17","-1.5104","2.3042","-120083","879917","-12.0083"
"KRX_RESET","DS003299","삼성전자","0193W0","LONG","10/30","3/30","30","49","47","2","2","28.57","-0.2571","-0.4260","19.69","-1.7816","2.5467","-120215","879785","-12.0215"
"KRX_RESET","DS000417","삼성전자","0193W0","LONG","10/30","3/5","10","112","111","1","2","30.36","-0.1115","-0.2000","4.91","-1.5588","4.2738","-120362","879638","-12.0362"
"KRX_RESET","DS000660","삼성전자","0193W0","LONG","3/20","3/10","50","110","107","3","2","29.09","-0.1126","-0.3026","8.56","-1.7152","4.6843","-120588","879412","-12.0588"
"KRX_RESET","DS001210","SK하이닉스","0193T0","LONG","10/20","5/10","20","59","57","2","1","28.81","-0.2125","-0.4046","9.61","-1.6163","5.2213","-120601","879399","-12.0601"
"KRX_RESET","DS003048","SK하이닉스","0197X0","SHORT","3/20","3/30","50","108","102","6","3","28.70","-0.1085","-0.4992","19.56","-4.6034","4.8204","-121036","878964","-12.1036"
"KRX_RESET","DS003083","SK하이닉스","0193T0","LONG","5/20","3/30","30","61","57","4","3","27.87","-0.2027","-0.5889","15.16","-1.6500","5.3006","-121329","878671","-12.1329"
"KRX_RESET","DS002098","삼성전자","0193W0","LONG","3/20","5/20","20","101","95","6","2","29.70","-0.1228","-0.3046","14.79","-2.2629","3.8617","-121336","878664","-12.1336"
"KRX_RESET","DS000732","SK하이닉스","0193T0","LONG","10/20","3/10","50","45","44","1","1","24.44","-0.2832","-0.3830","9.38","-2.1595","2.4055","-121365","878635","-12.1365"
"KRX_RESET","DS003669","SK하이닉스","0197X0","SHORT","3/30","5/30","10","125","116","9","3","36.00","-0.0909","-0.5171","23.75","-2.5988","5.8192","-121395","878605","-12.1395"
"KRX_RESET","DS001029","SK하이닉스","0197X0","SHORT","3/10","5/10","10","158","154","4","3","36.71","-0.0742","-0.2876","11.74","-2.2576","5.2716","-121595","878405","-12.1595"
"KRX_RESET","DS001727","삼성전자","0193L0","SHORT","10/20","3/20","30","76","75","1","2","32.89","-0.1662","-0.2890","16.25","-2.0755","3.5841","-121616","878384","-12.1616"
"KRX_RESET","DS003276","SK하이닉스","0193T0","LONG","10/30","3/30","50","33","31","2","2","21.21","-0.3777","-0.8240","19.58","-2.0207","8.4957","-121915","878085","-12.1915"
"KRX_RESET","DS002662","SK하이닉스","0197X0","SHORT","10/20","10/20","20","73","70","3","1","38.36","-0.1669","-0.2000","18.92","-3.8721","4.5233","-122031","877969","-12.2031"
"KRX_RESET","DS003586","삼성전자","0193W0","LONG","5/20","5/30","20","83","78","5","4","33.73","-0.1478","-0.4685","19.72","-2.5453","6.4722","-122119","877881","-12.2119"
"KRX_RESET","DS000452","SK하이닉스","0197X0","SHORT","20/30","3/5","5","74","73","1","2","24.32","-0.1740","-0.2543","5.16","-1.1786","2.4817","-122320","877680","-12.2320"
"KRX_RESET","DS001163","SK하이닉스","0193T0","LONG","5/20","5/10","30","61","57","4","1","36.07","-0.2091","-0.4112","9.48","-1.5749","4.3739","-122407","877593","-12.2407"
"KRX_RESET","DS001388","삼성전자","0193L0","SHORT","10/30","5/10","5","83","80","3","2","36.14","-0.1549","-0.2000","10.55","-1.5721","2.3042","-122565","877435","-12.2565"
"KRX_RESET","DS003563","SK하이닉스","0193T0","LONG","5/20","5/30","30","61","55","6","3","29.51","-0.2047","-0.7263","18.67","-2.2355","5.5478","-122998","877002","-12.2998"
"KRX_RESET","DS001392","삼성전자","0193L0","SHORT","10/30","5/10","50","59","57","2","2","30.51","-0.2192","-0.2924","10.93","-3.4571","2.3042","-123102","876898","-12.3102"
"KRX_RESET","DS002135","SK하이닉스","0197X0","SHORT","5/20","5/20","30","76","72","4","1","25.00","-0.1653","-0.5384","15.50","-2.2887","3.7349","-123157","876843","-12.3157"
"KRX_RESET","DS001656","SK하이닉스","0197X0","SHORT","5/20","3/20","50","89","87","2","2","25.84","-0.1386","-0.5212","14.22","-1.6751","4.4276","-123189","876811","-12.3189"
"KRX_RESET","DS002664","SK하이닉스","0197X0","SHORT","10/20","10/20","50","67","65","2","1","31.34","-0.1844","-0.4322","18.42","-3.8721","4.6233","-123310","876690","-12.3310"
"KRX_RESET","DS004736","삼성전자","0193W0","LONG","10/30","20/30","5","81","75","6","2","32.10","-0.1459","-0.4087","27.62","-2.8490","6.5107","-123324","876676","-12.3324"
"KRX_RESET","DS001427","삼성전자","0193W0","LONG","20/30","5/10","30","47","45","2","1","19.15","-0.2756","-0.4226","9.34","-1.5567","3.0746","-123440","876560","-12.3440"
"KRX_RESET","DS000355","SK하이닉스","0197X0","SHORT","5/30","3/5","NONE","127","127","0","2","34.65","-0.1015","-0.2000","5.46","-1.9445","3.7637","-124096","875904","-12.4096"
"KRX_RESET","DS000202","SK하이닉스","0193T0","LONG","5/20","3/5","20","62","60","2","1","25.81","-0.2114","-0.3583","5.21","-1.7569","2.6412","-124492","875508","-12.4492"
"KRX_RESET","DS000309","SK하이닉스","0197X0","SHORT","3/30","3/5","10","125","120","5","1","31.20","-0.1037","-0.2000","5.62","-1.7605","3.7637","-124519","875481","-12.4519"
"KRX_RESET","DS003575","SK하이닉스","0197X0","SHORT","5/20","5/30","30","76","72","4","3","28.95","-0.1662","-0.6361","19.53","-2.2887","5.4649","-124562","875438","-12.4562"
"KRX_RESET","DS001811","삼성전자","0193W0","LONG","5/30","3/20","30","66","62","4","2","28.79","-0.1926","-0.4950","12.73","-1.5252","5.5782","-124619","875381","-12.4619"
"KRX_RESET","DS001700","SK하이닉스","0197X0","SHORT","10/20","3/20","5","107","104","3","2","35.51","-0.1165","-0.5025","16.27","-2.0917","3.8259","-124710","875290","-12.4710"
"KRX_RESET","DS000238","삼성전자","0193L0","SHORT","5/20","3/5","20","83","81","2","2","30.12","-0.1590","-0.2521","5.01","-1.3874","1.7593","-124783","875217","-12.4783"
"KRX_RESET","DS003166","삼성전자","0193L0","SHORT","10/20","3/30","20","66","65","1","3","28.79","-0.1967","-0.3905","21.80","-2.1130","2.8050","-125022","874978","-12.5022"
"KRX_RESET","DS000431","삼성전자","0193L0","SHORT","10/30","3/5","30","50","49","1","2","24.00","-0.2663","-0.3111","4.80","-1.1809","0.8436","-125178","874822","-12.5178"
"KRX_RESET","DS001748","SK하이닉스","0197X0","SHORT","3/30","3/20","5","136","128","8","2","36.03","-0.0878","-0.4628","17.50","-4.9482","4.9984","-125266","874734","-12.5266"
"KRX_RESET","DS002339","삼성전자","0193W0","LONG","10/30","5/20","30","49","47","2","2","24.49","-0.2697","-0.4301","14.73","-1.7816","2.7502","-125449","874551","-12.5449"
"KRX_RESET","DS000898","삼성전자","0193W0","LONG","10/30","3/10","20","87","85","2","2","25.29","-0.1500","-0.3293","7.78","-1.5224","3.7654","-125466","874534","-12.5466"
"KRX_RESET","DS004150","SK하이닉스","0197X0","SHORT","3/30","10/30","20","109","99","10","3","40.37","-0.1079","-0.2594","23.70","-2.9333","7.5975","-125520","874480","-12.5520"
"KRX_RESET","DS002316","SK하이닉스","0193T0","LONG","10/30","5/20","50","33","31","2","2","30.30","-0.3990","-0.6655","16.42","-1.8795","5.2054","-125993","874007","-12.5993"
"KRX_RESET","DS001859","삼성전자","0193W0","LONG","10/30","3/20","30","49","47","2","2","26.53","-0.2710","-0.4556","13.39","-1.7816","3.1571","-126034","873966","-12.6034"
"KRX_RESET","DS000430","삼성전자","0193L0","SHORT","10/30","3/5","20","87","86","1","3","35.63","-0.1533","-0.1542","5.22","-1.7917","1.5764","-126082","873918","-12.6082"
"KRX_RESET","DS002819","삼성전자","0193W0","LONG","10/30","10/20","30","49","47","2","2","30.61","-0.2699","-0.4259","17.84","-1.9964","3.3629","-126139","873861","-12.6139"
"KRX_RESET","DS003791","삼성전자","0193L0","SHORT","10/30","5/30","30","50","45","5","2","22.00","-0.2656","-0.5183","22.88","-1.6199","2.8050","-126568","873432","-12.6568"
"KRX_RESET","DS000741","SK하이닉스","0197X0","SHORT","10/20","3/10","10","138","136","2","2","36.23","-0.0910","-0.2000","9.60","-5.4142","4.1677","-126743","873257","-12.6743"
"KRX_RESET","DS000718","삼성전자","0193L0","SHORT","5/20","3/10","20","83","81","2","2","32.53","-0.1608","-0.2533","9.43","-1.7818","2.0037","-126867","873133","-12.6867"
"KRX_RESET","DS001267","SK하이닉스","0197X0","SHORT","3/30","5/10","NONE","163","158","5","2","42.33","-0.0750","-0.2000","12.52","-2.7814","5.1012","-127510","872490","-12.7510"
"KRX_RESET","DS002604","SK하이닉스","0193T0","LONG","5/20","10/20","50","57","55","2","2","29.82","-0.2279","-0.5255","19.84","-2.7206","5.5478","-127535","872465","-12.7535"
"KRX_RESET","DS004259","삼성전자","0193W0","LONG","10/30","10/30","30","49","47","2","2","32.65","-0.2738","-0.5063","23.71","-1.7730","2.7502","-127649","872351","-12.7649"
"KRX_RESET","DS002336","삼성전자","0193W0","LONG","10/30","5/20","5","81","77","4","2","28.40","-0.1629","-0.4301","15.43","-1.7816","4.2230","-127651","872349","-12.7651"
"KRX_RESET","DS000910","삼성전자","0193L0","SHORT","10/30","3/10","20","87","83","4","3","35.63","-0.1548","-0.2000","9.21","-1.7917","2.1372","-127712","872288","-12.7712"
"KRX_RESET","DS000744","SK하이닉스","0197X0","SHORT","10/20","3/10","50","67","65","2","2","31.34","-0.1992","-0.3610","9.16","-1.6949","3.8486","-127719","872281","-12.7719"
"KRX_RESET","DS001812","삼성전자","0193W0","LONG","5/30","3/20","50","70","67","3","2","30.00","-0.1867","-0.4797","12.80","-1.5252","5.5782","-127885","872115","-12.7885"
"KRX_RESET","DS001199","삼성전자","0193L0","SHORT","5/20","5/10","30","93","89","4","2","31.18","-0.1440","-0.2433","10.23","-1.9747","3.0996","-128346","871654","-12.8346"
"KRX_RESET","DS000356","SK하이닉스","0197X0","SHORT","5/30","3/5","5","126","126","0","2","34.13","-0.1063","-0.2000","5.40","-1.9445","3.7637","-128486","871514","-12.8486"
"KRX_RESET","DS003298","삼성전자","0193W0","LONG","10/30","3/30","20","87","84","3","1","27.59","-0.1506","-0.4837","18.64","-1.7816","5.0332","-128592","871408","-12.8592"
"KRX_RESET","DS004235","SK하이닉스","0193T0","LONG","10/30","10/30","30","40","36","4","1","20.00","-0.3231","-0.8061","24.93","-2.5512","10.3433","-128619","871381","-12.8619"
"KRX_RESET","DS000912","삼성전자","0193L0","SHORT","10/30","3/10","50","59","58","1","2","27.12","-0.2306","-0.2423","10.07","-3.4571","2.1372","-128727","871273","-12.8727"
"KRX_RESET","DS000899","삼성전자","0193W0","LONG","10/30","3/10","30","49","47","2","2","20.41","-0.2783","-0.3808","7.16","-1.5224","3.5640","-128873","871127","-12.8873"
"KRX_RESET","DS003635","삼성전자","0193W0","LONG","10/20","5/30","30","72","66","6","3","30.56","-0.1833","-0.5037","21.18","-1.7730","5.5143","-128966","871034","-12.8966"
"KRX_RESET","DS002712","SK하이닉스","0197X0","SHORT","3/30","10/20","50","81","73","8","3","30.86","-0.1519","-0.3359","20.21","-4.9962","5.9560","-129078","870922","-12.9078"
"KRX_RESET","DS001651","SK하이닉스","0197X0","SHORT","5/20","3/20","NONE","177","172","5","3","33.33","-0.0696","-0.4484","15.36","-2.6913","4.4276","-129095","870905","-12.9095"
"KRX_RESET","DS004007","SK하이닉스","0197X0","SHORT","3/20","10/30","30","92","84","8","3","32.61","-0.1369","-0.3939","23.90","-3.8309","6.7199","-129130","870870","-12.9130"
"KRX_RESET","DS004102","SK하이닉스","0197X0","SHORT","10/20","10/30","20","73","70","3","3","39.73","-0.1718","-0.2913","27.56","-3.8721","6.1428","-129489","870511","-12.9489"
"KRX_RESET","DS004283","SK하이닉스","0193T0","LONG","20/30","10/30","30","43","40","3","2","18.60","-0.2982","-0.7294","26.84","-2.5077","9.8451","-129506","870494","-12.9506"
"KRX_RESET","DS002844","SK하이닉스","0193T0","LONG","20/30","10/20","50","35","30","5","2","22.86","-0.3889","-0.4948","18.49","-2.0795","4.7482","-129615","870385","-12.9615"
"KRX_RESET","DS002518","SK하이닉스","0197X0","SHORT","5/10","10/20","20","140","132","8","4","32.14","-0.0815","-0.4232","18.57","-3.3216","8.6220","-129893","870107","-12.9893"
"KRX_RESET","DS000923","SK하이닉스","0193T0","LONG","20/30","3/10","30","43","43","0","2","16.28","-0.3197","-0.4628","8.30","-1.5605","2.6193","-129980","870020","-12.9980"
"KRX_RESET","DS003538","삼성전자","0193W0","LONG","3/20","5/30","20","101","93","8","5","31.68","-0.1252","-0.3527","20.30","-4.8169","6.6041","-130040","869960","-13.0040"
"KRX_RESET","DS002867","삼성전자","0193W0","LONG","20/30","10/20","30","47","44","3","1","21.28","-0.2882","-0.5758","17.17","-1.8749","4.4851","-130114","869886","-13.0114"
"KRX_RESET","DS004244","SK하이닉스","0197X0","SHORT","10/30","10/30","5","89","84","5","1","39.33","-0.1424","-0.2594","26.38","-4.3224","6.1428","-130696","869304","-13.0696"
"KRX_RESET","DS001618","삼성전자","0193W0","LONG","3/20","3/20","20","101","96","5","2","28.71","-0.1348","-0.3326","11.32","-1.6124","4.2730","-131252","868748","-13.1252"
"KRX_RESET","DS004763","SK하이닉스","0193T0","LONG","20/30","20/30","30","43","40","3","1","25.58","-0.3045","-0.7077","28.60","-2.9763","9.0080","-131361","868639","-13.1361"
"KRX_RESET","DS002075","SK하이닉스","0193T0","LONG","3/20","5/20","30","76","70","6","2","28.95","-0.1759","-0.4700","16.71","-2.3893","5.3915","-131749","868251","-13.1749"
"KRX_RESET","DS003047","SK하이닉스","0197X0","SHORT","3/20","3/30","30","92","86","6","3","29.35","-0.1440","-0.5502","17.38","-1.6348","4.8204","-131904","868096","-13.1904"
"KRX_RESET","DS002580","삼성전자","0193W0","LONG","3/20","10/20","50","110","102","8","5","35.45","-0.1193","-0.3411","17.75","-2.6458","3.5954","-131989","868011","-13.1989"
"KRX_RESET","DS000415","삼성전자","0193W0","LONG","10/30","3/5","NONE","116","115","1","2","29.31","-0.1192","-0.2000","4.98","-1.5588","4.2738","-132109","867891","-13.2109"
"KRX_RESET","DS000383","삼성전자","0193L0","SHORT","5/30","3/5","30","72","70","2","2","22.22","-0.1951","-0.3169","5.24","-1.3424","3.1436","-132572","867428","-13.2572"
"KRX_RESET","DS001332","삼성전자","0193W0","LONG","5/30","5/10","50","70","69","1","2","22.86","-0.1939","-0.4330","9.36","-1.4579","5.9947","-132722","867278","-13.2722"
"KRX_RESET","DS004620","SK하이닉스","0193T0","LONG","3/30","20/30","50","44","43","1","4","29.55","-0.3136","-0.5318","26.80","-2.4754","5.6677","-132924","867076","-13.2924"
"KRX_RESET","DS002772","삼성전자","0193W0","LONG","5/30","10/20","50","70","63","7","3","30.00","-0.1948","-0.4545","18.21","-1.7469","4.8495","-132956","867044","-13.2956"
"KRX_RESET","DS003610","SK하이닉스","0193T0","LONG","10/20","5/30","20","59","52","7","2","25.42","-0.2217","-0.6645","22.54","-2.2997","8.8159","-132978","867022","-13.2978"
"KRX_RESET","DS003646","삼성전자","0193L0","SHORT","10/20","5/30","20","66","64","2","3","27.27","-0.2088","-0.4590","23.64","-2.4329","2.8050","-133245","866755","-13.3245"
"KRX_RESET","DS001219","SK하이닉스","0197X0","SHORT","10/20","5/10","NONE","149","146","3","2","38.26","-0.0893","-0.2699","10.77","-2.3356","4.1457","-133565","866435","-13.3565"
"KRX_RESET","DS001221","SK하이닉스","0197X0","SHORT","10/20","5/10","10","138","136","2","2","36.96","-0.0979","-0.2729","10.51","-2.3356","4.1457","-134224","865776","-13.4224"
"KRX_RESET","DS000276","삼성전자","0193W0","LONG","10/20","3/5","50","71","69","2","1","26.76","-0.2012","-0.2764","4.25","-1.5588","2.7487","-134356","865644","-13.4356"
"KRX_RESET","DS001414","SK하이닉스","0197X0","SHORT","20/30","5/10","20","98","98","0","2","41.84","-0.1416","-0.2000","11.97","-4.5636","2.8023","-134658","865342","-13.4658"
"KRX_RESET","DS002266","SK하이닉스","0193T0","LONG","5/30","5/20","20","74","70","4","2","32.43","-0.1852","-0.4877","16.77","-2.1816","6.4903","-134724","865276","-13.4724"
"KRX_RESET","DS002083","SK하이닉스","0197X0","SHORT","3/20","5/20","NONE","208","199","9","3","36.06","-0.0571","-0.3261","18.67","-2.9950","5.3824","-134781","865219","-13.4781"
"KRX_RESET","DS002170","SK하이닉스","0193T0","LONG","10/20","5/20","20","59","55","4","2","28.81","-0.2375","-0.5710","17.07","-1.9961","5.5160","-135094","864906","-13.5094"
"KRX_RESET","DS000358","SK하이닉스","0197X0","SHORT","5/30","3/5","20","87","87","0","2","33.33","-0.1650","-0.2000","5.33","-1.9445","1.8065","-135266","864734","-13.5266"
"KRX_RESET","DS000132","삼성전자","0193W0","LONG","5/10","3/5","50","145","143","2","2","27.59","-0.0970","-0.2370","5.17","-1.2791","4.2353","-135290","864710","-13.5290"
"KRX_RESET","DS002795","SK하이닉스","0193T0","LONG","10/30","10/20","30","40","36","4","1","22.50","-0.3561","-0.6128","19.25","-1.6925","3.9747","-135341","864659","-13.5341"
"KRX_RESET","DS000931","SK하이닉스","0197X0","SHORT","20/30","3/10","NONE","106","106","0","2","35.85","-0.1307","-0.2484","11.42","-4.4182","3.2899","-135376","864624","-13.5376"
"KRX_RESET","DS002686","삼성전자","0193L0","SHORT","10/20","10/20","20","66","63","3","2","33.33","-0.2132","-0.3747","21.12","-2.4329","3.1945","-135391","864609","-13.5391"
"KRX_RESET","DS004271","삼성전자","0193L0","SHORT","10/30","10/30","30","50","46","4","2","24.00","-0.2866","-0.5205","25.16","-1.7169","2.9163","-135753","864247","-13.5753"
"KRX_RESET","DS003333","SK하이닉스","0197X0","SHORT","20/30","3/30","10","82","80","2","3","34.15","-0.1704","-0.4764","21.99","-2.1178","3.6926","-135975","864025","-13.5975"
"KRX_RESET","DS000190","삼성전자","0193L0","SHORT","3/20","3/5","20","102","101","1","2","31.37","-0.1411","-0.2380","5.38","-1.3424","1.7985","-135980","864020","-13.5980"
"KRX_RESET","DS002840","SK하이닉스","0193T0","LONG","20/30","10/20","5","51","48","3","2","25.49","-0.2753","-0.4679","20.12","-2.6167","5.3490","-136111","863889","-13.6111"
"KRX_RESET","DS001688","SK하이닉스","0193T0","LONG","10/20","3/20","5","96","92","4","1","30.21","-0.1433","-0.5078","15.27","-2.1095","6.6802","-136307","863693","-13.6307"
"KRX_RESET","DS001835","SK하이닉스","0193T0","LONG","10/30","3/20","30","40","38","2","1","25.00","-0.3610","-0.6172","15.35","-1.6215","3.5428","-136317","863683","-13.6317"
"KRX_RESET","DS001280","삼성전자","0193W0","LONG","3/30","5/10","5","155","149","6","3","32.90","-0.0871","-0.3166","10.05","-1.8210","5.6091","-136532","863468","-13.6532"
"KRX_RESET","DS004199","SK하이닉스","0197X0","SHORT","5/30","10/30","30","56","54","2","2","37.50","-0.2463","-0.4029","26.84","-4.3768","6.7199","-137022","862978","-13.7022"
"KRX_RESET","DS002602","SK하이닉스","0193T0","LONG","5/20","10/20","20","62","56","6","2","29.03","-0.2270","-0.4761","19.08","-3.0144","5.5478","-137052","862948","-13.7052"
"KRX_RESET","DS002687","삼성전자","0193L0","SHORT","10/20","10/20","30","76","73","3","2","28.95","-0.1897","-0.3214","20.25","-2.1130","3.1945","-137455","862545","-13.7455"
"KRX_RESET","DS001872","삼성전자","0193L0","SHORT","10/30","3/20","50","59","56","3","2","23.73","-0.2474","-0.5208","14.64","-1.2325","3.5841","-137582","862418","-13.7582"
"KRX_RESET","DS000275","삼성전자","0193W0","LONG","10/20","3/5","30","72","70","2","1","26.39","-0.2038","-0.2856","4.31","-1.2488","2.7487","-137663","862337","-13.7663"
"KRX_RESET","DS002181","SK하이닉스","0197X0","SHORT","10/20","5/20","10","138","132","6","2","36.96","-0.0992","-0.4087","17.33","-3.0554","3.8259","-138004","861996","-13.8004"
"KRX_RESET","DS003251","삼성전자","0193W0","LONG","5/30","3/30","30","66","63","3","2","27.27","-0.2200","-0.4980","16.08","-1.5252","2.9835","-138012","861988","-13.8012"
"KRX_RESET","DS004546","삼성전자","0193W0","LONG","5/20","20/30","20","83","77","6","3","36.14","-0.1683","-0.3635","24.06","-3.4934","5.3297","-138032","861968","-13.8032"
"KRX_RESET","DS001198","삼성전자","0193L0","SHORT","5/20","5/10","20","83","81","2","2","33.73","-0.1759","-0.2759","10.90","-1.9747","2.5097","-138169","861831","-13.8169"
"KRX_RESET","DS000945","삼성전자","0193W0","LONG","20/30","3/10","10","73","70","3","1","28.77","-0.2005","-0.3030","7.95","-1.8981","2.8227","-138190","861810","-13.8190"
"KRX_RESET","DS001282","삼성전자","0193W0","LONG","3/30","5/10","20","104","100","4","2","30.77","-0.1382","-0.3439","9.89","-1.8210","4.6843","-138245","861755","-13.8245"
"KRX_RESET","DS001642","SK하이닉스","0193T0","LONG","5/20","3/20","20","62","59","3","3","30.65","-0.2347","-0.5984","13.56","-1.5772","2.9529","-138404","861596","-13.8404"
"KRX_RESET","DS004307","삼성전자","0193W0","LONG","20/30","10/30","30","47","43","4","2","25.53","-0.3062","-0.5861","23.70","-2.5153","5.5431","-138551","861449","-13.8551"
"KRX_RESET","DS000464","삼성전자","0193W0","LONG","20/30","3/5","5","73","71","2","2","23.29","-0.2018","-0.3541","4.71","-1.2676","3.3264","-138689","861311","-13.8689"
"KRX_RESET","DS001750","SK하이닉스","0197X0","SHORT","3/30","3/20","20","109","101","8","2","33.03","-0.1287","-0.4089","16.74","-4.1518","4.9984","-138986","861014","-13.8986"
"KRX_RESET","DS002651","SK하이닉스","0193T0","LONG","10/20","10/20","30","59","52","7","2","28.81","-0.2403","-0.6551","18.34","-2.1685","5.9414","-139034","860966","-13.9034"
"KRX_RESET","DS001728","삼성전자","0193L0","SHORT","10/20","3/20","50","71","68","3","2","29.58","-0.2071","-0.2793","15.27","-2.0755","3.5841","-139083","860917","-13.9083"
"KRX_RESET","DS000682","SK하이닉스","0193T0","LONG","5/20","3/10","20","62","59","3","1","33.87","-0.2380","-0.4072","8.95","-1.8553","2.4383","-139205","860795","-13.9205"
"KRX_RESET","DS003668","SK하이닉스","0197X0","SHORT","3/30","5/30","5","136","124","12","3","33.82","-0.0993","-0.5096","22.18","-2.5988","5.8192","-139328","860672","-13.9328"
"KRX_RESET","DS000322","삼성전자","0193W0","LONG","3/30","3/5","20","104","103","1","2","33.65","-0.1417","-0.2864","5.14","-1.7052","3.9131","-139340","860660","-13.9340"
"KRX_RESET","DS004776","SK하이닉스","0197X0","SHORT","20/30","20/30","50","53","50","3","1","33.96","-0.2650","-0.5236","28.51","-5.3405","5.3034","-139524","860476","-13.9524"
"KRX_RESET","DS001128","SK하이닉스","0197X0","SHORT","3/20","5/10","50","108","104","4","2","33.33","-0.1306","-0.2584","10.99","-1.9063","4.6968","-140001","859999","-14.0001"
"KRX_RESET","DS003779","삼성전자","0193W0","LONG","10/30","5/30","30","49","47","2","2","30.61","-0.3033","-0.5310","20.69","-1.8841","2.5467","-140134","859866","-14.0134"
"KRX_RESET","DS001403","SK하이닉스","0193T0","LONG","20/30","5/10","30","43","43","0","2","20.93","-0.3467","-0.4628","9.00","-1.7549","2.7344","-140497","859503","-14.0497"
"KRX_RESET","DS003778","삼성전자","0193W0","LONG","10/30","5/30","20","87","81","6","2","26.44","-0.1646","-0.5270","19.77","-1.8841","6.5107","-140559","859441","-14.0559"
"KRX_RESET","DS004498","삼성전자","0193W0","LONG","3/20","20/30","20","101","91","10","4","32.67","-0.1279","-0.4260","23.99","-5.0134","6.5992","-140589","859411","-14.0589"
"KRX_RESET","DS001271","SK하이닉스","0197X0","SHORT","3/30","5/10","30","80","77","3","2","32.50","-0.1827","-0.3708","12.10","-1.9063","5.1012","-140836","859164","-14.0836"
"KRX_RESET","DS000740","SK하이닉스","0197X0","SHORT","10/20","3/10","5","107","107","0","1","33.64","-0.1366","-0.3068","9.32","-1.6743","3.8486","-141169","858831","-14.1169"
"KRX_RESET","DS000296","SK하이닉스","0193T0","LONG","3/30","3/5","5","118","116","2","1","29.66","-0.1246","-0.3216","5.25","-1.7569","5.7207","-141242","858758","-14.1242"
"KRX_RESET","DS004775","SK하이닉스","0197X0","SHORT","20/30","20/30","30","60","56","4","1","36.67","-0.2354","-0.5041","30.55","-5.3405","5.3034","-141536","858464","-14.1536"
"KRX_RESET","DS002696","SK하이닉스","0193T0","LONG","3/30","10/20","5","118","110","8","2","38.98","-0.1115","-0.3343","20.93","-3.5545","7.7929","-141790","858210","-14.1790"
"KRX_RESET","DS002088","SK하이닉스","0197X0","SHORT","3/20","5/20","50","108","103","5","2","27.78","-0.1289","-0.5189","16.19","-2.0795","5.3824","-141810","858190","-14.1810"
"KRX_RESET","DS001378","삼성전자","0193W0","LONG","10/30","5/10","20","87","84","3","2","26.44","-0.1714","-0.3758","8.26","-1.4729","4.0196","-141965","858035","-14.1965"
"KRX_RESET","DS002831","삼성전자","0193L0","SHORT","10/30","10/20","30","50","46","4","2","20.00","-0.3025","-0.4004","17.88","-1.6325","3.1945","-142179","857821","-14.2179"
"KRX_RESET","DS000851","삼성전자","0193W0","LONG","5/30","3/10","30","66","64","2","2","19.70","-0.2282","-0.3119","7.59","-1.7469","3.5640","-142231","857769","-14.2231"
"KRX_RESET","DS001212","SK하이닉스","0193T0","LONG","10/20","5/10","50","45","44","1","1","24.44","-0.3367","-0.3970","9.09","-2.5514","2.4055","-142264","857736","-14.2264"
"KRX_RESET","DS003084","SK하이닉스","0193T0","LONG","5/20","3/30","50","57","55","2","3","29.82","-0.2600","-0.5973","18.88","-3.0046","5.3006","-142630","857370","-14.2630"
"KRX_RESET","DS003719","SK하이닉스","0197X0","SHORT","5/30","5/30","30","56","54","2","1","26.79","-0.2649","-0.6850","20.30","-2.5052","4.9560","-142701","857299","-14.2701"
"KRX_RESET","DS003763","SK하이닉스","0197X0","SHORT","10/30","5/30","NONE","110","105","5","3","41.82","-0.1239","-0.3726","23.94","-7.1335","5.0793","-142735","857265","-14.2735"
"KRX_RESET","DS002207","삼성전자","0193L0","SHORT","10/20","5/20","30","76","74","2","2","31.58","-0.1986","-0.3473","18.09","-2.1130","3.1945","-142966","857034","-14.2966"
"KRX_RESET","DS000370","삼성전자","0193W0","LONG","5/30","3/5","20","98","96","2","2","25.51","-0.1542","-0.3155","4.84","-1.6291","5.0766","-143000","857000","-14.3000"
"KRX_RESET","DS003139","SK하이닉스","0197X0","SHORT","10/20","3/30","NONE","149","141","8","3","40.27","-0.0866","-0.2448","22.89","-8.6695","5.4025","-143092","856908","-14.3092"
"KRX_RESET","DS004245","SK하이닉스","0197X0","SHORT","10/30","10/30","10","106","101","5","1","38.68","-0.1306","-0.2838","25.25","-4.3224","6.1428","-143149","856851","-14.3149"
"KRX_RESET","DS002182","SK하이닉스","0197X0","SHORT","10/20","5/20","20","73","70","3","2","30.14","-0.2040","-0.5521","16.77","-2.1435","3.8259","-143284","856716","-14.3284"
"KRX_RESET","DS001690","SK하이닉스","0193T0","LONG","10/20","3/20","20","59","56","3","2","28.81","-0.2531","-0.6016","15.80","-3.3434","5.5160","-143348","856652","-14.3348"
"KRX_RESET","DS003142","SK하이닉스","0197X0","SHORT","10/20","3/30","20","73","70","3","2","32.88","-0.2039","-0.5521","19.85","-2.5653","4.2534","-143699","856301","-14.3699"
"KRX_RESET","DS000344","SK하이닉스","0193T0","LONG","5/30","3/5","5","108","106","2","2","34.26","-0.1394","-0.3012","5.13","-1.6000","5.3457","-143790","856210","-14.3790"
"KRX_RESET","DS000432","삼성전자","0193L0","SHORT","10/30","3/5","50","59","58","1","2","27.12","-0.2611","-0.2377","5.41","-3.4000","1.1868","-143893","856107","-14.3893"
"KRX_RESET","DS003648","삼성전자","0193L0","SHORT","10/20","5/30","50","71","67","4","5","23.94","-0.2118","-0.4258","22.30","-2.1130","2.8050","-144054","855946","-14.4054"
"KRX_RESET","DS001907","삼성전자","0193W0","LONG","20/30","3/20","30","47","44","3","1","27.66","-0.3258","-0.5521","12.74","-1.4912","3.2761","-144103","855897","-14.4103"
"KRX_RESET","DS004042","SK하이닉스","0193T0","LONG","5/20","10/30","20","62","55","7","4","27.42","-0.2232","-0.7046","25.94","-2.4754","9.2110","-144217","855783","-14.4217"
"KRX_RESET","DS002816","삼성전자","0193W0","LONG","10/30","10/20","5","81","77","4","2","34.57","-0.1860","-0.5083","17.86","-1.9964","5.4431","-144546","855454","-14.4546"
"KRX_RESET","DS000788","SK하이닉스","0197X0","SHORT","3/30","3/10","5","136","131","5","2","36.03","-0.1085","-0.3087","10.14","-1.9434","5.2720","-144555","855445","-14.4555"
"KRX_RESET","DS004197","SK하이닉스","0197X0","SHORT","5/30","10/30","10","101","98","3","3","40.59","-0.1270","-0.2000","32.13","-7.2757","6.7199","-144570","855430","-14.4570"
"KRX_RESET","DS002652","SK하이닉스","0193T0","LONG","10/20","10/20","50","45","42","3","2","24.44","-0.3351","-0.7869","18.38","-1.9149","5.9414","-144872","855128","-14.4872"
"KRX_RESET","DS002554","SK하이닉스","0193T0","LONG","3/20","10/20","20","75","70","5","3","26.67","-0.1940","-0.4710","18.67","-2.2220","7.1573","-145075","854925","-14.5075"
"KRX_RESET","DS000944","삼성전자","0193W0","LONG","20/30","3/10","5","73","71","2","2","31.51","-0.2118","-0.3336","8.51","-1.3668","2.8227","-145279","854721","-14.5279"
"KRX_RESET","DS002720","삼성전자","0193W0","LONG","3/30","10/20","5","155","146","9","3","36.13","-0.0905","-0.4062","19.28","-2.6117","6.3641","-145327","854673","-14.5327"
"KRX_RESET","DS000743","SK하이닉스","0197X0","SHORT","10/20","3/10","30","76","74","2","1","31.58","-0.2020","-0.2916","9.03","-1.6949","3.8486","-145392","854608","-14.5392"
"KRX_RESET","DS001701","SK하이닉스","0197X0","SHORT","10/20","3/20","10","138","133","5","2","36.96","-0.1062","-0.4400","15.49","-2.4958","3.8259","-145393","854607","-14.5393"
"KRX_RESET","DS001330","삼성전자","0193W0","LONG","5/30","5/10","20","98","95","3","1","29.59","-0.1550","-0.3838","9.70","-1.7450","4.8205","-145400","854600","-14.5400"
"KRX_RESET","DS000263","SK하이닉스","0197X0","SHORT","10/20","3/5","30","76","74","2","1","28.95","-0.2047","-0.2000","5.18","-1.6743","2.6360","-145762","854238","-14.5762"
"KRX_RESET","DS001606","SK하이닉스","0197X0","SHORT","3/20","3/20","20","97","91","6","1","29.90","-0.1561","-0.5049","13.52","-1.6537","4.7311","-146108","853892","-14.6108"
"KRX_RESET","DS001222","SK하이닉스","0197X0","SHORT","10/20","5/10","20","73","73","0","2","31.51","-0.2114","-0.3610","10.70","-2.1435","3.1364","-146585","853415","-14.6585"
"KRX_RESET","DS000192","삼성전자","0193L0","SHORT","3/20","3/5","50","111","109","2","2","30.63","-0.1409","-0.2378","5.16","-1.0410","1.7985","-146678","853322","-14.6678"
"KRX_RESET","DS000260","SK하이닉스","0197X0","SHORT","10/20","3/5","5","107","107","0","1","29.91","-0.1452","-0.2708","5.15","-1.6743","3.7637","-146983","853017","-14.6983"
"KRX_RESET","DS002087","SK하이닉스","0197X0","SHORT","3/20","5/20","30","92","87","5","2","27.17","-0.1602","-0.4964","16.34","-2.0795","5.3824","-147049","852951","-14.7049"
"KRX_RESET","DS001893","SK하이닉스","0197X0","SHORT","20/30","3/20","10","82","80","2","3","32.93","-0.1880","-0.3918","15.78","-2.4603","3.0215","-147183","852817","-14.7183"
"KRX_RESET","DS003527","SK하이닉스","0197X0","SHORT","3/20","5/30","30","92","84","8","3","30.43","-0.1603","-0.5118","20.18","-2.0795","5.4649","-147186","852814","-14.7186"
"KRX_RESET","DS000765","삼성전자","0193L0","SHORT","10/20","3/10","10","150","146","4","2","32.67","-0.1040","-0.1543","8.72","-1.3446","2.1372","-147197","852803","-14.7197"
"KRX_RESET","DS004580","SK하이닉스","0197X0","SHORT","10/20","20/30","5","107","96","11","4","42.06","-0.1298","-0.1522","32.67","-4.3340","6.4858","-147322","852678","-14.7322"
"KRX_RESET","DS001652","SK하이닉스","0197X0","SHORT","5/20","3/20","5","170","165","5","3","32.94","-0.0862","-0.4576","15.00","-2.6913","4.4276","-147356","852644","-14.7356"
"KRX_RESET","DS004243","SK하이닉스","0197X0","SHORT","10/30","10/30","NONE","110","105","5","2","39.09","-0.1305","-0.2838","24.94","-4.3224","6.1428","-147656","852344","-14.7656"
"KRX_RESET","DS003562","SK하이닉스","0193T0","LONG","5/20","5/30","20","62","56","6","3","24.19","-0.2492","-0.6090","18.45","-1.7467","5.5478","-148239","851761","-14.8239"
"KRX_RESET","DS000763","삼성전자","0193L0","SHORT","10/20","3/10","NONE","161","157","4","2","32.30","-0.0976","-0.1488","9.10","-1.3446","2.1372","-148564","851436","-14.8564"
"KRX_RESET","DS002168","SK하이닉스","0193T0","LONG","10/20","5/20","5","96","90","6","2","32.29","-0.1579","-0.4487","17.08","-2.5618","6.6802","-148641","851359","-14.8641"
"KRX_RESET","DS001220","SK하이닉스","0197X0","SHORT","10/20","5/10","5","107","107","0","1","36.45","-0.1444","-0.3068","10.61","-2.1435","4.1457","-148684","851316","-14.8684"
"KRX_RESET","DS001858","삼성전자","0193W0","LONG","10/30","3/20","20","87","83","4","1","25.29","-0.1800","-0.4580","13.51","-1.7816","4.2230","-149062","850938","-14.9062"
"KRX_RESET","DS000645","SK하이닉스","0197X0","SHORT","3/20","3/10","10","163","159","4","2","36.20","-0.0903","-0.2993","10.45","-5.3553","4.4133","-149545","850455","-14.9545"
"KRX_RESET","DS000720","삼성전자","0193L0","SHORT","5/20","3/10","50","93","90","3","2","31.18","-0.1719","-0.2759","9.00","-1.5995","2.5949","-149585","850415","-14.9585"
"KRX_RESET","DS002338","삼성전자","0193W0","LONG","10/30","5/20","20","87","83","4","2","24.14","-0.1791","-0.4360","15.07","-1.7816","5.7067","-149651","850349","-14.9651"
"KRX_RESET","DS001895","SK하이닉스","0197X0","SHORT","20/30","3/20","30","60","59","1","2","30.00","-0.2644","-0.4643","15.72","-2.4603","3.0215","-149681","850319","-14.9681"
"KRX_RESET","DS003765","SK하이닉스","0197X0","SHORT","10/30","5/30","10","106","101","5","3","40.57","-0.1370","-0.4382","23.83","-7.1335","5.0793","-150227","849773","-15.0227"
"KRX_RESET","DS000908","삼성전자","0193L0","SHORT","10/30","3/10","5","83","81","2","2","31.33","-0.1941","-0.2000","9.00","-1.7917","2.1372","-150430","849570","-15.0430"
"KRX_RESET","DS000802","삼성전자","0193W0","LONG","3/30","3/10","20","104","100","4","2","33.65","-0.1530","-0.3437","8.41","-1.7052","4.6843","-150646","849354","-15.0646"
"KRX_RESET","DS002124","SK하이닉스","0193T0","LONG","5/20","5/20","50","57","54","3","1","26.32","-0.2819","-0.6016","14.70","-1.8957","2.4576","-151049","848951","-15.1049"
"KRX_RESET","DS000787","SK하이닉스","0197X0","SHORT","3/30","3/10","NONE","163","158","5","2","37.42","-0.0928","-0.3074","10.81","-2.3512","5.2720","-151331","848669","-15.1331"
"KRX_RESET","DS000310","SK하이닉스","0197X0","SHORT","3/30","3/5","20","109","104","5","1","29.36","-0.1486","-0.2000","5.61","-1.5333","2.0967","-151536","848464","-15.1536"
"KRX_RESET","DS002949","SK하이닉스","0197X0","SHORT","3/10","3/30","10","158","152","6","4","31.01","-0.0898","-0.4224","22.27","-4.8931","7.1476","-151550","848450","-15.1550"
"KRX_RESET","DS002122","SK하이닉스","0193T0","LONG","5/20","5/20","20","62","58","4","1","27.42","-0.2596","-0.5884","14.65","-1.8553","2.9529","-151604","848396","-15.1604"
"KRX_RESET","DS001235","삼성전자","0193W0","LONG","10/20","5/10","30","72","67","5","2","23.61","-0.2252","-0.2797","8.60","-1.4406","3.5112","-151648","848352","-15.1648"
"KRX_RESET","DS001678","삼성전자","0193L0","SHORT","5/20","3/20","20","83","80","3","2","27.71","-0.1949","-0.3310","14.27","-1.7818","2.1228","-151651","848349","-15.1651"
"KRX_RESET","DS001784","SK하이닉스","0193T0","LONG","5/30","3/20","5","108","104","4","2","31.48","-0.1382","-0.4504","14.78","-2.6011","6.8071","-151781","848219","-15.1781"
"KRX_RESET","DS004727","SK하이닉스","0197X0","SHORT","10/30","20/30","30","56","52","4","3","33.93","-0.2765","-0.3599","24.84","-3.8124","5.5383","-151815","848185","-15.1815"
"KRX_RESET","DS002746","SK하이닉스","0193T0","LONG","5/30","10/20","20","74","68","6","2","35.14","-0.2083","-0.4875","20.27","-3.3866","7.4106","-152161","847839","-15.2161"
"KRX_RESET","DS003671","SK하이닉스","0197X0","SHORT","3/30","5/30","30","80","72","8","2","27.50","-0.1951","-0.5736","21.51","-2.0795","5.8723","-152171","847829","-15.2171"
"KRX_RESET","DS002710","SK하이닉스","0197X0","SHORT","3/30","10/20","20","109","98","11","3","33.94","-0.1391","-0.3153","19.19","-3.8169","5.9560","-152269","847731","-15.2269"
"KRX_RESET","DS001644","SK하이닉스","0193T0","LONG","5/20","3/20","50","57","55","2","3","28.07","-0.2846","-0.6101","13.35","-2.1707","2.1739","-152406","847594","-15.2406"
"KRX_RESET","DS004246","SK하이닉스","0197X0","SHORT","10/30","10/30","20","91","87","4","1","38.46","-0.1670","-0.2596","25.59","-4.3224","6.1428","-152445","847555","-15.2445"
"KRX_RESET","DS002244","삼성전자","0193W0","LONG","3/30","5/20","50","84","79","5","2","28.57","-0.1886","-0.3922","16.51","-2.2417","4.7793","-152534","847466","-15.2534"
"KRX_RESET","DS002759","SK하이닉스","0197X0","SHORT","5/30","10/20","30","56","54","2","2","33.93","-0.2824","-0.4993","23.00","-4.0363","5.0917","-152862","847138","-15.2862"
"KRX_RESET","DS001053","삼성전자","0193L0","SHORT","3/10","5/10","10","174","170","4","3","32.76","-0.0906","-0.2414","10.64","-1.5721","3.1670","-152882","847118","-15.2882"
"KRX_RESET","DS000897","삼성전자","0193W0","LONG","10/30","3/10","10","112","109","3","2","25.00","-0.1441","-0.2949","7.73","-1.7098","3.7654","-152891","847109","-15.2891"
"KRX_RESET","DS001377","삼성전자","0193W0","LONG","10/30","5/10","10","112","108","4","2","26.79","-0.1440","-0.3060","7.92","-1.4729","4.0196","-152965","847035","-15.2965"
"KRX_RESET","DS001411","SK하이닉스","0197X0","SHORT","20/30","5/10","NONE","106","105","1","2","42.45","-0.1507","-0.2000","12.49","-4.5636","2.8023","-152984","847016","-15.2984"
"KRX_RESET","DS000131","삼성전자","0193W0","LONG","5/10","3/5","30","146","145","1","2","26.03","-0.1107","-0.2476","5.05","-1.2791","4.2353","-153202","846798","-15.3202"
"KRX_RESET","DS004691","삼성전자","0193W0","LONG","5/30","20/30","30","66","61","5","3","24.24","-0.2378","-0.4624","21.89","-2.7994","6.0988","-153391","846609","-15.3391"
"KRX_RESET","DS003082","SK하이닉스","0193T0","LONG","5/20","3/30","20","62","59","3","3","27.42","-0.2598","-0.6047","16.15","-1.6500","5.3006","-153401","846599","-15.3401"
"KRX_RESET","DS001884","SK하이닉스","0193T0","LONG","20/30","3/20","50","35","32","3","2","20.00","-0.4708","-0.6655","15.09","-2.1443","3.0221","-153506","846494","-15.3506"
"KRX_RESET","DS000239","삼성전자","0193L0","SHORT","5/20","3/5","30","93","91","2","2","25.81","-0.1771","-0.3188","4.76","-1.1809","3.1436","-153599","846401","-15.3599"
"KRX_RESET","DS002351","삼성전자","0193L0","SHORT","10/30","5/20","30","50","46","4","2","20.00","-0.3290","-0.4291","16.58","-1.6325","3.1945","-153615","846385","-15.3615"
"KRX_RESET","DS004644","삼성전자","0193W0","LONG","3/30","20/30","50","84","81","3","4","27.38","-0.1838","-0.5222","23.42","-2.5006","5.7129","-153950","846050","-15.3950"
"KRX_RESET","DS003108","삼성전자","0193W0","LONG","5/20","3/30","50","88","84","4","4","32.95","-0.1834","-0.3472","18.63","-4.2726","3.9182","-154018","845982","-15.4018"
"KRX_RESET","DS003777","삼성전자","0193W0","LONG","10/30","5/30","10","112","105","7","2","30.36","-0.1417","-0.4819","18.76","-1.8841","6.5107","-154324","845676","-15.4324"
"KRX_RESET","DS003813","SK하이닉스","0197X0","SHORT","20/30","5/30","10","82","80","2","3","35.37","-0.1958","-0.6308","23.57","-3.2158","3.8268","-154895","845105","-15.4895"
"KRX_RESET","DS004115","삼성전자","0193W0","LONG","10/20","10/30","30","72","66","6","3","33.33","-0.2257","-0.4874","24.93","-1.7777","4.8204","-155137","844863","-15.5137"
"KRX_RESET","DS000343","SK하이닉스","0193T0","LONG","5/30","3/5","NONE","110","108","2","2","33.64","-0.1490","-0.3043","5.14","-1.6000","5.3457","-155138","844862","-15.5138"
"KRX_RESET","DS004760","SK하이닉스","0193T0","LONG","20/30","20/30","5","51","47","4","1","23.53","-0.3091","-0.7077","28.31","-3.2523","9.0080","-155350","844650","-15.5350"
"KRX_RESET","DS000475","삼성전자","0193L0","SHORT","20/30","3/5","NONE","115","113","2","2","28.70","-0.1446","-0.2000","5.84","-1.8240","3.2104","-155372","844628","-15.5372"
"KRX_RESET","DS001115","SK하이닉스","0193T0","LONG","3/20","5/10","30","76","72","4","2","35.53","-0.2142","-0.4069","10.24","-2.6011","5.0972","-155450","844550","-15.5450"
"KRX_RESET","DS001760","삼성전자","0193W0","LONG","3/30","3/20","5","155","148","7","3","32.90","-0.1011","-0.3809","13.85","-1.7152","5.1942","-155578","844422","-15.5578"
"KRX_RESET","DS003620","SK하이닉스","0197X0","SHORT","10/20","5/30","5","107","101","6","3","41.12","-0.1447","-0.4684","24.46","-7.3989","5.1074","-155912","844088","-15.5912"
"KRX_RESET","DS003815","SK하이닉스","0197X0","SHORT","20/30","5/30","30","60","59","1","2","28.33","-0.2736","-0.6503","24.30","-3.2158","3.8268","-156478","843522","-15.6478"
"KRX_RESET","DS001200","삼성전자","0193L0","SHORT","5/20","5/10","50","93","89","4","2","31.18","-0.1802","-0.2915","10.42","-1.5995","2.7625","-156509","843491","-15.6509"
"KRX_RESET","DS004236","SK하이닉스","0193T0","LONG","10/30","10/30","50","33","30","3","2","21.21","-0.4979","-0.8505","23.91","-2.5512","8.4957","-156515","843485","-15.6515"
"KRX_RESET","DS000249","SK하이닉스","0193T0","LONG","10/20","3/5","10","125","122","3","1","27.20","-0.1313","-0.3060","4.99","-2.1595","5.9960","-156618","843382","-15.6618"
"KRX_RESET","DS002038","SK하이닉스","0197X0","SHORT","5/10","5/20","20","140","134","6","4","28.57","-0.1066","-0.4914","16.37","-2.5823","7.9352","-156719","843281","-15.6719"
"KRX_RESET","DS004295","SK하이닉스","0197X0","SHORT","20/30","10/30","30","60","58","2","2","33.33","-0.2699","-0.4196","27.50","-4.0382","5.5718","-157193","842807","-15.7193"
"KRX_RESET","DS002567","SK하이닉스","0197X0","SHORT","3/20","10/20","30","92","85","7","3","31.52","-0.1735","-0.2580","18.37","-3.8309","5.1769","-157597","842403","-15.7597"
"KRX_RESET","DS003297","삼성전자","0193W0","LONG","10/30","3/30","10","112","108","4","2","28.57","-0.1467","-0.4602","17.94","-1.7816","5.0332","-157722","842278","-15.7722"
"KRX_RESET","DS003684","삼성전자","0193W0","LONG","3/30","5/30","50","84","80","4","3","26.19","-0.1976","-0.4222","18.19","-1.7152","4.1420","-157736","842264","-15.7736"
"KRX_RESET","DS000384","삼성전자","0193L0","SHORT","5/30","3/5","50","80","78","2","2","21.25","-0.2135","-0.2552","5.25","-1.1809","1.0312","-157867","842133","-15.7867"
"KRX_RESET","DS000755","삼성전자","0193W0","LONG","10/20","3/10","30","72","67","5","2","20.83","-0.2356","-0.3077","7.69","-1.6273","3.5112","-157986","842014","-15.7986"
"KRX_RESET","DS000730","SK하이닉스","0193T0","LONG","10/20","3/10","20","59","57","2","1","25.42","-0.2856","-0.4415","9.00","-3.3434","5.1035","-158059","841941","-15.8059"
"KRX_RESET","DS002085","SK하이닉스","0197X0","SHORT","3/20","5/20","10","163","156","7","3","34.97","-0.0944","-0.3227","18.67","-2.9950","4.9908","-158228","841772","-15.8228"
"KRX_RESET","DS004752","삼성전자","0193L0","SHORT","10/30","20/30","50","59","51","8","2","25.42","-0.2850","-0.3067","26.63","-3.9714","3.4171","-158488","841512","-15.8488"
"KRX_RESET","DS001870","삼성전자","0193L0","SHORT","10/30","3/20","20","87","82","5","3","28.74","-0.1953","-0.3374","15.31","-1.7917","3.5841","-158884","841116","-15.8884"
"KRX_RESET","DS003622","SK하이닉스","0197X0","SHORT","10/20","5/30","20","73","70","3","2","36.99","-0.2269","-0.5204","22.21","-2.5653","5.1074","-159030","840970","-15.9030"
"KRX_RESET","DS004234","SK하이닉스","0193T0","LONG","10/30","10/30","20","74","68","6","2","25.68","-0.2104","-0.7260","25.62","-3.3697","10.3433","-159225","840775","-15.9225"
"KRX_RESET","DS001880","SK하이닉스","0193T0","LONG","20/30","3/20","5","51","50","1","2","21.57","-0.3326","-0.5604","13.47","-2.1443","6.1754","-159585","840415","-15.9585"
"KRX_RESET","DS000259","SK하이닉스","0197X0","SHORT","10/20","3/5","NONE","149","146","3","2","34.23","-0.1130","-0.2000","5.87","-2.3105","3.7637","-159774","840226","-15.9774"
"KRX_RESET","DS002387","삼성전자","0193W0","LONG","20/30","5/20","30","47","44","3","1","27.66","-0.3656","-0.5574","13.77","-1.7271","3.2761","-160233","839767","-16.0233"
"KRX_RESET","DS004136","SK하이닉스","0193T0","LONG","3/30","10/30","5","118","108","10","4","30.51","-0.1166","-0.5543","28.40","-3.1497","11.3535","-160320","839680","-16.0320"
"KRX_RESET","DS000285","삼성전자","0193L0","SHORT","10/20","3/5","10","150","148","2","2","34.00","-0.1147","-0.2000","5.25","-1.5438","2.6459","-160370","839630","-16.0370"
"KRX_RESET","DS002709","SK하이닉스","0197X0","SHORT","3/30","10/20","10","125","117","8","3","36.00","-0.1243","-0.3649","21.82","-3.8309","5.9560","-160584","839416","-16.0584"
"KRX_RESET","DS001785","SK하이닉스","0193T0","LONG","5/30","3/20","10","89","85","4","2","31.46","-0.1805","-0.4717","14.76","-2.6011","6.8071","-160594","839406","-16.0594"
"KRX_RESET","DS000478","삼성전자","0193L0","SHORT","20/30","3/5","20","104","103","1","1","26.92","-0.1659","-0.2000","5.69","-1.8240","3.2104","-160681","839319","-16.0681"
"KRX_RESET","DS001810","삼성전자","0193W0","LONG","5/30","3/20","20","98","93","5","2","34.69","-0.1734","-0.4366","13.89","-1.6291","5.0254","-160713","839287","-16.0713"
"KRX_RESET","DS001223","SK하이닉스","0197X0","SHORT","10/20","5/10","30","76","74","2","1","28.95","-0.2252","-0.2916","10.38","-2.3356","3.1364","-160722","839278","-16.0722"
"KRX_RESET","DS001510","SK하이닉스","0197X0","SHORT","3/10","3/20","20","143","137","6","3","31.47","-0.1122","-0.4743","14.79","-4.1518","5.5772","-160740","839260","-16.0740"
"KRX_RESET","DS000320","삼성전자","0193W0","LONG","3/30","3/5","5","155","153","2","2","32.26","-0.1095","-0.2865","4.99","-1.7052","5.1846","-160819","839181","-16.0819"
"KRX_RESET","DS004163","삼성전자","0193W0","LONG","3/30","10/30","30","77","70","7","3","31.17","-0.2200","-0.5099","22.64","-2.6117","3.8617","-160836","839164","-16.0836"
"KRX_RESET","DS000672","삼성전자","0193L0","SHORT","3/20","3/10","50","111","108","3","3","27.93","-0.1544","-0.2923","9.50","-2.0207","2.9987","-160947","839053","-16.0947"
"KRX_RESET","DS003331","SK하이닉스","0197X0","SHORT","20/30","3/30","NONE","106","101","5","3","38.68","-0.1532","-0.4000","23.71","-4.5636","3.6926","-160996","839004","-16.0996"
"KRX_RESET","DS000311","SK하이닉스","0197X0","SHORT","3/30","3/5","30","80","77","3","1","28.75","-0.2176","-0.2224","5.18","-1.7605","2.0967","-161342","838658","-16.1342"
"KRX_RESET","DS003094","SK하이닉스","0197X0","SHORT","5/20","3/30","20","80","75","5","3","28.75","-0.2146","-0.5216","17.25","-1.5740","4.8204","-161474","838526","-16.1474"
"KRX_RESET","DS004438","SK하이닉스","0197X0","SHORT","5/10","20/30","20","140","122","18","4","36.43","-0.1011","-0.5143","26.26","-3.5201","8.1994","-161588","838412","-16.1588"
"KRX_RESET","DS002195","삼성전자","0193W0","LONG","10/20","5/20","30","72","67","5","2","26.39","-0.2410","-0.4000","14.64","-1.5114","2.6978","-161596","838404","-16.1596"
"KRX_RESET","DS001162","SK하이닉스","0193T0","LONG","5/20","5/10","20","62","59","3","1","30.65","-0.2803","-0.4728","10.15","-2.0987","2.0250","-161610","838390","-16.1610"
"KRX_RESET","DS001440","삼성전자","0193L0","SHORT","20/30","5/10","50","57","55","2","2","21.05","-0.3048","-0.4288","9.25","-2.0333","2.5842","-161765","838235","-16.1765"
"KRX_RESET","DS001116","SK하이닉스","0193T0","LONG","3/20","5/10","50","68","67","1","2","36.76","-0.2543","-0.3714","9.84","-2.5026","2.7247","-161781","838219","-16.1781"
"KRX_RESET","DS003731","삼성전자","0193W0","LONG","5/30","5/30","30","66","62","4","2","28.79","-0.2627","-0.4351","16.32","-1.7244","2.9086","-161810","838190","-16.1810"
"KRX_RESET","DS001904","삼성전자","0193W0","LONG","20/30","3/20","5","73","71","2","2","27.40","-0.2368","-0.4393","13.41","-1.4912","3.2761","-161847","838153","-16.1847"
"KRX_RESET","DS001211","SK하이닉스","0193T0","LONG","10/20","5/10","30","59","56","3","1","23.73","-0.2946","-0.4415","8.54","-1.9523","4.1228","-161994","838006","-16.1994"
"KRX_RESET","DS001439","삼성전자","0193L0","SHORT","20/30","5/10","30","53","50","3","1","20.75","-0.3307","-0.4155","8.34","-2.0333","2.2277","-162327","837673","-16.2327"
"KRX_RESET","DS001824","삼성전자","0193L0","SHORT","5/30","3/20","50","80","77","3","2","28.75","-0.2182","-0.4068","15.06","-1.3932","4.0482","-162561","837439","-16.2561"
"KRX_RESET","DS001236","삼성전자","0193W0","LONG","10/20","5/10","50","71","69","2","2","19.72","-0.2460","-0.3594","8.65","-2.3590","3.7956","-163003","836997","-16.3003"
"KRX_RESET","DS000308","SK하이닉스","0197X0","SHORT","3/30","3/5","5","136","131","5","1","29.41","-0.1281","-0.2000","5.49","-1.7605","3.7637","-163010","836990","-16.3010"
"KRX_RESET","DS001140","삼성전자","0193W0","LONG","3/20","5/10","50","110","107","3","2","30.00","-0.1572","-0.2432","10.17","-2.2629","4.6843","-163103","836897","-16.3103"
"KRX_RESET","DS003155","삼성전자","0193W0","LONG","10/20","3/30","30","72","66","6","3","30.56","-0.2445","-0.4379","18.60","-1.5034","2.4945","-163440","836560","-16.3440"
"KRX_RESET","DS001724","삼성전자","0193L0","SHORT","10/20","3/20","5","108","105","3","2","34.26","-0.1605","-0.3104","15.78","-2.0755","3.5841","-163489","836511","-16.3489"
"KRX_RESET","DS003345","삼성전자","0193W0","LONG","20/30","3/30","10","73","70","3","1","32.88","-0.2383","-0.5550","18.26","-1.8749","3.6287","-163728","836272","-16.3728"
"KRX_RESET","DS003044","SK하이닉스","0197X0","SHORT","3/20","3/30","5","183","172","11","3","33.88","-0.0845","-0.4315","21.79","-6.2714","4.8204","-163731","836269","-16.3731"
"KRX_RESET","DS004091","SK하이닉스","0193T0","LONG","10/20","10/30","30","59","52","7","3","25.42","-0.2709","-0.7461","22.34","-2.6989","10.2005","-163737","836263","-16.3737"
"KRX_RESET","DS004044","SK하이닉스","0193T0","LONG","5/20","10/30","50","57","54","3","4","26.32","-0.2843","-0.7408","27.00","-2.9079","9.2110","-163907","836093","-16.3907"
"KRX_RESET","DS001152","삼성전자","0193L0","SHORT","3/20","5/10","50","111","107","4","3","27.93","-0.1573","-0.3079","10.57","-1.4811","3.1670","-163996","836004","-16.3996"
"KRX_RESET","DS002855","SK하이닉스","0197X0","SHORT","20/30","10/20","30","60","59","1","2","28.33","-0.2884","-0.5047","19.90","-3.2158","3.9611","-164004","835996","-16.4004"
"KRX_RESET","DS000176","삼성전자","0193W0","LONG","3/20","3/5","5","197","194","3","2","34.01","-0.0873","-0.2000","5.04","-2.2060","5.4012","-164462","835538","-16.4462"
"KRX_RESET","DS004522","SK하이닉스","0193T0","LONG","5/20","20/30","20","62","54","8","6","32.26","-0.2651","-0.7148","27.92","-3.1341","8.3787","-164505","835495","-16.4505"
"KRX_RESET","DS002291","삼성전자","0193W0","LONG","5/30","5/20","30","66","61","5","2","28.79","-0.2635","-0.4534","15.61","-2.2417","5.1618","-164581","835419","-16.4581"
"KRX_RESET","DS000295","SK하이닉스","0193T0","LONG","3/30","3/5","NONE","137","135","2","1","29.93","-0.1274","-0.3274","5.20","-1.7569","5.7207","-164891","835109","-16.4891"
"KRX_RESET","DS001424","삼성전자","0193W0","LONG","20/30","5/10","5","73","71","2","2","27.40","-0.2430","-0.3436","9.77","-1.5567","3.0746","-164916","835084","-16.4916"
"KRX_RESET","DS002758","SK하이닉스","0197X0","SHORT","5/30","10/20","20","87","84","3","2","35.63","-0.1933","-0.3649","21.25","-4.0363","5.0917","-165163","834837","-16.5163"
"KRX_RESET","DS004103","SK하이닉스","0197X0","SHORT","10/20","10/30","30","76","69","7","3","36.84","-0.2250","-0.3299","25.54","-3.8721","6.1428","-165165","834835","-16.5165"
"KRX_RESET","DS002208","삼성전자","0193L0","SHORT","10/20","5/20","50","71","67","4","2","26.76","-0.2505","-0.3832","16.68","-2.1130","3.1945","-165173","834827","-16.5173"
"KRX_RESET","DS001668","삼성전자","0193W0","LONG","5/20","3/20","50","88","85","3","2","32.95","-0.2001","-0.4147","13.51","-2.3630","3.6489","-165307","834693","-16.5307"
"KRX_RESET","DS002240","삼성전자","0193W0","LONG","3/30","5/20","5","155","147","8","3","32.90","-0.1066","-0.3900","16.49","-2.2417","5.1333","-165777","834223","-16.5777"
"KRX_RESET","DS002374","SK하이닉스","0197X0","SHORT","20/30","5/20","20","98","95","3","3","36.73","-0.1775","-0.2886","17.34","-4.5636","3.1758","-165781","834219","-16.5781"
"KRX_RESET","DS000168","SK하이닉스","0197X0","SHORT","3/20","3/5","50","108","104","4","1","30.56","-0.1646","-0.2479","5.22","-1.5731","3.7141","-165842","834158","-16.5842"
"KRX_RESET","DS001595","SK하이닉스","0193T0","LONG","3/20","3/20","30","76","72","4","1","26.32","-0.2313","-0.5513","12.72","-2.6011","3.6075","-165986","834014","-16.5986"
"KRX_RESET","DS002843","SK하이닉스","0193T0","LONG","20/30","10/20","30","43","41","2","2","23.26","-0.4132","-0.6240","17.00","-2.6167","4.7482","-166243","833757","-16.6243"
"KRX_RESET","DS003190","SK하이닉스","0197X0","SHORT","3/30","3/30","20","109","100","9","1","32.11","-0.1589","-0.4786","17.40","-2.4797","5.6824","-166374","833626","-16.6374"
"KRX_RESET","DS001783","SK하이닉스","0193T0","LONG","5/30","3/20","NONE","110","106","4","2","30.91","-0.1513","-0.4504","14.94","-2.6011","6.8071","-166385","833615","-16.6385"
"KRX_RESET","DS001124","SK하이닉스","0197X0","SHORT","3/20","5/10","5","183","178","5","2","38.80","-0.0911","-0.2857","11.74","-2.6913","4.6968","-166454","833546","-16.6454"
"KRX_RESET","DS004127","삼성전자","0193L0","SHORT","10/20","10/30","30","76","71","5","4","28.95","-0.2326","-0.4290","27.80","-3.0369","3.0516","-166565","833435","-16.6565"
"KRX_RESET","DS001078","SK하이닉스","0197X0","SHORT","5/10","5/10","20","140","137","3","2","35.00","-0.1226","-0.3961","10.29","-2.5823","6.7202","-166597","833403","-16.6597"
"KRX_RESET","DS004668","SK하이닉스","0193T0","LONG","5/30","20/30","50","39","38","1","3","28.21","-0.4565","-0.7790","27.41","-2.6461","5.3383","-166660","833340","-16.6660"
"KRX_RESET","DS000728","SK하이닉스","0193T0","LONG","10/20","3/10","5","96","93","3","1","32.29","-0.1846","-0.4005","8.86","-2.1095","5.1035","-166718","833282","-16.6718"
"KRX_RESET","DS003308","삼성전자","0193L0","SHORT","10/30","3/30","5","83","77","6","2","26.51","-0.2153","-0.4896","21.17","-1.7917","2.8050","-166794","833206","-16.6794"
"KRX_RESET","DS004184","SK하이닉스","0193T0","LONG","5/30","10/30","5","108","97","11","3","27.78","-0.1372","-0.4955","26.58","-2.9810","10.9183","-166823","833177","-16.6823"
"KRX_RESET","DS001425","삼성전자","0193W0","LONG","20/30","5/10","10","73","70","3","1","24.66","-0.2461","-0.3136","8.78","-1.9736","3.0746","-166845","833155","-16.6845"
"KRX_RESET","DS000442","SK하이닉스","0193T0","LONG","20/30","3/5","20","83","82","1","2","22.89","-0.2169","-0.3288","4.81","-1.9383","3.6516","-166878","833122","-16.6878"
"KRX_RESET","DS004185","SK하이닉스","0193T0","LONG","5/30","10/30","10","89","81","8","3","26.97","-0.1753","-0.5942","27.46","-2.9810","10.9183","-167030","832970","-16.7030"
"KRX_RESET","DS003764","SK하이닉스","0197X0","SHORT","10/30","5/30","5","89","85","4","3","40.45","-0.1889","-0.5212","23.80","-7.1335","4.4302","-167284","832716","-16.7284"
"KRX_RESET","DS003588","삼성전자","0193W0","LONG","5/20","5/30","50","88","84","4","4","35.23","-0.1999","-0.3909","21.66","-4.9105","4.1420","-167421","832579","-16.7421"
"KRX_RESET","DS000549","SK하이닉스","0197X0","SHORT","3/10","3/10","10","158","153","5","1","31.65","-0.1086","-0.3468","9.75","-2.2883","5.6364","-167491","832509","-16.7491"
"KRX_RESET","DS004186","SK하이닉스","0193T0","LONG","5/30","10/30","20","74","67","7","2","29.73","-0.2280","-0.5351","24.86","-2.9810","8.9445","-167621","832379","-16.7621"
"KRX_RESET","DS001823","삼성전자","0193L0","SHORT","5/30","3/20","30","72","68","4","2","26.39","-0.2504","-0.4656","14.74","-1.8577","4.0482","-167773","832227","-16.7773"
"KRX_RESET","DS000598","SK하이닉스","0197X0","SHORT","5/10","3/10","20","140","137","3","2","32.86","-0.1235","-0.3556","8.87","-2.4275","7.0900","-167966","832034","-16.7966"
"KRX_RESET","DS003106","삼성전자","0193W0","LONG","5/20","3/30","20","83","78","5","4","30.12","-0.2169","-0.4576","16.90","-3.4934","3.3948","-168035","831965","-16.8035"
"KRX_RESET","DS001919","삼성전자","0193L0","SHORT","20/30","3/20","30","53","49","4","1","18.87","-0.3424","-0.3960","13.74","-2.0333","2.9527","-168070","831930","-16.8070"
"KRX_RESET","DS004066","삼성전자","0193W0","LONG","5/20","10/30","20","83","77","6","4","32.53","-0.2133","-0.5093","24.19","-3.8228","5.7720","-168506","831494","-16.8506"
"KRX_RESET","DS002315","SK하이닉스","0193T0","LONG","10/30","5/20","30","40","37","3","1","25.00","-0.4572","-0.6075","15.83","-1.9058","3.5428","-168949","831051","-16.8949"
"KRX_RESET","DS000635","SK하이닉스","0193T0","LONG","3/20","3/10","30","76","72","4","2","32.89","-0.2384","-0.3982","8.87","-1.8949","4.0226","-169165","830835","-16.9165"
"KRX_RESET","DS003766","SK하이닉스","0197X0","SHORT","10/30","5/30","20","91","88","3","3","40.66","-0.1870","-0.5212","24.65","-7.1335","4.4302","-169224","830776","-16.9224"
"KRX_RESET","DS000648","SK하이닉스","0197X0","SHORT","3/20","3/10","50","108","104","4","2","34.26","-0.1643","-0.2999","9.49","-1.7961","4.4133","-169313","830687","-16.9313"
"KRX_RESET","DS002864","삼성전자","0193W0","LONG","20/30","10/20","5","73","70","3","2","26.03","-0.2463","-0.4720","17.59","-1.8749","4.4851","-169445","830555","-16.9445"
"KRX_RESET","DS002132","SK하이닉스","0197X0","SHORT","5/20","5/20","5","170","164","6","2","31.76","-0.1004","-0.4117","16.65","-2.7606","4.9908","-169457","830543","-16.9457"
"KRX_RESET","DS002556","SK하이닉스","0193T0","LONG","3/20","10/20","50","68","67","1","3","32.35","-0.2593","-0.4738","20.88","-2.7522","6.2717","-169469","830531","-16.9469"
"KRX_RESET","DS001389","삼성전자","0193L0","SHORT","10/30","5/10","10","107","105","2","3","32.71","-0.1712","-0.2000","10.13","-1.5721","2.3042","-169518","830482","-16.9518"
"KRX_RESET","DS002292","삼성전자","0193W0","LONG","5/30","5/20","50","70","66","4","2","28.57","-0.2573","-0.4768","14.63","-2.2417","5.1618","-169813","830187","-16.9813"
"KRX_RESET","DS000756","삼성전자","0193W0","LONG","10/20","3/10","50","71","69","2","2","19.72","-0.2601","-0.3030","7.21","-1.7098","3.5112","-170528","829472","-17.0528"
"KRX_RESET","DS002364","SK하이닉스","0193T0","LONG","20/30","5/20","50","35","31","4","2","22.86","-0.5287","-0.6655","16.43","-2.1443","3.0221","-170537","829463","-17.0537"
"KRX_RESET","DS000778","SK하이닉스","0193T0","LONG","3/30","3/10","20","80","77","3","2","31.25","-0.2304","-0.3545","9.40","-2.0508","1.7144","-170569","829431","-17.0569"
"KRX_RESET","DS002672","삼성전자","0193W0","LONG","10/20","10/20","5","115","106","9","1","37.39","-0.1541","-0.3542","18.64","-4.6634","6.2549","-170582","829418","-17.0582"
"KRX_RESET","DS001533","삼성전자","0193L0","SHORT","3/10","3/20","10","174","169","5","4","33.33","-0.1002","-0.3220","15.30","-2.2542","4.9605","-170645","829355","-17.0645"
"KRX_RESET","DS000428","삼성전자","0193L0","SHORT","10/30","3/5","5","83","82","1","2","28.92","-0.2238","-0.2000","4.71","-1.7917","1.5764","-170712","829288","-17.0712"
"KRX_RESET","DS003312","삼성전자","0193L0","SHORT","10/30","3/30","50","59","54","5","2","22.03","-0.3118","-0.4583","20.24","-4.1429","2.8050","-170812","829188","-17.0812"
"KRX_RESET","DS002688","삼성전자","0193L0","SHORT","10/20","10/20","50","71","67","4","2","25.35","-0.2593","-0.3523","18.14","-2.1130","3.1945","-170918","829082","-17.0918"
"KRX_RESET","DS004606","삼성전자","0193L0","SHORT","10/20","20/30","20","66","60","6","3","31.82","-0.2735","-0.4043","31.15","-3.5307","3.4332","-170974","829026","-17.0974"
"KRX_RESET","DS001868","삼성전자","0193L0","SHORT","10/30","3/20","5","83","79","4","2","26.51","-0.2224","-0.5138","15.42","-1.7917","3.5841","-171023","828977","-17.1023"
"KRX_RESET","DS000453","SK하이닉스","0197X0","SHORT","20/30","3/5","10","82","82","0","2","23.17","-0.2265","-0.2665","5.46","-1.6655","2.4817","-171151","828849","-17.1151"
"KRX_RESET","DS004692","삼성전자","0193W0","LONG","5/30","20/30","50","70","67","3","4","25.71","-0.2554","-0.4512","22.61","-2.7994","6.0988","-171261","828739","-17.1261"
"KRX_RESET","DS003156","삼성전자","0193W0","LONG","10/20","3/30","50","71","67","4","3","28.17","-0.2596","-0.4061","19.14","-4.2726","3.4324","-171362","828638","-17.1362"
"KRX_RESET","DS000240","삼성전자","0193L0","SHORT","5/20","3/5","50","93","91","2","2","25.81","-0.2007","-0.2494","4.89","-1.3874","1.7593","-171374","828626","-17.1374"
"KRX_RESET","DS003320","SK하이닉스","0193T0","LONG","20/30","3/30","5","51","49","2","2","21.57","-0.3571","-0.6764","18.80","-2.4035","6.2442","-171409","828591","-17.1409"
"KRX_RESET","DS000895","삼성전자","0193W0","LONG","10/30","3/10","NONE","116","113","3","2","24.14","-0.1582","-0.2949","7.91","-1.7098","3.7654","-171453","828547","-17.1453"
"KRX_RESET","DS003143","SK하이닉스","0197X0","SHORT","10/20","3/30","30","76","70","6","2","31.58","-0.2409","-0.3638","19.39","-2.1275","4.2534","-171477","828523","-17.1477"
"KRX_RESET","DS003667","SK하이닉스","0197X0","SHORT","3/30","5/30","NONE","163","151","12","3","35.58","-0.1015","-0.5021","22.72","-2.5988","5.8723","-171751","828249","-17.1751"
"KRX_RESET","DS004608","삼성전자","0193L0","SHORT","10/20","20/30","50","71","61","10","5","28.17","-0.2572","-0.3142","28.46","-3.0132","3.4332","-171757","828243","-17.1757"
"KRX_RESET","DS002172","SK하이닉스","0193T0","LONG","10/20","5/20","50","45","42","3","2","24.44","-0.4127","-0.5661","15.60","-1.9149","2.8397","-171881","828119","-17.1881"
"KRX_RESET","DS000692","SK하이닉스","0197X0","SHORT","5/20","3/10","5","170","168","2","1","37.65","-0.1048","-0.2804","9.59","-2.6913","4.4133","-171966","828034","-17.1966"
"KRX_RESET","DS004183","SK하이닉스","0193T0","LONG","5/30","10/30","NONE","110","99","11","3","27.27","-0.1407","-0.4817","26.17","-2.9810","10.9183","-172310","827690","-17.2310"
"KRX_RESET","DS000069","SK하이닉스","0197X0","SHORT","3/10","3/5","10","158","153","5","2","32.91","-0.1151","-0.2604","5.70","-1.8832","5.9490","-172427","827573","-17.2427"
"KRX_RESET","DS002592","삼성전자","0193L0","SHORT","3/20","10/20","50","111","104","7","4","32.43","-0.1642","-0.3097","19.35","-1.7851","4.0649","-172866","827134","-17.2866"
"KRX_RESET","DS003202","삼성전자","0193W0","LONG","3/30","3/30","20","104","99","5","2","28.85","-0.1773","-0.4058","14.41","-1.8227","3.6560","-172975","827025","-17.2975"
"KRX_RESET","DS001091","삼성전자","0193W0","LONG","5/10","5/10","30","146","142","4","3","27.40","-0.1244","-0.2815","9.10","-1.6602","5.0089","-173064","826936","-17.3064"
"KRX_RESET","DS002352","삼성전자","0193L0","SHORT","10/30","5/20","50","59","54","5","2","20.34","-0.3183","-0.5269","15.71","-1.6199","3.1945","-173167","826833","-17.3167"
"KRX_RESET","DS004006","SK하이닉스","0197X0","SHORT","3/20","10/30","20","97","89","8","3","34.02","-0.1853","-0.4201","22.56","-2.7017","6.7199","-173235","826765","-17.3235"
"KRX_RESET","DS002566","SK하이닉스","0197X0","SHORT","3/20","10/20","20","97","88","9","3","35.05","-0.1865","-0.2536","18.69","-3.4258","5.2387","-173546","826454","-17.3546"
"KRX_RESET","DS000261","SK하이닉스","0197X0","SHORT","10/20","3/5","10","138","136","2","2","33.33","-0.1347","-0.2510","5.56","-2.3105","3.7637","-173593","826407","-17.3593"
"KRX_RESET","DS001343","삼성전자","0193L0","SHORT","5/30","5/10","30","72","68","4","1","23.61","-0.2611","-0.3874","9.65","-2.0504","3.0996","-173647","826353","-17.3647"
"KRX_RESET","DS001680","삼성전자","0193L0","SHORT","5/20","3/20","50","93","88","5","2","24.73","-0.2013","-0.3644","13.69","-1.5995","4.0482","-173686","826314","-17.3686"
"KRX_RESET","DS000804","삼성전자","0193W0","LONG","3/30","3/10","50","84","83","1","2","29.76","-0.2234","-0.3602","8.04","-1.7152","4.6843","-173717","826283","-17.3717"
"KRX_RESET","DS004499","삼성전자","0193W0","LONG","3/20","20/30","30","106","97","9","5","31.13","-0.1693","-0.2895","20.98","-2.4506","7.6623","-173786","826214","-17.3786"
"KRX_RESET","DS003636","삼성전자","0193W0","LONG","10/20","5/30","50","71","67","4","3","29.58","-0.2621","-0.5056","21.10","-4.9105","3.7230","-174031","825969","-17.4031"
"KRX_RESET","DS000283","삼성전자","0193L0","SHORT","10/20","3/5","NONE","161","159","2","2","32.92","-0.1171","-0.2000","5.20","-1.5438","2.6459","-174099","825901","-17.4099"
"KRX_RESET","DS002639","삼성전자","0193L0","SHORT","5/20","10/20","30","93","88","5","3","36.56","-0.2003","-0.3188","19.55","-2.4539","3.6569","-174402","825598","-17.4402"
"KRX_RESET","DS001834","SK하이닉스","0193T0","LONG","10/30","3/20","20","74","72","2","2","24.32","-0.2487","-0.4930","14.68","-2.0006","8.4197","-174589","825411","-17.4589"
"KRX_RESET","DS002303","삼성전자","0193L0","SHORT","5/30","5/20","30","72","68","4","2","27.78","-0.2614","-0.4655","17.79","-2.0504","3.6569","-174731","825269","-17.4731"
"KRX_RESET","DS003491","삼성전자","0193W0","LONG","5/10","5/30","30","146","139","7","7","26.71","-0.1030","-0.4501","20.19","-1.9749","7.5371","-174822","825178","-17.4822"
"KRX_RESET","DS003564","SK하이닉스","0193T0","LONG","5/20","5/30","50","57","54","3","3","26.32","-0.3255","-0.6614","20.98","-3.0046","5.5478","-174828","825172","-17.4828"
"KRX_RESET","DS004728","SK하이닉스","0197X0","SHORT","10/30","20/30","50","57","54","3","4","33.33","-0.3164","-0.4274","26.19","-4.0889","7.3362","-175174","824826","-17.5174"
"KRX_RESET","DS002196","삼성전자","0193W0","LONG","10/20","5/20","50","71","68","3","2","23.94","-0.2662","-0.4313","14.06","-2.3590","3.7593","-175196","824804","-17.5196"
"KRX_RESET","DS003132","SK하이닉스","0193T0","LONG","10/20","3/30","50","45","43","2","2","22.22","-0.4166","-0.6217","18.78","-2.7218","5.6933","-175287","824713","-17.5287"
"KRX_RESET","DS001208","SK하이닉스","0193T0","LONG","10/20","5/10","5","96","93","3","1","33.33","-0.1953","-0.3961","9.73","-2.5618","5.2213","-175435","824565","-17.5435"
"KRX_RESET","DS002148","삼성전자","0193W0","LONG","5/20","5/20","50","88","85","3","1","36.36","-0.2137","-0.2447","14.72","-2.6145","3.7216","-175468","824532","-17.5468"
"KRX_RESET","DS002663","SK하이닉스","0197X0","SHORT","10/20","10/20","30","76","72","4","1","32.89","-0.2446","-0.4486","18.71","-3.8721","4.5233","-175554","824446","-17.5554"
"KRX_RESET","DS001375","삼성전자","0193W0","LONG","10/30","5/10","NONE","116","112","4","2","25.86","-0.1624","-0.3060","8.10","-1.4729","4.0196","-175731","824269","-17.5731"
"KRX_RESET","DS001344","삼성전자","0193L0","SHORT","5/30","5/10","50","80","77","3","2","27.50","-0.2391","-0.3874","9.46","-1.3405","2.7625","-175747","824253","-17.5747"
"KRX_RESET","DS003252","삼성전자","0193W0","LONG","5/30","3/30","50","70","67","3","1","25.71","-0.2721","-0.4902","14.84","-1.5252","3.4324","-175870","824130","-17.5870"
"KRX_RESET","DS002818","삼성전자","0193W0","LONG","10/30","10/20","20","87","83","4","2","27.59","-0.2139","-0.5857","17.72","-1.9964","5.4431","-176004","823996","-17.6004"
"KRX_RESET","DS003825","삼성전자","0193W0","LONG","20/30","5/30","10","73","68","5","1","28.77","-0.2577","-0.5606","19.30","-2.1130","5.5431","-176438","823562","-17.6438"
"KRX_RESET","DS000731","SK하이닉스","0193T0","LONG","10/20","3/10","30","59","56","3","1","20.34","-0.3248","-0.4005","7.97","-1.9163","4.1228","-176474","823526","-17.6474"
"KRX_RESET","DS000864","삼성전자","0193L0","SHORT","5/30","3/10","50","80","78","2","2","26.25","-0.2411","-0.3418","8.38","-1.1877","2.5949","-176704","823296","-17.6704"
"KRX_RESET","DS000872","SK하이닉스","0193T0","LONG","10/30","3/10","5","73","72","1","2","24.66","-0.2610","-0.4328","8.40","-1.7538","4.7941","-176869","823131","-17.6869"
"KRX_RESET","DS003060","삼성전자","0193W0","LONG","3/20","3/30","50","110","105","5","6","29.09","-0.1684","-0.3609","17.53","-4.1784","3.9182","-176936","823064","-17.6936"
"KRX_RESET","DS002158","삼성전자","0193L0","SHORT","5/20","5/20","20","83","78","5","1","27.71","-0.2312","-0.3310","16.22","-1.9747","2.2419","-177076","822924","-17.7076"
"KRX_RESET","DS004223","삼성전자","0193L0","SHORT","5/30","10/30","30","72","67","5","2","19.44","-0.2637","-0.5027","24.25","-1.8577","3.3774","-177136","822864","-17.7136"
"KRX_RESET","DS003275","SK하이닉스","0193T0","LONG","10/30","3/30","30","40","38","2","1","25.00","-0.4815","-0.7782","18.70","-1.8795","2.6311","-177207","822793","-17.7207"
"KRX_RESET","DS001857","삼성전자","0193W0","LONG","10/30","3/20","10","112","107","5","2","25.89","-0.1693","-0.4312","13.01","-1.7816","4.2230","-177303","822697","-17.7303"
"KRX_RESET","DS001691","SK하이닉스","0193T0","LONG","10/20","3/20","30","59","55","4","2","23.73","-0.3247","-0.6217","12.66","-1.8811","3.6425","-177497","822503","-17.7497"
"KRX_RESET","DS004592","삼성전자","0193W0","LONG","10/20","20/30","5","115","103","12","3","33.04","-0.1466","-0.4308","30.14","-5.1068","7.3307","-177701","822299","-17.7701"
"KRX_RESET","DS002192","삼성전자","0193W0","LONG","10/20","5/20","5","115","107","8","2","32.17","-0.1632","-0.3542","16.07","-3.0586","5.0254","-177970","822030","-17.7970"
"KRX_RESET","DS002756","SK하이닉스","0197X0","SHORT","5/30","10/20","5","126","122","4","3","38.10","-0.1408","-0.3410","22.73","-4.0363","5.0917","-177972","822028","-17.7972"
"KRX_RESET","DS003804","SK하이닉스","0193T0","LONG","20/30","5/30","50","35","29","6","2","17.14","-0.5496","-0.7283","20.77","-2.5136","6.2442","-178370","821630","-17.8370"
"KRX_RESET","DS003706","SK하이닉스","0193T0","LONG","5/30","5/30","20","74","68","6","1","25.68","-0.2504","-0.6010","20.43","-2.2997","8.9445","-178385","821615","-17.8385"
"KRX_RESET","DS000466","삼성전자","0193W0","LONG","20/30","3/5","20","106","102","4","2","26.42","-0.1830","-0.2845","5.10","-1.2676","3.3264","-178439","821561","-17.8439"
"KRX_RESET","DS002755","SK하이닉스","0197X0","SHORT","5/30","10/20","NONE","127","123","4","3","37.80","-0.1402","-0.3203","22.73","-4.0363","5.0917","-178571","821429","-17.8571"
"KRX_RESET","DS003238","SK하이닉스","0197X0","SHORT","5/30","3/30","20","87","84","3","2","32.18","-0.2186","-0.5238","19.29","-2.4368","4.8204","-178649","821351","-17.8649"
"KRX_RESET","DS001776","삼성전자","0193L0","SHORT","3/30","3/20","50","87","81","6","2","20.69","-0.2217","-0.2914","15.18","-3.1244","4.4577","-178810","821190","-17.8810"
"KRX_RESET","DS001435","삼성전자","0193L0","SHORT","20/30","5/10","NONE","115","110","5","2","30.43","-0.1680","-0.2527","10.28","-2.0333","2.5842","-178905","821095","-17.8905"
"KRX_RESET","DS000863","삼성전자","0193L0","SHORT","5/30","3/10","30","72","69","3","1","23.61","-0.2711","-0.3720","7.93","-1.8577","2.5949","-178930","821070","-17.8930"
"KRX_RESET","DS001031","SK하이닉스","0197X0","SHORT","3/10","5/10","30","150","148","2","3","34.67","-0.1230","-0.2967","11.50","-2.2576","4.7976","-179033","820967","-17.9033"
"KRX_RESET","DS003093","SK하이닉스","0197X0","SHORT","5/20","3/30","10","139","133","6","2","35.25","-0.1256","-0.4778","22.37","-7.2537","4.8204","-179195","820805","-17.9195"
"KRX_RESET","DS001747","SK하이닉스","0197X0","SHORT","3/30","3/20","NONE","163","155","8","3","36.20","-0.1109","-0.4232","17.53","-4.9482","4.9984","-179386","820614","-17.9386"
"KRX_RESET","DS001716","삼성전자","0193W0","LONG","10/20","3/20","50","71","68","3","2","22.54","-0.2740","-0.4624","12.39","-1.3990","3.6867","-179428","820572","-17.9428"
"KRX_RESET","DS000670","삼성전자","0193L0","SHORT","3/20","3/10","20","102","100","2","3","29.41","-0.1897","-0.3006","10.02","-2.0207","2.9987","-179487","820513","-17.9487"
"KRX_RESET","DS001692","SK하이닉스","0193T0","LONG","10/20","3/20","50","45","43","2","2","22.22","-0.4344","-0.6217","12.89","-1.8811","2.5295","-179522","820478","-17.9522"
"KRX_RESET","DS003058","삼성전자","0193W0","LONG","3/20","3/30","20","101","94","7","5","26.73","-0.1901","-0.3250","16.58","-4.1784","3.6560","-179527","820473","-17.9527"
"KRX_RESET","DS003187","SK하이닉스","0197X0","SHORT","3/30","3/30","NONE","163","154","9","1","33.13","-0.1133","-0.4743","17.18","-2.4797","5.6824","-179573","820427","-17.9573"
"KRX_RESET","DS001715","삼성전자","0193W0","LONG","10/20","3/20","30","72","66","6","2","25.00","-0.2712","-0.4654","13.33","-1.5921","3.1045","-179583","820417","-17.9583"
"KRX_RESET","DS004112","삼성전자","0193W0","LONG","10/20","10/30","5","115","102","13","3","35.65","-0.1579","-0.5162","26.95","-5.2049","7.3307","-179601","820399","-17.9601"
"KRX_RESET","DS004584","SK하이닉스","0197X0","SHORT","10/20","20/30","50","67","60","7","3","35.82","-0.2785","-0.3826","28.01","-4.0889","6.4858","-179868","820132","-17.9868"
"KRX_RESET","DS000612","삼성전자","0193W0","LONG","5/10","3/10","50","145","142","3","2","28.28","-0.1327","-0.2427","8.41","-1.6691","5.0089","-179909","820091","-17.9909"
"KRX_RESET","DS001712","삼성전자","0193W0","LONG","10/20","3/20","5","115","107","8","2","32.17","-0.1668","-0.4546","14.06","-2.2060","5.0254","-179969","820031","-17.9969"
"KRX_RESET","DS001125","SK하이닉스","0197X0","SHORT","3/20","5/10","10","163","159","4","2","37.42","-0.1121","-0.2857","11.90","-5.3553","4.6968","-180101","819899","-18.0101"
"KRX_RESET","DS004293","SK하이닉스","0197X0","SHORT","20/30","10/30","10","82","79","3","3","39.02","-0.2288","-0.4796","26.54","-4.0382","5.5718","-180305","819695","-18.0305"
"KRX_RESET","DS001401","SK하이닉스","0193T0","LONG","20/30","5/10","10","61","61","0","3","22.95","-0.3179","-0.4628","7.56","-1.7549","5.2835","-180381","819619","-18.0381"
"KRX_RESET","DS001736","SK하이닉스","0193T0","LONG","3/30","3/20","5","118","114","4","2","29.66","-0.1534","-0.4343","16.37","-2.4631","6.6802","-180415","819585","-18.0415"
"KRX_RESET","DS004716","SK하이닉스","0193T0","LONG","10/30","20/30","50","33","31","2","2","24.24","-0.5828","-0.9626","26.21","-3.2230","8.4957","-180623","819377","-18.0623"
"KRX_RESET","DS001762","삼성전자","0193W0","LONG","3/30","3/20","20","104","99","5","2","30.77","-0.1870","-0.3915","12.71","-1.7052","4.2730","-180691","819309","-18.0691"
"KRX_RESET","DS002384","삼성전자","0193W0","LONG","20/30","5/20","5","73","71","2","2","30.14","-0.2668","-0.4531","14.92","-1.7271","3.4511","-180827","819173","-18.0827"
"KRX_RESET","DS001243","삼성전자","0193L0","SHORT","10/20","5/10","NONE","161","157","4","2","36.65","-0.1207","-0.2383","9.80","-1.5104","2.6021","-180838","819162","-18.0838"
"KRX_RESET","DS002744","SK하이닉스","0193T0","LONG","5/30","10/20","5","108","98","10","2","35.19","-0.1679","-0.4875","20.49","-3.3866","7.4106","-180870","819130","-18.0870"
"KRX_RESET","DS004116","삼성전자","0193W0","LONG","10/20","10/30","50","71","67","4","3","33.80","-0.2730","-0.5037","25.92","-5.2049","3.9046","-181140","818860","-18.1140"
"KRX_RESET","DS001176","SK하이닉스","0197X0","SHORT","5/20","5/10","50","89","88","1","2","33.71","-0.2185","-0.3598","10.28","-1.7723","4.6968","-181150","818850","-18.1150"
"KRX_RESET","DS001092","삼성전자","0193W0","LONG","5/10","5/10","50","145","142","3","2","25.52","-0.1315","-0.2726","9.09","-1.6691","5.0089","-181272","818728","-18.1272"
"KRX_RESET","DS002879","삼성전자","0193L0","SHORT","20/30","10/20","30","53","49","4","1","20.75","-0.3728","-0.3557","16.92","-2.9778","2.5655","-181454","818546","-18.1454"
"KRX_RESET","DS001632","삼성전자","0193L0","SHORT","3/20","3/20","50","111","106","5","2","26.13","-0.1773","-0.3384","12.43","-1.3828","4.4577","-181702","818298","-18.1702"
"KRX_RESET","DS001883","SK하이닉스","0193T0","LONG","20/30","3/20","30","43","42","1","2","18.60","-0.4613","-0.5462","13.19","-2.1443","3.0221","-181747","818253","-18.1747"
"KRX_RESET","DS000920","SK하이닉스","0193T0","LONG","20/30","3/10","5","51","51","0","2","17.65","-0.3895","-0.5434","7.61","-1.5605","2.6193","-181886","818114","-18.1886"
"KRX_RESET","DS000610","삼성전자","0193W0","LONG","5/10","3/10","20","147","142","5","2","31.97","-0.1323","-0.3024","8.37","-1.7052","5.0089","-181977","818023","-18.1977"
"KRX_RESET","DS002783","삼성전자","0193L0","SHORT","5/30","10/20","30","72","68","4","2","31.94","-0.2733","-0.3236","21.50","-1.8577","3.6569","-182048","817952","-18.2048"
"KRX_RESET","DS002531","삼성전자","0193W0","LONG","5/10","10/20","30","146","137","9","5","31.51","-0.1273","-0.3420","20.45","-3.0335","3.8743","-182240","817760","-18.2240"
"KRX_RESET","DS000959","삼성전자","0193L0","SHORT","20/30","3/10","30","53","51","2","1","24.53","-0.3778","-0.4284","6.85","-2.0333","1.5146","-182589","817411","-18.2589"
"KRX_RESET","DS001437","삼성전자","0193L0","SHORT","20/30","5/10","10","78","75","3","1","25.64","-0.2565","-0.2794","8.28","-2.0333","2.5633","-183302","816698","-18.3302"
"KRX_RESET","DS002183","SK하이닉스","0197X0","SHORT","10/20","5/20","30","76","71","5","2","27.63","-0.2593","-0.5506","16.55","-2.1435","3.2737","-183430","816570","-18.3430"
"KRX_RESET","DS003120","삼성전자","0193L0","SHORT","5/20","3/30","50","93","89","4","4","24.73","-0.2133","-0.3909","18.09","-1.8854","3.2656","-183572","816428","-18.3572"
"KRX_RESET","DS003824","삼성전자","0193W0","LONG","20/30","5/30","5","73","70","3","2","28.77","-0.2688","-0.5436","20.14","-2.6990","5.5431","-183781","816219","-18.3781"
"KRX_RESET","DS003310","삼성전자","0193L0","SHORT","10/30","3/30","20","87","80","7","3","28.74","-0.2291","-0.4632","20.24","-1.8237","2.8050","-183815","816185","-18.3815"
"KRX_RESET","DS003755","SK하이닉스","0193T0","LONG","10/30","5/30","30","40","36","4","1","25.00","-0.5029","-0.8485","20.18","-2.0234","3.2282","-184479","815521","-18.4479"
"KRX_RESET","DS003576","SK하이닉스","0197X0","SHORT","5/20","5/30","50","89","85","4","3","30.34","-0.2163","-0.6418","22.37","-5.0295","5.4649","-184504","815496","-18.4504"
"KRX_RESET","DS000439","SK하이닉스","0193T0","LONG","20/30","3/5","NONE","92","89","3","2","22.83","-0.2186","-0.3342","5.02","-1.9383","3.6516","-184510","815490","-18.4510"
"KRX_RESET","DS002865","삼성전자","0193W0","LONG","20/30","10/20","10","73","70","3","1","26.03","-0.2724","-0.5741","16.77","-1.8749","4.4851","-184553","815447","-18.4553"
"KRX_RESET","DS002853","SK하이닉스","0197X0","SHORT","20/30","10/20","10","82","80","2","2","32.93","-0.2395","-0.5112","19.82","-3.2158","3.9611","-184592","815408","-18.4592"
"KRX_RESET","DS004281","SK하이닉스","0193T0","LONG","20/30","10/30","10","61","57","4","3","19.67","-0.3131","-0.7294","26.43","-2.5077","9.8451","-184612","815388","-18.4612"
"KRX_RESET","DS001679","삼성전자","0193L0","SHORT","5/20","3/20","30","93","88","5","2","25.81","-0.2147","-0.3924","13.95","-1.7818","4.0482","-184694","815306","-18.4694"
"KRX_RESET","DS002576","삼성전자","0193W0","LONG","3/20","10/20","5","197","187","10","5","35.53","-0.0923","-0.3411","19.35","-4.6634","6.5831","-184914","815086","-18.4914"
"KRX_RESET","DS001894","SK하이닉스","0197X0","SHORT","20/30","3/20","20","98","96","2","3","36.73","-0.2009","-0.3440","16.41","-4.5345","3.0215","-185099","814901","-18.5099"
"KRX_RESET","DS003611","SK하이닉스","0193T0","LONG","10/20","5/30","30","59","52","7","3","27.12","-0.3342","-0.7802","18.93","-2.2997","5.9414","-185161","814839","-18.5161"
"KRX_RESET","DS004164","삼성전자","0193W0","LONG","3/30","10/30","50","84","78","6","4","28.57","-0.2344","-0.5955","24.13","-2.6117","4.1420","-185185","814815","-18.5185"
"KRX_RESET","DS002337","삼성전자","0193W0","LONG","10/30","5/20","10","112","107","5","2","25.89","-0.1766","-0.4281","14.71","-1.7816","5.7067","-185236","814764","-18.5236"
"KRX_RESET","DS001018","SK하이닉스","0193T0","LONG","3/10","5/10","20","127","122","5","2","33.07","-0.1500","-0.3813","10.52","-3.5071","5.1857","-185344","814656","-18.5344"
"KRX_RESET","DS003250","삼성전자","0193W0","LONG","5/30","3/30","20","98","93","5","1","29.59","-0.2038","-0.4426","16.19","-1.8227","5.3840","-185426","814574","-18.5426"
"KRX_RESET","DS004152","SK하이닉스","0197X0","SHORT","3/30","10/30","50","81","74","7","3","38.27","-0.2350","-0.3153","23.94","-5.5717","7.5975","-185604","814396","-18.5604"
"KRX_RESET","DS001020","SK하이닉스","0193T0","LONG","3/10","5/10","50","112","110","2","2","33.04","-0.1765","-0.3665","9.96","-2.4212","5.1592","-185654","814346","-18.5654"
"KRX_RESET","DS000850","삼성전자","0193W0","LONG","5/30","3/10","20","98","95","3","1","23.47","-0.2054","-0.3380","8.49","-1.7469","4.5643","-185878","814122","-18.5878"
"KRX_RESET","DS001150","삼성전자","0193L0","SHORT","3/20","5/10","20","102","100","2","3","29.41","-0.1971","-0.2940","10.82","-2.0504","3.1670","-186055","813945","-18.6055"
"KRX_RESET","DS000272","삼성전자","0193W0","LONG","10/20","3/5","5","115","111","4","1","23.48","-0.1761","-0.2833","4.37","-2.2060","5.0766","-186165","813835","-18.6165"
"KRX_RESET","DS003443","삼성전자","0193W0","LONG","3/10","5/30","30","162","154","8","6","26.54","-0.1003","-0.4186","20.70","-4.8169","8.5565","-186242","813758","-18.6242"
"KRX_RESET","DS002832","삼성전자","0193L0","SHORT","10/30","10/20","50","59","53","6","2","20.34","-0.3447","-0.5208","17.24","-3.0571","3.1945","-186390","813610","-18.6390"
"KRX_RESET","DS004258","삼성전자","0193W0","LONG","10/30","10/30","20","87","81","6","2","28.74","-0.2270","-0.5835","23.31","-1.9099","6.5107","-186806","813194","-18.6806"
"KRX_RESET","DS003600","삼성전자","0193L0","SHORT","5/20","5/30","50","93","87","6","4","24.73","-0.2171","-0.4274","19.08","-1.8645","3.2656","-186945","813055","-18.6945"
"KRX_RESET","DS001630","삼성전자","0193L0","SHORT","3/20","3/20","20","102","100","2","1","23.53","-0.1990","-0.3791","12.88","-1.8577","4.4577","-187016","812984","-18.7016"
"KRX_RESET","DS004680","SK하이닉스","0197X0","SHORT","5/30","20/30","50","59","53","6","2","35.59","-0.3330","-0.5725","24.78","-4.2887","6.3327","-187168","812832","-18.7168"
"KRX_RESET","DS004272","삼성전자","0193L0","SHORT","10/30","10/30","50","59","53","6","2","22.03","-0.3468","-0.5201","23.36","-1.8571","2.9163","-187286","812714","-18.7286"
"KRX_RESET","DS004126","삼성전자","0193L0","SHORT","10/20","10/30","20","66","63","3","3","28.79","-0.3068","-0.6138","26.44","-2.4998","2.9163","-187529","812471","-18.7529"
"KRX_RESET","DS000871","SK하이닉스","0193T0","LONG","10/30","3/10","NONE","100","96","4","3","30.00","-0.2030","-0.3974","8.69","-2.0171","4.7941","-187740","812260","-18.7740"
"KRX_RESET","DS003792","삼성전자","0193L0","SHORT","10/30","5/30","50","59","54","5","2","22.03","-0.3467","-0.5208","20.95","-4.2000","2.8050","-187810","812190","-18.7810"
"KRX_RESET","DS003324","SK하이닉스","0193T0","LONG","20/30","3/30","50","35","31","4","2","14.29","-0.5836","-0.7952","17.23","-2.4035","6.2442","-187867","812133","-18.7867"
"KRX_RESET","DS002794","SK하이닉스","0193T0","LONG","10/30","10/20","20","74","69","5","3","28.38","-0.2684","-0.5685","18.42","-2.5000","7.5758","-187955","812045","-18.7955"
"KRX_RESET","DS000874","SK하이닉스","0193T0","LONG","10/30","3/10","20","74","73","1","2","27.03","-0.2775","-0.4174","8.77","-1.7538","4.7941","-188325","811675","-18.8325"
"KRX_RESET","DS000191","삼성전자","0193L0","SHORT","3/20","3/5","30","114","112","2","2","28.95","-0.1811","-0.2899","5.09","-1.3424","1.7985","-188362","811638","-18.8362"
"KRX_RESET","DS000563","삼성전자","0193W0","LONG","3/10","3/10","30","162","159","3","2","25.93","-0.1248","-0.3322","7.53","-2.0410","4.6843","-188552","811448","-18.8552"
"KRX_RESET","DS000644","SK하이닉스","0197X0","SHORT","3/20","3/10","5","183","178","5","2","36.61","-0.1070","-0.2701","10.04","-2.6913","4.4133","-188891","811109","-18.8891"
"KRX_RESET","DS003131","SK하이닉스","0193T0","LONG","10/20","3/30","30","59","55","4","2","23.73","-0.3441","-0.6221","16.19","-2.1991","5.6933","-189031","810969","-18.9031"
"KRX_RESET","DS004677","SK하이닉스","0197X0","SHORT","5/30","20/30","10","101","94","7","3","40.59","-0.1836","-0.3781","33.63","-6.9788","6.3327","-189132","810868","-18.9132"
"KRX_RESET","DS003344","삼성전자","0193W0","LONG","20/30","3/30","5","73","71","2","2","28.77","-0.2797","-0.4710","18.78","-2.6580","3.6287","-189154","810846","-18.9154"
"KRX_RESET","DS003191","SK하이닉스","0197X0","SHORT","3/30","3/30","30","80","75","5","1","25.00","-0.2547","-0.5218","14.86","-1.7605","5.6824","-189219","810781","-18.9219"
"KRX_RESET","DS003599","삼성전자","0193L0","SHORT","5/20","5/30","30","93","88","5","3","30.11","-0.2207","-0.4263","18.67","-1.9747","3.2656","-189293","810707","-18.9293"
"KRX_RESET","DS000201","SK하이닉스","0193T0","LONG","5/20","3/5","10","134","131","3","2","29.10","-0.1506","-0.3552","5.25","-2.5711","6.2516","-189340","810660","-18.9340"
"KRX_RESET","DS004595","삼성전자","0193W0","LONG","10/20","20/30","30","72","65","7","3","31.94","-0.2796","-0.4858","25.65","-2.5006","5.7678","-189624","810376","-18.9624"
"KRX_RESET","DS001197","삼성전자","0193L0","SHORT","5/20","5/10","10","152","148","4","2","34.87","-0.1350","-0.2649","10.41","-1.7865","2.7625","-189639","810361","-18.9639"
"KRX_RESET","DS000717","삼성전자","0193L0","SHORT","5/20","3/10","10","152","149","3","2","33.55","-0.1358","-0.2603","8.82","-1.5995","2.5949","-189775","810225","-18.9775"
"KRX_RESET","DS004284","SK하이닉스","0193T0","LONG","20/30","10/30","50","35","29","6","2","17.14","-0.5912","-0.7358","22.83","-2.4108","6.2442","-190358","809642","-19.0358"
"KRX_RESET","DS002399","삼성전자","0193L0","SHORT","20/30","5/20","30","53","49","4","1","22.64","-0.3939","-0.5197","14.85","-1.9778","2.5655","-190408","809592","-19.0408"
"KRX_RESET","DS001245","삼성전자","0193L0","SHORT","10/20","5/10","10","150","146","4","2","36.00","-0.1381","-0.2387","9.31","-1.5104","2.6021","-190509","809491","-19.0509"
"KRX_RESET","DS004211","삼성전자","0193W0","LONG","5/30","10/30","30","66","61","5","3","28.79","-0.3153","-0.4378","22.14","-1.7469","2.7502","-190661","809339","-19.0661"
"KRX_RESET","DS002743","SK하이닉스","0193T0","LONG","5/30","10/20","NONE","110","100","10","2","34.55","-0.1756","-0.4875","20.21","-3.3866","7.4106","-190674","809326","-19.0674"
"KRX_RESET","DS000852","삼성전자","0193W0","LONG","5/30","3/10","50","70","69","1","1","15.71","-0.2993","-0.3434","7.50","-1.7469","3.5640","-190745","809255","-19.0745"
"KRX_RESET","DS003574","SK하이닉스","0197X0","SHORT","5/20","5/30","20","80","75","5","3","32.50","-0.2580","-0.5207","19.09","-2.2887","4.9560","-190881","809119","-19.0881"
"KRX_RESET","DS003528","SK하이닉스","0197X0","SHORT","3/20","5/30","50","108","100","8","3","30.56","-0.1818","-0.5512","22.13","-5.0295","5.4649","-191024","808976","-19.1024"
"KRX_RESET","DS001436","삼성전자","0193L0","SHORT","20/30","5/10","5","68","65","3","2","26.47","-0.3092","-0.3197","9.22","-2.0333","1.6805","-191028","808972","-19.1028"
"KRX_RESET","DS002640","삼성전자","0193L0","SHORT","5/20","10/20","50","93","86","7","3","29.03","-0.2232","-0.3097","18.23","-1.9706","3.6569","-191147","808853","-19.1147"
"KRX_RESET","DS002470","SK하이닉스","0197X0","SHORT","3/10","10/20","20","143","134","9","4","33.57","-0.1287","-0.4278","19.64","-3.8169","7.1476","-191298","808702","-19.1298"
"KRX_RESET","DS000776","SK하이닉스","0193T0","LONG","3/30","3/10","5","118","115","3","2","33.90","-0.1739","-0.3350","9.47","-2.0508","5.6022","-191394","808606","-19.1394"
"KRX_RESET","DS000213","SK하이닉스","0197X0","SHORT","5/20","3/5","10","139","137","2","2","33.81","-0.1498","-0.2702","5.18","-1.7605","4.3127","-191501","808499","-19.1501"
"KRX_RESET","DS001387","삼성전자","0193L0","SHORT","10/30","5/10","NONE","117","112","5","3","35.04","-0.1789","-0.2000","10.03","-3.4571","2.3042","-191543","808457","-19.1543"
"KRX_RESET","DS000154","SK하이닉스","0193T0","LONG","3/20","3/5","20","75","73","2","1","22.67","-0.2804","-0.3581","5.39","-1.8480","2.6412","-191744","808256","-19.1744"
"KRX_RESET","DS003680","삼성전자","0193W0","LONG","3/30","5/30","5","155","145","10","3","32.26","-0.1279","-0.3811","18.41","-2.0256","7.4410","-191768","808232","-19.1768"
"KRX_RESET","DS002660","SK하이닉스","0197X0","SHORT","10/20","10/20","5","107","103","4","1","37.38","-0.1875","-0.2543","20.45","-3.8721","4.6233","-192010","807990","-19.2010"
"KRX_RESET","DS001916","삼성전자","0193L0","SHORT","20/30","3/20","5","68","64","4","2","19.12","-0.3098","-0.3119","14.26","-2.0333","2.9527","-192035","807965","-19.2035"
"KRX_RESET","DS000824","SK하이닉스","0193T0","LONG","5/30","3/10","5","108","105","3","2","33.33","-0.1924","-0.3852","9.22","-2.0248","5.2277","-192047","807953","-19.2047"
"KRX_RESET","DS003612","SK하이닉스","0193T0","LONG","10/20","5/30","50","45","42","3","2","20.00","-0.4600","-0.7852","20.56","-2.7474","5.9414","-192090","807910","-19.2090"
"KRX_RESET","DS001258","SK하이닉스","0193T0","LONG","3/30","5/10","20","80","76","4","2","28.75","-0.2629","-0.3349","10.43","-2.1816","1.7895","-192111","807889","-19.2111"
"KRX_RESET","DS001905","삼성전자","0193W0","LONG","20/30","3/20","10","73","70","3","1","27.40","-0.2883","-0.5092","12.25","-1.4912","3.2761","-192266","807734","-19.2266"
"KRX_RESET","DS001604","SK하이닉스","0197X0","SHORT","3/20","3/20","5","183","175","8","1","32.79","-0.1094","-0.5450","14.42","-2.6913","4.7311","-192334","807666","-19.2334"
"KRX_RESET","DS000105","SK하이닉스","0193T0","LONG","5/10","3/5","10","138","136","2","1","29.71","-0.1483","-0.3705","5.30","-2.4885","6.8184","-192529","807471","-19.2529"
"KRX_RESET","DS003119","삼성전자","0193L0","SHORT","5/20","3/30","30","93","90","3","3","27.96","-0.2261","-0.3904","16.82","-1.9747","3.2656","-192634","807366","-19.2634"
"KRX_RESET","DS000825","SK하이닉스","0193T0","LONG","5/30","3/10","10","89","86","3","1","31.46","-0.2352","-0.4358","8.90","-2.0248","5.2277","-192752","807248","-19.2752"
"KRX_RESET","DS002314","SK하이닉스","0193T0","LONG","10/30","5/20","20","74","70","4","2","29.73","-0.2786","-0.5795","15.92","-2.0024","8.4197","-192772","807228","-19.2772"
"KRX_RESET","DS004738","삼성전자","0193W0","LONG","10/30","20/30","20","87","82","5","2","27.59","-0.2285","-0.5085","26.08","-2.8490","6.5107","-192889","807111","-19.2889"
"KRX_RESET","DS003775","삼성전자","0193W0","LONG","10/30","5/30","NONE","116","109","7","2","29.31","-0.1765","-0.4819","19.24","-2.6190","6.5107","-192895","807105","-19.2895"
"KRX_RESET","DS003359","삼성전자","0193L0","SHORT","20/30","3/30","30","53","49","4","1","22.64","-0.3993","-0.4562","18.81","-2.5889","2.1783","-193006","806994","-19.3006"
"KRX_RESET","DS002371","SK하이닉스","0197X0","SHORT","20/30","5/20","NONE","106","102","4","3","37.74","-0.1942","-0.2752","17.89","-4.5636","3.1758","-193077","806923","-19.3077"
"KRX_RESET","DS001400","SK하이닉스","0193T0","LONG","20/30","5/10","5","51","51","0","2","17.65","-0.4158","-0.5863","8.39","-1.7549","2.7344","-193128","806872","-19.3128"
"KRX_RESET","DS003118","삼성전자","0193L0","SHORT","5/20","3/30","20","83","79","4","3","26.51","-0.2552","-0.4077","17.80","-1.9747","2.0633","-193143","806857","-19.3143"
"KRX_RESET","DS000956","삼성전자","0193L0","SHORT","20/30","3/10","5","68","66","2","2","27.94","-0.3135","-0.3904","7.50","-2.0333","1.5146","-193189","806811","-19.3189"
"KRX_RESET","DS002136","SK하이닉스","0197X0","SHORT","5/20","5/20","50","89","87","2","1","23.60","-0.2336","-0.5608","14.94","-2.2887","4.4276","-193464","806536","-19.3464"
"KRX_RESET","DS001703","SK하이닉스","0197X0","SHORT","10/20","3/20","30","76","72","4","2","30.26","-0.2761","-0.5551","15.17","-2.4958","3.5787","-193487","806513","-19.3487"
"KRX_RESET","DS001596","SK하이닉스","0193T0","LONG","3/20","3/20","50","68","67","1","1","22.06","-0.3108","-0.5359","11.81","-1.6916","3.0810","-193603","806397","-19.3603"
"KRX_RESET","DS001043","삼성전자","0193W0","LONG","3/10","5/10","30","162","159","3","4","29.63","-0.1212","-0.3176","9.78","-3.3298","5.9947","-193742","806258","-19.3742"
"KRX_RESET","DS000118","SK하이닉스","0197X0","SHORT","5/10","3/5","20","140","137","3","2","30.71","-0.1490","-0.2617","5.00","-2.4080","7.4070","-194188","805812","-19.4188"
"KRX_RESET","DS000106","SK하이닉스","0193T0","LONG","5/10","3/5","20","119","116","3","2","26.05","-0.1749","-0.4068","4.94","-1.7394","6.8184","-194301","805699","-19.4301"
"KRX_RESET","DS003718","SK하이닉스","0197X0","SHORT","5/30","5/30","20","87","84","3","1","32.18","-0.2389","-0.4698","20.85","-2.9633","5.1074","-194402","805598","-19.4402"
"KRX_RESET","DS002231","SK하이닉스","0197X0","SHORT","3/30","5/20","30","80","75","5","2","27.50","-0.2575","-0.4656","20.45","-5.1400","4.5880","-194568","805432","-19.4568"
"KRX_RESET","DS002745","SK하이닉스","0193T0","LONG","5/30","10/20","10","89","82","7","2","35.96","-0.2262","-0.5255","19.63","-3.3866","7.4106","-194981","805019","-19.4981"
"KRX_RESET","DS004018","삼성전자","0193W0","LONG","3/20","10/30","20","101","90","11","5","30.69","-0.2023","-0.5079","24.58","-5.1116","5.9031","-195097","804903","-19.5097"
"KRX_RESET","DS003730","삼성전자","0193W0","LONG","5/30","5/30","20","98","92","6","1","33.67","-0.2148","-0.4902","17.22","-2.0256","7.3307","-195215","804785","-19.5215"
"KRX_RESET","DS004475","SK하이닉스","0193T0","LONG","3/20","20/30","30","76","71","5","7","28.95","-0.2624","-0.6683","25.47","-2.5932","8.5877","-195295","804705","-19.5295"
"KRX_RESET","DS003788","삼성전자","0193L0","SHORT","10/30","5/30","5","83","77","6","2","27.71","-0.2565","-0.5269","22.40","-2.3429","2.8050","-195318","804682","-19.5318"
"KRX_RESET","DS000247","SK하이닉스","0193T0","LONG","10/20","3/5","NONE","135","132","3","2","26.67","-0.1561","-0.3060","5.41","-2.1595","5.9960","-195319","804681","-19.5319"
"KRX_RESET","DS004583","SK하이닉스","0197X0","SHORT","10/20","20/30","30","76","65","11","3","36.84","-0.2752","-0.2662","27.22","-3.7796","4.1773","-195496","804504","-19.5496"
"KRX_RESET","DS000960","삼성전자","0193L0","SHORT","20/30","3/10","50","57","56","1","2","22.81","-0.3799","-0.4288","7.32","-2.0333","1.5146","-195762","804238","-19.5762"
"KRX_RESET","DS002695","SK하이닉스","0193T0","LONG","3/30","10/20","NONE","137","127","10","3","37.23","-0.1422","-0.3333","19.80","-3.5545","7.7929","-196062","803938","-19.6062"
"KRX_RESET","DS004764","SK하이닉스","0193T0","LONG","20/30","20/30","50","35","32","3","1","20.00","-0.6115","-0.6754","19.23","-2.9763","6.2442","-196209","803791","-19.6209"
"KRX_RESET","DS003732","삼성전자","0193W0","LONG","5/30","5/30","50","70","67","3","2","25.71","-0.3078","-0.5053","16.26","-1.5114","3.7230","-196427","803573","-19.6427"
"KRX_RESET","DS002171","SK하이닉스","0193T0","LONG","10/20","5/20","30","59","53","6","2","25.42","-0.3634","-0.6221","14.68","-1.9149","3.6425","-196430","803570","-19.6430"
"KRX_RESET","DS004787","삼성전자","0193W0","LONG","20/30","20/30","30","47","44","3","2","21.28","-0.4514","-0.7853","26.45","-3.3979","5.5431","-196473","803527","-19.6473"
"KRX_RESET","DS004319","삼성전자","0193L0","SHORT","20/30","10/30","30","53","49","4","2","28.30","-0.4063","-0.5211","24.25","-3.2556","2.2889","-196512","803488","-19.6512"
"KRX_RESET","DS004524","SK하이닉스","0193T0","LONG","5/20","20/30","50","57","54","3","6","29.82","-0.3568","-0.9455","30.91","-3.7783","8.3787","-196671","803329","-19.6671"
"KRX_RESET","DS002003","삼성전자","0193W0","LONG","3/10","5/20","30","162","156","6","4","29.63","-0.1253","-0.3530","16.77","-2.9739","6.2249","-196686","803314","-19.6686"
"KRX_RESET","DS001917","삼성전자","0193L0","SHORT","20/30","3/20","10","78","74","4","1","21.79","-0.2770","-0.3338","13.54","-2.0333","2.9527","-196743","803257","-19.6743"
"KRX_RESET","DS004535","SK하이닉스","0197X0","SHORT","5/20","20/30","30","76","67","9","3","34.21","-0.2780","-0.3909","23.63","-3.5248","4.6008","-197000","803000","-19.7000"
"KRX_RESET","DS004198","SK하이닉스","0197X0","SHORT","5/30","10/30","20","87","83","4","3","39.08","-0.2311","-0.2538","26.92","-7.2757","6.7199","-197049","802951","-19.7049"
"KRX_RESET","DS002264","SK하이닉스","0193T0","LONG","5/30","5/20","5","108","102","6","2","29.63","-0.1887","-0.4575","16.55","-2.3893","6.8071","-197063","802937","-19.7063"
"KRX_RESET","DS001172","SK하이닉스","0197X0","SHORT","5/20","5/10","5","170","168","2","2","39.41","-0.1225","-0.2762","11.24","-2.6913","4.6968","-197066","802934","-19.7066"
"KRX_RESET","DS002385","삼성전자","0193W0","LONG","20/30","5/20","10","73","70","3","1","30.14","-0.2952","-0.4531","13.64","-1.7271","3.4511","-197113","802887","-19.7113"
"KRX_RESET","DS004268","삼성전자","0193L0","SHORT","10/30","10/30","5","83","76","7","2","30.12","-0.2587","-0.4667","25.58","-2.3429","2.9163","-197160","802840","-19.7160"
"KRX_RESET","DS004128","삼성전자","0193L0","SHORT","10/20","10/30","50","71","64","7","5","25.35","-0.3042","-0.4038","25.96","-1.8112","2.9163","-197230","802770","-19.7230"
"KRX_RESET","DS000696","SK하이닉스","0197X0","SHORT","5/20","3/10","50","89","88","1","1","29.21","-0.2420","-0.4322","8.47","-1.6751","4.4133","-197244","802756","-19.7244"
"KRX_RESET","DS000691","SK하이닉스","0197X0","SHORT","5/20","3/10","NONE","177","175","2","2","36.72","-0.1181","-0.2912","9.49","-2.6913","4.4133","-197308","802692","-19.7308"
"KRX_RESET","DS002265","SK하이닉스","0193T0","LONG","5/30","5/20","10","89","83","6","2","28.09","-0.2310","-0.4670","16.28","-2.3893","6.8071","-197495","802505","-19.7495"
"KRX_RESET","DS003996","SK하이닉스","0193T0","LONG","3/20","10/30","50","68","66","2","5","22.06","-0.2927","-0.7710","27.50","-2.5301","9.4216","-197544","802456","-19.7544"
"KRX_RESET","DS002698","SK하이닉스","0193T0","LONG","3/30","10/20","20","80","71","9","3","38.75","-0.2672","-0.2429","18.35","-3.5545","5.6615","-197558","802442","-19.7558"
"KRX_RESET","DS003295","삼성전자","0193W0","LONG","10/30","3/30","NONE","116","112","4","2","27.59","-0.1832","-0.4602","18.38","-2.5780","5.0332","-197789","802211","-19.7789"
"KRX_RESET","DS001341","삼성전자","0193L0","SHORT","5/30","5/10","10","126","123","3","2","32.54","-0.1717","-0.3301","9.96","-2.0504","3.0996","-198183","801817","-19.8183"
"KRX_RESET","DS004305","삼성전자","0193W0","LONG","20/30","10/30","10","73","67","6","1","26.03","-0.2939","-0.5521","22.68","-2.5153","5.5431","-198359","801641","-19.8359"
"KRX_RESET","DS001831","SK하이닉스","0193T0","LONG","10/30","3/20","NONE","100","95","5","3","26.00","-0.2114","-0.4685","13.85","-2.0171","8.4197","-198924","801076","-19.8924"
"KRX_RESET","DS002360","SK하이닉스","0193T0","LONG","20/30","5/20","5","51","50","1","2","23.53","-0.4258","-0.6655","15.43","-2.1527","6.1754","-198957","801043","-19.8957"
"KRX_RESET","DS000957","삼성전자","0193L0","SHORT","20/30","3/10","10","78","76","2","2","29.49","-0.2823","-0.3769","7.68","-2.0333","1.5146","-198996","801004","-19.8996"
"KRX_RESET","DS002263","SK하이닉스","0193T0","LONG","5/30","5/20","NONE","110","104","6","2","30.00","-0.1874","-0.4501","16.30","-2.3893","6.8071","-199003","800997","-19.9003"
"KRX_RESET","DS003141","SK하이닉스","0197X0","SHORT","10/20","3/30","10","138","131","7","3","39.86","-0.1449","-0.2572","22.31","-8.6695","4.2534","-199066","800934","-19.9066"
"KRX_RESET","DS001920","삼성전자","0193L0","SHORT","20/30","3/20","50","57","54","3","2","14.04","-0.3845","-0.4593","12.81","-2.0333","2.9527","-199262","800738","-19.9262"
"KRX_RESET","DS001855","삼성전자","0193W0","LONG","10/30","3/20","NONE","116","111","5","2","25.00","-0.1867","-0.4253","13.09","-1.8204","4.2230","-199268","800732","-19.9268"
"KRX_RESET","DS003800","SK하이닉스","0193T0","LONG","20/30","5/30","5","51","47","4","2","21.57","-0.4227","-0.6764","22.00","-2.7474","6.2442","-199330","800670","-19.9330"
"KRX_RESET","DS003526","SK하이닉스","0197X0","SHORT","3/20","5/30","20","97","89","8","3","30.93","-0.2206","-0.5790","19.44","-1.9467","5.4649","-199333","800667","-19.9333"
"KRX_RESET","DS002131","SK하이닉스","0197X0","SHORT","5/20","5/20","NONE","177","171","6","2","31.07","-0.1172","-0.4141","16.20","-2.7606","4.9908","-199584","800416","-19.9584"
"KRX_RESET","DS003263","삼성전자","0193L0","SHORT","5/30","3/30","30","72","68","4","2","25.00","-0.3052","-0.4954","16.46","-2.0504","3.2656","-199616","800384","-19.9616"
"KRX_RESET","DS003839","삼성전자","0193L0","SHORT","20/30","5/30","30","53","49","4","1","24.53","-0.4151","-0.4562","20.30","-2.9778","2.1783","-199750","800250","-19.9750"
"KRX_RESET","DS000921","SK하이닉스","0193T0","LONG","20/30","3/10","10","61","61","0","3","16.39","-0.3626","-0.4563","6.59","-1.5605","2.6193","-199984","800016","-19.9984"
"KRX_RESET","DS003274","SK하이닉스","0193T0","LONG","10/30","3/30","20","74","71","3","2","25.68","-0.2878","-0.6322","19.49","-2.3753","8.4957","-200001","799999","-20.0001"
"KRX_RESET","DS001232","삼성전자","0193W0","LONG","10/20","5/10","5","115","108","7","2","30.43","-0.1883","-0.3446","8.65","-3.0586","4.8205","-200035","799965","-20.0035"
"KRX_RESET","DS004715","SK하이닉스","0193T0","LONG","10/30","20/30","30","40","37","3","2","25.00","-0.5383","-0.8845","29.23","-3.2230","9.5025","-200136","799864","-20.0136"
"KRX_RESET","DS004582","SK하이닉스","0197X0","SHORT","10/20","20/30","20","73","64","9","3","35.62","-0.2868","-0.3283","28.67","-3.7796","6.4858","-200479","799521","-20.0479"
"KRX_RESET","DS002484","삼성전자","0193W0","LONG","3/10","10/20","50","160","144","16","6","31.25","-0.1255","-0.3763","19.91","-3.1187","4.8495","-200509","799491","-20.0509"
"KRX_RESET","DS001620","삼성전자","0193W0","LONG","3/20","3/20","50","110","106","4","2","27.27","-0.1995","-0.3824","11.35","-1.7152","4.2730","-200550","799450","-20.0550"
"KRX_RESET","DS000909","삼성전자","0193L0","SHORT","10/30","3/10","10","107","106","1","2","29.91","-0.2070","-0.2000","9.07","-1.7917","2.1372","-200588","799412","-20.0588"
"KRX_RESET","DS000060","SK하이닉스","0193T0","LONG","3/10","3/5","50","112","111","1","1","28.57","-0.1947","-0.3341","5.27","-2.1067","5.9785","-200620","799380","-20.0620"
"KRX_RESET","DS003036","SK하이닉스","0193T0","LONG","3/20","3/30","50","68","67","1","3","30.88","-0.3184","-0.6743","19.47","-2.6272","6.0228","-201102","798898","-20.1102"
"KRX_RESET","DS002963","삼성전자","0193W0","LONG","3/10","3/30","30","162","156","6","6","27.16","-0.1270","-0.3827","17.55","-4.1784","6.5876","-201204","798796","-20.1204"
"KRX_RESET","DS000873","SK하이닉스","0193T0","LONG","10/30","3/10","10","90","86","4","2","27.78","-0.2449","-0.3999","8.24","-2.0171","4.7941","-201474","798526","-20.1474"
"KRX_RESET","DS003224","SK하이닉스","0193T0","LONG","5/30","3/30","5","108","103","5","2","28.70","-0.1968","-0.4970","17.61","-2.0248","8.9445","-201499","798501","-20.1499"
"KRX_RESET","DS002335","삼성전자","0193W0","LONG","10/30","5/20","NONE","116","111","5","2","25.86","-0.1886","-0.4281","14.76","-1.7816","5.7067","-202303","797697","-20.2303"
"KRX_RESET","DS004607","삼성전자","0193L0","SHORT","10/20","20/30","30","76","66","10","4","27.63","-0.2831","-0.2918","30.04","-9.1959","3.4332","-202484","797516","-20.2484"
"KRX_RESET","DS000130","삼성전자","0193W0","LONG","5/10","3/5","20","147","145","2","2","25.17","-0.1508","-0.2812","5.03","-1.7052","4.2353","-202517","797483","-20.2517"
"KRX_RESET","DS003200","삼성전자","0193W0","LONG","3/30","3/30","5","155","149","6","1","30.97","-0.1396","-0.3900","15.19","-1.8227","5.4923","-202566","797434","-20.2566"
"KRX_RESET","DS002242","삼성전자","0193W0","LONG","3/30","5/20","20","104","99","5","2","29.81","-0.2127","-0.3922","15.11","-1.8227","4.0857","-203304","796696","-20.3304"
"KRX_RESET","DS003046","SK하이닉스","0197X0","SHORT","3/20","3/30","20","97","90","7","2","26.80","-0.2275","-0.5646","16.42","-1.6348","4.8204","-203420","796580","-20.3420"
"KRX_RESET","DS002304","삼성전자","0193L0","SHORT","5/30","5/20","50","80","76","4","2","23.75","-0.2812","-0.3729","16.29","-1.9045","3.6569","-203539","796461","-20.3539"
"KRX_RESET","DS003264","삼성전자","0193L0","SHORT","5/30","3/30","50","80","76","4","2","22.50","-0.2809","-0.4638","16.91","-1.7649","3.2656","-203587","796413","-20.3587"
"KRX_RESET","DS000336","삼성전자","0193L0","SHORT","3/30","3/5","50","87","85","2","1","22.99","-0.2607","-0.2762","4.98","-1.3874","1.2590","-203973","796027","-20.3973"
"KRX_RESET","DS001402","SK하이닉스","0193T0","LONG","20/30","5/10","20","83","82","1","3","25.30","-0.2679","-0.3771","8.89","-1.7549","5.2835","-204321","795679","-20.4321"
"KRX_RESET","DS004099","SK하이닉스","0197X0","SHORT","10/20","10/30","NONE","149","140","9","3","42.95","-0.1249","-0.2913","30.39","-9.6351","6.1428","-204397","795603","-20.4397"
"KRX_RESET","DS001608","SK하이닉스","0197X0","SHORT","3/20","3/20","50","108","103","5","1","25.93","-0.2048","-0.5523","12.71","-1.7961","4.7311","-204580","795420","-20.4580"
"KRX_RESET","DS002616","SK하이닉스","0197X0","SHORT","5/20","10/20","50","89","85","4","2","30.34","-0.2437","-0.4322","20.22","-5.1716","5.1769","-204686","795314","-20.4686"
"KRX_RESET","DS003619","SK하이닉스","0197X0","SHORT","10/20","5/30","NONE","149","140","9","3","42.95","-0.1363","-0.2699","24.79","-9.0144","5.1074","-204759","795241","-20.4759"
"KRX_RESET","DS004149","SK하이닉스","0197X0","SHORT","3/30","10/30","10","125","115","10","3","39.20","-0.1517","-0.3153","29.48","-7.9603","7.5975","-204874","795126","-20.4874"
"KRX_RESET","DS003811","SK하이닉스","0197X0","SHORT","20/30","5/30","NONE","106","102","4","3","36.79","-0.2028","-0.5463","24.35","-5.5091","3.8268","-205012","794988","-20.5012"
"KRX_RESET","DS003598","삼성전자","0193L0","SHORT","5/20","5/30","20","83","78","5","3","26.51","-0.2722","-0.4294","19.72","-1.9747","2.0037","-205158","794842","-20.5158"
"KRX_RESET","DS003621","SK하이닉스","0197X0","SHORT","10/20","5/30","10","138","130","8","3","42.75","-0.1496","-0.2625","24.64","-9.0144","5.1074","-205312","794688","-20.5312"
"KRX_RESET","DS004785","삼성전자","0193W0","LONG","20/30","20/30","10","73","68","5","1","31.51","-0.3032","-0.6624","27.12","-3.3979","5.5431","-205639","794361","-20.5639"
"KRX_RESET","DS001438","삼성전자","0193L0","SHORT","20/30","5/10","20","104","101","3","2","26.92","-0.2177","-0.2794","9.87","-2.0333","2.5842","-205669","794331","-20.5669"
"KRX_RESET","DS004724","SK하이닉스","0197X0","SHORT","10/30","20/30","5","89","81","8","3","37.08","-0.2393","-0.3781","27.80","-4.0889","7.3362","-205837","794163","-20.5837"
"KRX_RESET","DS000777","SK하이닉스","0193T0","LONG","3/30","3/10","10","110","108","2","2","33.64","-0.2037","-0.3545","9.40","-2.0508","5.6022","-206195","793805","-20.6195"
"KRX_RESET","DS002817","삼성전자","0193W0","LONG","10/30","10/20","10","112","106","6","2","30.36","-0.1986","-0.5169","17.38","-1.9964","5.4431","-206200","793800","-20.6200"
"KRX_RESET","DS003623","SK하이닉스","0197X0","SHORT","10/20","5/30","30","76","69","7","3","34.21","-0.2970","-0.4921","20.95","-2.1435","4.3884","-206465","793535","-20.6465"
"KRX_RESET","DS002100","삼성전자","0193W0","LONG","3/20","5/20","50","110","104","6","2","29.09","-0.2048","-0.3677","16.03","-2.2629","3.8617","-206698","793302","-20.6698"
"KRX_RESET","DS000463","삼성전자","0193W0","LONG","20/30","3/5","NONE","116","112","4","2","25.00","-0.1974","-0.2644","5.16","-1.2676","3.3264","-206736","793264","-20.6736"
"KRX_RESET","DS001891","SK하이닉스","0197X0","SHORT","20/30","3/20","NONE","106","103","3","3","37.74","-0.2105","-0.3322","16.95","-4.5345","3.0215","-206938","793062","-20.6938"
"KRX_RESET","DS003178","SK하이닉스","0193T0","LONG","3/30","3/30","20","80","76","4","1","26.25","-0.2841","-0.4755","16.16","-2.1315","5.6615","-206980","793020","-20.6980"
"KRX_RESET","DS001352","SK하이닉스","0193T0","LONG","10/30","5/10","5","73","72","1","2","26.03","-0.3117","-0.3874","9.14","-2.0006","4.9116","-207229","792771","-20.7229"
"KRX_RESET","DS001881","SK하이닉스","0193T0","LONG","20/30","3/20","10","61","60","1","3","18.03","-0.3732","-0.5604","12.57","-2.1443","6.1754","-207291","792709","-20.7291"
"KRX_RESET","DS000800","삼성전자","0193W0","LONG","3/30","3/10","5","155","150","5","2","34.19","-0.1459","-0.3319","8.35","-1.7152","4.6843","-207838","792162","-20.7838"
"KRX_RESET","DS004571","SK하이닉스","0193T0","LONG","10/20","20/30","30","59","52","7","4","23.73","-0.3704","-0.5690","24.44","-3.7119","9.3607","-208841","791159","-20.8841"
"KRX_RESET","DS002074","SK하이닉스","0193T0","LONG","3/20","5/20","20","75","70","5","2","21.33","-0.3049","-0.5311","15.69","-1.7134","5.3915","-209393","790607","-20.9393"
"KRX_RESET","DS004212","삼성전자","0193W0","LONG","5/30","10/30","50","70","66","4","3","27.14","-0.3297","-0.5096","21.79","-1.7469","3.9046","-209495","790505","-20.9495"
"KRX_RESET","DS003164","삼성전자","0193L0","SHORT","10/20","3/30","5","108","104","4","4","28.70","-0.2108","-0.3343","20.55","-5.5887","2.8050","-209703","790297","-20.9703"
"KRX_RESET","DS002841","SK하이닉스","0193T0","LONG","20/30","10/20","10","61","58","3","3","19.67","-0.3757","-0.6016","18.08","-2.6167","5.3490","-209863","790137","-20.9863"
"KRX_RESET","DS003323","SK하이닉스","0193T0","LONG","20/30","3/30","30","43","41","2","2","18.60","-0.5379","-0.7344","18.37","-2.4035","6.2442","-210066","789934","-21.0066"
"KRX_RESET","DS003608","SK하이닉스","0193T0","LONG","10/20","5/30","5","96","87","9","3","31.25","-0.2313","-0.6089","23.33","-2.7218","8.8159","-210225","789775","-21.0225"
"KRX_RESET","DS000946","삼성전자","0193W0","LONG","20/30","3/10","20","106","102","4","2","28.30","-0.2193","-0.3330","8.48","-1.8981","2.8227","-210314","789686","-21.0314"
"KRX_RESET","DS000671","삼성전자","0193L0","SHORT","3/20","3/10","30","114","110","4","3","30.70","-0.2037","-0.2775","9.34","-2.0207","2.9987","-210407","789593","-21.0407"
"KRX_RESET","DS004092","SK하이닉스","0193T0","LONG","10/20","10/30","50","45","42","3","2","20.00","-0.5120","-0.8061","23.42","-2.6989","5.8174","-210561","789439","-21.0561"
"KRX_RESET","DS004068","삼성전자","0193W0","LONG","5/20","10/30","50","88","83","5","4","31.82","-0.2584","-0.4496","26.91","-5.2049","4.1420","-210590","789410","-21.0590"
"KRX_RESET","DS000656","삼성전자","0193W0","LONG","3/20","3/10","5","197","189","8","3","32.49","-0.1159","-0.2906","8.49","-2.2060","4.8874","-211118","788882","-21.1118"
"KRX_RESET","DS001136","삼성전자","0193W0","LONG","3/20","5/10","5","197","188","9","3","34.01","-0.1145","-0.2865","10.01","-3.0586","5.1443","-211761","788239","-21.1761"
"KRX_RESET","DS004799","삼성전자","0193L0","SHORT","20/30","20/30","30","53","47","6","1","30.19","-0.4412","-0.3142","27.53","-2.9778","3.6728","-212151","787849","-21.2151"
"KRX_RESET","DS003035","SK하이닉스","0193T0","LONG","3/20","3/30","30","76","72","4","2","25.00","-0.3029","-0.6219","14.34","-1.8949","6.0228","-212354","787646","-21.2354"
"KRX_RESET","DS002770","삼성전자","0193W0","LONG","5/30","10/20","20","98","91","7","3","32.65","-0.2358","-0.4566","18.21","-2.0256","6.2549","-212458","787542","-21.2458"
"KRX_RESET","DS003909","SK하이닉스","0197X0","SHORT","3/10","10/30","10","158","150","8","4","36.71","-0.1241","-0.4819","30.23","-4.1975","8.4503","-212602","787398","-21.2602"
"KRX_RESET","DS002638","삼성전자","0193L0","SHORT","5/20","10/20","20","83","76","7","2","32.53","-0.2841","-0.3079","18.66","-1.9706","2.5397","-212763","787237","-21.2763"
"KRX_RESET","DS002613","SK하이닉스","0197X0","SHORT","5/20","10/20","10","139","134","5","2","36.69","-0.1574","-0.3533","21.89","-5.1716","5.1769","-212773","787227","-21.2773"
"KRX_RESET","DS003995","SK하이닉스","0193T0","LONG","3/20","10/30","30","76","70","6","5","25.00","-0.2855","-0.7764","24.17","-2.7424","9.4216","-213088","786912","-21.3088"
"KRX_RESET","DS001774","삼성전자","0193L0","SHORT","3/30","3/20","20","120","114","6","3","26.67","-0.1956","-0.3176","15.05","-2.1277","4.4577","-213504","786496","-21.3504"
"KRX_RESET","DS000368","삼성전자","0193W0","LONG","5/30","3/5","5","150","148","2","2","24.67","-0.1571","-0.3116","4.55","-1.6291","5.0766","-213510","786490","-21.3510"
"KRX_RESET","DS001090","삼성전자","0193W0","LONG","5/10","5/10","20","147","142","5","3","28.57","-0.1568","-0.3413","9.44","-1.8210","5.0089","-213518","786482","-21.3518"
"KRX_RESET","DS002216","SK하이닉스","0193T0","LONG","3/30","5/20","5","118","112","6","2","33.90","-0.1884","-0.4195","17.98","-2.3717","6.6802","-213582","786418","-21.3582"
"KRX_RESET","DS000540","SK하이닉스","0193T0","LONG","3/10","3/10","50","112","111","1","1","27.68","-0.2093","-0.3996","8.12","-2.1067","4.8343","-213648","786352","-21.3648"
"KRX_RESET","DS001738","SK하이닉스","0193T0","LONG","3/30","3/20","20","80","76","4","2","27.50","-0.2934","-0.4656","14.55","-2.3717","6.4903","-213782","786218","-21.3782"
"KRX_RESET","DS004270","삼성전자","0193L0","SHORT","10/30","10/30","20","87","78","9","3","32.18","-0.2711","-0.4667","24.25","-2.4956","2.9163","-213973","786027","-21.3973"
"KRX_RESET","DS002659","SK하이닉스","0197X0","SHORT","10/20","10/20","NONE","149","144","5","1","37.58","-0.1508","-0.2622","18.58","-3.8721","5.4025","-214372","785628","-21.4372"
"KRX_RESET","DS004486","SK하이닉스","0197X0","SHORT","3/20","20/30","20","97","85","12","3","32.99","-0.2341","-0.4125","23.45","-4.0221","7.4142","-214704","785296","-21.4704"
"KRX_RESET","DS000083","삼성전자","0193W0","LONG","3/10","3/5","30","162","160","2","2","24.69","-0.1461","-0.3134","4.71","-1.5920","3.9131","-214776","785224","-21.4776"
"KRX_RESET","DS003552","삼성전자","0193L0","SHORT","3/20","5/30","50","111","106","5","4","28.83","-0.2107","-0.3918","19.77","-5.7771","3.6721","-215005","784995","-21.5005"
"KRX_RESET","DS002815","삼성전자","0193W0","LONG","10/30","10/20","NONE","116","110","6","2","29.31","-0.2017","-0.5077","16.96","-1.9964","5.4431","-215269","784731","-21.5269"
"KRX_RESET","DS004148","SK하이닉스","0197X0","SHORT","3/30","10/30","5","136","126","10","3","40.44","-0.1478","-0.2797","29.66","-7.9603","7.5975","-215286","784714","-21.5286"
"KRX_RESET","DS000211","SK하이닉스","0197X0","SHORT","5/20","3/5","NONE","177","174","3","2","34.46","-0.1337","-0.2621","5.13","-1.7605","4.3127","-215361","784639","-21.5361"
"KRX_RESET","DS003334","SK하이닉스","0197X0","SHORT","20/30","3/30","20","98","94","4","3","35.71","-0.2373","-0.4854","22.01","-4.5636","3.6926","-215458","784542","-21.5458"
"KRX_RESET","DS002290","삼성전자","0193W0","LONG","5/30","5/20","20","98","92","6","2","30.61","-0.2420","-0.4279","15.66","-1.8227","5.0254","-215597","784403","-21.5597"
"KRX_RESET","DS002363","SK하이닉스","0193T0","LONG","20/30","5/20","30","43","42","1","2","20.93","-0.5592","-0.6016","13.53","-2.1527","3.0221","-215756","784244","-21.5756"
"KRX_RESET","DS002112","삼성전자","0193L0","SHORT","3/20","5/20","50","111","105","6","3","27.03","-0.2157","-0.3555","15.11","-1.3828","4.0649","-215772","784228","-21.5772"
"KRX_RESET","DS003515","SK하이닉스","0193T0","LONG","3/20","5/30","30","76","70","6","3","26.32","-0.3077","-0.7185","18.09","-2.2355","6.2717","-216184","783816","-21.6184"
"KRX_RESET","DS003045","SK하이닉스","0197X0","SHORT","3/20","3/30","10","163","154","9","3","34.36","-0.1332","-0.4137","22.17","-7.7155","4.8204","-216390","783610","-21.6390"
"KRX_RESET","DS001342","삼성전자","0193L0","SHORT","5/30","5/10","20","101","98","3","2","30.69","-0.2386","-0.2915","10.22","-2.0504","2.0504","-216479","783521","-21.6479"
"KRX_RESET","DS003072","삼성전자","0193L0","SHORT","3/20","3/30","50","111","108","3","4","27.93","-0.2139","-0.4001","18.05","-5.6889","3.6721","-216759","783241","-21.6759"
"KRX_RESET","DS004666","SK하이닉스","0193T0","LONG","5/30","20/30","20","74","66","8","3","32.43","-0.3133","-0.5351","28.39","-3.4505","8.9445","-216883","783117","-21.6883"
"KRX_RESET","DS002784","삼성전자","0193L0","SHORT","5/30","10/20","50","80","75","5","3","31.25","-0.3002","-0.3139","21.04","-3.6091","3.6569","-217182","782818","-21.7182"
"KRX_RESET","DS004101","SK하이닉스","0197X0","SHORT","10/20","10/30","10","138","130","8","3","44.20","-0.1526","-0.1732","30.17","-9.6351","6.1428","-217248","782752","-21.7248"
"KRX_RESET","DS004224","삼성전자","0193L0","SHORT","5/30","10/30","50","80","74","6","3","20.00","-0.3007","-0.4366","24.24","-2.4159","3.3774","-217310","782690","-21.7310"
"KRX_RESET","DS002396","삼성전자","0193L0","SHORT","20/30","5/20","5","68","63","5","2","22.06","-0.3566","-0.4111","15.44","-1.9778","2.5655","-217312","782688","-21.7312"
"KRX_RESET","DS000093","삼성전자","0193L0","SHORT","3/10","3/5","10","174","171","3","1","32.76","-0.1382","-0.2000","5.54","-1.7917","3.1436","-217340","782660","-21.7340"
"KRX_RESET","DS002350","삼성전자","0193L0","SHORT","10/30","5/20","20","87","80","7","3","27.59","-0.2776","-0.4617","16.91","-2.3429","3.1945","-217427","782573","-21.7427"
"KRX_RESET","DS003070","삼성전자","0193L0","SHORT","3/20","3/30","20","102","98","4","4","26.47","-0.2365","-0.4436","17.32","-2.0504","3.6721","-217459","782541","-21.7459"
"KRX_RESET","DS002160","삼성전자","0193L0","SHORT","5/20","5/20","50","93","87","6","2","22.58","-0.2608","-0.3538","14.61","-1.8645","3.6569","-217679","782321","-21.7679"
"KRX_RESET","DS003478","SK하이닉스","0197X0","SHORT","5/10","5/30","20","140","132","8","4","29.29","-0.1629","-0.5224","19.51","-3.2071","8.5163","-218135","781865","-21.8135"
"KRX_RESET","DS000752","삼성전자","0193W0","LONG","10/20","3/10","5","115","109","6","2","26.96","-0.2098","-0.3268","7.38","-2.2060","4.5643","-218249","781751","-21.8249"
"KRX_RESET","DS004548","삼성전자","0193W0","LONG","5/20","20/30","50","88","84","4","3","32.95","-0.2652","-0.4105","26.35","-5.1068","5.1715","-218407","781593","-21.8407"
"KRX_RESET","DS001605","SK하이닉스","0197X0","SHORT","3/20","3/20","10","163","157","6","1","31.29","-0.1437","-0.5472","14.82","-2.6913","4.7311","-218485","781515","-21.8485"
"KRX_RESET","DS000335","삼성전자","0193L0","SHORT","3/30","3/5","30","98","96","2","2","21.43","-0.2489","-0.3379","5.05","-1.4346","3.1436","-218506","781494","-21.8506"
"KRX_RESET","DS003176","SK하이닉스","0193T0","LONG","3/30","3/30","5","118","113","5","1","26.27","-0.1980","-0.5111","16.75","-2.1315","9.3323","-218682","781318","-21.8682"
"KRX_RESET","DS001351","SK하이닉스","0193T0","LONG","10/30","5/10","NONE","100","96","4","4","30.00","-0.2402","-0.3372","9.08","-2.3296","4.9116","-218923","781077","-21.8923"
"KRX_RESET","DS001293","삼성전자","0193L0","SHORT","3/30","5/10","10","133","128","5","2","31.58","-0.1824","-0.2396","10.15","-2.0504","3.1670","-219091","780909","-21.9091"
"KRX_RESET","DS003790","삼성전자","0193L0","SHORT","10/30","5/30","20","87","80","7","3","29.89","-0.2792","-0.5208","21.31","-2.3429","2.8050","-219120","780880","-21.9120"
"KRX_RESET","DS004568","SK하이닉스","0193T0","LONG","10/20","20/30","5","96","87","9","5","33.33","-0.2322","-0.5597","32.19","-3.4978","9.3607","-219314","780686","-21.9314"
"KRX_RESET","DS004579","SK하이닉스","0197X0","SHORT","10/20","20/30","NONE","149","134","15","6","42.28","-0.1365","-0.2000","33.30","-9.8214","6.4858","-219477","780523","-21.9477"
"KRX_RESET","DS002159","삼성전자","0193L0","SHORT","5/20","5/20","30","93","88","5","1","26.88","-0.2622","-0.3538","15.34","-2.4164","3.6569","-219506","780494","-21.9506"
"KRX_RESET","DS002973","삼성전자","0193L0","SHORT","3/10","3/30","10","174","168","6","6","31.61","-0.1333","-0.4646","20.84","-3.7481","6.2608","-219515","780485","-21.9515"
"KRX_RESET","DS002952","SK하이닉스","0197X0","SHORT","3/10","3/30","50","154","146","8","5","29.87","-0.1487","-0.4375","21.92","-4.2399","5.6824","-219949","780051","-21.9949"
"KRX_RESET","DS002218","SK하이닉스","0193T0","LONG","3/30","5/20","20","80","74","6","2","28.75","-0.3037","-0.3940","16.58","-2.3717","6.4903","-220221","779779","-22.0221"
"KRX_RESET","DS003152","삼성전자","0193W0","LONG","10/20","3/30","5","115","107","8","3","33.04","-0.2083","-0.4576","18.77","-4.2726","5.3840","-220235","779765","-22.0235"
"KRX_RESET","DS003357","삼성전자","0193L0","SHORT","20/30","3/30","10","78","73","5","1","23.08","-0.3144","-0.4621","19.36","-2.5889","2.1783","-220256","779744","-22.0256"
"KRX_RESET","DS004665","SK하이닉스","0193T0","LONG","5/30","20/30","10","89","80","9","3","30.34","-0.2555","-0.5659","30.74","-3.4505","10.0731","-220347","779653","-22.0347"
"KRX_RESET","DS002458","SK하이닉스","0193T0","LONG","3/10","10/20","20","127","121","6","4","30.71","-0.1731","-0.4563","19.09","-3.7123","7.1573","-220450","779550","-22.0450"
"KRX_RESET","DS000367","삼성전자","0193W0","LONG","5/30","3/5","NONE","160","158","2","2","25.63","-0.1527","-0.2947","4.67","-1.6291","5.0766","-220481","779519","-22.0481"
"KRX_RESET","DS001304","SK하이닉스","0193T0","LONG","5/30","5/10","5","108","104","4","2","31.48","-0.2253","-0.3256","10.16","-2.6011","5.3457","-220804","779196","-22.0804"
"KRX_RESET","DS003429","SK하이닉스","0197X0","SHORT","3/10","5/30","10","158","151","7","4","32.28","-0.1418","-0.4500","25.09","-3.3975","7.0434","-220808","779192","-22.0808"
"KRX_RESET","DS003091","SK하이닉스","0197X0","SHORT","5/20","3/30","NONE","177","168","9","3","35.59","-0.1270","-0.4778","21.30","-7.2537","4.8204","-220872","779128","-22.0872"
"KRX_RESET","DS000307","SK하이닉스","0197X0","SHORT","3/30","3/5","NONE","163","158","5","1","29.45","-0.1503","-0.2448","5.37","-1.7605","3.7637","-221153","778847","-22.1153"
"KRX_RESET","DS000823","SK하이닉스","0193T0","LONG","5/30","3/10","NONE","110","107","3","2","32.73","-0.2220","-0.3925","9.41","-2.1991","5.2277","-221207","778793","-22.1207"
"KRX_RESET","DS002880","삼성전자","0193L0","SHORT","20/30","10/20","50","57","53","4","2","17.54","-0.4329","-0.4450","16.51","-2.9778","2.5842","-221459","778541","-22.1459"
"KRX_RESET","DS002711","SK하이닉스","0197X0","SHORT","3/30","10/20","30","80","73","7","2","25.00","-0.2987","-0.3893","20.76","-4.9962","5.9560","-221774","778226","-22.1774"
"KRX_RESET","DS004726","SK하이닉스","0197X0","SHORT","10/30","20/30","20","91","83","8","3","37.36","-0.2555","-0.3781","28.91","-4.0889","7.3362","-222263","777737","-22.2263"
"KRX_RESET","DS004135","SK하이닉스","0193T0","LONG","3/30","10/30","NONE","137","125","12","4","28.47","-0.1543","-0.4380","26.67","-3.1497","11.3535","-222401","777599","-22.2401"
"KRX_RESET","DS004196","SK하이닉스","0197X0","SHORT","5/30","10/30","5","126","121","5","3","41.27","-0.1734","-0.2223","30.40","-7.2757","6.7199","-222512","777488","-22.2512"
"KRX_RESET","DS004195","SK하이닉스","0197X0","SHORT","5/30","10/30","NONE","127","122","5","3","40.94","-0.1721","-0.2000","30.36","-7.2757","6.7199","-222578","777422","-22.2578"
"KRX_RESET","DS002348","삼성전자","0193L0","SHORT","10/30","5/20","5","83","77","6","2","26.51","-0.2990","-0.4889","17.01","-2.3429","3.1945","-222638","777362","-22.2638"
"KRX_RESET","DS003225","SK하이닉스","0193T0","LONG","5/30","3/30","10","89","84","5","2","26.97","-0.2718","-0.5255","17.36","-2.0248","8.9445","-222897","777103","-22.2897"
"KRX_RESET","DS001354","SK하이닉스","0193T0","LONG","10/30","5/10","20","74","73","1","3","27.03","-0.3354","-0.3477","9.50","-2.3296","4.9116","-222986","777014","-22.2986"
"KRX_RESET","DS000454","SK하이닉스","0197X0","SHORT","20/30","3/5","20","98","98","0","2","27.55","-0.2530","-0.2477","6.03","-5.4364","2.4817","-223134","776866","-22.3134"
"KRX_RESET","DS000382","삼성전자","0193L0","SHORT","5/30","3/5","20","101","99","2","2","23.76","-0.2485","-0.3094","4.99","-1.3790","1.5012","-223390","776610","-22.3390"
"KRX_RESET","DS001256","SK하이닉스","0193T0","LONG","3/30","5/10","5","118","114","4","2","35.59","-0.2078","-0.3124","10.40","-2.4631","5.7207","-223553","776447","-22.3553"
"KRX_RESET","DS003744","삼성전자","0193L0","SHORT","5/30","5/30","50","80","76","4","2","17.50","-0.3132","-0.4638","16.45","-1.4097","3.2656","-223976","776024","-22.3976"
"KRX_RESET","DS002204","삼성전자","0193L0","SHORT","10/20","5/20","5","108","104","4","2","28.70","-0.2301","-0.3560","17.60","-2.3429","3.1945","-224491","775509","-22.4491"
"KRX_RESET","DS001296","삼성전자","0193L0","SHORT","3/30","5/10","50","87","82","5","2","17.24","-0.2888","-0.3588","10.47","-1.7951","3.1670","-224520","775480","-22.4520"
"KRX_RESET","DS002950","SK하이닉스","0197X0","SHORT","3/10","3/30","20","143","134","9","4","30.07","-0.1675","-0.5235","17.66","-2.7474","7.1476","-224527","775473","-22.4527"
"KRX_RESET","DS001822","삼성전자","0193L0","SHORT","5/30","3/20","20","101","97","4","3","26.73","-0.2482","-0.3893","14.62","-1.8577","2.4050","-224568","775432","-22.4568"
"KRX_RESET","DS002736","삼성전자","0193L0","SHORT","3/30","10/20","50","87","82","5","3","31.03","-0.2862","-0.3769","20.60","-3.6182","4.0649","-224736","775264","-22.4736"
"KRX_RESET","DS002722","삼성전자","0193W0","LONG","3/30","10/20","20","104","100","4","4","29.81","-0.2382","-0.4471","17.63","-2.6117","3.5954","-225328","774672","-22.5328"
"KRX_RESET","DS004487","SK하이닉스","0197X0","SHORT","3/20","20/30","30","92","80","12","3","32.61","-0.2652","-0.4163","23.45","-4.1556","4.6008","-225541","774459","-22.5541"
"KRX_RESET","DS002708","SK하이닉스","0197X0","SHORT","3/30","10/20","5","136","125","11","3","34.56","-0.1722","-0.3574","21.43","-4.9962","5.9560","-225636","774364","-22.5636"
"KRX_RESET","DS000907","삼성전자","0193L0","SHORT","10/30","3/10","NONE","117","113","4","3","31.62","-0.2161","-0.2000","9.19","-3.4571","2.1372","-225736","774264","-22.5736"
"KRX_RESET","DS003658","SK하이닉스","0193T0","LONG","3/30","5/30","20","80","70","10","3","26.25","-0.3133","-0.4396","20.96","-2.4119","5.2470","-225833","774167","-22.5833"
"KRX_RESET","DS001019","SK하이닉스","0193T0","LONG","3/10","5/10","30","117","112","5","2","33.33","-0.2101","-0.3574","9.79","-3.5071","5.0972","-225894","774106","-22.5894"
"KRX_RESET","DS000212","SK하이닉스","0197X0","SHORT","5/20","3/5","5","170","167","3","2","34.12","-0.1476","-0.2617","4.92","-1.7605","4.3127","-226087","773913","-22.6087"
"KRX_RESET","DS003743","삼성전자","0193L0","SHORT","5/30","5/30","30","72","68","4","1","22.22","-0.3512","-0.5328","18.10","-2.0504","3.2656","-226275","773725","-22.6275"
"KRX_RESET","DS003216","삼성전자","0193L0","SHORT","3/30","3/30","50","87","84","3","2","16.09","-0.2913","-0.4743","13.95","-1.5995","3.6721","-226488","773512","-22.6488"
"KRX_RESET","DS001523","삼성전자","0193W0","LONG","3/10","3/20","30","162","157","5","4","24.69","-0.1504","-0.3671","13.27","-2.6930","6.2249","-226768","773232","-22.6768"
"KRX_RESET","DS000816","삼성전자","0193L0","SHORT","3/30","3/10","50","87","83","4","2","18.39","-0.2933","-0.3372","8.74","-1.5995","2.9987","-226961","773039","-22.6961"
"KRX_RESET","DS001151","삼성전자","0193L0","SHORT","3/20","5/10","30","114","109","5","3","29.82","-0.2222","-0.2677","10.48","-2.0504","3.1670","-227346","772654","-22.7346"
"KRX_RESET","DS003524","SK하이닉스","0197X0","SHORT","3/20","5/30","5","183","170","13","3","37.70","-0.1248","-0.4290","25.51","-7.2000","5.7935","-227431","772569","-22.7431"
"KRX_RESET","DS000333","삼성전자","0193L0","SHORT","3/30","3/5","10","133","130","3","2","30.08","-0.1924","-0.2616","4.81","-1.7917","1.7723","-227483","772517","-22.7483"
"KRX_RESET","DS000107","SK하이닉스","0193T0","LONG","5/10","3/5","30","112","109","3","2","25.89","-0.2259","-0.4014","5.13","-1.7394","5.6153","-227507","772493","-22.7507"
"KRX_RESET","DS003536","삼성전자","0193W0","LONG","3/20","5/30","5","197","184","13","5","34.52","-0.1132","-0.3527","23.35","-4.8169","7.6623","-227521","772479","-22.7521"
"KRX_RESET","DS004679","SK하이닉스","0197X0","SHORT","5/30","20/30","30","56","51","5","2","32.14","-0.4491","-0.5569","22.34","-3.8239","4.1807","-227678","772322","-22.7678"
"KRX_RESET","DS003128","SK하이닉스","0193T0","LONG","10/20","3/30","5","96","91","5","2","28.13","-0.2560","-0.6091","18.88","-2.7218","8.8159","-228004","771996","-22.8004"
"KRX_RESET","DS000429","삼성전자","0193L0","SHORT","10/30","3/5","10","107","106","1","2","28.04","-0.2403","-0.2596","5.14","-1.7917","1.5764","-228156","771844","-22.8156"
"KRX_RESET","DS001171","SK하이닉스","0197X0","SHORT","5/20","5/10","NONE","177","175","2","2","38.42","-0.1397","-0.3275","10.99","-2.6913","4.6968","-228164","771836","-22.8164"
"KRX_RESET","DS000369","삼성전자","0193W0","LONG","5/30","3/5","10","123","121","2","2","22.76","-0.2076","-0.3343","4.60","-1.6291","5.0766","-228361","771639","-22.8361"
"KRX_RESET","DS002110","삼성전자","0193L0","SHORT","3/20","5/20","20","102","99","3","3","25.49","-0.2484","-0.3706","16.43","-5.2344","4.0649","-228442","771558","-22.8442"
"KRX_RESET","DS000861","삼성전자","0193L0","SHORT","5/30","3/10","10","126","124","2","2","32.54","-0.2029","-0.2789","8.40","-2.8434","2.5949","-228449","771551","-22.8449"
"KRX_RESET","DS003900","SK하이닉스","0193T0","LONG","3/10","10/30","50","112","104","8","7","28.57","-0.1643","-0.6877","29.97","-4.4148","11.7921","-228521","771479","-22.8521"
"KRX_RESET","DS004151","SK하이닉스","0197X0","SHORT","3/30","10/30","30","80","73","7","3","32.50","-0.3086","-0.4652","22.68","-5.5717","7.5975","-228612","771388","-22.8612"
"KRX_RESET","DS003803","SK하이닉스","0193T0","LONG","20/30","5/30","30","43","40","3","2","16.28","-0.5915","-0.7283","19.86","-2.7474","6.2442","-228717","771283","-22.8717"
"KRX_RESET","DS004320","삼성전자","0193L0","SHORT","20/30","10/30","50","57","53","4","2","24.56","-0.4492","-0.5025","22.74","-3.2556","2.2889","-228916","771084","-22.8916"
"KRX_RESET","DS000381","삼성전자","0193L0","SHORT","5/30","3/5","10","126","124","2","2","27.78","-0.2041","-0.2601","5.01","-2.8434","3.1436","-229001","770999","-22.9001"
"KRX_RESET","DS002661","SK하이닉스","0197X0","SHORT","10/20","10/20","10","138","133","5","1","36.96","-0.1777","-0.2843","19.23","-3.8721","4.6233","-229102","770898","-22.9102"
"KRX_RESET","DS000108","SK하이닉스","0193T0","LONG","5/10","3/5","50","110","109","1","2","29.09","-0.2319","-0.3395","5.35","-1.7394","5.6153","-229151","770849","-22.9151"
"KRX_RESET","DS002400","삼성전자","0193L0","SHORT","20/30","5/20","50","57","54","3","2","19.30","-0.4516","-0.5719","14.28","-1.9778","2.5655","-229319","770681","-22.9319"
"KRX_RESET","DS001294","삼성전자","0193L0","SHORT","3/30","5/10","20","120","115","5","3","30.00","-0.2137","-0.2646","10.99","-2.0504","3.1670","-229506","770494","-22.9506"
"KRX_RESET","DS002649","SK하이닉스","0193T0","LONG","10/20","10/20","10","125","116","9","2","31.20","-0.1963","-0.4959","18.30","-3.3866","7.2838","-229539","770461","-22.9539"
"KRX_RESET","DS004304","삼성전자","0193W0","LONG","20/30","10/30","5","73","69","4","2","24.66","-0.3466","-0.5521","24.34","-2.7399","5.5431","-229791","770209","-22.9791"
"KRX_RESET","DS001725","삼성전자","0193L0","SHORT","10/20","3/20","10","150","145","5","2","36.00","-0.1701","-0.2539","15.02","-2.0755","3.5841","-229803","770197","-22.9803"
"KRX_RESET","DS000597","SK하이닉스","0197X0","SHORT","5/10","3/10","10","139","135","4","2","33.09","-0.1814","-0.3394","9.24","-2.4885","4.4133","-229926","770074","-22.9926"
"KRX_RESET","DS002256","삼성전자","0193L0","SHORT","3/30","5/20","50","87","81","6","2","20.69","-0.2962","-0.4133","18.06","-3.1244","4.0649","-230288","769712","-23.0288"
"KRX_RESET","DS003656","SK하이닉스","0193T0","LONG","3/30","5/30","5","118","108","10","3","28.81","-0.2081","-0.5462","23.03","-2.4119","9.3323","-230310","769690","-23.0310"
"KRX_RESET","DS000955","삼성전자","0193L0","SHORT","20/30","3/10","NONE","115","112","3","2","33.04","-0.2257","-0.3326","8.78","-2.1200","1.5795","-230386","769614","-23.0386"
"KRX_RESET","DS003223","SK하이닉스","0193T0","LONG","5/30","3/30","NONE","110","105","5","2","28.18","-0.2261","-0.5120","18.20","-2.2106","8.9445","-230540","769460","-23.0540"
"KRX_RESET","DS004257","삼성전자","0193W0","LONG","10/30","10/30","10","112","104","8","2","28.57","-0.2250","-0.5290","22.41","-1.9099","6.5107","-230603","769397","-23.0603"
"KRX_RESET","DS003633","삼성전자","0193W0","LONG","10/20","5/30","10","151","138","13","3","34.44","-0.1620","-0.5019","20.68","-4.9105","7.3307","-230637","769363","-23.0637"
"KRX_RESET","DS002013","삼성전자","0193L0","SHORT","3/10","5/20","10","174","168","6","4","36.78","-0.1430","-0.3587","17.66","-2.4876","5.4481","-230903","769097","-23.0903"
"KRX_RESET","DS000153","SK하이닉스","0193T0","LONG","3/20","3/5","10","142","138","4","1","29.58","-0.1788","-0.3684","5.40","-2.1095","5.8940","-230980","769020","-23.0980"
"KRX_RESET","DS000922","SK하이닉스","0193T0","LONG","20/30","3/10","20","83","82","1","3","22.89","-0.3102","-0.4351","8.63","-6.1343","3.3714","-231122","768878","-23.1122"
"KRX_RESET","DS004137","SK하이닉스","0193T0","LONG","3/30","10/30","10","110","101","9","3","28.18","-0.2114","-0.5595","27.43","-3.1497","11.3535","-231258","768742","-23.1258"
"KRX_RESET","DS004078","삼성전자","0193L0","SHORT","5/20","10/30","20","83","76","7","3","31.33","-0.3128","-0.4301","24.99","-1.9706","2.0037","-231548","768452","-23.1548"
"KRX_RESET","DS001594","SK하이닉스","0193T0","LONG","3/20","3/20","20","75","72","3","1","20.00","-0.3460","-0.5974","11.96","-1.6916","3.6075","-231790","768210","-23.1790"
"KRX_RESET","DS003516","SK하이닉스","0193T0","LONG","3/20","5/30","50","68","66","2","3","26.47","-0.3736","-0.7185","23.13","-2.7474","6.2717","-232119","767881","-23.2119"
"KRX_RESET","DS001042","삼성전자","0193W0","LONG","3/10","5/10","20","168","164","4","4","29.76","-0.1489","-0.3386","9.63","-2.2629","4.6843","-232340","767660","-23.2340"
"KRX_RESET","DS003540","삼성전자","0193W0","LONG","3/20","5/30","50","110","104","6","6","31.82","-0.2287","-0.4090","21.03","-4.8169","4.1420","-232624","767376","-23.2624"
"KRX_RESET","DS001123","SK하이닉스","0197X0","SHORT","3/20","5/10","NONE","208","203","5","2","37.02","-0.1179","-0.2876","11.86","-5.3553","4.6968","-232855","767145","-23.2855"
"KRX_RESET","DS002076","SK하이닉스","0193T0","LONG","3/20","5/20","50","68","66","2","3","23.53","-0.3820","-0.5358","16.46","-2.4094","3.1603","-233020","766980","-23.3020"
"KRX_RESET","DS004723","SK하이닉스","0197X0","SHORT","10/30","20/30","NONE","110","102","8","4","36.36","-0.2215","-0.3801","28.11","-4.0889","7.3362","-233240","766760","-23.3240"
"KRX_RESET","DS003356","삼성전자","0193L0","SHORT","20/30","3/30","5","68","62","6","2","20.59","-0.3873","-0.4299","18.31","-2.5889","2.1783","-233556","766444","-23.3556"
"KRX_RESET","DS001305","SK하이닉스","0193T0","LONG","5/30","5/10","10","89","86","3","1","30.34","-0.2935","-0.3874","9.66","-2.6011","5.3457","-233752","766248","-23.3752"
"KRX_RESET","DS001723","삼성전자","0193L0","SHORT","10/20","3/20","NONE","161","156","5","2","36.02","-0.1614","-0.2462","15.50","-2.0755","3.5841","-233951","766049","-23.3951"
"KRX_RESET","DS001607","SK하이닉스","0197X0","SHORT","3/20","3/20","30","92","88","4","1","26.09","-0.2849","-0.5656","12.12","-1.7961","4.1419","-234391","765609","-23.4391"
"KRX_RESET","DS002828","삼성전자","0193L0","SHORT","10/30","10/20","5","83","76","7","2","24.10","-0.3175","-0.4277","18.80","-2.3805","3.1945","-234682","765318","-23.4682"
"KRX_RESET","DS003682","삼성전자","0193W0","LONG","3/30","5/30","20","104","98","6","4","28.85","-0.2519","-0.4700","15.79","-2.0256","3.6853","-235125","764875","-23.5125"
"KRX_RESET","DS000144","삼성전자","0193L0","SHORT","5/10","3/5","50","152","149","3","2","30.92","-0.1746","-0.2000","5.30","-1.8992","1.9093","-235546","764454","-23.5546"
"KRX_RESET","DS002311","SK하이닉스","0193T0","LONG","10/30","5/20","NONE","100","94","6","2","28.00","-0.2587","-0.4688","14.20","-2.0024","8.4197","-235564","764436","-23.5564"
"KRX_RESET","DS000224","삼성전자","0193W0","LONG","5/20","3/5","5","191","188","3","2","28.80","-0.1375","-0.2432","4.56","-1.8600","5.4012","-235731","764269","-23.5731"
"KRX_RESET","DS000775","SK하이닉스","0193T0","LONG","3/30","3/10","NONE","137","134","3","2","32.85","-0.1904","-0.3352","9.33","-2.0508","5.6022","-235758","764242","-23.5758"
"KRX_RESET","DS001833","SK하이닉스","0193T0","LONG","10/30","3/20","10","90","85","5","2","24.44","-0.2891","-0.4930","13.64","-2.0171","8.4197","-235947","764053","-23.5947"
"KRX_RESET","DS001751","SK하이닉스","0197X0","SHORT","3/30","3/20","30","80","76","4","2","28.75","-0.3272","-0.5304","17.35","-4.9482","4.9984","-236251","763749","-23.6251"
"KRX_RESET","DS000813","삼성전자","0193L0","SHORT","3/30","3/10","10","133","129","4","2","27.07","-0.2012","-0.2616","8.13","-1.8577","2.9987","-237461","762539","-23.7461"
"KRX_RESET","DS004255","삼성전자","0193W0","LONG","10/30","10/30","NONE","116","108","8","2","27.59","-0.2250","-0.5104","21.75","-1.9099","6.5107","-237461","762539","-23.7461"
"KRX_RESET","DS001989","SK하이닉스","0197X0","SHORT","3/10","5/20","10","158","153","5","4","31.65","-0.1598","-0.4295","17.66","-2.3948","6.4701","-237485","762515","-23.7485"
"KRX_RESET","DS000237","삼성전자","0193L0","SHORT","5/20","3/5","10","152","150","2","2","29.61","-0.1768","-0.2574","4.74","-1.3874","1.7723","-237703","762297","-23.7703"
"KRX_RESET","DS003490","삼성전자","0193W0","LONG","5/10","5/30","20","147","137","10","7","26.53","-0.1548","-0.4710","19.93","-3.5371","7.5371","-238049","761951","-23.8049"
"KRX_RESET","DS002735","삼성전자","0193L0","SHORT","3/30","10/20","30","98","93","5","3","28.57","-0.2704","-0.3802","21.01","-3.6182","4.0649","-238280","761720","-23.8280"
"KRX_RESET","DS000451","SK하이닉스","0197X0","SHORT","20/30","3/5","NONE","106","105","1","2","28.30","-0.2523","-0.2477","6.20","-5.4364","2.4817","-238382","761618","-23.8382"
"KRX_RESET","DS001737","SK하이닉스","0193T0","LONG","3/30","3/20","10","110","107","3","2","25.45","-0.2326","-0.4539","15.02","-2.4631","6.6802","-238898","761102","-23.8898"
"KRX_RESET","DS002591","삼성전자","0193L0","SHORT","3/20","10/20","30","114","109","5","4","31.58","-0.2335","-0.3336","19.46","-2.4539","4.0649","-239583","760417","-23.9583"
"KRX_RESET","DS002564","SK하이닉스","0197X0","SHORT","3/20","10/20","5","183","172","11","3","36.61","-0.1331","-0.2623","22.08","-5.1716","5.2387","-239704","760296","-23.9704"
"KRX_RESET","DS004079","삼성전자","0193L0","SHORT","5/20","10/30","30","93","85","8","3","26.88","-0.2891","-0.4438","24.13","-2.4164","3.3774","-239942","760058","-23.9942"
"KRX_RESET","DS003994","SK하이닉스","0193T0","LONG","3/20","10/30","20","75","67","8","4","18.67","-0.3378","-0.7408","22.05","-2.7300","9.4216","-240031","759969","-24.0031"
"KRX_RESET","DS004773","SK하이닉스","0197X0","SHORT","20/30","20/30","10","82","76","6","1","32.93","-0.3177","-0.5890","28.73","-5.3405","5.3034","-240084","759916","-24.0084"
"KRX_RESET","DS002361","SK하이닉스","0193T0","LONG","20/30","5/20","10","61","60","1","3","22.95","-0.4425","-0.6016","13.72","-2.1527","6.1754","-240429","759571","-24.0429"
"KRX_RESET","DS002876","삼성전자","0193L0","SHORT","20/30","10/20","5","68","61","7","2","17.65","-0.4010","-0.3857","17.88","-2.9778","2.5655","-240744","759256","-24.0744"
"KRX_RESET","DS000643","SK하이닉스","0197X0","SHORT","3/20","3/10","NONE","208","203","5","2","35.58","-0.1243","-0.3032","10.07","-5.3553","4.4133","-241107","758893","-24.1107"
"KRX_RESET","DS000681","SK하이닉스","0193T0","LONG","5/20","3/10","10","134","130","4","2","35.07","-0.1999","-0.3710","8.95","-3.3443","5.6022","-241140","758860","-24.1140"
"KRX_RESET","DS001558","SK하이닉스","0197X0","SHORT","5/10","3/20","20","140","135","5","4","23.57","-0.1865","-0.5015","12.95","-2.8729","6.4561","-241143","758857","-24.1143"
"KRX_RESET","DS001867","삼성전자","0193L0","SHORT","10/30","3/20","NONE","117","111","6","3","26.50","-0.2327","-0.3924","14.15","-1.7917","3.5841","-241310","758690","-24.1310"
"KRX_RESET","DS002697","SK하이닉스","0193T0","LONG","3/30","10/20","10","110","102","8","3","34.55","-0.2337","-0.3504","19.95","-3.5545","7.7929","-241434","758566","-24.1434"
"KRX_RESET","DS004160","삼성전자","0193W0","LONG","3/30","10/30","5","155","140","15","3","33.55","-0.1658","-0.5099","25.36","-2.6117","7.4410","-241453","758547","-24.1453"
"KRX_RESET","DS000084","삼성전자","0193W0","LONG","3/10","3/5","50","160","157","3","2","26.25","-0.1697","-0.3134","4.63","-1.5920","3.9131","-241624","758376","-24.1624"
"KRX_RESET","DS002313","SK하이닉스","0193T0","LONG","10/30","5/20","10","90","84","6","2","28.89","-0.2974","-0.4919","14.48","-2.0024","8.4197","-241687","758313","-24.1687"
"KRX_RESET","DS002998","SK하이닉스","0197X0","SHORT","5/10","3/30","20","140","133","7","4","27.86","-0.1853","-0.5661","17.81","-3.2071","8.6220","-241701","758299","-24.1701"
"KRX_RESET","DS000142","삼성전자","0193L0","SHORT","5/10","3/5","20","155","152","3","2","31.61","-0.1769","-0.2383","5.34","-1.7087","3.2345","-242794","757206","-24.2794"
"KRX_RESET","DS000539","SK하이닉스","0193T0","LONG","3/10","3/10","30","117","113","4","1","26.50","-0.2323","-0.4015","7.89","-2.1067","4.8343","-242951","757049","-24.2951"
"KRX_RESET","DS001328","삼성전자","0193W0","LONG","5/30","5/10","5","150","145","5","2","27.33","-0.1785","-0.3901","9.01","-1.7450","5.9947","-242986","757014","-24.2986"
"KRX_RESET","DS003360","삼성전자","0193L0","SHORT","20/30","3/30","50","57","54","3","2","17.54","-0.4827","-0.6164","18.32","-2.5889","2.1783","-243059","756941","-24.3059"
"KRX_RESET","DS004725","SK하이닉스","0197X0","SHORT","10/30","20/30","10","106","99","7","3","35.85","-0.2427","-0.3801","27.87","-4.0889","7.3362","-243256","756744","-24.3256"
"KRX_RESET","DS002096","삼성전자","0193W0","LONG","3/20","5/20","5","197","187","10","4","32.99","-0.1333","-0.3359","16.79","-3.0586","5.3498","-243347","756653","-24.3347"
"KRX_RESET","DS003704","SK하이닉스","0193T0","LONG","5/30","5/30","5","108","98","10","1","25.93","-0.2460","-0.5506","19.98","-2.2997","8.9445","-243369","756631","-24.3369"
"KRX_RESET","DS003011","삼성전자","0193W0","LONG","5/10","3/30","30","146","139","7","6","26.71","-0.1834","-0.3861","16.91","-1.9536","3.9774","-243438","756562","-24.3438"
"KRX_RESET","DS000223","삼성전자","0193W0","LONG","5/20","3/5","NONE","198","195","3","2","28.79","-0.1382","-0.2402","4.55","-1.8600","5.4012","-244089","755911","-24.4089"
"KRX_RESET","DS000334","삼성전자","0193L0","SHORT","3/30","3/5","20","120","117","3","1","28.33","-0.2315","-0.2438","4.96","-1.7917","1.6538","-244209","755791","-24.4209"
"KRX_RESET","DS001869","삼성전자","0193L0","SHORT","10/30","3/20","10","107","104","3","2","24.30","-0.2584","-0.4291","14.45","-1.7917","3.5841","-244387","755613","-24.4387"
"KRX_RESET","DS004138","SK하이닉스","0193T0","LONG","3/30","10/30","20","80","70","10","3","27.50","-0.3403","-0.3622","22.85","-3.1497","5.8391","-244496","755504","-24.4496"
"KRX_RESET","DS004596","삼성전자","0193W0","LONG","10/20","20/30","50","71","68","3","3","26.76","-0.3853","-0.4287","26.79","-5.1068","3.6129","-244630","755370","-24.4630"
"KRX_RESET","DS000958","삼성전자","0193L0","SHORT","20/30","3/10","20","104","102","2","2","30.77","-0.2677","-0.3505","8.43","-2.1200","1.5146","-244717","755283","-24.4717"
"KRX_RESET","DS001821","삼성전자","0193L0","SHORT","5/30","3/20","10","126","122","4","2","28.57","-0.2181","-0.4068","15.14","-1.8673","4.0482","-244759","755241","-24.4759"
"KRX_RESET","DS004676","SK하이닉스","0197X0","SHORT","5/30","20/30","5","126","116","10","5","38.89","-0.2006","-0.4151","31.13","-6.9788","6.3327","-244761","755239","-24.4761"
"KRX_RESET","DS003271","SK하이닉스","0193T0","LONG","10/30","3/30","NONE","100","94","6","3","28.00","-0.2689","-0.5837","18.07","-2.3753","8.4957","-244765","755235","-24.4765"
"KRX_RESET","DS001616","삼성전자","0193W0","LONG","3/20","3/20","5","197","189","8","2","29.95","-0.1371","-0.3811","12.34","-2.2060","5.3498","-244833","755167","-24.4833"
"KRX_RESET","DS003703","SK하이닉스","0193T0","LONG","5/30","5/30","NONE","110","100","10","1","26.36","-0.2436","-0.5328","19.64","-2.2997","8.9445","-245085","754915","-24.5085"
"KRX_RESET","DS004761","SK하이닉스","0193T0","LONG","20/30","20/30","10","61","57","4","1","24.59","-0.4407","-0.7263","28.57","-3.2523","9.0080","-245220","754780","-24.5220"
"KRX_RESET","DS003911","SK하이닉스","0197X0","SHORT","3/10","10/30","30","150","141","9","5","36.00","-0.1681","-0.4845","25.94","-5.5717","7.5975","-245586","754414","-24.5586"
"KRX_RESET","DS004008","SK하이닉스","0197X0","SHORT","3/20","10/30","50","108","100","8","4","34.26","-0.2356","-0.3939","28.27","-11.2795","6.7199","-245739","754261","-24.5739"
"KRX_RESET","DS003537","삼성전자","0193W0","LONG","3/20","5/30","10","158","145","13","3","31.01","-0.1630","-0.4239","21.19","-4.8169","7.6623","-245813","754187","-24.5813"
"KRX_RESET","DS004628","SK하이닉스","0197X0","SHORT","3/30","20/30","5","136","123","13","4","35.29","-0.1816","-0.3808","30.68","-7.6656","7.1030","-245842","754158","-24.5842"
"KRX_RESET","DS000058","SK하이닉스","0193T0","LONG","3/10","3/5","20","127","124","3","1","25.20","-0.2158","-0.4068","5.12","-2.1067","7.0780","-245920","754080","-24.5920"
"KRX_RESET","DS002568","SK하이닉스","0197X0","SHORT","3/20","10/20","50","108","101","7","2","31.48","-0.2443","-0.3175","19.18","-5.1716","5.2387","-245934","754066","-24.5934"
"KRX_RESET","DS003453","삼성전자","0193L0","SHORT","3/10","5/30","10","174","166","8","6","32.76","-0.1506","-0.4914","22.48","-3.8415","6.9516","-246423","753577","-24.6423"
"KRX_RESET","DS002302","삼성전자","0193L0","SHORT","5/30","5/20","20","101","96","5","3","26.73","-0.2761","-0.3285","17.78","-2.3429","2.3140","-246721","753279","-24.6721"
"KRX_RESET","DS002842","SK하이닉스","0193T0","LONG","20/30","10/20","20","83","76","7","3","22.89","-0.3336","-0.5712","18.52","-2.6167","5.3490","-247432","752568","-24.7432"
"KRX_RESET","DS001353","SK하이닉스","0193T0","LONG","10/30","5/10","10","90","86","4","2","26.67","-0.3104","-0.3414","8.62","-2.3296","4.9116","-247699","752301","-24.7699"
"KRX_RESET","DS004675","SK하이닉스","0197X0","SHORT","5/30","20/30","NONE","127","117","10","5","38.58","-0.2021","-0.4137","31.14","-6.9788","6.3327","-247786","752214","-24.7786"
"KRX_RESET","DS000175","삼성전자","0193W0","LONG","3/20","3/5","NONE","241","236","5","2","33.20","-0.1148","-0.2000","4.83","-2.2060","5.4012","-247797","752203","-24.7797"
"KRX_RESET","DS002793","SK하이닉스","0193T0","LONG","10/30","10/20","10","90","82","8","2","26.67","-0.3041","-0.5861","17.63","-2.5000","7.5758","-247863","752137","-24.7863"
"KRX_RESET","DS002792","SK하이닉스","0193T0","LONG","10/30","10/20","5","73","69","4","2","27.40","-0.3792","-0.6240","18.58","-2.5000","6.9680","-247892","752108","-24.7892"
"KRX_RESET","DS004476","SK하이닉스","0193T0","LONG","3/20","20/30","50","68","66","2","7","27.94","-0.3923","-0.7744","31.29","-3.4039","8.5877","-247921","752079","-24.7921"
"KRX_RESET","DS000177","삼성전자","0193W0","LONG","3/20","3/5","10","158","154","4","2","30.38","-0.1769","-0.2868","4.68","-2.2060","5.4012","-247985","752015","-24.7985"
"KRX_RESET","DS000815","삼성전자","0193L0","SHORT","3/30","3/10","30","98","94","4","2","22.45","-0.2877","-0.3718","8.41","-1.8577","2.9987","-248072","751928","-24.8072"
"KRX_RESET","DS000573","삼성전자","0193L0","SHORT","3/10","3/10","10","174","171","3","2","30.46","-0.1604","-0.2636","8.75","-1.7917","2.9987","-248154","751846","-24.8154"
"KRX_RESET","DS004233","SK하이닉스","0193T0","LONG","10/30","10/30","10","90","81","9","2","24.44","-0.2960","-0.7411","23.56","-3.3697","10.3433","-248189","751811","-24.8189"
"KRX_RESET","DS003573","SK하이닉스","0197X0","SHORT","5/20","5/30","10","139","132","7","3","37.41","-0.1850","-0.4141","26.42","-8.5021","5.4649","-248328","751672","-24.8328"
"KRX_RESET","DS001775","삼성전자","0193L0","SHORT","3/30","3/20","30","98","92","6","3","20.41","-0.2854","-0.3962","14.50","-3.1244","4.4577","-248362","751638","-24.8362"
"KRX_RESET","DS001532","삼성전자","0193L0","SHORT","3/10","3/20","5","290","283","7","5","33.45","-0.0874","-0.2662","16.64","-3.3642","6.1707","-248402","751598","-24.8402"
"KRX_RESET","DS003814","SK하이닉스","0197X0","SHORT","20/30","5/30","20","98","95","3","3","34.69","-0.2803","-0.6009","22.61","-5.5091","3.8268","-248843","751157","-24.8843"
"KRX_RESET","DS004041","SK하이닉스","0193T0","LONG","5/20","10/30","10","134","122","12","4","29.85","-0.1730","-0.7196","29.37","-2.9079","10.9906","-248924","751076","-24.8924"
"KRX_RESET","DS000862","삼성전자","0193L0","SHORT","5/30","3/10","20","101","98","3","2","30.69","-0.2817","-0.3285","8.33","-1.8577","1.9429","-249368","750632","-24.9368"
"KRX_RESET","DS001303","SK하이닉스","0193T0","LONG","5/30","5/10","NONE","110","106","4","2","30.91","-0.2550","-0.3344","10.45","-2.6011","5.3457","-249496","750504","-24.9496"
"KRX_RESET","DS001399","SK하이닉스","0193T0","LONG","20/30","5/10","NONE","92","88","4","3","26.09","-0.3044","-0.3966","9.51","-4.8292","5.2835","-250148","749852","-25.0148"
"KRX_RESET","DS000562","삼성전자","0193W0","LONG","3/10","3/10","20","168","164","4","2","27.38","-0.1673","-0.3516","7.79","-2.0410","4.6843","-250640","749360","-25.0640"
"KRX_RESET","DS002255","삼성전자","0193L0","SHORT","3/30","5/20","30","98","92","6","3","23.47","-0.2868","-0.4145","18.09","-3.1244","4.0649","-250758","749242","-25.0758"
"KRX_RESET","DS003249","삼성전자","0193W0","LONG","5/30","3/30","10","123","117","6","2","30.08","-0.2287","-0.5019","16.33","-1.8227","5.3840","-251066","748934","-25.1066"
"KRX_RESET","DS004737","삼성전자","0193W0","LONG","10/30","20/30","10","112","105","7","2","30.36","-0.2430","-0.4584","25.66","-2.8490","6.5107","-251284","748716","-25.1284"
"KRX_RESET","DS001032","SK하이닉스","0197X0","SHORT","3/10","5/10","50","154","151","3","3","34.42","-0.1811","-0.4480","10.42","-1.9661","4.7976","-251431","748569","-25.1431"
"KRX_RESET","DS003696","삼성전자","0193L0","SHORT","3/30","5/30","50","87","82","5","2","17.24","-0.3279","-0.4630","18.49","-4.2000","3.6721","-251466","748534","-25.1466"
"KRX_RESET","DS002684","삼성전자","0193L0","SHORT","10/20","10/20","5","108","102","6","2","32.41","-0.2617","-0.3844","19.96","-3.6091","3.1945","-251575","748425","-25.1575"
"KRX_RESET","DS001257","SK하이닉스","0193T0","LONG","3/30","5/10","10","110","108","2","2","34.55","-0.2569","-0.3123","10.19","-2.4631","5.7207","-251838","748162","-25.1838"
"KRX_RESET","DS001978","SK하이닉스","0193T0","LONG","3/10","5/20","20","127","121","6","4","25.98","-0.2100","-0.5286","16.29","-2.7088","6.4903","-251913","748087","-25.1913"
"KRX_RESET","DS003550","삼성전자","0193L0","SHORT","3/20","5/30","20","102","98","4","4","26.47","-0.2781","-0.4458","19.02","-4.5985","3.6721","-252154","747846","-25.2154"
"KRX_RESET","DS003840","삼성전자","0193L0","SHORT","20/30","5/30","50","57","54","3","2","21.05","-0.5041","-0.5845","20.44","-2.9778","2.1783","-252335","747665","-25.2335"
"KRX_RESET","DS000057","SK하이닉스","0193T0","LONG","3/10","3/5","10","141","138","3","1","27.66","-0.1999","-0.3352","5.45","-2.4885","7.0780","-252343","747657","-25.2343"
"KRX_RESET","DS000319","삼성전자","0193W0","LONG","3/30","3/5","NONE","191","188","3","2","29.84","-0.1491","-0.2896","4.81","-1.7052","5.1846","-252344","747656","-25.2344"
"KRX_RESET","DS004484","SK하이닉스","0197X0","SHORT","3/20","20/30","5","183","164","19","9","40.98","-0.1181","-0.2000","34.72","-10.9955","7.4142","-252478","747522","-25.2478"
"KRX_RESET","DS000609","삼성전자","0193W0","LONG","5/10","3/10","10","140","136","4","2","30.71","-0.2042","-0.3624","8.74","-1.8239","2.7101","-252538","747462","-25.2538"
"KRX_RESET","DS000427","삼성전자","0193L0","SHORT","10/30","3/5","NONE","117","116","1","3","29.91","-0.2466","-0.2000","5.44","-3.4000","1.5879","-252733","747267","-25.2733"
"KRX_RESET","DS001882","SK하이닉스","0193T0","LONG","20/30","3/20","20","83","80","3","3","18.07","-0.3442","-0.5079","12.99","-2.1443","6.1754","-252833","747167","-25.2833"
"KRX_RESET","DS003705","SK하이닉스","0193T0","LONG","5/30","5/30","10","89","82","7","1","24.72","-0.3159","-0.6076","19.58","-2.2997","8.9445","-253214","746786","-25.3214"
"KRX_RESET","DS000082","삼성전자","0193W0","LONG","3/10","3/5","20","168","165","3","2","27.98","-0.1707","-0.3067","4.86","-1.5920","3.9131","-253233","746767","-25.3233"
"KRX_RESET","DS004232","SK하이닉스","0193T0","LONG","10/30","10/30","5","73","68","5","2","23.29","-0.3787","-0.8064","25.70","-3.3697","10.3433","-253270","746730","-25.3270"
"KRX_RESET","DS002830","삼성전자","0193L0","SHORT","10/30","10/20","20","87","79","8","3","25.29","-0.3312","-0.4277","18.56","-2.3805","3.1945","-253440","746560","-25.3440"
"KRX_RESET","DS003261","삼성전자","0193L0","SHORT","5/30","3/30","10","126","120","6","2","25.40","-0.2271","-0.4349","18.40","-2.1391","3.2656","-253499","746501","-25.3499"
"KRX_RESET","DS002590","삼성전자","0193L0","SHORT","3/20","10/20","20","102","98","4","4","27.45","-0.2782","-0.4009","19.78","-5.3934","4.0649","-253653","746347","-25.3653"
"KRX_RESET","DS000943","삼성전자","0193W0","LONG","20/30","3/10","NONE","116","111","5","2","27.59","-0.2486","-0.3030","8.82","-3.3239","2.8227","-253782","746218","-25.3782"
"KRX_RESET","DS004703","삼성전자","0193L0","SHORT","5/30","20/30","30","72","67","5","3","20.83","-0.3999","-0.4380","21.33","-2.7829","3.6275","-253933","746067","-25.3933"
"KRX_RESET","DS003321","SK하이닉스","0193T0","LONG","20/30","3/30","10","61","59","2","3","18.03","-0.4694","-0.7121","18.52","-2.4035","6.2442","-254038","745962","-25.4038"
"KRX_RESET","DS004629","SK하이닉스","0197X0","SHORT","3/30","20/30","10","125","114","11","3","36.00","-0.2069","-0.3873","32.10","-7.6656","7.1030","-254060","745940","-25.4060"
"KRX_RESET","DS002851","SK하이닉스","0197X0","SHORT","20/30","10/20","NONE","106","102","4","3","33.96","-0.2613","-0.4667","18.84","-6.2364","3.9611","-254271","745729","-25.4271"
"KRX_RESET","DS002482","삼성전자","0193W0","LONG","3/10","10/20","20","168","158","10","6","31.55","-0.1632","-0.3605","17.45","-3.7917","3.8571","-254454","745546","-25.4454"
"KRX_RESET","DS004664","SK하이닉스","0193T0","LONG","5/30","20/30","5","108","96","12","4","29.63","-0.2464","-0.5363","30.14","-3.4505","10.0731","-255111","744889","-25.5111"
"KRX_RESET","DS000059","SK하이닉스","0193T0","LONG","3/10","3/5","30","117","114","3","2","25.64","-0.2471","-0.3585","4.94","-2.1067","5.9785","-255239","744761","-25.5239"
"KRX_RESET","DS003551","삼성전자","0193L0","SHORT","3/20","5/30","30","114","109","5","4","29.82","-0.2535","-0.3948","17.96","-2.0504","3.6721","-255244","744756","-25.5244"
"KRX_RESET","DS004690","삼성전자","0193W0","LONG","5/30","20/30","20","98","92","6","3","27.55","-0.2867","-0.5721","23.59","-2.3801","7.3307","-255639","744361","-25.5639"
"KRX_RESET","DS004231","SK하이닉스","0193T0","LONG","10/30","10/30","NONE","100","91","9","2","26.00","-0.2761","-0.6875","21.93","-3.3697","10.3433","-255724","744276","-25.5724"
"KRX_RESET","DS001068","SK하이닉스","0193T0","LONG","5/10","5/10","50","110","109","1","2","26.36","-0.2638","-0.3211","8.64","-2.7057","4.4750","-256053","743947","-25.6053"
"KRX_RESET","DS000321","삼성전자","0193W0","LONG","3/30","3/5","10","138","136","2","2","26.81","-0.2114","-0.3354","4.70","-1.7052","5.1846","-256427","743573","-25.6427"
"KRX_RESET","DS002791","SK하이닉스","0193T0","LONG","10/30","10/20","NONE","100","92","8","3","28.00","-0.2847","-0.5222","16.38","-2.5000","7.5758","-256523","743477","-25.6523"
"KRX_RESET","DS002532","삼성전자","0193W0","LONG","5/10","10/20","50","145","132","13","5","31.03","-0.1933","-0.3384","20.79","-4.1206","3.8743","-256707","743293","-25.6707"
"KRX_RESET","DS002051","삼성전자","0193W0","LONG","5/10","5/20","30","146","140","6","4","28.77","-0.1956","-0.3750","15.54","-1.7508","4.1837","-256847","743153","-25.6847"
"KRX_RESET","DS000657","삼성전자","0193W0","LONG","3/20","3/10","10","158","151","7","2","30.38","-0.1835","-0.3038","8.14","-2.2060","4.8874","-256885","743115","-25.6885"
"KRX_RESET","DS003071","삼성전자","0193L0","SHORT","3/20","3/30","30","114","110","4","4","28.95","-0.2569","-0.3764","16.73","-2.0504","3.6721","-256967","743033","-25.6967"
"KRX_RESET","DS001102","삼성전자","0193L0","SHORT","5/10","5/10","20","155","149","6","2","29.68","-0.1878","-0.2986","9.66","-1.8229","3.7503","-257208","742792","-25.7208"
"KRX_RESET","DS003430","SK하이닉스","0197X0","SHORT","3/10","5/30","20","143","134","9","4","31.47","-0.1967","-0.5685","19.29","-2.7474","7.0434","-257292","742708","-25.7292"
"KRX_RESET","DS003034","SK하이닉스","0193T0","LONG","3/20","3/30","20","75","72","3","2","21.33","-0.3856","-0.6237","15.48","-2.5571","6.0228","-257578","742422","-25.7578"
"KRX_RESET","DS004390","SK하이닉스","0197X0","SHORT","3/10","20/30","20","143","126","17","4","34.97","-0.1850","-0.4692","24.76","-4.0221","6.7307","-257605","742395","-25.7605"
"KRX_RESET","DS001295","삼성전자","0193L0","SHORT","3/30","5/10","30","98","93","5","3","22.45","-0.2994","-0.3829","10.79","-2.0504","3.1670","-257820","742180","-25.7820"
"KRX_RESET","DS003837","삼성전자","0193L0","SHORT","20/30","5/30","10","78","73","5","2","24.36","-0.3758","-0.4814","21.55","-4.5985","2.9927","-257990","742010","-25.7990"
"KRX_RESET","DS001808","삼성전자","0193W0","LONG","5/30","3/20","5","150","143","7","2","30.67","-0.1919","-0.4410","12.81","-1.7015","5.5782","-258086","741914","-25.8086"
"KRX_RESET","DS004080","삼성전자","0193L0","SHORT","5/20","10/30","50","93","83","10","4","22.58","-0.3156","-0.4413","24.83","-2.1918","3.3774","-258183","741817","-25.8183"
"KRX_RESET","DS000538","SK하이닉스","0193T0","LONG","3/10","3/10","20","127","124","3","1","24.41","-0.2291","-0.4031","8.27","-2.1067","5.1857","-258283","741717","-25.8283"
"KRX_RESET","DS000587","SK하이닉스","0193T0","LONG","5/10","3/10","30","112","108","4","2","24.11","-0.2614","-0.4171","8.17","-2.4499","4.4750","-258601","741399","-25.8601"
"KRX_RESET","DS004630","SK하이닉스","0197X0","SHORT","3/30","20/30","20","109","97","12","3","34.86","-0.2564","-0.3873","24.81","-3.5849","7.1030","-258667","741333","-25.8667"
"KRX_RESET","DS000551","SK하이닉스","0197X0","SHORT","3/10","3/10","30","150","147","3","2","32.67","-0.1929","-0.3468","9.14","-2.2883","5.2720","-258690","741310","-25.8690"
"KRX_RESET","DS001832","SK하이닉스","0193T0","LONG","10/30","3/20","5","73","71","2","2","24.66","-0.4030","-0.6182","14.55","-2.0006","5.2054","-258743","741257","-25.8743"
"KRX_RESET","DS001426","삼성전자","0193W0","LONG","20/30","5/10","20","106","102","4","2","25.47","-0.2788","-0.3413","9.54","-2.1477","3.0746","-258835","741165","-25.8835"
"KRX_RESET","DS000814","삼성전자","0193L0","SHORT","3/30","3/10","20","120","115","5","2","25.83","-0.2472","-0.2758","9.00","-1.8577","2.9987","-258995","741005","-25.8995"
"KRX_RESET","DS002768","삼성전자","0193W0","LONG","5/30","10/20","5","150","139","11","3","32.67","-0.1910","-0.4471","18.16","-2.0256","6.2549","-259083","740917","-25.9083"
"KRX_RESET","DS004558","삼성전자","0193L0","SHORT","5/20","20/30","20","83","73","10","3","31.33","-0.3564","-0.3297","26.35","-2.7077","1.8846","-259139","740861","-25.9139"
"KRX_RESET","DS004797","삼성전자","0193L0","SHORT","20/30","20/30","10","78","69","9","1","30.77","-0.3767","-0.3651","28.21","-2.9778","3.6728","-259214","740786","-25.9214"
"KRX_RESET","DS003631","삼성전자","0193W0","LONG","10/20","5/30","NONE","161","148","13","3","33.54","-0.1752","-0.5019","20.86","-4.9105","7.3307","-259292","740708","-25.9292"
"KRX_RESET","DS004735","삼성전자","0193W0","LONG","10/30","20/30","NONE","116","109","7","2","30.17","-0.2439","-0.4584","25.15","-2.8490","6.5107","-259312","740688","-25.9312"
"KRX_RESET","DS002460","SK하이닉스","0193T0","LONG","3/10","10/20","50","112","108","4","5","35.71","-0.2514","-0.3919","23.38","-3.7123","6.8044","-259378","740622","-25.9378"
"KRX_RESET","DS000668","삼성전자","0193L0","SHORT","3/20","3/10","5","185","181","4","2","29.73","-0.1591","-0.2516","8.75","-2.3834","2.9987","-259461","740539","-25.9461"
"KRX_RESET","DS000188","삼성전자","0193L0","SHORT","3/20","3/5","5","185","183","2","2","28.65","-0.1604","-0.2762","4.98","-1.6738","3.1436","-260092","739908","-26.0092"
"KRX_RESET","DS004056","SK하이닉스","0197X0","SHORT","5/20","10/30","50","89","84","5","4","34.83","-0.3131","-0.4152","29.31","-11.2795","6.7199","-260104","739896","-26.0104"
"KRX_RESET","DS001677","삼성전자","0193L0","SHORT","5/20","3/20","10","152","146","6","2","27.63","-0.1940","-0.3565","14.17","-1.8492","4.0482","-260133","739867","-26.0133"
"KRX_RESET","DS003309","삼성전자","0193L0","SHORT","10/30","3/30","10","107","102","5","2","23.36","-0.2772","-0.4750","19.84","-1.9057","2.8050","-260147","739853","-26.0147"
"KRX_RESET","DS004032","삼성전자","0193L0","SHORT","3/20","10/30","50","111","100","11","4","27.93","-0.2637","-0.3152","25.68","-5.6448","3.7843","-260205","739795","-26.0205"
"KRX_RESET","DS000152","SK하이닉스","0193T0","LONG","3/20","3/5","5","162","158","4","1","28.40","-0.1807","-0.3325","5.20","-2.1095","5.8940","-260347","739653","-26.0347"
"KRX_RESET","DS004291","SK하이닉스","0197X0","SHORT","20/30","10/30","NONE","106","101","5","3","38.68","-0.2670","-0.4515","25.29","-5.8000","5.5718","-260630","739370","-26.0630"
"KRX_RESET","DS001735","SK하이닉스","0193T0","LONG","3/30","3/20","NONE","137","133","4","2","27.01","-0.2065","-0.4382","15.24","-2.4631","6.6802","-260739","739261","-26.0739"
"KRX_RESET","DS001772","삼성전자","0193L0","SHORT","3/30","3/20","5","154","148","6","3","27.27","-0.1910","-0.3397","14.86","-3.1244","4.4577","-261309","738691","-26.1309"
"KRX_RESET","DS003092","SK하이닉스","0197X0","SHORT","5/20","3/30","5","170","161","9","3","34.12","-0.1650","-0.5027","20.55","-7.2537","4.8204","-261452","738548","-26.1452"
"KRX_RESET","DS003729","삼성전자","0193W0","LONG","5/30","5/30","10","123","114","9","1","29.27","-0.2386","-0.5080","17.12","-2.0256","7.3307","-261527","738473","-26.1527"
"KRX_RESET","DS001641","SK하이닉스","0193T0","LONG","5/20","3/20","10","134","129","5","3","29.10","-0.2175","-0.5774","14.08","-2.5711","6.4903","-261641","738359","-26.1641"
"KRX_RESET","DS004748","삼성전자","0193L0","SHORT","10/30","20/30","5","83","74","9","2","28.92","-0.3536","-0.4413","29.39","-8.5459","3.4171","-261723","738277","-26.1723"
"KRX_RESET","DS003754","SK하이닉스","0193T0","LONG","10/30","5/30","20","74","67","7","3","28.38","-0.3991","-0.6092","20.74","-2.3753","8.4957","-261792","738208","-26.1792"
"KRX_RESET","DS001603","SK하이닉스","0197X0","SHORT","3/20","3/20","NONE","208","200","8","1","31.73","-0.1389","-0.5441","13.78","-2.6913","4.7311","-262181","737819","-26.2181"
"KRX_RESET","DS003514","SK하이닉스","0193T0","LONG","3/20","5/30","20","75","68","7","3","20.00","-0.3929","-0.7164","17.67","-2.6750","6.2717","-262233","737767","-26.2233"
"KRX_RESET","DS001918","삼성전자","0193L0","SHORT","20/30","3/20","20","104","100","4","2","20.19","-0.2885","-0.3338","12.95","-2.1200","2.9527","-262693","737307","-26.2693"
"KRX_RESET","DS000588","SK하이닉스","0193T0","LONG","5/10","3/10","50","110","109","1","2","23.64","-0.2722","-0.3894","8.27","-2.4499","4.4750","-262847","737153","-26.2847"
"KRX_RESET","DS003923","삼성전자","0193W0","LONG","3/10","10/30","30","162","151","11","6","29.63","-0.1634","-0.4879","25.70","-5.1116","8.5565","-262894","737106","-26.2894"
"KRX_RESET","DS000716","삼성전자","0193L0","SHORT","5/20","3/10","5","178","175","3","2","31.46","-0.1687","-0.2790","8.49","-1.7818","2.5949","-263174","736826","-26.3174"
"KRX_RESET","DS000669","삼성전자","0193L0","SHORT","3/20","3/10","10","170","166","4","2","28.24","-0.1764","-0.2495","8.71","-2.3834","2.9987","-263420","736580","-26.3420"
"KRX_RESET","DS001571","삼성전자","0193W0","LONG","5/10","3/20","30","146","141","5","4","24.66","-0.2030","-0.3889","12.82","-1.8129","4.5963","-263432","736568","-26.3432"
"KRX_RESET","DS001196","삼성전자","0193L0","SHORT","5/20","5/10","5","178","174","4","2","32.58","-0.1680","-0.2894","10.17","-2.6176","3.0996","-263442","736558","-26.3442"
"KRX_RESET","DS001017","SK하이닉스","0193T0","LONG","3/10","5/10","10","141","137","4","2","35.46","-0.2055","-0.3334","10.52","-3.7368","5.1857","-263711","736289","-26.3711"
"KRX_RESET","DS002951","SK하이닉스","0197X0","SHORT","3/10","3/30","30","150","144","6","4","26.00","-0.1929","-0.4753","18.75","-2.7474","5.6824","-263772","736228","-26.3772"
"KRX_RESET","DS004800","삼성전자","0193L0","SHORT","20/30","20/30","50","57","52","5","1","24.56","-0.5299","-0.5407","25.28","-2.9778","3.6728","-264248","735752","-26.4248"
"KRX_RESET","DS003836","삼성전자","0193L0","SHORT","20/30","5/30","5","68","62","6","1","20.59","-0.4472","-0.4585","19.31","-2.9778","2.1783","-264261","735739","-26.4261"
"KRX_RESET","DS001631","삼성전자","0193L0","SHORT","3/20","3/20","30","114","109","5","1","23.68","-0.2660","-0.3904","12.45","-1.8577","4.4577","-264475","735525","-26.4475"
"KRX_RESET","DS003695","삼성전자","0193L0","SHORT","3/30","5/30","30","98","92","6","3","20.41","-0.3094","-0.5063","17.59","-2.0504","3.6721","-264615","735385","-26.4615"
"KRX_RESET","DS000801","삼성전자","0193W0","LONG","3/30","3/10","10","138","134","4","2","32.61","-0.2189","-0.3886","7.78","-1.7152","4.6843","-265014","734986","-26.5014"
"KRX_RESET","DS002769","삼성전자","0193W0","LONG","5/30","10/20","10","123","115","8","3","32.52","-0.2432","-0.4400","17.94","-2.0256","6.2549","-265828","734172","-26.5828"
"KRX_RESET","DS004210","삼성전자","0193W0","LONG","5/30","10/30","20","98","91","7","3","28.57","-0.3064","-0.5084","21.43","-2.0734","7.3307","-266035","733965","-26.6035"
"KRX_RESET","DS001546","SK하이닉스","0193T0","LONG","5/10","3/20","20","119","116","3","4","25.21","-0.2452","-0.5914","12.08","-2.4499","6.1754","-266071","733929","-26.6071"
"KRX_RESET","DS003644","삼성전자","0193L0","SHORT","10/20","5/30","5","108","103","5","4","28.70","-0.2766","-0.4415","22.69","-5.6770","2.8050","-266164","733836","-26.6164"
"KRX_RESET","DS001327","삼성전자","0193W0","LONG","5/30","5/10","NONE","160","155","5","2","27.50","-0.1868","-0.3841","8.74","-1.7450","5.9947","-266303","733697","-26.6303"
"KRX_RESET","DS000919","SK하이닉스","0193T0","LONG","20/30","3/10","NONE","92","88","4","3","25.00","-0.3291","-0.4339","9.29","-6.1343","3.3714","-266404","733596","-26.6404"
"KRX_RESET","DS004175","삼성전자","0193L0","SHORT","3/30","10/30","30","98","91","7","3","21.43","-0.3090","-0.4981","23.16","-3.0838","3.7843","-266576","733424","-26.6576"
"KRX_RESET","DS001292","삼성전자","0193L0","SHORT","3/30","5/10","5","154","150","4","2","29.87","-0.1972","-0.3104","10.24","-2.0504","3.1670","-266612","733388","-26.6612"
"KRX_RESET","DS001807","삼성전자","0193W0","LONG","5/30","3/20","NONE","160","152","8","2","30.00","-0.1869","-0.4325","12.51","-1.7015","5.5782","-266666","733334","-26.6666"
"KRX_RESET","DS002707","SK하이닉스","0197X0","SHORT","3/30","10/20","NONE","163","152","11","3","34.36","-0.1733","-0.3533","21.12","-4.9962","5.9560","-267144","732856","-26.7144"
"KRX_RESET","DS003273","SK하이닉스","0193T0","LONG","10/30","3/30","10","90","84","6","2","25.56","-0.3343","-0.6230","17.92","-2.3753","8.4957","-268013","731987","-26.8013"
"KRX_RESET","DS002111","삼성전자","0193L0","SHORT","3/20","5/20","30","114","109","5","3","26.32","-0.2699","-0.3611","15.61","-2.4164","4.0649","-268065","731935","-26.8065"
"KRX_RESET","DS002612","SK하이닉스","0197X0","SHORT","5/20","10/20","5","170","162","8","2","34.12","-0.1707","-0.3454","20.11","-5.1716","5.1769","-268249","731751","-26.8249"
"KRX_RESET","DS004632","SK하이닉스","0197X0","SHORT","3/30","20/30","50","81","71","10","3","32.10","-0.3708","-0.4132","22.49","-4.2887","7.1030","-268356","731644","-26.8356"
"KRX_RESET","DS001044","삼성전자","0193W0","LONG","3/10","5/10","50","160","156","4","2","31.25","-0.1877","-0.3097","9.66","-3.3298","5.9947","-268446","731554","-26.8446"
"KRX_RESET","DS001077","SK하이닉스","0197X0","SHORT","5/10","5/10","10","139","135","4","2","38.85","-0.2184","-0.4639","10.78","-2.5823","4.6968","-268510","731490","-26.8510"
"KRX_RESET","DS002052","삼성전자","0193W0","LONG","5/10","5/20","50","145","136","9","3","31.03","-0.2098","-0.3413","15.94","-2.1183","4.1837","-268706","731294","-26.8706"
"KRX_RESET","DS001340","삼성전자","0193L0","SHORT","5/30","5/10","5","149","145","4","2","31.54","-0.2067","-0.3539","9.77","-2.0504","3.0996","-268760","731240","-26.8760"
"KRX_RESET","DS001809","삼성전자","0193W0","LONG","5/30","3/20","10","123","117","6","2","28.46","-0.2490","-0.4888","13.07","-1.7015","5.0254","-268902","731098","-26.8902"
"KRX_RESET","DS003215","삼성전자","0193L0","SHORT","3/30","3/30","30","98","95","3","2","18.37","-0.3161","-0.4687","13.58","-2.0504","3.6721","-269177","730823","-26.9177"
"KRX_RESET","DS000564","삼성전자","0193W0","LONG","3/10","3/10","50","160","156","4","1","26.25","-0.1925","-0.3516","7.23","-2.0410","4.6843","-269196","730804","-26.9196"
"KRX_RESET","DS002397","삼성전자","0193L0","SHORT","20/30","5/20","10","78","74","4","1","24.36","-0.3965","-0.4918","15.36","-5.2344","2.5655","-269269","730731","-26.9269"
"KRX_RESET","DS004560","삼성전자","0193L0","SHORT","5/20","20/30","50","93","80","13","4","30.11","-0.3303","-0.3285","24.63","-2.0386","3.5289","-269409","730591","-26.9409"
"KRX_RESET","DS004030","삼성전자","0193L0","SHORT","3/20","10/30","20","102","97","5","4","29.41","-0.3003","-0.3962","23.77","-5.0225","3.7843","-269450","730550","-26.9450"
"KRX_RESET","DS000225","삼성전자","0193W0","LONG","5/20","3/5","10","153","151","2","2","26.14","-0.2024","-0.2896","4.41","-1.8600","5.4012","-269938","730062","-26.9938"
"KRX_RESET","DS004581","SK하이닉스","0197X0","SHORT","10/20","20/30","10","138","124","14","6","42.03","-0.2007","-0.2000","33.79","-9.8214","6.4858","-269948","730052","-26.9948"
"KRX_RESET","DS000586","SK하이닉스","0193T0","LONG","5/10","3/10","20","119","116","3","2","21.85","-0.2584","-0.5163","8.04","-2.4499","4.9307","-270555","729445","-27.0555"
"KRX_RESET","DS001915","삼성전자","0193L0","SHORT","20/30","3/20","NONE","115","109","6","2","22.61","-0.2703","-0.3239","13.60","-2.1626","2.9527","-270703","729297","-27.0703"
"KRX_RESET","DS004616","SK하이닉스","0193T0","LONG","3/30","20/30","5","118","106","12","4","33.05","-0.2412","-0.4944","31.01","-4.4368","10.5050","-271041","728959","-27.1041"
"KRX_RESET","DS003163","삼성전자","0193L0","SHORT","10/20","3/30","NONE","161","154","7","5","32.92","-0.1879","-0.2519","21.16","-6.0058","3.0874","-271395","728605","-27.1395"
"KRX_RESET","DS001149","삼성전자","0193L0","SHORT","3/20","5/10","10","170","166","4","2","31.18","-0.1819","-0.2576","10.32","-3.2568","3.1670","-271405","728595","-27.1405"
"KRX_RESET","DS000189","삼성전자","0193L0","SHORT","3/20","3/5","10","170","168","2","1","27.65","-0.1845","-0.2775","4.71","-1.6738","3.1436","-271775","728225","-27.1775"
"KRX_RESET","DS003948","SK하이닉스","0193T0","LONG","5/10","10/30","50","110","104","6","7","28.18","-0.2487","-0.7466","28.99","-3.1487","9.2110","-272263","727737","-27.2263"
"KRX_RESET","DS004572","SK하이닉스","0193T0","LONG","10/20","20/30","50","45","42","3","4","24.44","-0.6923","-0.9029","27.16","-3.7119","5.0109","-272319","727681","-27.2319"
"KRX_RESET","DS000071","SK하이닉스","0197X0","SHORT","3/10","3/5","30","150","147","3","1","30.67","-0.2082","-0.2688","5.26","-1.8832","4.1759","-272342","727658","-27.2342"
"KRX_RESET","DS004282","SK하이닉스","0193T0","LONG","20/30","10/30","20","83","75","8","3","19.28","-0.3652","-0.7263","25.54","-2.5077","9.8451","-272344","727656","-27.2344"
"KRX_RESET","DS001114","SK하이닉스","0193T0","LONG","3/20","5/10","20","75","71","4","1","26.67","-0.4147","-0.5457","10.96","-6.6536","5.0972","-272575","727425","-27.2575"
"KRX_RESET","DS003585","삼성전자","0193W0","LONG","5/20","5/30","10","153","141","12","3","33.33","-0.1956","-0.5067","20.74","-4.9105","7.6623","-272725","727275","-27.2725"
"KRX_RESET","DS004663","SK하이닉스","0193T0","LONG","5/30","20/30","NONE","110","98","12","4","29.09","-0.2635","-0.5518","29.79","-3.4505","10.0731","-272756","727244","-27.2756"
"KRX_RESET","DS004176","삼성전자","0193L0","SHORT","3/30","10/30","50","87","80","7","4","18.39","-0.3605","-0.5013","22.89","-1.9706","3.7843","-272865","727135","-27.2865"
"KRX_RESET","DS002217","SK하이닉스","0193T0","LONG","3/30","5/20","10","110","104","6","2","29.09","-0.2740","-0.4195","16.72","-2.2509","6.6802","-273068","726932","-27.3068"
"KRX_RESET","DS003492","삼성전자","0193W0","LONG","5/10","5/30","50","145","134","11","6","29.66","-0.2034","-0.4650","22.94","-4.6761","4.7433","-274431","725569","-27.4431"
"KRX_RESET","DS003000","SK하이닉스","0197X0","SHORT","5/10","3/30","50","146","138","8","4","28.77","-0.2089","-0.4298","20.42","-4.1029","4.8204","-274845","725155","-27.4845"
"KRX_RESET","DS001339","삼성전자","0193L0","SHORT","5/30","5/10","NONE","157","153","4","2","31.21","-0.2015","-0.3297","9.66","-2.0504","3.0996","-274930","725070","-27.4930"
"KRX_RESET","DS001054","삼성전자","0193L0","SHORT","3/10","5/10","20","190","185","5","2","30.53","-0.1636","-0.2757","10.08","-1.9747","3.7503","-274992","725008","-27.4992"
"KRX_RESET","DS000165","SK하이닉스","0197X0","SHORT","3/20","3/5","10","163","159","4","1","30.06","-0.1941","-0.2993","5.26","-2.2497","3.7141","-275016","724984","-27.5016"
"KRX_RESET","DS002254","삼성전자","0193L0","SHORT","3/30","5/20","20","120","112","8","3","27.50","-0.2612","-0.3560","19.01","-5.2344","4.0649","-275293","724707","-27.5293"
"KRX_RESET","DS003801","SK하이닉스","0193T0","LONG","20/30","5/30","10","61","57","4","3","18.03","-0.5156","-0.7077","20.11","-2.7474","6.2442","-275312","724688","-27.5312"
"KRX_RESET","DS000141","삼성전자","0193L0","SHORT","5/10","3/5","10","151","149","2","2","28.48","-0.2109","-0.2918","5.17","-1.7087","3.1436","-275587","724413","-27.5587"
"KRX_RESET","DS003655","SK하이닉스","0193T0","LONG","3/30","5/30","NONE","137","125","12","4","26.28","-0.2227","-0.5045","21.86","-2.4119","9.3323","-275615","724385","-27.5615"
"KRX_RESET","DS002565","SK하이닉스","0197X0","SHORT","3/20","10/20","10","163","154","9","3","34.97","-0.1816","-0.3375","21.73","-5.1716","5.2387","-276238","723762","-27.6238"
"KRX_RESET","DS001067","SK하이닉스","0193T0","LONG","5/10","5/10","30","112","108","4","2","28.57","-0.2826","-0.4183","8.79","-2.7057","4.4750","-276580","723420","-27.6580"
"KRX_RESET","DS003272","SK하이닉스","0193T0","LONG","10/30","3/30","5","73","70","3","2","24.66","-0.4333","-0.7768","18.95","-2.3753","8.4957","-276945","723055","-27.6945"
"KRX_RESET","DS004089","SK하이닉스","0193T0","LONG","10/20","10/30","10","125","113","12","4","26.40","-0.2346","-0.6635","26.43","-2.9810","10.2005","-277186","722814","-27.7186"
"KRX_RESET","DS003177","SK하이닉스","0193T0","LONG","3/30","3/30","10","110","106","4","1","22.73","-0.2853","-0.4886","15.86","-2.1315","9.3323","-277352","722648","-27.7352"
"KRX_RESET","DS004704","삼성전자","0193L0","SHORT","5/30","20/30","50","80","74","6","3","21.25","-0.4003","-0.3632","23.43","-4.5182","3.4930","-277728","722272","-27.7728"
"KRX_RESET","DS003043","SK하이닉스","0197X0","SHORT","3/20","3/30","NONE","208","197","11","4","34.13","-0.1421","-0.4385","21.21","-7.7155","4.8204","-277736","722264","-27.7736"
"KRX_RESET","DS001080","SK하이닉스","0197X0","SHORT","5/10","5/10","50","146","142","4","2","31.51","-0.2169","-0.4616","9.94","-1.9063","4.6968","-277804","722196","-27.7804"
"KRX_RESET","DS002035","SK하이닉스","0197X0","SHORT","5/10","5/20","NONE","311","299","12","6","37.62","-0.0865","-0.3415","20.60","-5.1400","7.9352","-277853","722147","-27.7853"
"KRX_RESET","DS002530","삼성전자","0193W0","LONG","5/10","10/20","20","147","136","11","5","28.57","-0.2104","-0.3727","17.76","-3.4992","3.8743","-278699","721301","-27.8699"
"KRX_RESET","DS001329","삼성전자","0193W0","LONG","5/30","5/10","10","123","118","5","2","26.02","-0.2617","-0.4548","8.52","-1.7450","4.8205","-279427","720573","-27.9427"
"KRX_RESET","DS004087","SK하이닉스","0193T0","LONG","10/20","10/30","NONE","135","122","13","5","27.41","-0.2194","-0.6253","27.15","-2.9810","10.2005","-279504","720496","-27.9504"
"KRX_RESET","DS003971","삼성전자","0193W0","LONG","5/10","10/30","30","146","137","9","7","27.40","-0.2007","-0.5081","25.76","-2.6117","6.8300","-280124","719876","-28.0124"
"KRX_RESET","DS000164","SK하이닉스","0197X0","SHORT","3/20","3/5","5","183","178","5","1","30.60","-0.1767","-0.2708","5.21","-1.6375","3.7141","-280294","719706","-28.0294"
"KRX_RESET","DS000236","삼성전자","0193L0","SHORT","5/20","3/5","5","178","176","2","2","29.21","-0.1829","-0.2761","4.79","-1.3874","3.1436","-280383","719617","-28.0383"
"KRX_RESET","DS003307","삼성전자","0193L0","SHORT","10/30","3/30","NONE","117","109","8","3","25.64","-0.2764","-0.4064","19.72","-4.1429","2.8050","-280639","719361","-28.0639"
"KRX_RESET","DS001161","SK하이닉스","0193T0","LONG","5/20","5/10","10","134","130","4","2","38.06","-0.2396","-0.3862","9.78","-3.3443","5.7207","-280719","719281","-28.0719"
"KRX_RESET","DS003657","SK하이닉스","0193T0","LONG","3/30","5/30","10","110","100","10","3","25.45","-0.2873","-0.5462","22.09","-2.3639","9.3323","-280731","719269","-28.0731"
"KRX_RESET","DS001773","삼성전자","0193L0","SHORT","3/30","3/20","10","133","126","7","2","24.81","-0.2433","-0.3570","13.78","-1.8577","4.4577","-280804","719196","-28.0804"
"KRX_RESET","DS003741","삼성전자","0193L0","SHORT","5/30","5/30","10","126","119","7","2","26.19","-0.2563","-0.4657","19.94","-2.3429","3.2656","-281149","718851","-28.1149"
"KRX_RESET","DS000199","SK하이닉스","0193T0","LONG","5/20","3/5","NONE","157","154","3","2","29.30","-0.2040","-0.3512","5.19","-3.8240","6.2516","-281261","718739","-28.1261"
"KRX_RESET","DS004714","SK하이닉스","0193T0","LONG","10/30","20/30","20","74","67","7","3","29.73","-0.4213","-0.7593","30.14","-4.6748","9.5025","-281300","718700","-28.1300"
"KRX_RESET","DS002611","SK하이닉스","0197X0","SHORT","5/20","10/20","NONE","177","169","8","2","34.46","-0.1728","-0.3533","20.45","-5.1716","5.1769","-281348","718652","-28.1348"
"KRX_RESET","DS002552","SK하이닉스","0193T0","LONG","3/20","10/20","5","162","152","10","4","33.33","-0.1816","-0.3975","22.17","-6.5341","7.4106","-281439","718561","-28.1439"
"KRX_RESET","DS000849","삼성전자","0193W0","LONG","5/30","3/10","10","123","119","4","2","21.95","-0.2650","-0.3895","7.37","-1.7469","4.5643","-281579","718421","-28.1579"
"KRX_RESET","DS001279","삼성전자","0193W0","LONG","3/30","5/10","NONE","191","184","7","3","29.32","-0.1664","-0.3446","9.75","-2.5080","5.6091","-281713","718287","-28.1713"
"KRX_RESET","DS000200","SK하이닉스","0193T0","LONG","5/20","3/5","5","156","153","3","2","28.85","-0.2057","-0.3517","5.10","-3.8240","6.2516","-281734","718266","-28.1734"
"KRX_RESET","DS003175","SK하이닉스","0193T0","LONG","3/30","3/30","NONE","137","132","5","1","23.36","-0.2318","-0.4957","15.66","-2.1315","9.3323","-282033","717967","-28.2033"
"KRX_RESET","DS001255","SK하이닉스","0193T0","LONG","3/30","5/10","NONE","137","133","4","2","33.58","-0.2353","-0.3183","10.25","-2.4631","5.7207","-282124","717876","-28.2124"
"KRX_RESET","DS001906","삼성전자","0193W0","LONG","20/30","3/20","20","106","102","4","2","23.58","-0.3087","-0.4459","11.70","-2.5203","3.2761","-282264","717736","-28.2264"
"KRX_RESET","DS004784","삼성전자","0193W0","LONG","20/30","20/30","5","73","69","4","1","27.40","-0.4425","-0.7621","25.32","-3.3979","5.5431","-282307","717693","-28.2307"
"KRX_RESET","DS000729","SK하이닉스","0193T0","LONG","10/20","3/10","10","125","121","4","2","27.20","-0.2598","-0.3879","8.74","-3.3434","5.1035","-282352","717648","-28.2352"
"KRX_RESET","DS002362","SK하이닉스","0193T0","LONG","20/30","5/20","20","83","79","4","3","24.10","-0.3927","-0.5462","14.86","-2.1527","6.1754","-282599","717401","-28.2599"
"KRX_RESET","DS004497","삼성전자","0193W0","LONG","3/20","20/30","10","158","140","18","5","33.54","-0.1805","-0.3933","29.87","-5.0134","7.6623","-282627","717373","-28.2627"
"KRX_RESET","DS001104","삼성전자","0193L0","SHORT","5/10","5/10","50","152","147","5","2","28.29","-0.2140","-0.3418","9.68","-1.5328","3.7503","-282736","717264","-28.2736"
"KRX_RESET","DS004017","삼성전자","0193W0","LONG","3/20","10/30","10","158","139","19","5","34.18","-0.1917","-0.4544","26.95","-5.1116","7.6623","-282991","717009","-28.2991"
"KRX_RESET","DS003012","삼성전자","0193W0","LONG","5/10","3/30","50","145","135","10","6","27.59","-0.2197","-0.3886","19.82","-4.0367","4.2924","-283011","716989","-28.3011"
"KRX_RESET","DS001209","SK하이닉스","0193T0","LONG","10/20","5/10","10","125","121","4","2","30.40","-0.2609","-0.3904","8.91","-2.5618","5.2213","-283100","716900","-28.3100"
"KRX_RESET","DS003346","삼성전자","0193W0","LONG","20/30","3/30","20","106","102","4","2","28.30","-0.3081","-0.4549","16.58","-3.1289","3.6287","-283490","716510","-28.3490"
"KRX_RESET","DS004488","SK하이닉스","0197X0","SHORT","3/20","20/30","50","108","94","14","3","35.19","-0.2803","-0.4021","28.47","-10.9955","7.4142","-283538","716462","-28.3538"
"KRX_RESET","DS004316","삼성전자","0193L0","SHORT","20/30","10/30","5","68","60","8","2","22.06","-0.4842","-0.4632","24.51","-3.2556","2.2889","-283665","716335","-28.3665"
"KRX_RESET","DS001572","삼성전자","0193W0","LONG","5/10","3/20","50","145","137","8","3","26.90","-0.2243","-0.3651","13.55","-3.3762","4.5963","-283756","716244","-28.3756"
"KRX_RESET","DS001584","삼성전자","0193L0","SHORT","5/10","3/20","50","152","145","7","4","30.92","-0.2136","-0.3449","15.06","-2.8657","5.0483","-283802","716198","-28.3802"
"KRX_RESET","DS004317","삼성전자","0193L0","SHORT","20/30","10/30","10","78","71","7","2","25.64","-0.4199","-0.5118","25.71","-5.0225","2.4803","-283917","716083","-28.3917"
"KRX_RESET","DS001992","SK하이닉스","0197X0","SHORT","3/10","5/20","50","154","148","6","5","26.62","-0.1994","-0.5169","18.64","-5.1400","5.1645","-284214","715786","-28.4214"
"KRX_RESET","DS002673","삼성전자","0193W0","LONG","10/20","10/20","10","151","142","9","2","33.77","-0.2132","-0.4113","17.51","-4.6634","6.2549","-284242","715758","-28.4242"
"KRX_RESET","DS001759","삼성전자","0193W0","LONG","3/30","3/20","NONE","191","181","10","3","29.84","-0.1683","-0.3886","13.05","-1.7152","5.1942","-284682","715318","-28.4682"
"KRX_RESET","DS002347","삼성전자","0193L0","SHORT","10/30","5/20","NONE","117","109","8","3","26.50","-0.2823","-0.4076","16.16","-2.3429","3.1945","-284832","715168","-28.4832"
"KRX_RESET","DS002647","SK하이닉스","0193T0","LONG","10/20","10/20","NONE","135","126","9","2","29.63","-0.2367","-0.5165","17.21","-3.3866","7.2838","-284975","715025","-28.4975"
"KRX_RESET","DS001148","삼성전자","0193L0","SHORT","3/20","5/10","5","185","180","5","2","31.89","-0.1772","-0.2561","10.30","-3.2568","3.1670","-285098","714902","-28.5098"
"KRX_RESET","DS002167","SK하이닉스","0193T0","LONG","10/20","5/20","NONE","135","128","7","2","28.89","-0.2400","-0.4655","14.81","-2.5618","6.6802","-285181","714819","-28.5181"
"KRX_RESET","DS002866","삼성전자","0193W0","LONG","20/30","10/20","20","106","100","6","3","26.42","-0.3099","-0.4909","15.52","-3.2049","4.4851","-285208","714792","-28.5208"
"KRX_RESET","DS004031","삼성전자","0193L0","SHORT","3/20","10/30","30","114","106","8","4","30.70","-0.2876","-0.3555","25.21","-3.0838","3.7843","-285283","714717","-28.5283"
"KRX_RESET","DS003681","삼성전자","0193W0","LONG","3/30","5/30","10","138","128","10","2","28.99","-0.2341","-0.5115","16.87","-2.0256","7.4410","-285593","714407","-28.5593"
"KRX_RESET","DS000094","삼성전자","0193L0","SHORT","3/10","3/5","20","190","187","3","2","30.00","-0.1747","-0.2000","5.18","-1.7917","2.7344","-285918","714082","-28.5918"
"KRX_RESET","DS002601","SK하이닉스","0193T0","LONG","5/20","10/20","10","134","126","8","2","32.09","-0.2363","-0.5598","19.65","-4.2206","7.7929","-285925","714075","-28.5925"
"KRX_RESET","DS002877","삼성전자","0193L0","SHORT","20/30","10/20","10","78","72","6","2","21.79","-0.4245","-0.3644","18.09","-5.3934","2.5655","-286016","713984","-28.6016"
"KRX_RESET","DS000634","SK하이닉스","0193T0","LONG","3/20","3/10","20","75","72","3","1","24.00","-0.4420","-0.4602","9.09","-6.8416","2.7247","-286037","713963","-28.6037"
"KRX_RESET","DS004642","삼성전자","0193W0","LONG","3/30","20/30","20","104","96","8","3","28.85","-0.3101","-0.5124","22.98","-2.8552","6.5433","-286459","713541","-28.6459"
"KRX_RESET","DS002301","삼성전자","0193L0","SHORT","5/30","5/20","10","126","120","6","2","27.78","-0.2623","-0.4420","17.54","-2.3429","3.6569","-286817","713183","-28.6817"
"KRX_RESET","DS002193","삼성전자","0193W0","LONG","10/20","5/20","10","151","142","9","3","27.81","-0.2176","-0.3925","14.88","-3.0586","5.0254","-286897","713103","-28.6897"
"KRX_RESET","DS001195","삼성전자","0193L0","SHORT","5/20","5/10","NONE","195","191","4","2","32.82","-0.1699","-0.2820","9.80","-2.6176","3.0996","-287034","712966","-28.7034"
"KRX_RESET","DS003165","삼성전자","0193L0","SHORT","10/20","3/30","10","150","143","7","5","32.00","-0.2170","-0.2829","20.88","-6.0058","2.8050","-287077","712923","-28.7077"
"KRX_RESET","DS004618","SK하이닉스","0193T0","LONG","3/30","20/30","20","80","68","12","4","33.75","-0.4134","-0.3621","26.30","-4.4368","3.7668","-287160","712840","-28.7160"
"KRX_RESET","DS002624","삼성전자","0193W0","LONG","5/20","10/20","5","191","179","12","4","34.03","-0.1690","-0.3567","17.85","-3.6708","6.5831","-287609","712391","-28.7609"
"KRX_RESET","DS001687","SK하이닉스","0193T0","LONG","10/20","3/20","NONE","135","130","5","2","25.19","-0.2427","-0.4856","14.13","-3.3434","6.6802","-287896","712104","-28.7896"
"KRX_RESET","DS001207","SK하이닉스","0193T0","LONG","10/20","5/10","NONE","135","131","4","2","31.11","-0.2465","-0.3791","8.87","-2.5618","5.2213","-288126","711874","-28.8126"
"KRX_RESET","DS002205","삼성전자","0193L0","SHORT","10/20","5/20","10","150","144","6","2","30.67","-0.2221","-0.3308","16.78","-2.3429","3.1945","-288248","711752","-28.8248"
"KRX_RESET","DS004750","삼성전자","0193L0","SHORT","10/30","20/30","20","87","77","10","3","29.89","-0.3796","-0.4536","28.54","-8.5459","3.4171","-288394","711606","-28.8394"
"KRX_RESET","DS002508","SK하이닉스","0193T0","LONG","5/10","10/20","50","110","108","2","4","33.64","-0.2958","-0.4214","23.21","-2.8651","6.2717","-288486","711514","-28.8486"
"KRX_RESET","DS001879","SK하이닉스","0193T0","LONG","20/30","3/20","NONE","92","86","6","3","19.57","-0.3622","-0.5124","14.01","-4.2151","6.1754","-288586","711414","-28.8586"
"KRX_RESET","DS000705","삼성전자","0193W0","LONG","5/20","3/10","10","153","147","6","2","29.41","-0.2185","-0.3448","7.72","-2.3630","4.8874","-288837","711163","-28.8837"
"KRX_RESET","DS003789","삼성전자","0193L0","SHORT","10/30","5/30","10","107","101","6","3","24.30","-0.3137","-0.5208","20.67","-2.3429","2.8050","-288969","711031","-28.8969"
"KRX_RESET","DS002312","SK하이닉스","0193T0","LONG","10/30","5/20","5","73","70","3","2","27.40","-0.4596","-0.6655","15.48","-2.0024","5.2054","-289028","710972","-28.9028"
"KRX_RESET","DS002215","SK하이닉스","0193T0","LONG","3/30","5/20","NONE","137","130","7","2","29.93","-0.2345","-0.4338","17.31","-2.3717","6.6802","-289058","710942","-28.9058"
"KRX_RESET","DS000072","SK하이닉스","0197X0","SHORT","3/10","3/5","50","154","150","4","2","28.57","-0.2190","-0.3461","4.92","-1.6388","4.1759","-289789","710211","-28.9789"
"KRX_RESET","DS001761","삼성전자","0193W0","LONG","3/30","3/20","10","138","132","6","2","28.26","-0.2419","-0.4535","12.91","-1.7152","5.1333","-289931","710069","-28.9931"
"KRX_RESET","DS000332","삼성전자","0193L0","SHORT","3/30","3/5","5","154","152","2","2","28.57","-0.2201","-0.2933","4.99","-1.7917","3.1436","-290033","709967","-29.0033"
"KRX_RESET","DS002854","SK하이닉스","0197X0","SHORT","20/30","10/20","20","98","95","3","2","32.65","-0.3369","-0.4971","18.60","-6.2364","3.9611","-290384","709616","-29.0384"
"KRX_RESET","DS002157","삼성전자","0193L0","SHORT","5/20","5/20","10","152","144","8","2","28.29","-0.2215","-0.3737","16.51","-2.4164","3.6569","-291127","708873","-29.1127"
"KRX_RESET","DS002719","삼성전자","0193W0","LONG","3/30","10/20","NONE","191","180","11","4","32.98","-0.1699","-0.4294","17.99","-2.6117","6.3641","-291142","708858","-29.1142"
"KRX_RESET","DS004294","SK하이닉스","0197X0","SHORT","20/30","10/30","20","98","94","4","3","37.76","-0.3353","-0.4623","25.09","-5.8000","5.5718","-291253","708747","-29.1253"
"KRX_RESET","DS000119","SK하이닉스","0197X0","SHORT","5/10","3/5","30","138","136","2","2","29.71","-0.2458","-0.2697","4.85","-2.4080","3.2851","-291369","708631","-29.1369"
"KRX_RESET","DS000727","SK하이닉스","0193T0","LONG","10/20","3/10","NONE","135","131","4","2","28.15","-0.2503","-0.3820","9.38","-3.3434","5.1035","-291817","708183","-29.1817"
"KRX_RESET","DS002203","삼성전자","0193L0","SHORT","10/20","5/20","NONE","161","155","6","2","31.68","-0.2097","-0.3240","17.30","-2.3429","3.1945","-292064","707936","-29.2064"
"KRX_RESET","DS002169","SK하이닉스","0193T0","LONG","10/20","5/20","10","125","118","7","2","28.00","-0.2677","-0.5223","15.24","-2.5618","6.6802","-292102","707898","-29.2102"
"KRX_RESET","DS002121","SK하이닉스","0193T0","LONG","5/20","5/20","10","134","126","8","1","29.10","-0.2487","-0.5314","15.26","-3.3443","6.4903","-292198","707802","-29.2198"
"KRX_RESET","DS002289","삼성전자","0193W0","LONG","5/30","5/20","10","123","117","6","2","28.46","-0.2742","-0.5051","14.85","-1.8227","5.0254","-292290","707710","-29.2290"
"KRX_RESET","DS003262","삼성전자","0193L0","SHORT","5/30","3/30","20","101","95","6","2","23.76","-0.3385","-0.4630","18.05","-2.1391","2.4257","-292370","707630","-29.2370"
"KRX_RESET","DS001988","SK하이닉스","0197X0","SHORT","3/10","5/20","5","271","259","12","5","35.06","-0.1099","-0.3081","21.23","-5.1400","6.4701","-293250","706750","-29.3250"
"KRX_RESET","DS000380","삼성전자","0193L0","SHORT","5/30","3/5","5","149","147","2","2","24.83","-0.2311","-0.3141","5.01","-2.8434","3.1436","-293787","706213","-29.3787"
"KRX_RESET","DS004147","SK하이닉스","0197X0","SHORT","3/30","10/30","NONE","163","152","11","4","40.49","-0.1844","-0.3080","27.27","-7.9603","7.5975","-294347","705653","-29.4347"
"KRX_RESET","DS003248","삼성전자","0193W0","LONG","5/30","3/30","5","150","144","6","2","28.00","-0.2270","-0.4712","15.23","-1.8227","5.3840","-294540","705460","-29.4540"
"KRX_RESET","DS003852","SK하이닉스","0193T0","LONG","3/5","10/30","50","209","193","16","15","29.19","-0.0588","-0.5672","30.39","-4.4148","11.7921","-294745","705255","-29.4745"
"KRX_RESET","DS001676","삼성전자","0193L0","SHORT","5/20","3/20","5","178","172","6","2","27.53","-0.1920","-0.3466","13.82","-1.8492","4.0482","-294977","705023","-29.4977"
"KRX_RESET","DS003214","삼성전자","0193L0","SHORT","3/30","3/30","20","120","114","6","2","20.83","-0.2876","-0.4206","15.93","-2.1391","3.6721","-295161","704839","-29.5161"
"KRX_RESET","DS000379","삼성전자","0193L0","SHORT","5/30","3/5","NONE","157","155","2","2","25.48","-0.2205","-0.2616","5.06","-2.8434","3.1436","-295168","704832","-29.5168"
"KRX_RESET","DS004474","SK하이닉스","0193T0","LONG","3/20","20/30","20","75","67","8","6","21.33","-0.4422","-0.7845","24.01","-3.8967","8.5877","-295268","704732","-29.5268"
"KRX_RESET","DS003213","삼성전자","0193L0","SHORT","3/30","3/30","10","133","128","5","2","20.30","-0.2591","-0.4279","16.15","-2.1391","3.6721","-295602","704398","-29.5602"
"KRX_RESET","DS002671","삼성전자","0193W0","LONG","10/20","10/20","NONE","161","152","9","2","32.92","-0.2099","-0.4061","16.88","-4.6634","6.2549","-295663","704337","-29.5663"
"KRX_RESET","DS001617","삼성전자","0193W0","LONG","3/20","3/20","10","158","150","8","2","27.22","-0.2168","-0.4504","11.98","-2.2060","5.3498","-296485","703515","-29.6485"
"KRX_RESET","DS000273","삼성전자","0193W0","LONG","10/20","3/5","10","151","147","4","2","24.50","-0.2301","-0.2879","4.55","-2.2060","5.0766","-296559","703441","-29.6559"
"KRX_RESET","DS004209","삼성전자","0193W0","LONG","5/30","10/30","10","123","110","13","3","30.08","-0.2760","-0.5351","24.16","-2.0734","7.3307","-296917","703083","-29.6917"
"KRX_RESET","DS001582","삼성전자","0193L0","SHORT","5/10","3/20","20","155","149","6","4","27.74","-0.2232","-0.3522","13.08","-1.7599","5.0483","-297092","702908","-29.7092"
"KRX_RESET","DS003525","SK하이닉스","0197X0","SHORT","3/20","5/30","10","163","152","11","3","36.20","-0.1958","-0.4203","26.06","-8.9578","5.4649","-297130","702870","-29.7130"
"KRX_RESET","DS004640","삼성전자","0193W0","LONG","3/30","20/30","5","155","142","13","4","30.32","-0.2090","-0.4829","26.28","-2.8552","7.4410","-297134","702866","-29.7134"
"KRX_RESET","DS003201","삼성전자","0193W0","LONG","3/30","3/30","10","138","132","6","2","28.26","-0.2497","-0.5076","13.93","-1.8227","5.4923","-297534","702466","-29.7534"
"KRX_RESET","DS000129","삼성전자","0193W0","LONG","5/10","3/5","10","140","139","1","1","23.57","-0.2498","-0.2965","4.76","-2.1807","3.1990","-297596","702404","-29.7596"
"KRX_RESET","DS003358","삼성전자","0193L0","SHORT","20/30","3/30","20","104","98","6","2","21.15","-0.3347","-0.4621","18.45","-2.5889","2.1783","-297928","702072","-29.7928"
"KRX_RESET","DS002767","삼성전자","0193W0","LONG","5/30","10/20","NONE","160","149","11","3","31.25","-0.2124","-0.4545","17.67","-2.0256","6.2549","-297948","702052","-29.7948"
"KRX_RESET","DS001281","삼성전자","0193W0","LONG","3/30","5/10","10","138","133","5","2","27.54","-0.2516","-0.4069","9.19","-2.5080","4.9282","-298472","701528","-29.8472"
"KRX_RESET","DS000120","SK하이닉스","0197X0","SHORT","5/10","3/5","50","146","142","4","2","27.40","-0.2393","-0.2617","4.86","-3.0293","3.2851","-298475","701525","-29.8475"
"KRX_RESET","DS001137","삼성전자","0193W0","LONG","3/20","5/10","10","158","150","8","2","31.01","-0.2183","-0.3962","9.44","-3.0586","5.1443","-298782","701218","-29.8782"
"KRX_RESET","DS003069","삼성전자","0193L0","SHORT","3/20","3/30","10","170","166","4","6","28.82","-0.2009","-0.3809","21.01","-6.1470","3.6721","-299009","700991","-29.9009"
"KRX_RESET","DS003117","삼성전자","0193L0","SHORT","5/20","3/30","10","152","147","5","4","27.63","-0.2275","-0.3897","19.95","-6.1470","3.2656","-299378","700622","-29.9378"
"KRX_RESET","DS001987","SK하이닉스","0197X0","SHORT","3/10","5/20","NONE","329","315","14","6","36.17","-0.0886","-0.3071","21.30","-5.1400","6.4701","-299608","700392","-29.9608"
"KRX_RESET","DS002288","삼성전자","0193W0","LONG","5/30","5/20","5","150","142","8","2","28.67","-0.2293","-0.4346","15.01","-2.2417","5.1618","-299697","700303","-29.9697"
"KRX_RESET","DS001639","SK하이닉스","0193T0","LONG","5/20","3/20","NONE","157","152","5","3","28.66","-0.2149","-0.5441","14.04","-4.1071","6.4903","-300009","699991","-30.0009"
"KRX_RESET","DS001536","삼성전자","0193L0","SHORT","3/10","3/20","50","176","169","7","4","30.68","-0.1958","-0.2205","15.01","-3.1244","5.0483","-300032","699968","-30.0032"
"KRX_RESET","DS002386","삼성전자","0193W0","LONG","20/30","5/20","20","106","102","4","2","26.42","-0.3316","-0.4488","12.42","-2.4442","3.4511","-300271","699729","-30.0271"
"KRX_RESET","DS001640","SK하이닉스","0193T0","LONG","5/20","3/20","5","156","151","5","3","28.21","-0.2167","-0.5511","13.98","-4.1071","6.4903","-300470","699530","-30.0470"
"KRX_RESET","DS001184","삼성전자","0193W0","LONG","5/20","5/10","5","191","183","8","2","30.89","-0.1823","-0.3388","9.05","-2.3630","5.1443","-300661","699339","-30.0661"
"KRX_RESET","DS002839","SK하이닉스","0193T0","LONG","20/30","10/20","NONE","92","84","8","3","21.74","-0.3793","-0.5718","19.11","-3.7427","5.3490","-300752","699248","-30.0752"
"KRX_RESET","DS004796","삼성전자","0193L0","SHORT","20/30","20/30","5","68","59","9","1","27.94","-0.5193","-0.3627","25.66","-2.9778","2.7867","-300761","699239","-30.0761"
"KRX_RESET","DS003420","SK하이닉스","0193T0","LONG","3/10","5/30","50","112","105","7","5","30.36","-0.3028","-0.5513","23.77","-3.7123","6.8044","-300788","699212","-30.0788"
"KRX_RESET","DS000812","삼성전자","0193L0","SHORT","3/30","3/10","5","154","151","3","2","28.57","-0.2293","-0.2807","8.35","-1.8577","2.9987","-300807","699193","-30.0807"
"KRX_RESET","DS002349","삼성전자","0193L0","SHORT","10/30","5/20","10","107","102","5","2","23.36","-0.3304","-0.4617","16.08","-2.3429","3.1945","-300903","699097","-30.0903"
"KRX_RESET","DS004786","삼성전자","0193W0","LONG","20/30","20/30","20","106","100","6","2","29.25","-0.3255","-0.5783","23.48","-3.3979","7.1607","-301094","698906","-30.1094"
"KRX_RESET","DS001689","SK하이닉스","0193T0","LONG","10/20","3/20","10","125","120","5","2","24.80","-0.2780","-0.5263","13.64","-3.3434","6.6802","-301102","698898","-30.1102"
"KRX_RESET","DS004040","SK하이닉스","0193T0","LONG","5/20","10/30","5","156","140","16","6","31.41","-0.1901","-0.6871","30.03","-5.1830","10.9906","-302118","697882","-30.2118"
"KRX_RESET","DS004627","SK하이닉스","0197X0","SHORT","3/30","20/30","NONE","163","149","14","6","36.81","-0.1960","-0.3842","28.98","-7.6656","7.1030","-302210","697790","-30.2210"
"KRX_RESET","DS001547","SK하이닉스","0193T0","LONG","5/10","3/20","30","112","108","4","4","25.89","-0.3116","-0.5631","13.63","-2.4499","4.9419","-302360","697640","-30.2360"
"KRX_RESET","DS001820","삼성전자","0193L0","SHORT","5/30","3/20","5","149","144","5","3","28.19","-0.2374","-0.4280","14.66","-1.8673","4.0482","-302409","697591","-30.2409"
"KRX_RESET","DS003787","삼성전자","0193L0","SHORT","10/30","5/30","NONE","117","107","10","3","27.35","-0.3022","-0.4847","20.80","-4.2000","2.8050","-302653","697347","-30.2653"
"KRX_RESET","DS004617","SK하이닉스","0193T0","LONG","3/30","20/30","10","110","99","11","3","32.73","-0.3035","-0.5728","31.06","-4.4368","10.5050","-302811","697189","-30.2811"
"KRX_RESET","DS003752","SK하이닉스","0193T0","LONG","10/30","5/30","5","73","67","6","2","24.66","-0.4820","-0.8693","21.10","-2.3753","8.4957","-302811","697189","-30.2811"
"KRX_RESET","DS001233","삼성전자","0193W0","LONG","10/20","5/10","10","151","143","8","3","26.49","-0.2342","-0.3119","8.17","-3.0586","4.8205","-303201","696799","-30.3201"
"KRX_RESET","DS003728","삼성전자","0193W0","LONG","5/30","5/30","5","150","141","9","2","29.33","-0.2340","-0.4976","16.38","-2.0256","7.3307","-303289","696711","-30.3289"
"KRX_RESET","DS001665","삼성전자","0193W0","LONG","5/20","3/20","10","153","145","8","2","30.07","-0.2304","-0.4652","12.51","-2.3630","5.3498","-303382","696618","-30.3382"
"KRX_RESET","DS000552","SK하이닉스","0197X0","SHORT","3/10","3/10","50","154","150","4","2","29.87","-0.2293","-0.4631","8.34","-1.8624","5.2720","-303512","696488","-30.3512"
"KRX_RESET","DS004113","삼성전자","0193W0","LONG","10/20","10/30","10","151","135","16","4","33.77","-0.2265","-0.5349","26.77","-5.2049","7.3307","-303573","696427","-30.3573"
"KRX_RESET","DS004039","SK하이닉스","0193T0","LONG","5/20","10/30","NONE","157","141","16","6","31.21","-0.1905","-0.6851","30.10","-5.1830","10.9906","-303906","696094","-30.3906"
"KRX_RESET","DS000117","SK하이닉스","0197X0","SHORT","5/10","3/5","10","139","135","4","1","28.06","-0.2574","-0.3021","5.14","-2.4080","3.2851","-303992","696008","-30.3992"
"KRX_RESET","DS001713","삼성전자","0193W0","LONG","10/20","3/20","10","151","143","8","2","26.49","-0.2348","-0.4556","12.79","-2.5246","5.0254","-304105","695895","-30.4105"
"KRX_RESET","DS002241","삼성전자","0193W0","LONG","3/30","5/20","10","138","132","6","2","28.26","-0.2538","-0.4934","15.01","-1.8227","5.1333","-304147","695853","-30.4147"
"KRX_RESET","DS003571","SK하이닉스","0197X0","SHORT","5/20","5/30","NONE","177","167","10","3","37.29","-0.1879","-0.4141","24.71","-8.5021","5.4649","-304567","695433","-30.4567"
"KRX_RESET","DS000860","삼성전자","0193L0","SHORT","5/30","3/10","5","149","146","3","2","31.54","-0.2411","-0.3122","8.09","-2.8434","2.5949","-304755","695245","-30.4755"
"KRX_RESET","DS002721","삼성전자","0193W0","LONG","3/30","10/20","10","138","129","9","3","32.61","-0.2540","-0.5306","18.08","-2.6117","6.3641","-304771","695229","-30.4771"
"KRX_RESET","DS002252","삼성전자","0193L0","SHORT","3/30","5/20","5","154","146","8","3","29.22","-0.2292","-0.3737","18.24","-3.1244","4.0649","-305382","694618","-30.5382"
"KRX_RESET","DS003432","SK하이닉스","0197X0","SHORT","3/10","5/30","50","154","144","10","5","29.22","-0.2217","-0.5645","24.23","-4.6677","5.8192","-305469","694531","-30.5469"
"KRX_RESET","DS001498","SK하이닉스","0193T0","LONG","3/10","3/20","20","127","124","3","4","24.41","-0.2720","-0.5584","13.03","-2.7088","6.4903","-305674","694326","-30.5674"
"KRX_RESET","DS000622","삼성전자","0193L0","SHORT","5/10","3/10","20","155","151","4","2","29.03","-0.2323","-0.2986","8.43","-1.7599","3.3543","-305743","694257","-30.5743"
"KRX_RESET","DS002625","삼성전자","0193W0","LONG","5/20","10/20","10","153","142","11","3","32.03","-0.2295","-0.4349","18.18","-3.6708","6.5831","-305818","694182","-30.5818"
"KRX_RESET","DS003826","삼성전자","0193W0","LONG","20/30","5/30","20","106","99","7","3","27.36","-0.3374","-0.5087","17.69","-3.2430","5.5431","-306376","693624","-30.6376"
"KRX_RESET","DS001548","SK하이닉스","0193T0","LONG","5/10","3/20","50","110","108","2","4","26.36","-0.3249","-0.4939","15.13","-2.4499","4.6284","-306596","693404","-30.6596"
"KRX_RESET","DS004162","삼성전자","0193W0","LONG","3/30","10/30","20","104","95","9","4","27.88","-0.3436","-0.5518","20.88","-2.6117","3.8668","-306646","693354","-30.6646"
"KRX_RESET","DS004678","SK하이닉스","0197X0","SHORT","5/30","20/30","20","87","78","9","3","33.33","-0.3991","-0.4701","28.29","-6.9788","6.3327","-307068","692932","-30.7068"
"KRX_RESET","DS004559","삼성전자","0193L0","SHORT","5/20","20/30","30","93","83","10","3","30.11","-0.3834","-0.3285","24.00","-8.6147","3.6275","-307080","692920","-30.7080"
"KRX_RESET","DS001027","SK하이닉스","0197X0","SHORT","3/10","5/10","NONE","329","322","7","4","37.08","-0.1033","-0.3616","11.43","-2.4627","5.2716","-307337","692663","-30.7337"
"KRX_RESET","DS003247","삼성전자","0193W0","LONG","5/30","3/30","NONE","160","153","7","2","28.13","-0.2243","-0.4712","15.00","-1.8227","5.3840","-307705","692295","-30.7705"
"KRX_RESET","DS001534","삼성전자","0193L0","SHORT","3/10","3/20","20","190","184","6","4","29.47","-0.1873","-0.2656","13.78","-2.1671","5.0483","-307778","692222","-30.7778"
"KRX_RESET","DS004774","SK하이닉스","0197X0","SHORT","20/30","20/30","20","98","90","8","1","34.69","-0.3597","-0.5564","27.46","-5.3405","5.3034","-307962","692038","-30.7962"
"KRX_RESET","DS001819","삼성전자","0193L0","SHORT","5/30","3/20","NONE","157","152","5","3","28.03","-0.2306","-0.4084","14.64","-1.8673","4.0482","-308197","691803","-30.8197"
"KRX_RESET","DS000537","SK하이닉스","0193T0","LONG","3/10","3/10","10","141","137","4","1","29.08","-0.2551","-0.3431","8.77","-3.2513","5.1857","-308212","691788","-30.8212"
"KRX_RESET","DS001089","삼성전자","0193W0","LONG","5/10","5/10","10","140","136","4","2","28.57","-0.2584","-0.3888","9.71","-2.1737","3.7579","-308431","691569","-30.8431"
"KRX_RESET","DS004004","SK하이닉스","0197X0","SHORT","3/20","10/30","5","183","169","14","5","40.44","-0.1596","-0.3000","32.03","-11.2795","6.7707","-308907","691093","-30.8907"
"KRX_RESET","DS004065","삼성전자","0193W0","LONG","5/20","10/30","10","153","136","17","3","35.29","-0.2272","-0.4911","27.15","-5.2049","7.6623","-309444","690556","-30.9444"
"KRX_RESET","DS001066","SK하이닉스","0193T0","LONG","5/10","5/10","20","119","116","3","2","25.21","-0.3034","-0.4857","9.12","-2.7057","4.9307","-309571","690429","-30.9571"
"KRX_RESET","DS004712","SK하이닉스","0193T0","LONG","10/30","20/30","5","73","67","6","2","27.40","-0.4849","-0.7298","29.58","-4.6748","9.5025","-309757","690243","-30.9757"
"KRX_RESET","DS004536","SK하이닉스","0197X0","SHORT","5/20","20/30","50","89","78","11","3","38.20","-0.3921","-0.4094","28.70","-10.9955","7.1030","-310061","689939","-31.0061"
"KRX_RESET","DS000847","삼성전자","0193W0","LONG","5/30","3/10","NONE","160","155","5","2","23.13","-0.2282","-0.3556","7.55","-1.7469","4.5643","-310207","689793","-31.0207"
"KRX_RESET","DS002987","SK하이닉스","0193T0","LONG","5/10","3/30","30","112","107","5","4","26.79","-0.3202","-0.5955","16.23","-2.4212","6.0228","-310248","689752","-31.0248"
"KRX_RESET","DS000848","삼성전자","0193W0","LONG","5/30","3/10","5","150","146","4","2","22.00","-0.2440","-0.3797","7.67","-1.7469","4.5643","-310619","689381","-31.0619"
"KRX_RESET","DS002004","삼성전자","0193W0","LONG","3/10","5/20","50","160","148","12","4","29.38","-0.2238","-0.3548","16.53","-2.3590","5.1618","-310684","689316","-31.0684"
"KRX_RESET","DS003153","삼성전자","0193W0","LONG","10/20","3/30","10","151","142","9","3","30.46","-0.2391","-0.4824","18.61","-4.2726","5.3840","-310685","689315","-31.0685"
"KRX_RESET","DS000143","삼성전자","0193L0","SHORT","5/10","3/5","30","165","162","3","2","29.70","-0.2232","-0.2417","5.05","-1.8992","1.9093","-310730","689270","-31.0730"
"KRX_RESET","DS004389","SK하이닉스","0197X0","SHORT","3/10","20/30","10","158","145","13","4","36.71","-0.2076","-0.4939","33.11","-4.0221","6.7307","-310739","689261","-31.0739"
"KRX_RESET","DS001629","삼성전자","0193L0","SHORT","3/20","3/20","10","170","165","5","2","27.06","-0.2147","-0.3506","13.04","-1.8577","4.4577","-310870","689130","-31.0870"
"KRX_RESET","DS002062","삼성전자","0193L0","SHORT","5/10","5/20","20","155","147","8","4","27.10","-0.2355","-0.3639","14.97","-1.8229","4.6533","-311017","688983","-31.1017"
"KRX_RESET","DS001423","삼성전자","0193W0","LONG","20/30","5/10","NONE","116","111","5","2","25.86","-0.3167","-0.3341","9.87","-4.5807","3.0746","-311074","688926","-31.1074"
"KRX_RESET","DS002940","SK하이닉스","0193T0","LONG","3/10","3/30","50","112","108","4","5","30.36","-0.3200","-0.5461","20.73","-2.7088","6.5542","-311251","688749","-31.1251"
"KRX_RESET","DS002507","SK하이닉스","0193T0","LONG","5/10","10/20","30","112","107","5","4","30.36","-0.3189","-0.5320","19.72","-2.7440","6.2717","-311268","688732","-31.1268"
"KRX_RESET","DS000561","삼성전자","0193W0","LONG","3/10","3/10","10","147","145","2","1","27.21","-0.2494","-0.3416","7.99","-2.2060","4.6843","-311670","688330","-31.1670"
"KRX_RESET","DS004545","삼성전자","0193W0","LONG","5/20","20/30","10","153","137","16","3","35.95","-0.2193","-0.4156","29.40","-5.1068","7.6623","-311671","688329","-31.1671"
"KRX_RESET","DS003468","SK하이닉스","0193T0","LONG","5/10","5/30","50","110","105","5","4","28.18","-0.3269","-0.5353","22.92","-2.4849","6.2717","-312108","687892","-31.2108"
"KRX_RESET","DS003933","삼성전자","0193L0","SHORT","3/10","10/30","10","174","162","12","6","36.78","-0.1998","-0.4340","27.88","-3.9348","6.5288","-312171","687829","-31.2171"
"KRX_RESET","DS001185","삼성전자","0193W0","LONG","5/20","5/10","10","153","146","7","2","28.10","-0.2400","-0.3537","8.84","-2.3630","5.1443","-312914","687086","-31.2914"
"KRX_RESET","DS001545","SK하이닉스","0193T0","LONG","5/10","3/20","10","138","134","4","4","28.99","-0.2492","-0.6111","13.98","-4.3609","7.7688","-312915","687085","-31.2915"
"KRX_RESET","DS003947","SK하이닉스","0193T0","LONG","5/10","10/30","30","112","105","7","6","26.79","-0.2942","-0.7763","25.68","-3.1487","9.2110","-312922","687078","-31.2922"
"KRX_RESET","DS001052","삼성전자","0193L0","SHORT","3/10","5/10","5","290","285","5","3","33.79","-0.1232","-0.2920","10.53","-2.8849","3.8691","-312986","687014","-31.2986"
"KRX_RESET","DS001028","SK하이닉스","0197X0","SHORT","3/10","5/10","5","271","265","6","2","35.79","-0.1298","-0.4156","11.62","-2.4627","5.2716","-313005","686995","-31.3005"
"KRX_RESET","DS002191","삼성전자","0193W0","LONG","10/20","5/20","NONE","161","152","9","3","27.33","-0.2272","-0.3925","15.32","-3.0586","5.0254","-313090","686910","-31.3090"
"KRX_RESET","DS004631","SK하이닉스","0197X0","SHORT","3/30","20/30","30","80","73","7","3","30.00","-0.4590","-0.5383","19.61","-3.5849","4.1807","-313444","686556","-31.3444"
"KRX_RESET","DS003751","SK하이닉스","0193T0","LONG","10/30","5/30","NONE","100","89","11","4","30.00","-0.3662","-0.5717","18.80","-2.3753","8.4957","-313485","686515","-31.3485"
"KRX_RESET","DS001509","SK하이닉스","0197X0","SHORT","3/10","3/20","10","158","153","5","3","29.11","-0.2321","-0.5223","13.68","-2.3948","5.0110","-313544","686456","-31.3544"
"KRX_RESET","DS003561","SK하이닉스","0193T0","LONG","5/20","5/30","10","134","123","11","3","26.12","-0.2663","-0.6586","22.89","-3.0046","9.3323","-313607","686393","-31.3607"
"KRX_RESET","DS002459","SK하이닉스","0193T0","LONG","3/10","10/20","30","117","111","6","4","31.62","-0.3018","-0.4643","21.50","-5.2157","7.1573","-314593","685407","-31.4593"
"KRX_RESET","DS002553","SK하이닉스","0193T0","LONG","3/20","10/20","10","142","133","9","3","32.39","-0.2423","-0.4676","20.82","-6.5341","7.4106","-314604","685396","-31.4604"
"KRX_RESET","DS003992","SK하이닉스","0193T0","LONG","3/20","10/30","5","162","146","16","6","29.63","-0.1950","-0.6741","30.78","-6.1417","11.2808","-314941","685059","-31.4941"
"KRX_RESET","DS002563","SK하이닉스","0197X0","SHORT","3/20","10/20","NONE","208","197","11","4","35.58","-0.1656","-0.2835","20.94","-5.1716","5.2387","-314956","685044","-31.4956"
"KRX_RESET","DS000624","삼성전자","0193L0","SHORT","5/10","3/10","50","152","148","4","2","28.95","-0.2466","-0.3346","8.44","-1.7192","2.5949","-315193","684807","-31.5193"
"KRX_RESET","DS004500","삼성전자","0193W0","LONG","3/20","20/30","50","110","106","4","5","26.36","-0.3285","-0.4624","24.85","-5.0134","5.1715","-315288","684712","-31.5288"
"KRX_RESET","DS000859","삼성전자","0193L0","SHORT","5/30","3/10","NONE","157","154","3","2","31.21","-0.2386","-0.2870","8.06","-2.8434","2.5949","-315402","684598","-31.5402"
"KRX_RESET","DS000799","삼성전자","0193W0","LONG","3/30","3/10","NONE","191","185","6","2","30.89","-0.1946","-0.3539","7.93","-1.7152","4.6843","-315716","684284","-31.5716"
"KRX_RESET","DS002493","삼성전자","0193L0","SHORT","3/10","10/20","10","174","165","9","6","35.63","-0.2071","-0.4313","21.34","-3.5542","7.1547","-315882","684118","-31.5882"
"KRX_RESET","DS003431","SK하이닉스","0197X0","SHORT","3/10","5/30","30","150","142","8","4","26.67","-0.2410","-0.5586","20.89","-2.7474","5.8192","-315922","684078","-31.5922"
"KRX_RESET","DS000655","삼성전자","0193W0","LONG","3/20","3/10","NONE","241","231","10","3","30.71","-0.1537","-0.3046","8.14","-2.2060","4.8874","-316276","683724","-31.6276"
"KRX_RESET","DS002544","삼성전자","0193L0","SHORT","5/10","10/20","50","152","140","12","4","33.55","-0.2415","-0.3198","21.90","-3.3607","4.6533","-316646","683354","-31.6646"
"KRX_RESET","DS000271","삼성전자","0193W0","LONG","10/20","3/5","NONE","161","157","4","2","25.47","-0.2336","-0.2881","4.68","-2.2060","5.0766","-316699","683301","-31.6699"
"KRX_RESET","DS000163","SK하이닉스","0197X0","SHORT","3/20","3/5","NONE","208","203","5","2","30.77","-0.1797","-0.3183","5.17","-2.2497","3.7141","-316786","683214","-31.6786"
"KRX_RESET","DS003322","SK하이닉스","0193T0","LONG","20/30","3/30","20","83","79","4","3","18.07","-0.4508","-0.5710","17.13","-2.4035","6.2442","-317244","682756","-31.7244"
"KRX_RESET","DS001183","삼성전자","0193W0","LONG","5/20","5/10","NONE","198","190","8","2","29.80","-0.1879","-0.3327","8.94","-2.3630","5.1443","-317295","682705","-31.7295"
"KRX_RESET","DS001903","삼성전자","0193W0","LONG","20/30","3/20","NONE","116","111","5","2","24.14","-0.3237","-0.4347","12.94","-4.3046","3.2761","-317312","682688","-31.7312"
"KRX_RESET","DS002948","SK하이닉스","0197X0","SHORT","3/10","3/30","5","271","257","14","5","34.32","-0.1220","-0.3592","24.53","-6.8458","7.1476","-317415","682585","-31.7415"
"KRX_RESET","DS001135","삼성전자","0193W0","LONG","3/20","5/10","NONE","241","230","11","3","32.37","-0.1532","-0.3165","9.81","-3.0586","5.1443","-318185","681815","-31.8185"
"KRX_RESET","DS001592","SK하이닉스","0193T0","LONG","3/20","3/20","5","162","156","6","1","28.40","-0.2281","-0.5290","12.94","-2.6011","7.4464","-318313","681687","-31.8313"
"KRX_RESET","DS000599","SK하이닉스","0197X0","SHORT","5/10","3/10","30","138","136","2","2","29.71","-0.2710","-0.4668","8.49","-2.4275","4.4133","-318382","681618","-31.8382"
"KRX_RESET","DS004269","삼성전자","0193L0","SHORT","10/30","10/30","10","107","100","7","2","24.30","-0.3531","-0.5025","23.88","-2.4956","2.9163","-318818","681182","-31.8818"
"KRX_RESET","DS002988","SK하이닉스","0193T0","LONG","5/10","3/30","50","110","107","3","4","28.18","-0.3386","-0.5483","19.85","-2.4849","6.0228","-318819","681181","-31.8819"
"KRX_RESET","DS001531","삼성전자","0193L0","SHORT","3/10","3/20","NONE","392","381","11","5","33.93","-0.0878","-0.2000","16.20","-3.3642","6.1707","-318886","681114","-31.8886"
"KRX_RESET","DS004020","삼성전자","0193W0","LONG","3/20","10/30","50","110","103","7","6","29.09","-0.3356","-0.5162","26.03","-5.1116","4.1420","-319072","680928","-31.9072"
"KRX_RESET","DS001524","삼성전자","0193W0","LONG","3/10","3/20","50","160","149","11","4","25.00","-0.2332","-0.3919","12.63","-2.1222","5.5782","-319111","680889","-31.9111"
"KRX_RESET","DS000704","삼성전자","0193W0","LONG","5/20","3/10","5","191","184","7","2","29.84","-0.1970","-0.3431","8.03","-2.6483","4.8874","-319115","680885","-31.9115"
"KRX_RESET","DS001560","SK하이닉스","0197X0","SHORT","5/10","3/20","50","146","140","6","4","23.97","-0.2502","-0.4933","15.32","-4.9482","6.3097","-319253","680747","-31.9253"
"KRX_RESET","DS001512","SK하이닉스","0197X0","SHORT","3/10","3/20","50","154","148","6","4","26.62","-0.2366","-0.4745","15.48","-4.9482","5.5772","-319607","680393","-31.9607"
"KRX_RESET","DS001231","삼성전자","0193W0","LONG","10/20","5/10","NONE","161","153","8","3","26.71","-0.2345","-0.3075","8.53","-3.0586","4.8205","-319712","680288","-31.9712"
"KRX_RESET","DS004771","SK하이닉스","0197X0","SHORT","20/30","20/30","NONE","106","98","8","1","33.96","-0.3487","-0.5147","25.77","-5.3405","5.3034","-319839","680161","-31.9839"
"KRX_RESET","DS003355","삼성전자","0193L0","SHORT","20/30","3/30","NONE","115","107","8","2","22.61","-0.3293","-0.4562","19.83","-3.6579","2.1783","-319847","680153","-31.9847"
"KRX_RESET","DS003972","삼성전자","0193W0","LONG","5/10","10/30","50","145","133","12","6","28.28","-0.2486","-0.4913","27.68","-4.9713","4.5170","-320827","679173","-32.0827"
"KRX_RESET","DS004656","삼성전자","0193L0","SHORT","3/30","20/30","50","87","80","7","4","22.99","-0.4385","-0.4161","20.29","-3.9714","3.5289","-321015","678985","-32.1015"
"KRX_RESET","DS001570","삼성전자","0193W0","LONG","5/10","3/20","20","147","141","6","4","25.17","-0.2565","-0.4338","12.27","-2.8166","4.5963","-321510","678490","-32.1510"
"KRX_RESET","DS003467","SK하이닉스","0193T0","LONG","5/10","5/30","30","112","105","7","4","26.79","-0.3322","-0.6614","19.53","-2.8745","6.2717","-321565","678435","-32.1565"
"KRX_RESET","DS002623","삼성전자","0193W0","LONG","5/20","10/20","NONE","198","185","13","4","32.83","-0.1874","-0.3832","17.91","-3.6708","6.5831","-321613","678387","-32.1613"
"KRX_RESET","DS001628","삼성전자","0193L0","SHORT","3/20","3/20","5","185","179","6","2","27.03","-0.2055","-0.3603","12.95","-1.8577","4.4577","-321622","678378","-32.1622"
"KRX_RESET","DS001500","SK하이닉스","0193T0","LONG","3/10","3/20","50","112","109","3","4","26.79","-0.3401","-0.4921","15.93","-2.7088","3.3647","-322036","677964","-32.2036"
"KRX_RESET","DS002239","삼성전자","0193W0","LONG","3/30","5/20","NONE","191","180","11","3","30.37","-0.1943","-0.4301","15.60","-2.2417","5.1333","-322366","677634","-32.2366"
"KRX_RESET","DS002435","삼성전자","0193W0","LONG","3/5","10/20","30","296","278","18","10","33.78","-0.1155","-0.3237","19.00","-3.4274","4.6857","-322906","677094","-32.2906"
"KRX_RESET","DS003212","삼성전자","0193L0","SHORT","3/30","3/30","5","154","149","5","2","23.38","-0.2487","-0.4068","16.22","-2.1391","3.6721","-322919","677081","-32.2919"
"KRX_RESET","DS004111","삼성전자","0193W0","LONG","10/20","10/30","NONE","161","145","16","4","32.92","-0.2296","-0.5063","27.22","-5.2049","7.3307","-323052","676948","-32.3052"
"KRX_RESET","DS003127","SK하이닉스","0193T0","LONG","10/20","3/30","NONE","135","129","6","2","25.19","-0.2774","-0.5730","18.45","-2.7218","8.8159","-323323","676677","-32.3323"
"KRX_RESET","DS003260","삼성전자","0193L0","SHORT","5/30","3/30","5","149","142","7","2","24.83","-0.2577","-0.4539","17.56","-2.1391","3.2656","-323590","676410","-32.3590"
"KRX_RESET","DS000972","SK하이닉스","0193T0","LONG","3/5","5/10","50","209","205","4","5","34.45","-0.1789","-0.3456","12.87","-2.4334","5.1592","-323994","676006","-32.3994"
"KRX_RESET","DS003343","삼성전자","0193W0","LONG","20/30","3/30","NONE","116","111","5","2","28.45","-0.3308","-0.4272","17.46","-4.5226","3.6287","-324288","675712","-32.4288"
"KRX_RESET","DS003199","삼성전자","0193W0","LONG","3/30","3/30","NONE","191","183","8","2","28.27","-0.1998","-0.4216","13.63","-1.8227","5.4923","-324468","675532","-32.4468"
"KRX_RESET","DS000680","SK하이닉스","0193T0","LONG","5/20","3/10","5","156","152","4","2","33.33","-0.2455","-0.3821","8.87","-4.1071","5.6022","-325064","674936","-32.5064"
"KRX_RESET","DS001101","삼성전자","0193L0","SHORT","5/10","5/10","10","151","147","4","2","32.45","-0.2560","-0.3522","10.09","-3.2568","3.0996","-325161","674839","-32.5161"
"KRX_RESET","DS002947","SK하이닉스","0197X0","SHORT","3/10","3/30","NONE","329","311","18","6","36.47","-0.0993","-0.3393","24.32","-6.8458","7.1476","-325333","674667","-32.5333"
"KRX_RESET","DS003572","SK하이닉스","0197X0","SHORT","5/20","5/30","5","170","160","10","3","36.47","-0.2151","-0.4294","24.08","-8.5021","5.4649","-325402","674598","-32.5402"
"KRX_RESET","DS002506","SK하이닉스","0193T0","LONG","5/10","10/20","20","119","111","8","4","28.57","-0.3129","-0.5592","18.03","-2.7440","6.2717","-325691","674309","-32.5691"
"KRX_RESET","DS003081","SK하이닉스","0193T0","LONG","5/20","3/30","10","134","128","6","3","25.37","-0.2810","-0.5992","18.11","-3.0046","9.3323","-325739","674261","-32.5739"
"KRX_RESET","DS004521","SK하이닉스","0193T0","LONG","5/20","20/30","10","134","121","13","5","34.33","-0.2583","-0.7429","32.28","-4.0173","10.1448","-326045","673955","-32.6045"
"KRX_RESET","DS002064","삼성전자","0193L0","SHORT","5/10","5/20","50","152","142","10","4","29.61","-0.2540","-0.3388","17.28","-2.8657","4.6533","-326165","673835","-32.6165"
"KRX_RESET","DS002040","SK하이닉스","0197X0","SHORT","5/10","5/20","50","146","139","7","4","26.03","-0.2549","-0.5343","17.82","-5.1400","5.8942","-326352","673648","-32.6352"
"KRX_RESET","DS001991","SK하이닉스","0197X0","SHORT","3/10","5/20","30","150","145","5","4","26.00","-0.2483","-0.4948","18.09","-5.1400","5.1645","-326363","673637","-32.6363"
"KRX_RESET","DS004267","삼성전자","0193L0","SHORT","10/30","10/30","NONE","117","106","11","3","27.35","-0.3321","-0.5009","23.56","-2.4956","2.9163","-326396","673604","-32.6396"
"KRX_RESET","DS003105","삼성전자","0193W0","LONG","5/20","3/30","10","153","145","8","3","31.37","-0.2501","-0.4576","17.14","-4.2726","5.7096","-326759","673241","-32.6759"
"KRX_RESET","DS002145","삼성전자","0193W0","LONG","5/20","5/20","10","153","145","8","2","31.37","-0.2520","-0.4567","14.05","-2.6145","5.3498","-326912","673088","-32.6912"
"KRX_RESET","DS002986","SK하이닉스","0193T0","LONG","5/10","3/30","20","119","115","4","5","24.37","-0.3176","-0.6551","15.14","-2.4212","6.0228","-326996","673004","-32.6996"
"KRX_RESET","DS002097","삼성전자","0193W0","LONG","3/20","5/20","10","158","149","9","3","26.58","-0.2426","-0.4066","14.53","-3.0586","5.3498","-327110","672890","-32.7110"
"KRX_RESET","DS000632","SK하이닉스","0193T0","LONG","3/20","3/10","5","162","157","5","2","31.48","-0.2392","-0.3982","9.12","-2.1142","5.2277","-327713","672287","-32.7713"
"KRX_RESET","DS000679","SK하이닉스","0193T0","LONG","5/20","3/10","NONE","157","153","4","2","33.12","-0.2465","-0.3824","8.82","-4.1071","5.6022","-327850","672150","-32.7850"
"KRX_RESET","DS002938","SK하이닉스","0193T0","LONG","3/10","3/30","20","127","123","4","4","24.41","-0.2955","-0.5604","15.54","-2.7088","6.5542","-327974","672026","-32.7974"
"KRX_RESET","DS001711","삼성전자","0193W0","LONG","10/20","3/20","NONE","161","152","9","2","26.71","-0.2418","-0.4546","13.60","-2.5246","5.0254","-328165","671835","-32.8165"
"KRX_RESET","DS002863","삼성전자","0193W0","LONG","20/30","10/20","NONE","116","110","6","3","25.86","-0.3349","-0.4715","17.03","-4.8858","4.4851","-328309","671691","-32.8309"
"KRX_RESET","DS003068","삼성전자","0193L0","SHORT","3/20","3/30","5","185","180","5","6","29.73","-0.2084","-0.3554","20.37","-6.1470","3.6721","-328450","671550","-32.8450"
"KRX_RESET","DS000703","삼성전자","0193W0","LONG","5/20","3/10","NONE","198","191","7","2","29.80","-0.1974","-0.3262","7.99","-2.6483","4.8874","-329125","670875","-32.9125"
"KRX_RESET","DS002829","삼성전자","0193L0","SHORT","10/30","10/20","10","107","101","6","2","22.43","-0.3684","-0.4634","18.04","-2.3805","3.1945","-329171","670829","-32.9171"
"KRX_RESET","DS002026","SK하이닉스","0193T0","LONG","5/10","5/20","20","119","114","5","5","26.05","-0.3199","-0.6566","14.05","-2.7057","6.1754","-329253","670747","-32.9253"
"KRX_RESET","DS002732","삼성전자","0193L0","SHORT","3/30","10/20","5","154","144","10","3","34.42","-0.2515","-0.3665","21.58","-3.6182","4.0649","-329471","670529","-32.9471"
"KRX_RESET","DS001664","삼성전자","0193W0","LONG","5/20","3/20","5","191","182","9","2","31.94","-0.2044","-0.4338","12.82","-2.6483","5.3498","-330262","669738","-33.0262"
"KRX_RESET","DS002575","삼성전자","0193W0","LONG","3/20","10/20","NONE","241","224","17","5","32.78","-0.1556","-0.3811","17.95","-4.6634","6.5831","-330346","669654","-33.0346"
"KRX_RESET","DS002287","삼성전자","0193W0","LONG","5/30","5/20","NONE","160","152","8","2","28.13","-0.2429","-0.4326","14.56","-2.2417","5.1618","-330520","669480","-33.0520"
"KRX_RESET","DS003442","삼성전자","0193W0","LONG","3/10","5/30","20","168","160","8","6","26.19","-0.2208","-0.4794","19.03","-4.8169","7.5371","-330589","669411","-33.0589"
"KRX_RESET","DS000715","삼성전자","0193L0","SHORT","5/20","3/10","NONE","195","192","3","2","31.79","-0.2024","-0.2616","8.33","-4.9661","2.5949","-330758","669242","-33.0758"
"KRX_RESET","DS003727","삼성전자","0193W0","LONG","5/30","5/30","NONE","160","151","9","2","28.13","-0.2445","-0.4902","15.83","-2.0256","7.3307","-330871","669129","-33.0871"
"KRX_RESET","DS002995","SK하이닉스","0197X0","SHORT","5/10","3/30","NONE","311","295","16","5","36.66","-0.1116","-0.2896","23.64","-7.8303","8.6220","-331121","668879","-33.1121"
"KRX_RESET","DS003679","삼성전자","0193W0","LONG","3/30","5/30","NONE","191","178","13","4","28.80","-0.2022","-0.4051","16.90","-2.0256","7.4410","-331146","668854","-33.1146"
"KRX_RESET","DS002027","SK하이닉스","0193T0","LONG","5/10","5/20","30","112","106","6","4","27.68","-0.3481","-0.6285","15.56","-2.7057","4.9419","-331164","668836","-33.1164"
"KRX_RESET","DS002014","삼성전자","0193L0","SHORT","3/10","5/20","20","190","183","7","6","30.53","-0.2058","-0.3560","16.85","-2.3429","4.6533","-331274","668726","-33.1274"
"KRX_RESET","DS004615","SK하이닉스","0193T0","LONG","3/30","20/30","NONE","137","123","14","5","31.39","-0.2682","-0.4411","29.89","-4.4368","10.5050","-331291","668709","-33.1291"
"KRX_RESET","DS001581","삼성전자","0193L0","SHORT","5/10","3/20","10","151","146","5","4","27.81","-0.2622","-0.3893","14.30","-2.1011","4.0482","-331804","668196","-33.1804"
"KRX_RESET","DS002398","삼성전자","0193L0","SHORT","20/30","5/20","20","104","99","5","2","22.12","-0.3822","-0.4918","14.32","-5.2344","2.5655","-331822","668178","-33.1822"
"KRX_RESET","DS002144","삼성전자","0193W0","LONG","5/20","5/20","5","191","182","9","2","32.98","-0.2049","-0.4074","14.08","-2.6145","5.3498","-331932","668068","-33.1932"
"KRX_RESET","DS002359","SK하이닉스","0193T0","LONG","20/30","5/20","NONE","92","86","6","3","23.91","-0.4301","-0.5322","15.47","-3.9789","6.1754","-331953","668047","-33.1953"
"KRX_RESET","DS000096","삼성전자","0193L0","SHORT","3/10","3/5","50","176","173","3","2","25.57","-0.2270","-0.2758","4.94","-1.6480","2.7344","-332015","667985","-33.2015"
"KRX_RESET","DS003129","SK하이닉스","0193T0","LONG","10/20","3/30","10","125","119","6","2","24.80","-0.3110","-0.6094","18.22","-2.7218","8.8159","-332238","667762","-33.2238"
"KRX_RESET","DS004783","삼성전자","0193W0","LONG","20/30","20/30","NONE","116","110","6","2","27.59","-0.3371","-0.5348","21.94","-3.3979","7.1607","-332566","667434","-33.2566"
"KRX_RESET","DS001112","SK하이닉스","0193T0","LONG","3/20","5/10","5","162","157","5","2","33.95","-0.2406","-0.3993","10.38","-3.4483","5.3457","-332700","667300","-33.2700"
"KRX_RESET","DS001056","삼성전자","0193L0","SHORT","3/10","5/10","50","176","171","5","2","26.70","-0.2244","-0.3568","9.94","-1.7951","3.7503","-332772","667228","-33.2772"
"KRX_RESET","DS004053","SK하이닉스","0197X0","SHORT","5/20","10/30","10","139","131","8","4","40.29","-0.2421","-0.2540","33.78","-11.2795","6.7199","-333093","666907","-33.3093"
"KRX_RESET","DS004306","삼성전자","0193W0","LONG","20/30","10/30","20","106","97","9","3","23.58","-0.3741","-0.5319","21.77","-2.7399","5.5431","-333575","666425","-33.3575"
"KRX_RESET","DS000151","SK하이닉스","0193T0","LONG","3/20","3/5","NONE","184","180","4","1","28.26","-0.2153","-0.3508","5.21","-2.1095","5.8940","-333579","666421","-33.3579"
"KRX_RESET","DS003753","SK하이닉스","0193T0","LONG","10/30","5/30","10","90","79","11","2","26.67","-0.4408","-0.6053","18.96","-2.3753","8.4957","-333702","666298","-33.3702"
"KRX_RESET","DS003838","삼성전자","0193L0","SHORT","20/30","5/30","20","104","98","6","2","21.15","-0.3843","-0.4880","20.24","-4.5985","2.9927","-333821","666179","-33.3821"
"KRX_RESET","DS000081","삼성전자","0193W0","LONG","3/10","3/5","10","147","146","1","2","27.21","-0.2726","-0.2995","4.97","-3.0298","3.9131","-333900","666100","-33.3900"
"KRX_RESET","DS002577","삼성전자","0193W0","LONG","3/20","10/20","10","158","147","11","3","30.38","-0.2468","-0.4579","17.66","-4.6634","6.5831","-334002","665998","-33.4002"
"KRX_RESET","DS001497","SK하이닉스","0193T0","LONG","3/10","3/20","10","141","135","6","4","26.24","-0.2626","-0.5584","14.62","-4.3609","8.0933","-334029","665971","-33.4029"
"KRX_RESET","DS000574","삼성전자","0193L0","SHORT","3/10","3/10","20","190","186","4","2","29.47","-0.2113","-0.2827","8.43","-1.7917","2.9987","-334309","665691","-33.4309"
"KRX_RESET","DS001522","삼성전자","0193W0","LONG","3/10","3/20","20","168","163","5","4","23.81","-0.2374","-0.4298","11.62","-3.1112","4.2730","-334922","665078","-33.4922"
"KRX_RESET","DS003692","삼성전자","0193L0","SHORT","3/30","5/30","5","154","145","9","2","25.97","-0.2595","-0.4268","19.59","-2.3429","3.6721","-334944","665056","-33.4944"
"KRX_RESET","DS004512","삼성전자","0193L0","SHORT","3/20","20/30","50","111","97","14","4","30.63","-0.3587","-0.3555","25.14","-5.9536","3.5289","-334969","665031","-33.4969"
"KRX_RESET","DS003584","삼성전자","0193W0","LONG","5/20","5/30","5","191","178","13","4","33.51","-0.2009","-0.4675","20.96","-4.9105","7.6623","-335036","664964","-33.5036"
"KRX_RESET","DS001771","삼성전자","0193L0","SHORT","3/30","3/20","NONE","191","181","10","3","25.13","-0.2084","-0.3219","14.69","-3.1244","4.4577","-335097","664903","-33.5097"
"KRX_RESET","DS003742","삼성전자","0193L0","SHORT","5/30","5/30","20","101","95","6","2","22.77","-0.3998","-0.4765","18.69","-2.3429","2.5876","-335227","664773","-33.5227"
"KRX_RESET","DS002469","SK하이닉스","0197X0","SHORT","3/10","10/20","10","158","152","6","4","30.38","-0.2435","-0.5431","20.52","-3.4258","7.1476","-335598","664402","-33.5598"
"KRX_RESET","DS002383","삼성전자","0193W0","LONG","20/30","5/20","NONE","116","111","5","2","26.72","-0.3462","-0.4419","14.05","-4.5226","3.4511","-335687","664313","-33.5687"
"KRX_RESET","DS003010","삼성전자","0193W0","LONG","5/10","3/30","20","147","139","8","6","24.49","-0.2694","-0.4365","16.59","-3.4234","3.9774","-335795","664205","-33.5795"
"KRX_RESET","DS001291","삼성전자","0193L0","SHORT","3/30","5/10","NONE","191","184","7","3","29.84","-0.2105","-0.2753","10.72","-2.0504","3.1670","-335997","664003","-33.5997"
"KRX_RESET","DS000753","삼성전자","0193W0","LONG","10/20","3/10","10","151","144","7","3","24.50","-0.2675","-0.3268","7.27","-2.5246","4.5643","-336381","663619","-33.6381"
"KRX_RESET","DS002734","삼성전자","0193L0","SHORT","3/30","10/20","20","120","110","10","3","30.00","-0.3345","-0.3549","20.53","-5.3934","4.0649","-336533","663467","-33.6533"
"KRX_RESET","DS001977","SK하이닉스","0193T0","LONG","3/10","5/20","10","141","133","8","4","29.08","-0.2639","-0.5542","17.50","-4.1528","8.0933","-337607","662393","-33.7607"
"KRX_RESET","DS002471","SK하이닉스","0197X0","SHORT","3/10","10/20","30","150","143","7","4","30.67","-0.2577","-0.4968","21.00","-4.9962","6.5400","-337759","662241","-33.7759"
"KRX_RESET","DS003970","삼성전자","0193W0","LONG","5/10","10/30","20","147","133","14","7","27.21","-0.2551","-0.5561","24.12","-2.5831","6.8300","-337920","662080","-33.7920"
"KRX_RESET","DS004391","SK하이닉스","0197X0","SHORT","3/10","20/30","30","150","136","14","4","34.00","-0.2573","-0.4558","24.45","-4.0221","6.2562","-338583","661417","-33.8583"
"KRX_RESET","DS002600","SK하이닉스","0193T0","LONG","5/20","10/20","5","156","145","11","3","32.69","-0.2466","-0.5284","19.99","-5.5794","7.7929","-338630","661370","-33.8630"
"KRX_RESET","DS003151","삼성전자","0193W0","LONG","10/20","3/30","NONE","161","151","10","3","30.43","-0.2499","-0.4682","18.84","-4.2726","5.3840","-338953","661047","-33.8953"
"KRX_RESET","DS003993","SK하이닉스","0193T0","LONG","3/20","10/30","10","142","128","14","4","29.58","-0.2535","-0.7543","29.32","-6.1417","11.2808","-338955","661045","-33.8955"
"KRX_RESET","DS003523","SK하이닉스","0197X0","SHORT","3/20","5/30","NONE","208","195","13","4","37.02","-0.1801","-0.4246","25.11","-8.9578","5.7935","-339206","660794","-33.9206"
"KRX_RESET","DS000621","삼성전자","0193L0","SHORT","5/10","3/10","10","151","149","2","2","28.48","-0.2710","-0.3578","8.38","-2.3834","2.6161","-339299","660701","-33.9299"
"KRX_RESET","DS003116","삼성전자","0193L0","SHORT","5/20","3/30","5","178","172","6","4","25.28","-0.2268","-0.3897","19.10","-6.1470","3.2656","-339612","660388","-33.9612"
"KRX_RESET","DS002782","삼성전자","0193L0","SHORT","5/30","10/20","20","101","94","7","3","28.71","-0.4051","-0.3936","20.14","-3.6091","2.4786","-339735","660265","-33.9735"
"KRX_RESET","DS003259","삼성전자","0193L0","SHORT","5/30","3/30","NONE","157","150","7","2","24.20","-0.2603","-0.4404","17.27","-2.1391","3.2656","-340151","659849","-34.0151"
"KRX_RESET","DS002108","삼성전자","0193L0","SHORT","3/20","5/20","5","185","177","8","2","30.81","-0.2197","-0.3904","16.36","-2.4164","4.0649","-340584","659416","-34.0584"
"KRX_RESET","DS002395","삼성전자","0193L0","SHORT","20/30","5/20","NONE","115","108","7","2","25.22","-0.3572","-0.4304","15.03","-5.2344","2.5655","-340819","659181","-34.0819"
"KRX_RESET","DS003489","삼성전자","0193W0","LONG","5/10","5/30","10","140","133","7","4","27.14","-0.2806","-0.5680","21.99","-4.6761","6.6041","-340844","659156","-34.0844"
"KRX_RESET","DS004279","SK하이닉스","0193T0","LONG","20/30","10/30","NONE","92","83","9","3","18.48","-0.4358","-0.7278","26.84","-4.0262","9.8451","-340989","659011","-34.0989"
"KRX_RESET","DS003607","SK하이닉스","0193T0","LONG","10/20","5/30","NONE","135","123","12","3","28.15","-0.2965","-0.5313","21.61","-2.7474","8.8159","-341170","658830","-34.1170"
"KRX_RESET","DS004762","SK하이닉스","0193T0","LONG","20/30","20/30","20","83","78","5","1","22.89","-0.4865","-0.7109","24.80","-3.2523","9.0080","-341325","658675","-34.1325"
"KRX_RESET","DS001583","삼성전자","0193L0","SHORT","5/10","3/20","30","165","158","7","4","29.09","-0.2477","-0.3866","14.15","-2.8657","5.0483","-341327","658673","-34.1327"
"KRX_RESET","DS000585","SK하이닉스","0193T0","LONG","5/10","3/10","10","138","135","3","2","24.64","-0.2962","-0.5148","8.64","-3.2513","4.9307","-342007","657993","-34.2007"
"KRX_RESET","DS004016","삼성전자","0193W0","LONG","3/20","10/30","5","197","180","17","5","34.52","-0.1904","-0.4496","29.36","-5.1116","7.6623","-342223","657777","-34.2223"
"KRX_RESET","DS004124","삼성전자","0193L0","SHORT","10/20","10/30","5","108","100","8","4","30.56","-0.3768","-0.4296","27.66","-5.5445","3.0516","-342290","657710","-34.2290"
"KRX_RESET","DS000235","삼성전자","0193L0","SHORT","5/20","3/5","NONE","195","193","2","2","27.18","-0.2130","-0.2760","4.79","-2.8434","3.1436","-342613","657387","-34.2613"
"KRX_RESET","DS004380","SK하이닉스","0193T0","LONG","3/10","20/30","50","112","102","10","10","30.36","-0.3150","-0.7201","33.20","-4.5653","10.9402","-342775","657225","-34.2775"
"KRX_RESET","DS002050","삼성전자","0193W0","LONG","5/10","5/20","20","147","140","7","4","25.85","-0.2774","-0.4279","14.07","-2.7408","4.1837","-343171","656829","-34.3171"
"KRX_RESET","DS002299","삼성전자","0193L0","SHORT","5/30","5/20","NONE","157","150","7","3","26.75","-0.2630","-0.3893","16.98","-2.3429","3.6569","-344069","655931","-34.4069"
"KRX_RESET","DS001160","SK하이닉스","0193T0","LONG","5/20","5/10","5","156","151","5","2","36.54","-0.2642","-0.3981","9.56","-3.3443","5.7207","-344073","655927","-34.4073"
"KRX_RESET","DS002599","SK하이닉스","0193T0","LONG","5/20","10/20","NONE","157","146","11","3","32.48","-0.2503","-0.5313","19.89","-5.5794","7.7929","-344174","655826","-34.4174"
"KRX_RESET","DS001079","SK하이닉스","0197X0","SHORT","5/10","5/10","30","138","136","2","2","31.16","-0.2998","-0.4786","9.38","-2.5823","4.6968","-344449","655551","-34.4449"
"KRX_RESET","DS001569","삼성전자","0193W0","LONG","5/10","3/20","10","140","136","4","3","27.86","-0.2962","-0.4845","13.29","-2.1807","3.6489","-344791","655209","-34.4791"
"KRX_RESET","DS004688","삼성전자","0193W0","LONG","5/30","20/30","5","150","138","12","4","26.67","-0.2612","-0.5227","24.81","-3.0529","7.3307","-344967","655033","-34.4967"
"KRX_RESET","DS000331","삼성전자","0193L0","SHORT","3/30","3/5","NONE","191","188","3","2","27.75","-0.2195","-0.2534","4.90","-1.7917","3.1436","-345088","654912","-34.5088"
"KRX_RESET","DS002061","삼성전자","0193L0","SHORT","5/10","5/20","10","151","143","8","4","31.79","-0.2750","-0.4354","16.74","-2.3834","3.6569","-345095","654905","-34.5095"
"KRX_RESET","DS001675","삼성전자","0193L0","SHORT","5/20","3/20","NONE","195","189","6","2","26.15","-0.2132","-0.3442","13.44","-1.8673","4.0482","-345615","654385","-34.5615"
"KRX_RESET","DS003802","SK하이닉스","0193T0","LONG","20/30","5/30","20","83","75","8","3","19.28","-0.5013","-0.6871","20.13","-2.7474","6.2442","-345976","654024","-34.5976"
"KRX_RESET","DS002637","삼성전자","0193L0","SHORT","5/20","10/20","10","152","141","11","2","35.53","-0.2729","-0.3690","19.91","-3.8827","3.6569","-346023","653977","-34.6023"
"KRX_RESET","DS000187","삼성전자","0193L0","SHORT","3/20","3/5","NONE","235","233","2","2","28.09","-0.1785","-0.2767","4.87","-1.6738","3.1436","-346059","653941","-34.6059"
"KRX_RESET","DS002300","삼성전자","0193L0","SHORT","5/30","5/20","5","149","142","7","3","26.85","-0.2800","-0.4001","16.83","-2.3429","3.6569","-346363","653637","-34.6363"
"KRX_RESET","DS001103","삼성전자","0193L0","SHORT","5/10","5/10","30","165","159","6","2","28.48","-0.2537","-0.3527","9.39","-1.8229","3.7503","-346598","653402","-34.6598"
"KRX_RESET","DS001979","SK하이닉스","0193T0","LONG","3/10","5/20","30","117","110","7","3","24.79","-0.3493","-0.5075","17.60","-4.9470","6.3642","-346800","653200","-34.6800"
"KRX_RESET","DS001980","SK하이닉스","0193T0","LONG","3/10","5/20","50","112","107","5","4","26.79","-0.3721","-0.4858","18.61","-2.7088","3.6774","-347020","652980","-34.7020"
"KRX_RESET","DS003959","SK하이닉스","0197X0","SHORT","5/10","10/30","30","138","129","9","5","33.33","-0.2921","-0.4242","24.15","-5.5717","6.7199","-347238","652762","-34.7238"
"KRX_RESET","DS002016","삼성전자","0193L0","SHORT","3/10","5/20","50","176","168","8","4","30.11","-0.2365","-0.3159","17.70","-3.1244","4.6533","-347577","652423","-34.7577"
"KRX_RESET","DS002827","삼성전자","0193L0","SHORT","10/30","10/20","NONE","117","107","10","3","24.79","-0.3610","-0.4632","17.58","-3.0571","3.1945","-348300","651700","-34.8300"
"KRX_RESET","DS002073","SK하이닉스","0193T0","LONG","3/20","5/20","10","142","133","9","3","29.58","-0.2885","-0.5358","15.63","-2.5618","7.4464","-348638","651362","-34.8638"
"KRX_RESET","DS000623","삼성전자","0193L0","SHORT","5/10","3/10","30","165","160","5","2","28.48","-0.2577","-0.3219","7.53","-1.6297","2.5949","-349021","650979","-34.9021"
"KRX_RESET","DS001159","SK하이닉스","0193T0","LONG","5/20","5/10","NONE","157","152","5","2","36.31","-0.2676","-0.4005","9.51","-3.3443","5.7207","-349223","650777","-34.9223"
"KRX_RESET","DS003535","삼성전자","0193W0","LONG","3/20","5/30","NONE","241","224","17","6","31.95","-0.1628","-0.3811","21.85","-4.8169","7.6623","-349321","650679","-34.9321"
"KRX_RESET","DS003912","SK하이닉스","0197X0","SHORT","3/10","10/30","50","154","143","11","5","37.66","-0.2462","-0.3489","31.32","-10.9414","7.5975","-349846","650154","-34.9846"
"KRX_RESET","DS003480","SK하이닉스","0197X0","SHORT","5/10","5/30","50","146","135","11","4","27.40","-0.2822","-0.5473","22.47","-4.5313","5.4649","-350386","649614","-35.0386"
"KRX_RESET","DS002036","SK하이닉스","0197X0","SHORT","5/10","5/20","5","290","278","12","6","36.55","-0.1335","-0.3817","20.06","-5.1400","7.9352","-350439","649561","-35.0439"
"KRX_RESET","DS003823","삼성전자","0193W0","LONG","20/30","5/30","NONE","116","108","8","3","26.72","-0.3634","-0.4796","18.23","-4.7768","5.5431","-350464","649536","-35.0464"
"KRX_RESET","DS000595","SK하이닉스","0197X0","SHORT","5/10","3/10","NONE","311","306","5","2","33.12","-0.1303","-0.3601","9.14","-4.3451","7.0900","-350738","649262","-35.0738"
"KRX_RESET","DS003609","SK하이닉스","0193T0","LONG","10/20","5/30","10","125","113","12","3","27.20","-0.3322","-0.5710","21.40","-2.7474","8.8159","-350780","649220","-35.0780"
"KRX_RESET","DS002685","삼성전자","0193L0","SHORT","10/20","10/20","10","150","143","7","2","30.67","-0.2823","-0.3750","19.16","-3.6091","3.1945","-350924","649076","-35.0924"
"KRX_RESET","DS002095","삼성전자","0193W0","LONG","3/20","5/20","NONE","241","227","14","4","29.88","-0.1720","-0.3431","15.48","-3.0586","5.3498","-350936","649064","-35.0936"
"KRX_RESET","DS002120","SK하이닉스","0193T0","LONG","5/20","5/20","5","156","148","8","1","27.56","-0.2692","-0.5314","14.57","-3.3443","6.4903","-351442","648558","-35.1442"
"KRX_RESET","DS002143","삼성전자","0193W0","LONG","5/20","5/20","NONE","198","189","9","2","32.32","-0.2127","-0.3987","13.80","-2.6145","5.3498","-351500","648500","-35.1500"
"KRX_RESET","DS001075","SK하이닉스","0197X0","SHORT","5/10","5/10","NONE","311","305","6","2","35.69","-0.1311","-0.4276","10.09","-2.5823","6.7202","-351526","648474","-35.1526"
"KRX_RESET","DS002878","삼성전자","0193L0","SHORT","20/30","10/20","20","104","97","7","2","19.23","-0.4097","-0.4168","16.79","-5.3934","2.5842","-351688","648312","-35.1688"
"KRX_RESET","DS004593","삼성전자","0193W0","LONG","10/20","20/30","10","151","136","15","4","31.13","-0.2660","-0.4308","29.30","-5.1068","7.3307","-351799","648201","-35.1799"
"KRX_RESET","DS002037","SK하이닉스","0197X0","SHORT","5/10","5/20","10","139","133","6","4","29.50","-0.3013","-0.5484","16.50","-3.1156","4.7311","-352108","647892","-35.2108"
"KRX_RESET","DS004222","삼성전자","0193L0","SHORT","5/30","10/30","20","101","93","8","3","20.79","-0.4243","-0.5098","21.76","-2.6931","2.7771","-352272","647728","-35.2272"
"KRX_RESET","DS002472","SK하이닉스","0197X0","SHORT","3/10","10/20","50","154","146","8","5","30.52","-0.2596","-0.4207","22.10","-4.9962","6.5400","-352569","647431","-35.2569"
"KRX_RESET","DS000811","삼성전자","0193L0","SHORT","3/30","3/10","NONE","191","185","6","3","27.75","-0.2249","-0.2756","8.58","-1.8577","2.9987","-352704","647296","-35.2704"
"KRX_RESET","DS000092","삼성전자","0193L0","SHORT","3/10","3/5","5","290","287","3","2","31.03","-0.1476","-0.2482","5.19","-1.7917","3.1436","-353397","646603","-35.3397"
"KRX_RESET","DS001663","삼성전자","0193W0","LONG","5/20","3/20","NONE","198","189","9","2","30.81","-0.2149","-0.4436","12.62","-2.6483","5.3498","-353563","646437","-35.3563"
"KRX_RESET","DS001615","삼성전자","0193W0","LONG","3/20","3/20","NONE","241","230","11","2","26.97","-0.1764","-0.3837","11.18","-2.2060","5.3498","-353691","646309","-35.3691"
"KRX_RESET","DS000600","SK하이닉스","0197X0","SHORT","5/10","3/10","50","146","142","4","2","28.08","-0.2942","-0.4608","8.29","-2.8829","4.4133","-354082","645918","-35.4082"
"KRX_RESET","DS002962","삼성전자","0193W0","LONG","3/10","3/30","20","168","162","6","6","26.19","-0.2514","-0.4403","16.31","-4.1784","3.7933","-354126","645874","-35.4126"
"KRX_RESET","DS003694","삼성전자","0193L0","SHORT","3/30","5/30","20","120","112","8","2","23.33","-0.3574","-0.4295","19.23","-4.5985","3.6721","-354158","645842","-35.4158"
"KRX_RESET","DS002028","SK하이닉스","0193T0","LONG","5/10","5/20","50","110","107","3","4","25.45","-0.3874","-0.5557","17.65","-2.7057","4.6284","-354228","645772","-35.4228"
"KRX_RESET","DS001555","SK하이닉스","0197X0","SHORT","5/10","3/20","NONE","311","301","10","6","33.76","-0.1283","-0.3958","17.38","-4.9482","6.4561","-354255","645745","-35.4255"
"KRX_RESET","DS000751","삼성전자","0193W0","LONG","10/20","3/10","NONE","161","153","8","3","25.47","-0.2676","-0.3268","7.89","-2.5246","4.5643","-354285","645715","-35.4285"
"KRX_RESET","DS000667","삼성전자","0193L0","SHORT","3/20","3/10","NONE","235","230","5","3","29.36","-0.1826","-0.2530","8.90","-2.3834","2.9987","-354434","645566","-35.4434"
"KRX_RESET","DS002781","삼성전자","0193L0","SHORT","5/30","10/20","10","126","117","9","3","29.37","-0.3409","-0.4115","19.98","-3.6091","3.6569","-354958","645042","-35.4958"
"KRX_RESET","DS002529","삼성전자","0193W0","LONG","5/10","10/20","10","140","132","8","3","29.29","-0.3039","-0.5215","18.74","-3.7931","5.0332","-354971","645029","-35.4971"
"KRX_RESET","DS004604","삼성전자","0193L0","SHORT","10/20","20/30","5","108","96","12","4","31.48","-0.3875","-0.3655","32.67","-8.5459","3.4332","-355115","644885","-35.5115"
"KRX_RESET","DS004569","SK하이닉스","0193T0","LONG","10/20","20/30","10","125","113","12","5","28.80","-0.3291","-0.5808","30.46","-3.4978","9.3607","-355181","644819","-35.5181"
"KRX_RESET","DS004318","삼성전자","0193L0","SHORT","20/30","10/30","20","104","96","8","3","24.04","-0.4141","-0.4363","23.54","-5.0225","2.4803","-355375","644625","-35.5375"
"KRX_RESET","DS002119","SK하이닉스","0193T0","LONG","5/20","5/20","NONE","157","149","8","1","27.39","-0.2725","-0.5418","14.49","-3.3443","6.4903","-356534","643466","-35.6534"
"KRX_RESET","DS000012","SK하이닉스","0193T0","LONG","3/5","3/5","50","209","208","1","2","26.79","-0.2067","-0.3544","4.65","-2.1067","5.9178","-356600","643400","-35.6600"
"KRX_RESET","DS004172","삼성전자","0193L0","SHORT","3/30","10/30","5","154","140","14","3","29.87","-0.2761","-0.3886","26.71","-3.2901","3.7843","-357144","642856","-35.7144"
"KRX_RESET","DS004798","삼성전자","0193L0","SHORT","20/30","20/30","20","104","94","10","1","27.88","-0.4182","-0.3137","24.93","-2.9778","3.6728","-357389","642611","-35.7389"
"KRX_RESET","DS003319","SK하이닉스","0193T0","LONG","20/30","3/30","NONE","92","85","7","3","19.57","-0.4717","-0.5691","17.90","-4.4985","6.2442","-358062","641938","-35.8062"
"KRX_RESET","DS002875","삼성전자","0193L0","SHORT","20/30","10/20","NONE","115","106","9","2","20.87","-0.3790","-0.3561","17.41","-5.3934","2.5842","-358115","641885","-35.8115"
"KRX_RESET","DS000548","SK하이닉스","0197X0","SHORT","3/10","3/10","5","271","266","5","2","32.47","-0.1562","-0.4096","9.44","-2.2883","5.6364","-358301","641699","-35.8301"
"KRX_RESET","DS002542","삼성전자","0193L0","SHORT","5/10","10/20","20","155","144","11","4","27.74","-0.2778","-0.4354","18.57","-2.7070","4.6533","-358312","641688","-35.8312"
"KRX_RESET","DS002543","삼성전자","0193L0","SHORT","5/10","10/20","30","165","155","10","4","32.73","-0.2605","-0.4301","21.38","-3.3607","4.6533","-359208","640792","-35.9208"
"KRX_RESET","DS003418","SK하이닉스","0193T0","LONG","3/10","5/30","20","127","118","9","4","25.20","-0.3322","-0.6711","18.25","-3.7123","6.8044","-359843","640157","-35.9843"
"KRX_RESET","DS004533","SK하이닉스","0197X0","SHORT","5/20","20/30","10","139","126","13","5","42.45","-0.2769","-0.2615","35.58","-10.9955","7.1030","-359847","640153","-35.9847"
"KRX_RESET","DS003643","삼성전자","0193L0","SHORT","10/20","5/30","NONE","161","154","7","5","32.30","-0.2619","-0.3597","24.38","-9.9097","2.9813","-360491","639509","-36.0491"
"KRX_RESET","DS004496","삼성전자","0193W0","LONG","3/20","20/30","5","197","180","17","5","35.03","-0.1977","-0.4260","30.99","-5.0134","7.6623","-361178","638822","-36.1178"
"KRX_RESET","DS004759","SK하이닉스","0193T0","LONG","20/30","20/30","NONE","92","85","7","1","23.91","-0.4724","-0.6916","22.99","-3.2523","9.0080","-361561","638439","-36.1561"
"KRX_RESET","DS003946","SK하이닉스","0193T0","LONG","5/10","10/30","20","119","108","11","6","25.21","-0.3344","-0.8346","24.12","-3.1487","9.2110","-361637","638363","-36.1637"
"KRX_RESET","DS000633","SK하이닉스","0193T0","LONG","3/20","3/10","10","142","137","5","2","30.28","-0.3072","-0.4458","9.04","-6.8416","5.2277","-361758","638242","-36.1758"
"KRX_RESET","DS003057","삼성전자","0193W0","LONG","3/20","3/30","10","158","149","9","3","27.85","-0.2728","-0.4460","16.61","-4.1784","5.7096","-361892","638108","-36.1892"
"KRX_RESET","DS003835","삼성전자","0193L0","SHORT","20/30","5/30","NONE","115","107","8","2","22.61","-0.3843","-0.4609","20.97","-4.5985","2.9927","-362065","637935","-36.2065"
"KRX_RESET","DS000095","삼성전자","0193L0","SHORT","3/10","3/5","30","196","192","4","2","25.51","-0.2276","-0.2449","4.96","-1.7087","2.7344","-362820","637180","-36.2820"
"KRX_RESET","DS004161","삼성전자","0193W0","LONG","3/30","10/30","10","138","123","15","3","29.71","-0.3132","-0.6110","24.22","-2.6117","7.4410","-363064","636936","-36.3064"
"KRX_RESET","DS004174","삼성전자","0193L0","SHORT","3/30","10/30","20","120","108","12","3","27.50","-0.3687","-0.4653","23.20","-5.0225","3.7843","-363229","636771","-36.3229"
"KRX_RESET","DS002109","삼성전자","0193L0","SHORT","3/20","5/20","10","170","162","8","3","31.18","-0.2590","-0.3710","16.09","-5.2344","4.0649","-363272","636728","-36.3272"
"KRX_RESET","DS004795","삼성전자","0193L0","SHORT","20/30","20/30","NONE","115","105","10","1","27.83","-0.3862","-0.2922","23.48","-2.9778","3.6728","-363331","636669","-36.3331"
"KRX_RESET","DS004208","삼성전자","0193W0","LONG","5/30","10/30","5","150","137","13","3","28.00","-0.2919","-0.5084","23.07","-2.0734","7.3307","-363502","636498","-36.3502"
"KRX_RESET","DS004483","SK하이닉스","0197X0","SHORT","3/20","20/30","NONE","208","185","23","10","39.42","-0.1730","-0.2802","34.22","-10.9955","7.4142","-363670","636330","-36.3670"
"KRX_RESET","DS002072","SK하이닉스","0193T0","LONG","3/20","5/20","5","162","153","9","3","29.63","-0.2661","-0.4741","16.48","-2.5618","7.4464","-364162","635838","-36.4162"
"KRX_RESET","DS000576","삼성전자","0193L0","SHORT","3/10","3/10","50","176","172","4","2","25.00","-0.2554","-0.3199","7.77","-1.7192","2.9987","-364883","635117","-36.4883"
"KRX_RESET","DS003466","SK하이닉스","0193T0","LONG","5/10","5/30","20","119","110","9","5","22.69","-0.3657","-0.7169","17.88","-2.8745","6.2717","-365698","634302","-36.5698"
"KRX_RESET","DS001593","SK하이닉스","0193T0","LONG","3/20","3/20","10","142","136","6","1","26.76","-0.3117","-0.6531","12.65","-2.6011","7.4464","-366030","633970","-36.6030"
"KRX_RESET","DS004749","삼성전자","0193L0","SHORT","10/30","20/30","10","107","97","10","3","26.17","-0.4124","-0.4413","28.27","-8.5459","3.4171","-366303","633697","-36.6303"
"KRX_RESET","DS004532","SK하이닉스","0197X0","SHORT","5/20","20/30","5","170","151","19","8","42.35","-0.2283","-0.2270","33.74","-10.9955","7.1030","-366505","633495","-36.6505"
"KRX_RESET","DS002683","삼성전자","0193L0","SHORT","10/20","10/20","NONE","161","154","7","2","31.06","-0.2780","-0.3610","18.44","-3.6091","3.1945","-366522","633478","-36.6522"
"KRX_RESET","DS001535","삼성전자","0193L0","SHORT","3/10","3/20","30","196","189","7","4","26.02","-0.2264","-0.2955","14.29","-3.1244","5.0483","-366630","633370","-36.6630"
"KRX_RESET","DS001076","SK하이닉스","0197X0","SHORT","5/10","5/10","5","290","284","6","2","35.86","-0.1494","-0.4560","10.33","-2.5823","6.7202","-367099","632901","-36.7099"
"KRX_RESET","DS002156","삼성전자","0193L0","SHORT","5/20","5/20","5","178","170","8","2","25.84","-0.2523","-0.3565","15.72","-2.4164","3.6569","-367204","632796","-36.7204"
"KRX_RESET","DS004711","SK하이닉스","0193T0","LONG","10/30","20/30","NONE","100","89","11","4","30.00","-0.4390","-0.6048","27.23","-4.6748","9.5025","-368177","631823","-36.8177"
"KRX_RESET","DS003739","삼성전자","0193L0","SHORT","5/30","5/30","NONE","157","149","8","2","24.20","-0.2876","-0.4404","17.86","-2.3429","3.2656","-368442","631558","-36.8442"
"KRX_RESET","DS004052","SK하이닉스","0197X0","SHORT","5/20","10/30","5","170","158","12","4","40.00","-0.2276","-0.2579","31.09","-11.2795","6.7199","-369037","630963","-36.9037"
"KRX_RESET","DS000128","삼성전자","0193W0","LONG","5/10","3/5","5","316","313","3","2","27.85","-0.1422","-0.2430","4.79","-2.1807","6.1114","-369072","630928","-36.9072"
"KRX_RESET","DS002049","삼성전자","0193W0","LONG","5/10","5/20","10","140","136","4","3","26.43","-0.3194","-0.5038","15.99","-2.1737","5.7067","-369131","630869","-36.9131"
"KRX_RESET","DS003740","삼성전자","0193L0","SHORT","5/30","5/30","5","149","142","7","2","24.16","-0.3041","-0.4630","17.87","-2.3429","3.2656","-369167","630833","-36.9167"
"KRX_RESET","DS004713","SK하이닉스","0193T0","LONG","10/30","20/30","10","90","79","11","2","27.78","-0.4913","-0.7635","27.43","-4.6748","9.5025","-369832","630168","-36.9832"
"KRX_RESET","DS003645","삼성전자","0193L0","SHORT","10/20","5/30","10","150","143","7","5","30.67","-0.2918","-0.3671","23.91","-9.9097","2.8050","-369889","630111","-36.9889"
"KRX_RESET","DS002996","SK하이닉스","0197X0","SHORT","5/10","3/30","5","290","274","16","5","34.83","-0.1425","-0.3128","23.20","-7.8303","8.6220","-369926","630074","-36.9926"
"KRX_RESET","DS003597","삼성전자","0193L0","SHORT","5/20","5/30","10","152","142","10","4","28.95","-0.2903","-0.4232","23.32","-10.0451","3.4832","-370415","629585","-37.0415"
"KRX_RESET","DS003945","SK하이닉스","0193T0","LONG","5/10","10/30","10","138","127","11","6","28.26","-0.2698","-0.8373","27.74","-6.5093","11.2808","-370786","629214","-37.0786"
"KRX_RESET","DS003583","삼성전자","0193W0","LONG","5/20","5/30","NONE","198","185","13","4","32.83","-0.2211","-0.4680","20.88","-4.9105","7.6623","-370820","629180","-37.0820"
"KRX_RESET","DS002002","삼성전자","0193W0","LONG","3/10","5/20","20","168","162","6","4","26.19","-0.2690","-0.4240","14.52","-3.0355","4.0857","-370844","629156","-37.0844"
"KRX_RESET","DS002997","SK하이닉스","0197X0","SHORT","5/10","3/30","10","139","132","7","3","30.22","-0.3175","-0.4715","21.55","-7.8303","4.8204","-371076","628924","-37.1076"
"KRX_RESET","DS002025","SK하이닉스","0193T0","LONG","5/10","5/20","10","138","132","6","4","28.26","-0.3130","-0.6861","16.20","-4.1528","7.7688","-371209","628791","-37.1209"
"KRX_RESET","DS000492","SK하이닉스","0193T0","LONG","3/5","3/10","50","209","206","3","5","32.06","-0.2145","-0.3813","10.79","-3.8851","4.7743","-371709","628291","-37.1709"
"KRX_RESET","DS002520","SK하이닉스","0197X0","SHORT","5/10","10/20","50","146","136","10","4","30.14","-0.2971","-0.4306","21.99","-4.9962","7.2792","-371783","628217","-37.1783"
"KRX_RESET","DS001055","삼성전자","0193L0","SHORT","3/10","5/10","30","196","190","6","3","27.04","-0.2321","-0.3159","9.82","-1.9747","3.7503","-371981","628019","-37.1981"
"KRX_RESET","DS003056","삼성전자","0193W0","LONG","3/20","3/30","5","197","188","9","5","30.46","-0.2229","-0.3886","18.71","-4.1784","5.7096","-372021","627979","-37.2021"
"KRX_RESET","DS002939","SK하이닉스","0193T0","LONG","3/10","3/30","30","117","112","5","4","25.64","-0.3829","-0.5546","17.60","-4.2752","6.5542","-372067","627933","-37.2067"
"KRX_RESET","DS001511","SK하이닉스","0197X0","SHORT","3/10","3/20","30","150","146","4","3","25.33","-0.2998","-0.4993","14.69","-4.9482","5.5772","-372128","627872","-37.2128"
"KRX_RESET","DS000009","SK하이닉스","0193T0","LONG","3/5","3/5","10","255","250","5","2","30.98","-0.1773","-0.3737","5.03","-2.2683","7.0780","-372238","627762","-37.2238"
"KRX_RESET","DS001147","삼성전자","0193L0","SHORT","3/20","5/10","NONE","235","230","5","3","31.06","-0.1937","-0.2866","10.42","-3.2568","3.1670","-372290","627710","-37.2290"
"KRX_RESET","DS003960","SK하이닉스","0197X0","SHORT","5/10","10/30","50","146","133","13","5","36.30","-0.2914","-0.2695","29.47","-10.8140","6.7199","-372412","627588","-37.2412"
"KRX_RESET","DS002063","삼성전자","0193L0","SHORT","5/10","5/20","30","165","157","8","4","29.09","-0.2774","-0.3905","16.49","-2.8657","4.6533","-372763","627237","-37.2763"
"KRX_RESET","DS000547","SK하이닉스","0197X0","SHORT","3/10","3/10","NONE","329","322","7","2","32.83","-0.1357","-0.3829","9.10","-2.2883","5.6364","-374577","625423","-37.4577"
"KRX_RESET","DS004303","삼성전자","0193W0","LONG","20/30","10/30","NONE","116","107","9","3","23.28","-0.3953","-0.5263","22.57","-4.3409","5.5431","-374690","625310","-37.4690"
"KRX_RESET","DS004519","SK하이닉스","0193T0","LONG","5/20","20/30","NONE","157","140","17","7","35.03","-0.2637","-0.6240","33.68","-4.0173","10.1448","-374857","625143","-37.4857"
"KRX_RESET","DS001113","SK하이닉스","0193T0","LONG","3/20","5/10","10","142","137","5","2","33.80","-0.3188","-0.4267","10.07","-6.6536","5.3457","-375034","624966","-37.5034"
"KRX_RESET","DS004531","SK하이닉스","0197X0","SHORT","5/20","20/30","NONE","177","157","20","9","41.81","-0.2248","-0.2615","35.07","-10.9955","7.1030","-375534","624466","-37.5534"
"KRX_RESET","DS001004","삼성전자","0193L0","SHORT","3/5","5/10","5","292","285","7","5","32.19","-0.1561","-0.2796","10.62","-2.0504","3.6331","-375548","624452","-37.5548"
"KRX_RESET","DS004520","SK하이닉스","0193T0","LONG","5/20","20/30","5","156","139","17","7","34.62","-0.2669","-0.6480","33.78","-4.0173","10.1448","-376260","623740","-37.6260"
"KRX_RESET","DS002253","삼성전자","0193L0","SHORT","3/30","5/20","10","133","125","8","2","24.81","-0.3486","-0.4156","16.71","-5.2344","4.0649","-376685","623315","-37.6685"
"KRX_RESET","DS000011","SK하이닉스","0193T0","LONG","3/5","3/5","30","214","211","3","2","28.04","-0.2174","-0.3980","4.65","-2.1067","5.9178","-377106","622894","-37.7106"
"KRX_RESET","DS000575","삼성전자","0193L0","SHORT","3/10","3/10","30","196","191","5","2","26.02","-0.2395","-0.3108","7.72","-1.7818","2.9987","-377881","622119","-37.7881"
"KRX_RESET","DS004005","SK하이닉스","0197X0","SHORT","3/20","10/30","10","163","150","13","4","38.65","-0.2438","-0.3273","33.02","-11.2795","6.7199","-377982","622018","-37.7982"
"KRX_RESET","DS000596","SK하이닉스","0197X0","SHORT","5/10","3/10","5","290","285","5","2","32.07","-0.1554","-0.4064","9.06","-4.3451","7.0900","-378094","621906","-37.8094"
"KRX_RESET","DS001041","삼성전자","0193W0","LONG","3/10","5/10","10","147","145","2","2","27.21","-0.3155","-0.4223","9.94","-3.8796","4.6843","-378207","621793","-37.8207"
"KRX_RESET","DS004591","삼성전자","0193W0","LONG","10/20","20/30","NONE","161","145","16","4","30.43","-0.2746","-0.4625","30.18","-5.1068","7.3307","-378326","621674","-37.8326"
"KRX_RESET","DS003548","삼성전자","0193L0","SHORT","3/20","5/30","5","185","176","9","6","31.89","-0.2415","-0.3898","23.58","-10.0451","3.6721","-378497","621503","-37.8497"
"KRX_RESET","DS004221","삼성전자","0193L0","SHORT","5/30","10/30","10","126","114","12","3","25.40","-0.3686","-0.5111","25.87","-3.0369","3.3774","-379138","620862","-37.9138"
"KRX_RESET","DS004403","삼성전자","0193W0","LONG","3/10","20/30","30","162","155","7","6","30.86","-0.2684","-0.4645","22.17","-5.0134","6.0988","-379338","620662","-37.9338"
"KRX_RESET","DS004567","SK하이닉스","0193T0","LONG","10/20","20/30","NONE","135","120","15","5","30.37","-0.3329","-0.5690","31.48","-3.7119","9.3607","-380331","619669","-38.0331"
"KRX_RESET","DS002515","SK하이닉스","0197X0","SHORT","5/10","10/20","NONE","311","296","15","6","36.98","-0.1314","-0.3084","24.12","-5.0575","8.6220","-380412","619588","-38.0412"
"KRX_RESET","DS004747","삼성전자","0193L0","SHORT","10/30","20/30","NONE","117","103","14","3","29.06","-0.3956","-0.3726","28.68","-8.5459","3.4171","-380552","619448","-38.0552"
"KRX_RESET","DS001557","SK하이닉스","0197X0","SHORT","5/10","3/20","10","139","134","5","4","26.62","-0.3379","-0.5589","13.63","-2.8729","4.7311","-380947","619053","-38.0947"
"KRX_RESET","DS002551","SK하이닉스","0193T0","LONG","3/20","10/20","NONE","184","174","10","4","32.61","-0.2380","-0.4179","21.03","-6.5341","7.4106","-381253","618747","-38.1253"
"KRX_RESET","DS004315","삼성전자","0193L0","SHORT","20/30","10/30","NONE","115","105","10","3","24.35","-0.4099","-0.4179","24.29","-5.0225","2.4803","-381717","618283","-38.1717"
"KRX_RESET","DS002588","삼성전자","0193L0","SHORT","3/20","10/20","5","185","176","9","4","33.51","-0.2529","-0.3372","20.86","-3.5542","4.0649","-382399","617601","-38.2399"
"KRX_RESET","DS000115","SK하이닉스","0197X0","SHORT","5/10","3/5","NONE","311","305","6","2","33.12","-0.1496","-0.2448","5.26","-4.3451","7.4070","-383171","616829","-38.3171"
"KRX_RESET","DS004051","SK하이닉스","0197X0","SHORT","5/20","10/30","NONE","177","165","12","5","39.55","-0.2271","-0.2540","31.93","-11.2795","6.7199","-383971","616029","-38.3971"
"KRX_RESET","DS004510","삼성전자","0193L0","SHORT","3/20","20/30","20","102","94","8","4","26.47","-0.4695","-0.4504","23.23","-2.7829","2.4962","-384848","615152","-38.4848"
"KRX_RESET","DS002436","삼성전자","0193W0","LONG","3/5","10/20","50","285","263","22","10","35.09","-0.1554","-0.3544","19.91","-3.1187","4.0918","-384939","615061","-38.4939"
"KRX_RESET","DS002039","SK하이닉스","0197X0","SHORT","5/10","5/20","30","138","134","4","4","27.54","-0.3403","-0.5603","16.43","-5.1400","5.8942","-385098","614902","-38.5098"
"KRX_RESET","DS003444","삼성전자","0193W0","LONG","3/10","5/30","50","160","146","14","6","26.88","-0.2839","-0.4232","22.21","-4.9105","5.2560","-385139","614861","-38.5139"
"KRX_RESET","DS003693","삼성전자","0193L0","SHORT","3/30","5/30","10","133","123","10","2","24.06","-0.3588","-0.4630","19.50","-4.5985","3.6721","-385222","614778","-38.5222"
"KRX_RESET","DS004687","삼성전자","0193W0","LONG","5/30","20/30","NONE","160","147","13","4","26.88","-0.2844","-0.5227","24.43","-3.0529","7.3307","-385892","614108","-38.5892"
"KRX_RESET","DS002012","삼성전자","0193L0","SHORT","3/10","5/20","5","290","281","9","5","35.17","-0.1548","-0.3538","19.92","-5.0327","6.6640","-387847","612153","-38.7847"
"KRX_RESET","DS003898","SK하이닉스","0193T0","LONG","3/10","10/30","20","127","118","9","6","23.62","-0.3410","-0.7999","22.49","-4.4148","9.4216","-388050","611950","-38.8050"
"KRX_RESET","DS004440","SK하이닉스","0197X0","SHORT","5/10","20/30","50","146","127","19","4","34.93","-0.3070","-0.5238","28.53","-10.5284","7.4142","-388865","611135","-38.8865"
"KRX_RESET","DS003799","SK하이닉스","0193T0","LONG","20/30","5/30","NONE","92","82","10","3","19.57","-0.5254","-0.6818","20.64","-4.0262","6.2442","-389445","610555","-38.9445"
"KRX_RESET","DS004452","삼성전자","0193W0","LONG","5/10","20/30","50","145","137","8","6","32.41","-0.3181","-0.4913","26.08","-4.8729","5.5502","-389706","610294","-38.9706"
"KRX_RESET","DS003848","SK하이닉스","0193T0","LONG","3/5","10/30","5","246","222","24","8","31.71","-0.1168","-0.5700","33.20","-7.8804","11.7921","-390528","609472","-39.0528"
"KRX_RESET","DS001065","SK하이닉스","0193T0","LONG","5/10","5/10","10","138","135","3","1","30.43","-0.3512","-0.4751","9.63","-3.7368","4.9307","-391183","608817","-39.1183"
"KRX_RESET","DS004392","SK하이닉스","0197X0","SHORT","3/10","20/30","50","154","137","17","5","33.77","-0.2896","-0.4484","30.06","-10.6563","7.1806","-392535","607465","-39.2535"
"KRX_RESET","DS001499","SK하이닉스","0193T0","LONG","3/10","3/20","30","117","113","4","4","23.93","-0.4166","-0.5584","13.91","-3.6931","6.3642","-393119","606881","-39.3119"
"KRX_RESET","DS003560","SK하이닉스","0193T0","LONG","5/20","5/30","5","156","142","14","3","26.92","-0.3068","-0.6090","22.46","-3.7674","9.3323","-393531","606469","-39.3531"
"KRX_RESET","DS004207","삼성전자","0193W0","LONG","5/30","10/30","NONE","160","146","14","3","27.50","-0.3034","-0.5084","22.51","-2.0734","7.3307","-393563","606437","-39.3563"
"KRX_RESET","DS003899","SK하이닉스","0193T0","LONG","3/10","10/30","30","117","109","8","6","24.79","-0.3822","-0.8064","25.29","-5.2157","9.4216","-393596","606404","-39.3596"
"KRX_RESET","DS002519","SK하이닉스","0197X0","SHORT","5/10","10/20","30","138","131","7","4","28.26","-0.3465","-0.5442","20.10","-4.9962","7.2792","-393675","606325","-39.3675"
"KRX_RESET","DS002015","삼성전자","0193L0","SHORT","3/10","5/20","30","196","189","7","5","28.57","-0.2497","-0.3619","17.21","-3.1244","4.6533","-394376","605624","-39.4376"
"KRX_RESET","DS002964","삼성전자","0193W0","LONG","3/10","3/30","50","160","148","12","6","25.63","-0.3022","-0.3893","18.12","-4.2726","4.7166","-394744","605256","-39.4744"
"KRX_RESET","DS003559","SK하이닉스","0193T0","LONG","5/20","5/30","NONE","157","143","14","3","26.75","-0.3061","-0.6076","22.56","-3.7674","9.3323","-394757","605243","-39.4757"
"KRX_RESET","DS002155","삼성전자","0193L0","SHORT","5/20","5/20","NONE","195","187","8","2","26.15","-0.2530","-0.3548","15.27","-2.4164","3.6569","-394842","605158","-39.4842"
"KRX_RESET","DS001507","SK하이닉스","0197X0","SHORT","3/10","3/20","NONE","329","317","12","5","33.74","-0.1395","-0.4128","17.73","-4.9482","5.5772","-394890","605110","-39.4890"
"KRX_RESET","DS003502","삼성전자","0193L0","SHORT","5/10","5/30","20","155","145","10","6","25.81","-0.3165","-0.5198","17.97","-2.7070","4.2329","-395466","604534","-39.5466"
"KRX_RESET","DS000127","삼성전자","0193W0","LONG","5/10","3/5","NONE","345","342","3","2","28.99","-0.1427","-0.2382","5.06","-2.1807","6.1114","-396107","603893","-39.6107"
"KRX_RESET","DS003115","삼성전자","0193L0","SHORT","5/20","3/30","NONE","195","189","6","4","26.15","-0.2505","-0.3640","19.62","-6.1470","3.2656","-396129","603871","-39.6129"
"KRX_RESET","DS002636","삼성전자","0193L0","SHORT","5/20","10/20","5","178","166","12","3","33.71","-0.2769","-0.3844","19.94","-3.8827","3.6569","-396506","603494","-39.6506"
"KRX_RESET","DS000116","SK하이닉스","0197X0","SHORT","5/10","3/5","5","290","284","6","2","31.72","-0.1691","-0.2604","5.13","-4.3451","7.4070","-396647","603353","-39.6647"
"KRX_RESET","DS001484","삼성전자","0193L0","SHORT","3/5","3/20","5","292","283","9","6","31.51","-0.1602","-0.3903","16.80","-5.2193","4.9605","-397081","602919","-39.7081"
"KRX_RESET","DS003441","삼성전자","0193W0","LONG","3/10","5/30","10","147","140","7","6","29.93","-0.3285","-0.4371","21.52","-5.6029","5.2560","-397130","602870","-39.7130"
"KRX_RESET","DS003024","삼성전자","0193L0","SHORT","5/10","3/30","50","152","145","7","4","26.97","-0.3286","-0.4616","17.66","-5.4212","3.2656","-397587","602413","-39.7587"
"KRX_RESET","DS004689","삼성전자","0193W0","LONG","5/30","20/30","10","123","111","12","3","26.02","-0.3985","-0.6094","26.61","-3.0529","7.3307","-397833","602167","-39.7833"
"KRX_RESET","DS004655","삼성전자","0193L0","SHORT","3/30","20/30","30","98","90","8","3","23.47","-0.5067","-0.5055","20.69","-8.7521","3.6275","-398453","601547","-39.8453"
"KRX_RESET","DS003419","SK하이닉스","0193T0","LONG","3/10","5/30","30","117","109","8","4","26.50","-0.4168","-0.6715","20.78","-4.9470","6.8044","-398618","601382","-39.8618"
"KRX_RESET","DS002496","삼성전자","0193L0","SHORT","3/10","10/20","50","176","166","10","5","32.95","-0.2799","-0.3538","21.65","-3.6182","4.6533","-399328","600672","-39.9328"
"KRX_RESET","DS002457","SK하이닉스","0193T0","LONG","3/10","10/20","10","141","132","9","4","31.21","-0.3321","-0.5916","20.51","-6.9002","7.2519","-399751","600249","-39.9751"
"KRX_RESET","DS002780","삼성전자","0193L0","SHORT","5/30","10/20","5","149","140","9","3","31.54","-0.3359","-0.3582","20.16","-3.6091","3.6569","-399996","600004","-39.9996"
"KRX_RESET","DS003211","삼성전자","0193L0","SHORT","3/30","3/30","NONE","191","183","8","2","20.42","-0.2636","-0.4001","14.73","-2.1391","3.6721","-400147","599853","-40.0147"
"KRX_RESET","DS003022","삼성전자","0193L0","SHORT","5/10","3/30","20","155","145","10","6","29.03","-0.3266","-0.4812","17.32","-2.3170","4.2329","-401056","598944","-40.1056"
"KRX_RESET","DS003475","SK하이닉스","0197X0","SHORT","5/10","5/30","NONE","311","292","19","7","38.26","-0.1417","-0.3815","26.73","-9.0710","8.5163","-401387","598613","-40.1387"
"KRX_RESET","DS003395","삼성전자","0193W0","LONG","3/5","5/30","30","296","274","22","12","29.05","-0.1407","-0.4106","21.29","-4.8637","7.5819","-401460","598540","-40.1460"
"KRX_RESET","DS002733","삼성전자","0193L0","SHORT","3/30","10/20","10","133","123","10","3","29.32","-0.3778","-0.4277","20.03","-5.3934","4.0649","-401481","598519","-40.1481"
"KRX_RESET","DS004003","SK하이닉스","0197X0","SHORT","3/20","10/30","NONE","208","194","14","6","39.42","-0.2010","-0.3187","30.96","-11.2795","6.7707","-401698","598302","-40.1698"
"KRX_RESET","DS001579","삼성전자","0193L0","SHORT","5/10","3/20","NONE","345","336","9","4","32.46","-0.1408","-0.2920","15.77","-3.3492","5.9526","-401848","598152","-40.1848"
"KRX_RESET","DS001508","SK하이닉스","0197X0","SHORT","3/10","3/20","5","271","261","10","5","31.73","-0.1766","-0.4731","17.80","-4.9482","5.5772","-401909","598091","-40.1909"
"KRX_RESET","DS001591","SK하이닉스","0193T0","LONG","3/20","3/20","NONE","184","178","6","1","26.63","-0.2713","-0.5369","12.46","-2.6011","7.4464","-402001","597999","-40.2001"
"KRX_RESET","DS002494","삼성전자","0193L0","SHORT","3/10","10/20","20","190","181","9","5","29.47","-0.2609","-0.4355","19.94","-2.3805","4.6533","-402442","597558","-40.2442"
"KRX_RESET","DS004544","삼성전자","0193W0","LONG","5/20","20/30","5","191","174","17","4","35.08","-0.2463","-0.4156","28.86","-5.1068","7.6623","-402505","597495","-40.2505"
"KRX_RESET","DS003549","삼성전자","0193L0","SHORT","3/20","5/30","10","170","163","7","6","30.59","-0.2792","-0.4019","24.36","-10.0451","3.6721","-402593","597407","-40.2593"
"KRX_RESET","DS000608","삼성전자","0193W0","LONG","5/10","3/10","5","316","307","9","3","30.38","-0.1584","-0.3102","8.12","-1.8239","5.5941","-402603","597397","-40.2603"
"KRX_RESET","DS004220","삼성전자","0193L0","SHORT","5/30","10/30","5","149","137","12","4","26.85","-0.3360","-0.4667","25.34","-3.0369","3.3774","-402848","597152","-40.2848"
"KRX_RESET","DS002541","삼성전자","0193L0","SHORT","5/10","10/20","10","151","141","10","4","32.45","-0.3322","-0.4890","22.11","-2.9597","3.6569","-403211","596789","-40.3211"
"KRX_RESET","DS004451","삼성전자","0193W0","LONG","5/10","20/30","30","146","138","8","5","30.14","-0.3368","-0.5198","21.75","-3.1676","5.1120","-403880","596120","-40.3880"
"KRX_RESET","DS000068","SK하이닉스","0197X0","SHORT","3/10","3/5","5","271","266","5","2","29.52","-0.1870","-0.2630","5.35","-2.2167","5.9490","-404214","595786","-40.4214"
"KRX_RESET","DS000056","SK하이닉스","0193T0","LONG","3/10","3/5","5","259","253","6","2","28.96","-0.1953","-0.3327","5.15","-2.4885","6.2247","-405093","594907","-40.5093"
"KRX_RESET","DS004428","SK하이닉스","0193T0","LONG","5/10","20/30","50","110","103","7","10","25.45","-0.4358","-0.7429","32.05","-3.3012","8.3787","-405424","594576","-40.5424"
"KRX_RESET","DS004219","삼성전자","0193L0","SHORT","5/30","10/30","NONE","157","144","13","4","26.75","-0.3217","-0.4583","25.43","-3.0369","3.3774","-405836","594164","-40.5836"
"KRX_RESET","DS002779","삼성전자","0193L0","SHORT","5/30","10/20","NONE","157","147","10","3","31.21","-0.3250","-0.3582","20.19","-3.6091","3.6569","-406210","593790","-40.6210"
"KRX_RESET","DS001627","삼성전자","0193L0","SHORT","3/20","3/20","NONE","235","229","6","2","26.38","-0.2198","-0.3603","12.28","-1.8577","4.4577","-408700","591300","-40.8700"
"KRX_RESET","DS004064","삼성전자","0193W0","LONG","5/20","10/30","5","191","173","18","4","34.03","-0.2600","-0.4911","27.30","-5.2049","7.6623","-409272","590728","-40.9272"
"KRX_RESET","DS003477","SK하이닉스","0197X0","SHORT","5/10","5/30","10","139","132","7","5","32.37","-0.3584","-0.6474","24.26","-9.0710","5.4649","-409859","590141","-40.9859"
"KRX_RESET","DS002251","삼성전자","0193L0","SHORT","3/30","5/20","NONE","191","179","12","3","27.75","-0.2684","-0.3570","18.41","-5.2344","4.0649","-410072","589928","-41.0072"
"KRX_RESET","DS000104","SK하이닉스","0193T0","LONG","5/10","3/5","5","259","252","7","2","28.96","-0.1976","-0.3486","5.07","-2.4885","6.9257","-410323","589677","-41.0323"
"KRX_RESET","DS000044","삼성전자","0193L0","SHORT","3/5","3/5","5","292","289","3","2","28.77","-0.1785","-0.2766","5.33","-1.5804","3.5544","-410448","589552","-41.0448"
"KRX_RESET","DS002517","SK하이닉스","0197X0","SHORT","5/10","10/20","10","139","132","7","4","31.65","-0.3639","-0.5663","20.04","-4.6741","5.2387","-410563","589437","-41.0563"
"KRX_RESET","DS002505","SK하이닉스","0193T0","LONG","5/10","10/20","10","138","130","8","5","29.71","-0.3517","-0.5987","20.81","-6.9002","6.9300","-411207","588793","-41.1207"
"KRX_RESET","DS002999","SK하이닉스","0197X0","SHORT","5/10","3/30","30","138","134","4","3","22.46","-0.3772","-0.5679","16.22","-3.2071","4.8204","-411846","588154","-41.1846"
"KRX_RESET","DS000971","SK하이닉스","0193T0","LONG","3/5","5/10","30","214","210","4","5","33.18","-0.2406","-0.3463","11.96","-4.2448","5.0972","-413083","586917","-41.3083"
"KRX_RESET","DS001016","SK하이닉스","0193T0","LONG","3/10","5/10","5","259","250","9","2","33.98","-0.1966","-0.3334","10.07","-3.7368","6.2247","-414025","585975","-41.4025"
"KRX_RESET","DS004379","SK하이닉스","0193T0","LONG","3/10","20/30","30","117","110","7","9","27.35","-0.4223","-0.7601","25.62","-4.5653","8.5877","-414075","585925","-41.4075"
"KRX_RESET","DS000067","SK하이닉스","0197X0","SHORT","3/10","3/5","NONE","329","322","7","2","31.00","-0.1584","-0.2614","5.30","-2.9898","5.9490","-414576","585424","-41.4576"
"KRX_RESET","DS003080","SK하이닉스","0193T0","LONG","5/20","3/30","5","156","150","6","3","25.64","-0.3298","-0.6012","17.88","-4.1071","9.3323","-414604","585396","-41.4604"
"KRX_RESET","DS003488","삼성전자","0193W0","LONG","5/10","5/30","5","316","296","20","8","31.01","-0.1336","-0.4204","24.28","-4.6900","10.9588","-414618","585382","-41.4618"
"KRX_RESET","DS002974","삼성전자","0193L0","SHORT","3/10","3/30","20","190","182","8","7","27.89","-0.2780","-0.5157","19.00","-2.0025","3.6721","-414767","585233","-41.4767"
"KRX_RESET","DS004427","SK하이닉스","0193T0","LONG","5/10","20/30","30","112","106","6","9","24.11","-0.4447","-0.7267","26.50","-3.3206","8.3787","-414798","585202","-41.4798"
"KRX_RESET","DS003596","삼성전자","0193L0","SHORT","5/20","5/30","5","178","167","11","4","28.09","-0.2872","-0.4279","22.20","-10.0451","3.4832","-414904","585096","-41.4904"
"KRX_RESET","DS004485","SK하이닉스","0197X0","SHORT","3/20","20/30","10","163","148","15","6","39.26","-0.2852","-0.2464","35.50","-10.9955","7.4142","-415014","584986","-41.5014"
"KRX_RESET","DS002495","삼성전자","0193L0","SHORT","3/10","10/20","30","196","188","8","5","31.12","-0.2631","-0.3627","21.65","-3.6182","4.6533","-415302","584698","-41.5302"
"KRX_RESET","DS000536","SK하이닉스","0193T0","LONG","3/10","3/10","5","259","252","7","1","30.12","-0.2009","-0.3463","8.64","-3.2513","6.1058","-415336","584664","-41.5336"
"KRX_RESET","DS003079","SK하이닉스","0193T0","LONG","5/20","3/30","NONE","157","151","6","3","25.48","-0.3289","-0.6011","18.01","-4.1071","9.3323","-415787","584213","-41.5787"
"KRX_RESET","DS000055","SK하이닉스","0193T0","LONG","3/10","3/5","NONE","287","281","6","2","28.57","-0.1816","-0.3352","5.07","-2.4885","7.0780","-416029","583971","-41.6029"
"KRX_RESET","DS000008","SK하이닉스","0193T0","LONG","3/5","3/5","5","246","240","6","2","30.89","-0.2136","-0.3560","5.40","-2.9320","6.2247","-416434","583566","-41.6434"
"KRX_RESET","DS004159","삼성전자","0193W0","LONG","3/30","10/30","NONE","191","173","18","4","29.32","-0.2706","-0.5584","23.08","-2.6117","7.4410","-417757","582243","-41.7757"
"KRX_RESET","DS003504","삼성전자","0193L0","SHORT","5/10","5/30","50","152","142","10","4","25.66","-0.3497","-0.4647","19.63","-5.5097","3.2656","-417951","582049","-41.7951"
"KRX_RESET","DS004450","삼성전자","0193W0","LONG","5/10","20/30","20","147","136","11","5","31.97","-0.3481","-0.5768","22.33","-3.3561","6.4876","-418124","581876","-41.8124"
"KRX_RESET","DS004472","SK하이닉스","0193T0","LONG","3/20","20/30","5","162","144","18","6","31.48","-0.2995","-0.6546","33.85","-4.8525","10.4327","-418204","581796","-41.8204"
"KRX_RESET","DS001051","삼성전자","0193L0","SHORT","3/10","5/10","NONE","392","384","8","4","32.91","-0.1324","-0.2529","10.39","-2.8849","3.8691","-418228","581772","-41.8228"
"KRX_RESET","DS003503","삼성전자","0193L0","SHORT","5/10","5/30","30","165","155","10","7","25.45","-0.3220","-0.5045","18.69","-2.0561","3.3742","-419039","580961","-41.9039"
"KRX_RESET","DS001521","삼성전자","0193W0","LONG","3/10","3/20","10","147","143","4","4","25.85","-0.3603","-0.4606","13.22","-7.9783","4.2730","-419223","580777","-41.9223"
"KRX_RESET","DS003991","SK하이닉스","0193T0","LONG","3/20","10/30","NONE","184","167","17","6","28.26","-0.2551","-0.6871","29.63","-6.1417","11.2808","-419427","580573","-41.9427"
"KRX_RESET","DS004641","삼성전자","0193W0","LONG","3/30","20/30","10","138","125","13","3","27.54","-0.3779","-0.6110","26.61","-3.1463","7.4410","-419787","580213","-41.9787"
"KRX_RESET","DS000968","SK하이닉스","0193T0","LONG","3/5","5/10","5","246","238","8","5","34.96","-0.2125","-0.3073","11.24","-4.8392","6.2247","-421323","578677","-42.1323"
"KRX_RESET","DS003427","SK하이닉스","0197X0","SHORT","3/10","5/30","NONE","329","309","20","6","37.69","-0.1407","-0.4128","27.59","-8.0997","7.0434","-421418","578582","-42.1418"
"KRX_RESET","DS003021","삼성전자","0193L0","SHORT","5/10","3/30","10","151","144","7","6","29.14","-0.3562","-0.5175","20.49","-5.7695","3.2656","-421612","578388","-42.1612"
"KRX_RESET","DS003982","삼성전자","0193L0","SHORT","5/10","10/30","20","155","141","14","6","27.74","-0.3453","-0.4948","21.81","-2.9855","4.9518","-421818","578182","-42.1818"
"KRX_RESET","DS003428","SK하이닉스","0197X0","SHORT","3/10","5/30","5","271","256","15","5","35.79","-0.1781","-0.4535","27.73","-8.0997","7.0434","-422596","577404","-42.2596"
"KRX_RESET","DS002412","SK하이닉스","0193T0","LONG","3/5","10/20","50","209","199","10","8","33.01","-0.2401","-0.4055","22.46","-3.7123","6.6040","-422833","577167","-42.2833"
"KRX_RESET","DS003104","삼성전자","0193W0","LONG","5/20","3/30","5","191","182","9","4","31.41","-0.2795","-0.4524","17.34","-4.2726","5.7096","-423656","576344","-42.3656"
"KRX_RESET","DS000021","SK하이닉스","0197X0","SHORT","3/5","3/5","10","317","314","3","2","29.34","-0.1692","-0.3603","5.41","-2.3549","5.9490","-423901","576099","-42.3901"
"KRX_RESET","DS003009","삼성전자","0193W0","LONG","5/10","3/30","10","140","134","6","4","27.86","-0.3869","-0.5076","18.39","-4.0367","4.2924","-424843","575157","-42.4843"
"KRX_RESET","DS003392","삼성전자","0193W0","LONG","3/5","5/30","5","276","257","19","7","37.32","-0.1543","-0.3387","25.98","-8.6230","10.4365","-426101","573899","-42.6101"
"KRX_RESET","DS003465","SK하이닉스","0193T0","LONG","5/10","5/30","10","138","127","11","3","26.81","-0.3839","-0.7333","21.09","-5.1135","7.4332","-426366","573634","-42.6366"
"KRX_RESET","DS003023","삼성전자","0193L0","SHORT","5/10","3/30","30","165","157","8","7","28.48","-0.3335","-0.4436","16.76","-1.8229","3.2656","-426486","573514","-42.6486"
"KRX_RESET","DS003969","삼성전자","0193W0","LONG","5/10","10/30","10","140","129","11","4","27.86","-0.3794","-0.5965","27.40","-4.9713","5.9031","-427625","572375","-42.7625"
"KRX_RESET","DS004413","삼성전자","0193L0","SHORT","3/10","20/30","10","174","156","18","8","36.78","-0.3057","-0.3640","30.56","-8.5459","6.2202","-428461","571539","-42.8461"
"KRX_RESET","DS003944","SK하이닉스","0193T0","LONG","5/10","10/30","5","259","232","27","7","32.82","-0.1624","-0.5672","32.19","-6.5093","11.2808","-428953","571047","-42.8953"
"KRX_RESET","DS001015","SK하이닉스","0193T0","LONG","3/10","5/10","NONE","287","278","9","3","33.45","-0.1837","-0.3435","10.50","-3.7368","6.2247","-429707","570293","-42.9707"
"KRX_RESET","DS001556","SK하이닉스","0197X0","SHORT","5/10","3/20","5","290","280","10","5","32.07","-0.1837","-0.4366","16.63","-4.9482","6.4561","-429758","570242","-42.9758"
"KRX_RESET","DS000035","삼성전자","0193W0","LONG","3/5","3/5","30","296","291","5","2","25.00","-0.1872","-0.2921","4.19","-1.7498","3.9131","-429921","570079","-42.9921"
"KRX_RESET","DS004439","SK하이닉스","0197X0","SHORT","5/10","20/30","30","138","125","13","4","31.88","-0.3930","-0.5545","21.51","-4.1556","5.3477","-430453","569547","-43.0453"
"KRX_RESET","DS001580","삼성전자","0193L0","SHORT","5/10","3/20","5","308","300","8","4","29.22","-0.1749","-0.3402","15.28","-3.3492","5.9526","-430809","569191","-43.0809"
"KRX_RESET","DS002589","삼성전자","0193L0","SHORT","3/20","10/20","10","170","160","10","3","32.94","-0.3233","-0.3754","20.67","-5.3934","4.0649","-431567","568433","-43.1567"
"KRX_RESET","DS003908","SK하이닉스","0197X0","SHORT","3/10","10/30","5","271","255","16","7","42.07","-0.1413","-0.3000","34.42","-10.9414","8.4503","-431985","568015","-43.1985"
"KRX_RESET","DS000572","삼성전자","0193L0","SHORT","3/10","3/10","5","290","286","4","2","30.69","-0.1916","-0.3089","8.30","-2.0082","2.9987","-432277","567723","-43.2277"
"KRX_RESET","DS003924","삼성전자","0193W0","LONG","3/10","10/30","50","160","144","16","6","28.13","-0.3332","-0.5426","26.63","-5.2049","4.9421","-433563","566437","-43.3563"
"KRX_RESET","DS004173","삼성전자","0193L0","SHORT","3/30","10/30","10","133","119","14","3","27.82","-0.4177","-0.4948","25.65","-5.0225","3.7843","-434346","565654","-43.4346"
"KRX_RESET","DS004639","삼성전자","0193W0","LONG","3/30","20/30","NONE","191","176","15","4","28.80","-0.2761","-0.5086","24.00","-3.1463","7.4410","-434682","565318","-43.4682"
"KRX_RESET","DS001964","삼성전자","0193L0","SHORT","3/5","5/20","5","292","282","10","6","30.48","-0.1817","-0.4137","18.98","-5.5571","5.4481","-434898","565102","-43.4898"
"KRX_RESET","DS000631","SK하이닉스","0193T0","LONG","3/20","3/10","NONE","184","179","5","2","31.52","-0.3025","-0.4007","9.11","-6.8416","5.2277","-435119","564881","-43.5119"
"KRX_RESET","DS001559","SK하이닉스","0197X0","SHORT","5/10","3/20","30","138","135","3","4","21.74","-0.4053","-0.5561","13.78","-4.9482","6.3097","-435263","564737","-43.5263"
"KRX_RESET","DS002635","삼성전자","0193L0","SHORT","5/20","10/20","NONE","195","183","12","3","32.82","-0.2871","-0.3769","19.30","-3.8827","3.6569","-436023","563977","-43.6023"
"KRX_RESET","DS003851","SK하이닉스","0193T0","LONG","3/5","10/30","30","214","205","9","16","26.64","-0.1499","-0.6634","26.02","-5.5970","10.2719","-436613","563387","-43.6613"
"KRX_RESET","DS001088","삼성전자","0193W0","LONG","5/10","5/10","5","316","307","9","3","29.75","-0.1759","-0.3289","9.03","-2.1737","5.8528","-436641","563359","-43.6641"
"KRX_RESET","DS000036","삼성전자","0193W0","LONG","3/5","3/5","50","285","281","4","2","23.51","-0.1987","-0.3019","4.26","-1.5920","3.9131","-436736","563264","-43.6736"
"KRX_RESET","DS003454","삼성전자","0193L0","SHORT","3/10","5/30","20","190","181","9","6","26.32","-0.2942","-0.5399","20.04","-2.3429","3.8647","-436944","563056","-43.6944"
"KRX_RESET","DS002985","SK하이닉스","0193T0","LONG","5/10","3/30","10","138","133","5","3","26.09","-0.3986","-0.6642","17.92","-5.4485","7.1037","-437401","562599","-43.7401"
"KRX_RESET","DS000607","삼성전자","0193W0","LONG","5/10","3/10","NONE","345","336","9","3","30.14","-0.1624","-0.3024","8.23","-1.8239","5.5941","-437861","562139","-43.7861"
"KRX_RESET","DS001111","SK하이닉스","0193T0","LONG","3/20","5/10","NONE","184","178","6","2","34.24","-0.3024","-0.3993","10.34","-6.6536","5.3457","-437959","562041","-43.7959"
"KRX_RESET","DS003479","SK하이닉스","0197X0","SHORT","5/10","5/30","30","138","131","7","4","23.19","-0.4093","-0.6057","18.44","-3.2071","5.4649","-438316","561684","-43.8316"
"KRX_RESET","DS002071","SK하이닉스","0193T0","LONG","3/20","5/20","NONE","184","175","9","3","28.80","-0.3010","-0.4861","16.02","-2.5618","7.4464","-438897","561103","-43.8897"
"KRX_RESET","DS004426","SK하이닉스","0193T0","LONG","5/10","20/30","20","119","109","10","9","25.21","-0.4507","-0.7631","26.70","-3.3206","8.3787","-439059","560941","-43.9059"
"KRX_RESET","DS003476","SK하이닉스","0197X0","SHORT","5/10","5/30","5","290","271","19","6","36.55","-0.1764","-0.4096","26.18","-9.0710","8.5163","-439489","560511","-43.9489"
"KRX_RESET","DS003513","SK하이닉스","0193T0","LONG","3/20","5/30","10","142","128","14","4","27.46","-0.3934","-0.6878","22.92","-4.7404","8.9445","-439901","560099","-43.9901"
"KRX_RESET","DS003922","삼성전자","0193W0","LONG","3/10","10/30","20","168","155","13","6","27.98","-0.3256","-0.5426","23.23","-5.1116","6.8300","-439953","560047","-43.9953"
"KRX_RESET","DS002972","삼성전자","0193L0","SHORT","3/10","3/30","5","290","282","8","8","31.03","-0.1839","-0.3963","22.94","-5.5796","7.4860","-440325","559675","-44.0325"
"KRX_RESET","DS002731","삼성전자","0193L0","SHORT","3/30","10/20","NONE","191","178","13","3","32.98","-0.2956","-0.3582","20.68","-5.3934","4.0649","-440723","559277","-44.0723"
"KRX_RESET","DS003512","SK하이닉스","0193T0","LONG","3/20","5/30","5","162","148","14","4","28.40","-0.3443","-0.6188","24.32","-4.7404","8.9445","-440739","559261","-44.0739"
"KRX_RESET","DS004063","삼성전자","0193W0","LONG","5/20","10/30","NONE","198","180","18","4","32.83","-0.2781","-0.5074","27.15","-5.2049","7.6623","-440926","559074","-44.0926"
"KRX_RESET","DS002468","SK하이닉스","0197X0","SHORT","3/10","10/20","5","271","258","13","5","35.06","-0.1910","-0.3783","24.37","-5.3646","7.1476","-441279","558721","-44.1279"
"KRX_RESET","DS003501","삼성전자","0193L0","SHORT","5/10","5/30","10","151","142","9","6","28.48","-0.3726","-0.5260","22.52","-9.6832","3.3742","-441739","558261","-44.1739"
"KRX_RESET","DS002467","SK하이닉스","0197X0","SHORT","3/10","10/20","NONE","329","313","16","6","36.78","-0.1533","-0.3597","24.20","-5.3646","7.1476","-441968","558032","-44.1968"
"KRX_RESET","DS000010","SK하이닉스","0193T0","LONG","3/5","3/5","20","240","237","3","2","25.42","-0.2388","-0.3896","4.59","-2.1067","7.0780","-442123","557877","-44.2123"
"KRX_RESET","DS004702","삼성전자","0193L0","SHORT","5/30","20/30","20","101","92","9","3","21.78","-0.5646","-0.4304","25.62","-8.5459","3.4930","-443017","556983","-44.3017"
"KRX_RESET","DS004543","삼성전자","0193W0","LONG","5/20","20/30","NONE","198","181","17","5","34.34","-0.2723","-0.4513","28.76","-5.1068","7.6623","-443200","556800","-44.3200"
"KRX_RESET","DS000488","SK하이닉스","0193T0","LONG","3/5","3/10","5","246","238","8","4","32.52","-0.2300","-0.3962","9.78","-6.2309","6.1058","-443364","556636","-44.3364"
"KRX_RESET","DS003103","삼성전자","0193W0","LONG","5/20","3/30","NONE","198","189","9","4","31.31","-0.2868","-0.4431","17.34","-4.2726","5.7096","-443466","556534","-44.3466"
"KRX_RESET","DS003691","삼성전자","0193L0","SHORT","3/30","5/30","NONE","191","177","14","3","25.13","-0.3010","-0.4007","19.41","-4.5985","3.6721","-443828","556172","-44.3828"
"KRX_RESET","DS000032","삼성전자","0193W0","LONG","3/5","3/5","5","276","271","5","2","28.62","-0.2116","-0.3029","4.98","-2.4857","3.9131","-447715","552285","-44.7715"
"KRX_RESET","DS004028","삼성전자","0193L0","SHORT","3/20","10/30","5","185","171","14","6","34.05","-0.3006","-0.3299","30.50","-10.4449","3.7843","-447886","552114","-44.7886"
"KRX_RESET","DS003455","삼성전자","0193L0","SHORT","3/10","5/30","30","196","187","9","7","26.02","-0.2961","-0.5105","19.95","-2.0868","3.8647","-448277","551723","-44.8277"
"KRX_RESET","DS001496","SK하이닉스","0193T0","LONG","3/10","3/20","5","259","249","10","6","30.89","-0.2099","-0.4799","16.10","-9.4028","8.0933","-448607","551393","-44.8607"
"KRX_RESET","DS000515","삼성전자","0193W0","LONG","3/5","3/10","30","296","287","9","4","29.05","-0.1967","-0.3322","8.57","-2.7974","4.6843","-449620","550380","-44.9620"
"KRX_RESET","DS000982","SK하이닉스","0197X0","SHORT","3/5","5/10","20","318","314","4","6","31.76","-0.1772","-0.3792","12.44","-6.8667","6.4386","-449746","550254","-44.9746"
"KRX_RESET","DS004473","SK하이닉스","0193T0","LONG","3/20","20/30","10","142","127","15","5","30.99","-0.3859","-0.7815","32.73","-4.8525","10.4327","-450496","549504","-45.0496"
"KRX_RESET","DS004077","삼성전자","0193L0","SHORT","5/20","10/30","10","152","136","16","4","32.89","-0.3769","-0.4552","29.57","-10.4449","3.3774","-450961","549039","-45.0961"
"KRX_RESET","DS000502","SK하이닉스","0197X0","SHORT","3/5","3/10","20","318","312","6","4","30.50","-0.1792","-0.4089","10.55","-3.0024","6.8074","-451963","548037","-45.1963"
"KRX_RESET","DS003983","삼성전자","0193L0","SHORT","5/10","10/30","30","165","150","15","7","30.30","-0.3565","-0.4948","25.87","-3.4342","3.3774","-452185","547815","-45.2185"
"KRX_RESET","DS003067","삼성전자","0193L0","SHORT","3/20","3/30","NONE","235","227","8","7","28.09","-0.2484","-0.3898","19.59","-6.1470","3.6721","-452497","547503","-45.2497"
"KRX_RESET","DS001544","SK하이닉스","0193T0","LONG","5/10","3/20","5","259","249","10","6","30.89","-0.2148","-0.4717","15.43","-8.1219","7.7688","-452762","547238","-45.2762"
"KRX_RESET","DS001543","SK하이닉스","0193T0","LONG","5/10","3/20","NONE","271","261","10","6","30.63","-0.1978","-0.4717","15.68","-8.1219","9.3441","-452987","547013","-45.2987"
"KRX_RESET","DS001005","삼성전자","0193L0","SHORT","3/5","5/10","10","336","329","7","7","32.14","-0.1734","-0.2477","10.32","-2.0504","3.9547","-453065","546935","-45.3065"
"KRX_RESET","DS000103","SK하이닉스","0193T0","LONG","5/10","3/5","NONE","271","264","7","2","29.52","-0.2166","-0.3486","5.20","-4.1533","6.9257","-453833","546167","-45.3833"
"KRX_RESET","DS004511","삼성전자","0193L0","SHORT","3/20","20/30","30","114","104","10","4","28.07","-0.5208","-0.4064","23.68","-8.6147","3.5289","-454595","545405","-45.4595"
"KRX_RESET","DS003896","SK하이닉스","0193T0","LONG","3/10","10/30","5","259","233","26","7","31.27","-0.1790","-0.6127","32.24","-6.5093","11.7921","-455026","544974","-45.5026"
"KRX_RESET","DS000045","삼성전자","0193L0","SHORT","3/5","3/5","10","336","332","4","2","27.68","-0.1787","-0.2000","4.99","-1.4768","3.5544","-455158","544842","-45.5158"
"KRX_RESET","DS000535","SK하이닉스","0193T0","LONG","3/10","3/10","NONE","287","280","7","1","28.92","-0.2057","-0.3796","8.38","-3.2513","6.1058","-456058","543942","-45.6058"
"KRX_RESET","DS000512","삼성전자","0193W0","LONG","3/5","3/10","5","276","266","10","3","31.16","-0.2150","-0.3191","8.50","-4.3647","4.6843","-456475","543525","-45.6475"
"KRX_RESET","DS003860","SK하이닉스","0197X0","SHORT","3/5","10/30","5","311","293","18","7","37.30","-0.1390","-0.4877","30.23","-5.9494","13.3003","-456551","543449","-45.6551"
"KRX_RESET","DS002492","삼성전자","0193L0","SHORT","3/10","10/20","5","290","276","14","7","36.21","-0.1903","-0.3577","24.47","-5.1920","8.3902","-456654","543346","-45.6654"
"KRX_RESET","DS004404","삼성전자","0193W0","LONG","3/10","20/30","50","160","150","10","6","30.00","-0.3541","-0.5123","25.04","-5.1068","6.0988","-457410","542590","-45.7410"
"KRX_RESET","DS002516","SK하이닉스","0197X0","SHORT","5/10","10/20","5","290","275","15","6","36.21","-0.1915","-0.3913","23.70","-5.0575","8.6220","-457581","542419","-45.7581"
"KRX_RESET","DS004171","삼성전자","0193L0","SHORT","3/30","10/30","NONE","191","174","17","5","28.27","-0.3090","-0.4118","24.94","-5.0225","3.7843","-457619","542381","-45.7619"
"KRX_RESET","DS003595","삼성전자","0193L0","SHORT","5/20","5/30","NONE","195","184","11","4","28.72","-0.2991","-0.4263","22.35","-10.0451","3.4832","-458080","541920","-45.8080"
"KRX_RESET","DS002001","삼성전자","0193W0","LONG","3/10","5/20","10","147","143","4","4","27.89","-0.3970","-0.4576","15.74","-9.9811","5.7616","-458358","541642","-45.8358"
"KRX_RESET","DS003984","삼성전자","0193L0","SHORT","5/10","10/30","50","152","133","19","5","30.26","-0.3948","-0.4511","26.39","-5.3770","3.3774","-458703","541297","-45.8703"
"KRX_RESET","DS003055","삼성전자","0193W0","LONG","3/20","3/30","NONE","241","229","12","6","27.80","-0.2433","-0.4042","17.76","-4.1784","5.7096","-459154","540846","-45.9154"
"KRX_RESET","DS003487","삼성전자","0193W0","LONG","5/10","5/30","NONE","345","324","21","8","31.01","-0.1399","-0.3898","24.44","-4.6900","10.9588","-459438","540562","-45.9438"
"KRX_RESET","DS002937","SK하이닉스","0193T0","LONG","3/10","3/30","10","141","134","7","4","27.66","-0.4193","-0.5854","18.91","-5.4485","5.6615","-459456","540544","-45.9456"
"KRX_RESET","DS003456","삼성전자","0193L0","SHORT","3/10","5/30","50","176","168","8","5","26.70","-0.3410","-0.4703","20.47","-5.7771","3.6721","-460102","539898","-46.0102"
"KRX_RESET","DS003033","SK하이닉스","0193T0","LONG","3/20","3/30","10","142","135","7","3","26.06","-0.4221","-0.6550","17.54","-5.0767","8.9445","-461870","538130","-46.1870"
"KRX_RESET","DS004437","SK하이닉스","0197X0","SHORT","5/10","20/30","10","139","124","15","7","35.97","-0.3922","-0.4201","35.17","-10.5284","7.4142","-461954","538046","-46.1954"
"KRX_RESET","DS002107","삼성전자","0193L0","SHORT","3/20","5/20","NONE","235","225","10","4","30.64","-0.2578","-0.3898","16.17","-5.2344","4.0649","-462554","537446","-46.2554"
"KRX_RESET","DS004449","삼성전자","0193W0","LONG","5/10","20/30","10","140","129","11","4","32.86","-0.4231","-0.5171","30.07","-4.8729","5.5502","-464871","535129","-46.4871"
"KRX_RESET","DS004123","삼성전자","0193L0","SHORT","10/20","10/30","NONE","161","149","12","5","31.68","-0.3706","-0.4038","29.09","-10.3101","3.0516","-465459","534541","-46.5459"
"KRX_RESET","DS001099","삼성전자","0193L0","SHORT","5/10","5/10","NONE","345","338","7","3","31.59","-0.1770","-0.2986","9.53","-3.2568","3.7503","-466000","534000","-46.6000"
"KRX_RESET","DS003032","SK하이닉스","0193T0","LONG","3/20","3/30","5","162","155","7","3","25.93","-0.3730","-0.6106","18.94","-5.0767","8.9445","-466149","533851","-46.6149"
"KRX_RESET","DS002975","삼성전자","0193L0","SHORT","3/10","3/30","30","196","190","6","7","25.00","-0.3172","-0.4910","17.29","-2.0025","3.6721","-466969","533031","-46.6969"
"KRX_RESET","DS002011","삼성전자","0193L0","SHORT","3/10","5/20","NONE","392","378","14","6","34.69","-0.1477","-0.3089","19.58","-5.0327","6.6640","-467214","532786","-46.7214"
"KRX_RESET","DS002976","삼성전자","0193L0","SHORT","3/10","3/30","50","176","171","5","5","24.43","-0.3511","-0.4559","18.11","-5.6889","3.6721","-467901","532099","-46.7901"
"KRX_RESET","DS004402","삼성전자","0193W0","LONG","3/10","20/30","20","168","158","10","6","29.17","-0.3531","-0.5657","23.17","-5.0134","6.6550","-468710","531290","-46.8710"
"KRX_RESET","DS004015","삼성전자","0193W0","LONG","3/20","10/30","NONE","241","217","24","6","31.95","-0.2427","-0.4643","27.47","-5.1116","7.6623","-469087","530913","-46.9087"
"KRX_RESET","DS000491","SK하이닉스","0193T0","LONG","3/5","3/10","30","214","211","3","4","28.97","-0.2895","-0.4001","9.92","-4.3423","4.7743","-469316","530684","-46.9316"
"KRX_RESET","DS002432","삼성전자","0193W0","LONG","3/5","10/20","5","276","261","15","7","36.96","-0.2077","-0.2803","21.69","-7.3596","5.0877","-469928","530072","-46.9928"
"KRX_RESET","DS001485","삼성전자","0193L0","SHORT","3/5","3/20","10","336","327","9","8","29.46","-0.1749","-0.3978","14.47","-3.3642","6.2582","-470063","529937","-47.0063"
"KRX_RESET","DS000970","SK하이닉스","0193T0","LONG","3/5","5/10","20","240","235","5","6","32.08","-0.2519","-0.3941","11.78","-6.6536","5.5449","-470273","529727","-47.0273"
"KRX_RESET","DS003943","SK하이닉스","0193T0","LONG","5/10","10/30","NONE","271","244","27","7","32.10","-0.1744","-0.5746","32.02","-6.5093","11.2808","-470643","529357","-47.0643"
"KRX_RESET","DS004125","삼성전자","0193L0","SHORT","10/20","10/30","10","150","138","12","5","30.00","-0.4050","-0.4279","29.06","-10.3101","3.0516","-470719","529281","-47.0719"
"KRX_RESET","DS003935","삼성전자","0193L0","SHORT","3/10","10/30","30","196","183","13","8","28.57","-0.3156","-0.4020","25.57","-4.2145","3.7843","-471082","528918","-47.1082"
"KRX_RESET","DS000524","삼성전자","0193L0","SHORT","3/5","3/10","5","292","287","5","4","30.48","-0.2153","-0.3001","8.60","-1.8577","2.9987","-471409","528591","-47.1409"
"KRX_RESET","DS000022","SK하이닉스","0197X0","SHORT","3/5","3/5","20","318","313","5","2","28.62","-0.1969","-0.3391","5.19","-2.3549","5.9490","-471954","528046","-47.1954"
"KRX_RESET","DS002456","SK하이닉스","0193T0","LONG","3/10","10/20","5","259","243","16","6","35.91","-0.2201","-0.3866","23.93","-6.9002","8.3068","-473299","526701","-47.3299"
"KRX_RESET","DS004378","SK하이닉스","0193T0","LONG","3/10","20/30","20","127","118","9","9","25.98","-0.4677","-0.8205","25.30","-4.5653","8.5877","-473539","526461","-47.3539"
"KRX_RESET","DS001939","SK하이닉스","0197X0","SHORT","3/5","5/20","NONE","635","612","23","11","38.11","-0.0623","-0.3801","22.05","-4.8198","11.2317","-474251","525749","-47.4251"
"KRX_RESET","DS003921","삼성전자","0193W0","LONG","3/10","10/30","10","147","133","14","6","31.29","-0.4159","-0.5590","26.82","-5.6495","5.0359","-474345","525655","-47.4345"
"KRX_RESET","DS000992","삼성전자","0193W0","LONG","3/5","5/10","5","276","266","10","4","32.25","-0.2274","-0.3262","10.12","-4.9263","4.6843","-478666","521334","-47.8666"
"KRX_RESET","DS004436","SK하이닉스","0197X0","SHORT","5/10","20/30","5","290","261","29","11","40.69","-0.1720","-0.3462","34.61","-10.5284","8.1994","-479049","520951","-47.9049"
"KRX_RESET","DS001955","삼성전자","0193W0","LONG","3/5","5/20","30","296","279","17","6","29.05","-0.2092","-0.4253","16.80","-2.3684","4.9975","-479126","520874","-47.9126"
"KRX_RESET","DS003907","SK하이닉스","0197X0","SHORT","3/10","10/30","NONE","329","307","22","9","43.47","-0.1267","-0.2594","34.08","-10.9414","8.4503","-480496","519504","-48.0496"
"KRX_RESET","DS004557","삼성전자","0193L0","SHORT","5/20","20/30","10","152","134","18","4","32.89","-0.4154","-0.3045","31.38","-8.6147","3.5289","-480755","519245","-48.0755"
"KRX_RESET","DS004464","삼성전자","0193L0","SHORT","5/10","20/30","50","152","129","23","4","30.26","-0.4195","-0.4408","23.79","-5.6867","4.4593","-480791","519209","-48.0791"
"KRX_RESET","DS002408","SK하이닉스","0193T0","LONG","3/5","10/20","5","246","232","14","7","36.18","-0.2405","-0.3927","23.78","-8.0351","8.3068","-481380","518620","-48.1380"
"KRX_RESET","DS001472","삼성전자","0193W0","LONG","3/5","3/20","5","276","264","12","5","33.70","-0.2266","-0.3847","15.55","-6.2833","4.2730","-483445","516555","-48.3445"
"KRX_RESET","DS001495","SK하이닉스","0193T0","LONG","3/10","3/20","NONE","287","277","10","6","29.62","-0.2040","-0.4817","16.29","-9.4028","9.3441","-484072","515928","-48.4072"
"KRX_RESET","DS001568","삼성전자","0193W0","LONG","5/10","3/20","5","316","303","13","4","29.11","-0.2009","-0.3860","14.13","-4.8243","6.0597","-484694","515306","-48.4694"
"KRX_RESET","DS004435","SK하이닉스","0197X0","SHORT","5/10","20/30","NONE","311","281","30","12","42.12","-0.1484","-0.2905","35.88","-10.5284","8.1994","-485896","514104","-48.5896"
"KRX_RESET","DS002892","SK하이닉스","0193T0","LONG","3/5","3/30","50","209","198","11","8","27.27","-0.3010","-0.5286","21.01","-2.8163","6.3543","-485960","514040","-48.5960"
"KRX_RESET","DS002481","삼성전자","0193W0","LONG","3/10","10/20","10","147","138","9","4","31.97","-0.4248","-0.5319","18.71","-11.4715","5.0877","-486283","513717","-48.6283"
"KRX_RESET","DS002915","삼성전자","0193W0","LONG","3/5","3/30","30","296","280","16","11","30.41","-0.2141","-0.4107","17.68","-4.2255","3.8366","-486298","513702","-48.6298"
"KRX_RESET","DS004332","SK하이닉스","0193T0","LONG","3/5","20/30","50","209","193","16","16","30.14","-0.2152","-0.7094","32.82","-4.5653","10.9402","-486662","513338","-48.6662"
"KRX_RESET","DS001100","삼성전자","0193L0","SHORT","5/10","5/10","5","308","302","6","2","29.87","-0.2118","-0.3291","9.70","-3.2568","3.7503","-486791","513209","-48.6791"
"KRX_RESET","DS002411","SK하이닉스","0193T0","LONG","3/5","10/20","30","214","209","5","8","31.78","-0.2820","-0.4648","19.45","-5.5970","7.1573","-486802","513198","-48.6802"
"KRX_RESET","DS004388","SK하이닉스","0197X0","SHORT","3/10","20/30","5","271","247","24","12","40.96","-0.1879","-0.3785","36.31","-10.6563","7.1806","-487302","512698","-48.7302"
"KRX_RESET","DS004495","삼성전자","0193W0","LONG","3/20","20/30","NONE","241","220","21","6","32.78","-0.2510","-0.4087","28.23","-5.0134","7.6623","-487758","512242","-48.7758"
"KRX_RESET","DS000034","삼성전자","0193W0","LONG","3/5","3/5","20","294","290","4","2","22.11","-0.2252","-0.3140","4.23","-1.5920","3.9131","-488031","511969","-48.8031"
"KRX_RESET","DS000139","삼성전자","0193L0","SHORT","5/10","3/5","NONE","345","342","3","2","30.72","-0.1914","-0.2383","5.27","-3.2653","3.2345","-488270","511730","-48.8270"
"KRX_RESET","DS000969","SK하이닉스","0193T0","LONG","3/5","5/10","10","255","249","6","5","34.12","-0.2505","-0.3322","10.80","-7.6054","5.1857","-488747","511253","-48.8747"
"KRX_RESET","DS003934","삼성전자","0193L0","SHORT","3/10","10/30","20","190","178","12","7","28.42","-0.3446","-0.4797","24.21","-4.2145","3.7843","-489865","510135","-48.9865"
"KRX_RESET","DS003897","SK하이닉스","0193T0","LONG","3/10","10/30","10","141","129","12","5","25.53","-0.4323","-0.8846","26.44","-6.5093","9.4216","-490351","509649","-49.0351"
"KRX_RESET","DS004654","삼성전자","0193L0","SHORT","3/30","20/30","20","120","108","12","4","27.50","-0.5498","-0.4587","23.76","-8.5459","1.9987","-491172","508828","-49.1172"
"KRX_RESET","DS000046","삼성전자","0193L0","SHORT","3/5","3/5","20","333","326","7","3","26.73","-0.2010","-0.2000","4.76","-1.4768","2.7344","-491336","508664","-49.1336"
"KRX_RESET","DS001087","삼성전자","0193W0","LONG","5/10","5/10","NONE","345","336","9","3","28.41","-0.1909","-0.3298","8.52","-2.1737","5.8528","-491787","508213","-49.1787"
"KRX_RESET","DS002434","삼성전자","0193W0","LONG","3/5","10/20","20","294","281","13","9","30.61","-0.2183","-0.3972","17.16","-6.8792","4.6857","-492650","507350","-49.2650"
"KRX_RESET","DS000489","SK하이닉스","0193T0","LONG","3/5","3/10","10","255","250","5","5","29.80","-0.2592","-0.3560","8.75","-6.8416","5.1857","-492847","507153","-49.2847"
"KRX_RESET","DS000140","삼성전자","0193L0","SHORT","5/10","3/5","5","308","306","2","2","28.57","-0.2179","-0.2493","5.05","-3.2653","3.2345","-493125","506875","-49.3125"
"KRX_RESET","DS003372","SK하이닉스","0193T0","LONG","3/5","5/30","50","209","193","16","8","25.84","-0.3023","-0.4740","24.75","-3.7123","6.6040","-494836","505164","-49.4836"
"KRX_RESET","DS001064","SK하이닉스","0193T0","LONG","5/10","5/10","5","259","251","8","2","31.27","-0.2561","-0.4027","9.29","-3.7368","6.9257","-495149","504851","-49.5149"
"KRX_RESET","DS003956","SK하이닉스","0197X0","SHORT","5/10","10/30","5","290","268","22","8","41.38","-0.1801","-0.2656","32.76","-10.8140","9.9426","-495309","504691","-49.5309"
"KRX_RESET","DS004461","삼성전자","0193L0","SHORT","5/10","20/30","10","151","135","16","7","33.11","-0.4412","-0.4403","29.31","-6.3716","3.6275","-495569","504431","-49.5569"
"KRX_RESET","DS000584","SK하이닉스","0193T0","LONG","5/10","3/10","5","259","251","8","2","28.19","-0.2575","-0.4335","8.49","-3.2513","6.8060","-495991","504009","-49.5991"
"KRX_RESET","DS004076","삼성전자","0193L0","SHORT","5/20","10/30","5","178","161","17","4","30.34","-0.3678","-0.4552","28.08","-10.4449","3.3774","-497244","502756","-49.7244"
"KRX_RESET","DS003417","SK하이닉스","0193T0","LONG","3/10","5/30","10","141","129","12","4","29.79","-0.4699","-0.7094","21.79","-5.1135","5.2470","-497250","502750","-49.7250"
"KRX_RESET","DS003955","SK하이닉스","0197X0","SHORT","5/10","10/30","NONE","311","289","22","10","42.44","-0.1514","-0.2543","33.67","-10.8140","9.9426","-497262","502738","-49.7262"
"KRX_RESET","DS002059","삼성전자","0193L0","SHORT","5/10","5/20","NONE","345","331","14","4","34.78","-0.1897","-0.3139","18.73","-5.0327","6.4448","-497265","502735","-49.7265"
"KRX_RESET","DS003957","SK하이닉스","0197X0","SHORT","5/10","10/30","10","139","130","9","7","37.41","-0.4394","-0.4201","31.65","-10.8140","6.7199","-497554","502446","-49.7554"
"KRX_RESET","DS004603","삼성전자","0193L0","SHORT","10/20","20/30","NONE","161","143","18","5","31.06","-0.3990","-0.3293","32.47","-9.1959","3.4332","-498141","501859","-49.8141"
"KRX_RESET","DS001976","SK하이닉스","0193T0","LONG","3/10","5/20","5","259","245","14","6","31.66","-0.2412","-0.4519","19.34","-9.7238","8.0933","-499321","500679","-49.9321"
"KRX_RESET","DS001952","삼성전자","0193W0","LONG","3/5","5/20","5","276","262","14","5","35.51","-0.2314","-0.3244","18.98","-7.3596","5.7616","-499504","500496","-49.9504"
"KRX_RESET","DS000560","삼성전자","0193W0","LONG","3/10","3/10","5","304","295","9","2","27.63","-0.2254","-0.3516","7.78","-2.8641","5.5941","-502730","497270","-50.2730"
"KRX_RESET","DS002060","삼성전자","0193L0","SHORT","5/10","5/20","5","308","296","12","4","32.47","-0.2177","-0.3589","18.40","-5.0327","6.4448","-503790","496210","-50.3790"
"KRX_RESET","DS000080","삼성전자","0193W0","LONG","3/10","3/5","5","304","300","4","2","27.30","-0.2272","-0.3029","4.65","-2.5754","6.1114","-504247","495753","-50.4247"
"KRX_RESET","DS000516","삼성전자","0193W0","LONG","3/5","3/10","50","285","278","7","5","26.32","-0.2413","-0.3542","8.27","-2.7974","4.6843","-504929","495071","-50.4929"
"KRX_RESET","DS000525","삼성전자","0193L0","SHORT","3/5","3/10","10","336","331","5","5","30.36","-0.2066","-0.2450","8.31","-2.8984","2.9987","-506137","493863","-50.6137"
"KRX_RESET","DS004462","삼성전자","0193L0","SHORT","5/10","20/30","20","155","138","17","6","30.32","-0.4457","-0.5141","24.38","-3.3200","3.2744","-506199","493801","-50.6199"
"KRX_RESET","DS000091","삼성전자","0193L0","SHORT","3/10","3/5","NONE","392","388","4","2","29.59","-0.1778","-0.2424","4.95","-1.7917","3.1436","-506589","493411","-50.6589"
"KRX_RESET","DS004029","삼성전자","0193L0","SHORT","3/20","10/30","10","170","155","15","6","33.53","-0.3863","-0.3809","30.76","-10.4449","3.7843","-507181","492819","-50.7181"
"KRX_RESET","DS001063","SK하이닉스","0193T0","LONG","5/10","5/10","NONE","271","263","8","2","30.63","-0.2544","-0.4003","9.01","-3.7368","6.9257","-508288","491712","-50.8288"
"KRX_RESET","DS004605","삼성전자","0193L0","SHORT","10/20","20/30","10","150","133","17","5","30.00","-0.4452","-0.3564","32.17","-9.1959","3.4332","-510026","489974","-51.0026"
"KRX_RESET","DS002444","삼성전자","0193L0","SHORT","3/5","10/20","5","292","277","15","6","33.56","-0.2238","-0.4315","22.30","-6.6672","7.1547","-510119","489881","-51.0119"
"KRX_RESET","DS004401","삼성전자","0193W0","LONG","3/10","20/30","10","147","136","11","6","31.97","-0.4619","-0.4768","29.46","-5.3700","5.3469","-510619","489381","-51.0619"
"KRX_RESET","DS000501","SK하이닉스","0197X0","SHORT","3/5","3/10","10","317","314","3","4","27.76","-0.2171","-0.4353","9.26","-5.3553","6.8074","-511665","488335","-51.1665"
"KRX_RESET","DS000984","SK하이닉스","0197X0","SHORT","3/5","5/10","50","302","299","3","5","31.13","-0.2246","-0.4226","12.08","-6.8667","5.2537","-511798","488202","-51.1798"
"KRX_RESET","DS003981","삼성전자","0193L0","SHORT","5/10","10/30","10","151","136","15","6","31.13","-0.4594","-0.4853","27.56","-10.0846","3.3774","-512330","487670","-51.2330"
"KRX_RESET","DS001956","삼성전자","0193W0","LONG","3/5","5/20","50","285","265","20","6","30.53","-0.2427","-0.4031","17.53","-2.3590","3.8617","-512905","487095","-51.2905"
"KRX_RESET","DS002587","삼성전자","0193L0","SHORT","3/20","10/20","NONE","235","222","13","4","33.19","-0.2974","-0.3670","20.07","-5.3934","4.0649","-513454","486546","-51.3454"
"KRX_RESET","DS003511","SK하이닉스","0193T0","LONG","3/20","5/30","NONE","184","169","15","4","27.17","-0.3759","-0.6251","23.59","-4.7404","8.9445","-513676","486324","-51.3676"
"KRX_RESET","DS002455","SK하이닉스","0193T0","LONG","3/10","10/20","NONE","287","271","16","7","35.19","-0.2162","-0.3972","24.13","-6.9002","8.4930","-514030","485970","-51.4030"
"KRX_RESET","DS002924","삼성전자","0193L0","SHORT","3/5","3/30","5","292","285","7","8","28.42","-0.2264","-0.4443","23.09","-9.3699","6.2608","-516067","483933","-51.6067"
"KRX_RESET","DS000048","삼성전자","0193L0","SHORT","3/5","3/5","50","314","307","7","2","23.57","-0.2295","-0.2527","4.71","-1.4768","2.7344","-516334","483666","-51.6334"
"KRX_RESET","DS002971","삼성전자","0193L0","SHORT","3/10","3/30","NONE","392","380","12","9","30.87","-0.1702","-0.3172","22.04","-5.6889","7.4860","-516731","483269","-51.6731"
"KRX_RESET","DS004471","SK하이닉스","0193T0","LONG","3/20","20/30","NONE","184","165","19","8","30.98","-0.3580","-0.7028","32.95","-4.8525","10.4327","-517057","482943","-51.7057"
"KRX_RESET","DS000047","삼성전자","0193L0","SHORT","3/5","3/5","30","333","327","6","3","24.32","-0.2171","-0.2396","4.63","-1.4768","2.7344","-517558","482442","-51.7558"
"KRX_RESET","DS001567","삼성전자","0193W0","LONG","5/10","3/20","NONE","345","330","15","5","29.28","-0.2006","-0.3728","15.25","-4.8243","6.0597","-517714","482286","-51.7714"
"KRX_RESET","DS004463","삼성전자","0193L0","SHORT","5/10","20/30","30","165","147","18","7","32.12","-0.4319","-0.4116","23.04","-3.3200","2.7318","-518407","481593","-51.8407"
"KRX_RESET","DS000020","SK하이닉스","0197X0","SHORT","3/5","3/5","5","311","307","4","2","28.94","-0.2309","-0.3554","5.49","-2.3549","5.9490","-518731","481269","-51.8731"
"KRX_RESET","DS001944","SK하이닉스","0197X0","SHORT","3/5","5/20","50","302","293","9","8","29.47","-0.2174","-0.5124","19.06","-4.8198","6.0408","-518948","481052","-51.8948"
"KRX_RESET","DS003031","SK하이닉스","0193T0","LONG","3/20","3/30","NONE","184","177","7","3","25.54","-0.3840","-0.5957","18.54","-5.0767","8.9445","-519803","480197","-51.9803"
"KRX_RESET","DS004425","SK하이닉스","0193T0","LONG","5/10","20/30","10","138","126","12","6","28.26","-0.4843","-0.9269","31.38","-5.2251","10.4327","-521024","478976","-52.1024"
"KRX_RESET","DS000490","SK하이닉스","0193T0","LONG","3/5","3/10","20","240","237","3","4","27.50","-0.2978","-0.4339","9.53","-6.8416","5.5449","-521171","478829","-52.1171"
"KRX_RESET","DS002504","SK하이닉스","0193T0","LONG","5/10","10/20","5","259","241","18","6","34.75","-0.2608","-0.4022","23.43","-6.9002","9.0216","-522029","477971","-52.2029"
"KRX_RESET","DS000571","삼성전자","0193L0","SHORT","3/10","3/10","NONE","392","386","6","2","30.36","-0.1852","-0.2947","7.94","-2.0082","2.9987","-522102","477898","-52.2102"
"KRX_RESET","DS001448","SK하이닉스","0193T0","LONG","3/5","3/20","5","246","235","11","6","29.67","-0.2682","-0.4657","16.80","-12.7258","9.1447","-522415","477585","-52.2415"
"KRX_RESET","DS002961","삼성전자","0193W0","LONG","3/10","3/30","10","147","141","6","5","26.53","-0.4814","-0.4738","18.48","-10.3071","3.6560","-522617","477383","-52.2617"
"KRX_RESET","DS001040","삼성전자","0193W0","LONG","3/10","5/10","5","304","294","10","3","30.59","-0.2354","-0.3328","9.91","-3.8796","5.9947","-522810","477190","-52.2810"
"KRX_RESET","DS002048","삼성전자","0193W0","LONG","5/10","5/20","5","316","302","14","5","30.70","-0.2218","-0.3884","17.17","-6.8956","6.0597","-523197","476803","-52.3197"
"KRX_RESET","DS002925","삼성전자","0193L0","SHORT","3/5","3/30","10","336","324","12","9","26.79","-0.2033","-0.4723","20.01","-6.0058","7.5746","-529204","470796","-52.9204"
"KRX_RESET","DS000526","삼성전자","0193L0","SHORT","3/5","3/10","20","333","324","9","5","29.43","-0.2238","-0.2862","8.97","-2.8984","3.8947","-530561","469439","-53.0561"
"KRX_RESET","DS003936","삼성전자","0193L0","SHORT","3/10","10/30","50","176","159","17","6","27.27","-0.4184","-0.3881","25.77","-5.6448","3.7843","-530700","469300","-53.0700"
"KRX_RESET","DS004701","삼성전자","0193L0","SHORT","5/30","20/30","10","126","113","13","4","28.57","-0.5490","-0.4395","30.41","-9.1959","3.6275","-531095","468905","-53.1095"
"KRX_RESET","DS000033","삼성전자","0193W0","LONG","3/5","3/5","10","299","295","4","2","25.75","-0.2508","-0.3023","4.25","-3.0298","3.9131","-531127","468873","-53.1127"
"KRX_RESET","DS000583","SK하이닉스","0193T0","LONG","5/10","3/10","NONE","271","263","8","3","28.04","-0.2742","-0.4335","8.52","-3.4794","6.8060","-533866","466134","-53.3866"
"KRX_RESET","DS000024","SK하이닉스","0197X0","SHORT","3/5","3/5","50","302","298","4","2","26.82","-0.2506","-0.3950","4.76","-2.3549","4.1759","-535491","464509","-53.5491"
"KRX_RESET","DS001965","삼성전자","0193L0","SHORT","3/5","5/20","10","336","322","14","8","30.06","-0.2117","-0.4330","16.52","-5.2344","6.7519","-535991","464009","-53.5991"
"KRX_RESET","DS003396","삼성전자","0193W0","LONG","3/5","5/30","50","285","260","25","11","30.18","-0.2438","-0.4497","22.36","-4.9105","5.2560","-536245","463755","-53.6245"
"KRX_RESET","DS003394","삼성전자","0193W0","LONG","3/5","5/30","20","294","275","19","11","27.89","-0.2334","-0.4862","19.47","-8.1492","7.5819","-536281","463719","-53.6281"
"KRX_RESET","DS003850","SK하이닉스","0193T0","LONG","3/5","10/30","20","240","227","13","13","24.17","-0.2495","-0.6450","23.34","-4.4148","9.8451","-536577","463423","-53.6577"
"KRX_RESET","DS000995","삼성전자","0193W0","LONG","3/5","5/10","30","296","287","9","5","28.38","-0.2508","-0.3806","10.55","-4.5286","5.8291","-536699","463301","-53.6699"
"KRX_RESET","DS001475","삼성전자","0193W0","LONG","3/5","3/20","30","296","282","14","6","25.68","-0.2530","-0.4287","13.71","-2.1163","5.4133","-538074","461926","-53.8074"
"KRX_RESET","DS002904","SK하이닉스","0197X0","SHORT","3/5","3/30","50","302","291","11","8","32.12","-0.2346","-0.4976","21.06","-4.6939","6.4116","-538561","461439","-53.8561"
"KRX_RESET","DS003875","삼성전자","0193W0","LONG","3/5","10/30","30","296","272","24","12","29.39","-0.2319","-0.4384","24.16","-5.1583","6.8745","-538816","461184","-53.8816"
"KRX_RESET","DS003547","삼성전자","0193L0","SHORT","3/20","5/30","NONE","235","224","11","7","29.79","-0.3103","-0.4120","22.70","-10.0451","3.6721","-539767","460233","-53.9767"
"KRX_RESET","DS002047","삼성전자","0193W0","LONG","5/10","5/20","NONE","345","329","16","5","30.72","-0.2095","-0.3733","17.87","-6.8956","7.3224","-540259","459741","-54.0259"
"KRX_RESET","DS001452","SK하이닉스","0193T0","LONG","3/5","3/20","50","209","202","7","8","27.75","-0.3674","-0.4799","17.64","-2.7088","3.1708","-543624","456376","-54.3624"
"KRX_RESET","DS001940","SK하이닉스","0197X0","SHORT","3/5","5/20","5","311","300","11","5","31.83","-0.2226","-0.5119","20.09","-4.8198","11.2317","-543721","456279","-54.3721"
"KRX_RESET","DS002900","SK하이닉스","0197X0","SHORT","3/5","3/30","5","311","297","14","5","31.51","-0.2211","-0.5034","22.87","-6.2714","11.9394","-545027","454973","-54.5027"
"KRX_RESET","DS003464","SK하이닉스","0193T0","LONG","5/10","5/30","5","259","235","24","6","30.89","-0.2816","-0.5060","25.50","-8.7730","10.5784","-545236","454764","-54.5236"
"KRX_RESET","DS000981","SK하이닉스","0197X0","SHORT","3/5","5/10","10","317","315","2","6","30.28","-0.2384","-0.4129","11.43","-6.8667","6.4386","-545374","454626","-54.5374"
"KRX_RESET","DS003895","SK하이닉스","0193T0","LONG","3/10","10/30","NONE","287","261","26","7","29.62","-0.2138","-0.6570","32.03","-6.5093","11.7921","-546432","453568","-54.6432"
"KRX_RESET","DS000619","삼성전자","0193L0","SHORT","5/10","3/10","NONE","345","340","5","3","30.72","-0.2262","-0.2800","8.24","-3.3492","3.3543","-547809","452191","-54.7809"
"KRX_RESET","DS002528","삼성전자","0193W0","LONG","5/10","10/20","5","316","296","20","5","32.28","-0.2334","-0.4581","21.28","-8.4370","7.3013","-547861","452139","-54.7861"
"KRX_RESET","DS004075","삼성전자","0193L0","SHORT","5/20","10/30","NONE","195","178","17","4","29.74","-0.3872","-0.4403","29.08","-10.4449","3.3774","-548196","451804","-54.8196"
"KRX_RESET","DS000620","삼성전자","0193L0","SHORT","5/10","3/10","5","308","304","4","2","28.25","-0.2549","-0.3103","8.04","-3.3492","3.3543","-548835","451165","-54.8835"
"KRX_RESET","DS003968","삼성전자","0193W0","LONG","5/10","10/30","5","316","284","32","8","31.65","-0.2123","-0.4886","30.63","-5.9394","10.2292","-549746","450254","-54.9746"
"KRX_RESET","DS001006","삼성전자","0193L0","SHORT","3/5","5/10","20","333","322","11","6","30.33","-0.2341","-0.3136","10.66","-2.3070","3.8947","-549773","450227","-54.9773"
"KRX_RESET","DS000514","삼성전자","0193W0","LONG","3/5","3/10","20","294","287","7","5","25.51","-0.2669","-0.3814","8.10","-3.8689","4.6843","-549836","450164","-54.9836"
"KRX_RESET","DS001975","SK하이닉스","0193T0","LONG","3/10","5/20","NONE","287","273","14","6","30.66","-0.2454","-0.4635","19.51","-9.7238","9.3441","-550119","449881","-55.0119"
"KRX_RESET","DS000983","SK하이닉스","0197X0","SHORT","3/5","5/10","30","327","323","4","6","29.66","-0.2318","-0.4141","12.03","-6.8667","5.2537","-550439","449561","-55.0439"
"KRX_RESET","DS002503","SK하이닉스","0193T0","LONG","5/10","10/20","NONE","271","253","18","7","33.95","-0.2647","-0.4055","23.42","-6.9002","9.0216","-551423","448577","-55.1423"
"KRX_RESET","DS003452","삼성전자","0193L0","SHORT","3/10","5/30","5","290","276","14","9","32.07","-0.2376","-0.4663","27.13","-9.5012","8.1847","-551688","448312","-55.1688"
"KRX_RESET","DS004387","SK하이닉스","0197X0","SHORT","3/10","20/30","NONE","329","298","31","12","41.34","-0.1760","-0.3272","35.98","-10.6563","7.1806","-553789","446211","-55.3789"
"KRX_RESET","DS000504","SK하이닉스","0197X0","SHORT","3/5","3/10","50","302","297","5","5","28.81","-0.2561","-0.4750","10.35","-2.6298","5.9983","-553876","446124","-55.3876"
"KRX_RESET","DS001486","삼성전자","0193L0","SHORT","3/5","3/20","20","333","322","11","8","25.83","-0.2336","-0.3913","14.30","-3.0506","5.3465","-555651","444349","-55.5651"
"KRX_RESET","DS002936","SK하이닉스","0193T0","LONG","3/10","3/30","5","259","247","12","6","29.73","-0.2888","-0.5005","21.07","-11.4360","9.8535","-555843","444157","-55.5843"
"KRX_RESET","DS004416","삼성전자","0193L0","SHORT","3/10","20/30","50","176","156","20","6","27.84","-0.4490","-0.4042","24.16","-5.9536","3.8533","-557453","442547","-55.7453"
"KRX_RESET","DS003393","삼성전자","0193W0","LONG","3/5","5/30","10","299","279","20","8","29.10","-0.2554","-0.4565","21.06","-4.9105","5.2560","-558318","441682","-55.8318"
"KRX_RESET","DS001476","삼성전자","0193W0","LONG","3/5","3/20","50","285","267","18","5","25.96","-0.2811","-0.4031","13.72","-2.0410","4.2730","-558670","441330","-55.8670"
"KRX_RESET","DS003416","SK하이닉스","0193T0","LONG","3/10","5/30","5","259","235","24","6","32.05","-0.2911","-0.5313","26.05","-10.0448","9.8535","-560269","439731","-56.0269"
"KRX_RESET","DS003019","삼성전자","0193L0","SHORT","5/10","3/30","NONE","345","334","11","9","33.04","-0.2246","-0.3285","21.74","-5.7695","7.2651","-560984","439016","-56.0984"
"KRX_RESET","DS002916","삼성전자","0193W0","LONG","3/5","3/30","50","285","265","20","11","29.47","-0.2731","-0.4239","19.06","-4.2726","4.8587","-561106","438894","-56.1106"
"KRX_RESET","DS003008","삼성전자","0193W0","LONG","5/10","3/30","5","316","302","14","6","31.01","-0.2404","-0.3841","20.28","-7.2328","7.0961","-561225","438775","-56.1225"
"KRX_RESET","DS002984","SK하이닉스","0193T0","LONG","5/10","3/30","5","259","247","12","6","29.73","-0.2956","-0.4805","20.42","-10.1837","10.5784","-561518","438482","-56.1518"
"KRX_RESET","DS004508","삼성전자","0193L0","SHORT","3/20","20/30","5","185","167","18","6","34.05","-0.4213","-0.3144","30.89","-9.4331","3.6275","-561832","438168","-56.1832"
"KRX_RESET","DS001483","삼성전자","0193L0","SHORT","3/5","3/20","NONE","703","676","27","14","33.00","-0.0971","-0.2529","17.61","-5.2193","7.6783","-562996","437004","-56.2996"
"KRX_RESET","DS001928","SK하이닉스","0193T0","LONG","3/5","5/20","5","246","233","13","6","31.71","-0.3006","-0.4581","19.61","-13.0351","9.1447","-564428","435572","-56.4428"
"KRX_RESET","DS001520","삼성전자","0193W0","LONG","3/10","3/20","5","304","289","15","4","28.95","-0.2616","-0.3891","14.27","-7.9783","6.0597","-564550","435450","-56.4550"
"KRX_RESET","DS000528","삼성전자","0193L0","SHORT","3/5","3/10","50","314","302","12","4","28.03","-0.2611","-0.3154","9.05","-2.2859","3.1637","-564870","435130","-56.4870"
"KRX_RESET","DS000023","SK하이닉스","0197X0","SHORT","3/5","3/5","30","327","322","5","2","26.30","-0.2521","-0.3835","4.87","-2.3549","4.1759","-566725","433275","-56.6725"
"KRX_RESET","DS002024","SK하이닉스","0193T0","LONG","5/10","5/20","5","259","246","13","6","31.27","-0.3027","-0.4635","18.03","-8.4474","7.7688","-567572","432428","-56.7572"
"KRX_RESET","DS004509","삼성전자","0193L0","SHORT","3/20","20/30","10","170","152","18","6","32.94","-0.4645","-0.3584","31.82","-9.4331","3.6275","-567956","432044","-56.7956"
"KRX_RESET","DS001932","SK하이닉스","0193T0","LONG","3/5","5/20","50","209","198","11","6","28.23","-0.3932","-0.5263","19.61","-2.7088","3.4829","-568598","431402","-56.8598"
"KRX_RESET","DS001941","SK하이닉스","0197X0","SHORT","3/5","5/20","10","317","306","11","6","31.23","-0.2468","-0.5232","16.85","-4.5898","9.9130","-569117","430883","-56.9117"
"KRX_RESET","DS004556","삼성전자","0193L0","SHORT","5/20","20/30","5","178","158","20","4","31.46","-0.4482","-0.3340","29.55","-9.4331","3.6275","-569664","430336","-56.9664"
"KRX_RESET","DS003440","삼성전자","0193W0","LONG","3/10","5/30","5","304","286","18","7","31.58","-0.2565","-0.3868","24.11","-5.6029","10.4365","-570353","429647","-57.0353"
"KRX_RESET","DS001487","삼성전자","0193L0","SHORT","3/5","3/20","30","333","319","14","9","24.32","-0.2443","-0.3894","14.80","-3.0506","5.4657","-571437","428563","-57.1437"
"KRX_RESET","DS002410","SK하이닉스","0193T0","LONG","3/5","10/20","20","240","232","8","7","28.33","-0.3299","-0.4796","17.69","-4.9758","7.1573","-571558","428442","-57.1558"
"KRX_RESET","DS001464","SK하이닉스","0197X0","SHORT","3/5","3/20","50","302","294","8","8","25.50","-0.2632","-0.5076","15.93","-4.6273","6.0408","-571874","428126","-57.1874"
"KRX_RESET","DS002891","SK하이닉스","0193T0","LONG","3/5","3/30","30","214","208","6","8","22.90","-0.3775","-0.5510","17.32","-4.6603","6.3543","-572353","427647","-57.2353"
"KRX_RESET","DS003404","삼성전자","0193L0","SHORT","3/5","5/30","5","292","277","15","9","29.79","-0.2546","-0.4876","26.55","-13.1344","6.9516","-574025","425975","-57.4025"
"KRX_RESET","DS002023","SK하이닉스","0193T0","LONG","5/10","5/20","NONE","271","258","13","6","31.37","-0.2873","-0.4528","18.23","-8.4474","9.3441","-575016","424984","-57.5016"
"KRX_RESET","DS000527","삼성전자","0193L0","SHORT","3/5","3/10","30","333","321","12","5","27.63","-0.2543","-0.2919","8.53","-1.8848","2.9987","-575556","424444","-57.5556"
"KRX_RESET","DS002912","삼성전자","0193W0","LONG","3/5","3/30","5","276","261","15","7","33.33","-0.2803","-0.3243","21.75","-9.5121","6.5920","-578520","421480","-57.8520"
"KRX_RESET","DS003439","삼성전자","0193W0","LONG","3/10","5/30","NONE","391","364","27","9","31.71","-0.1776","-0.3549","25.06","-9.1344","10.4365","-580303","419697","-58.0303"
"KRX_RESET","DS000503","SK하이닉스","0197X0","SHORT","3/5","3/10","30","327","321","6","5","27.83","-0.2551","-0.4541","10.27","-3.0024","5.9983","-580552","419448","-58.0552"
"KRX_RESET","DS003872","삼성전자","0193W0","LONG","3/5","10/30","5","276","254","22","7","35.51","-0.2614","-0.4040","30.88","-9.8210","9.7103","-581572","418428","-58.1572"
"KRX_RESET","DS001008","삼성전자","0193L0","SHORT","3/5","5/10","50","314","300","14","5","27.39","-0.2709","-0.3342","10.69","-2.3547","4.1626","-582460","417540","-58.2460"
"KRX_RESET","DS002539","삼성전자","0193L0","SHORT","5/10","10/20","NONE","345","326","19","6","35.94","-0.2387","-0.3285","23.35","-5.1920","8.1675","-582752","417248","-58.2752"
"KRX_RESET","DS001942","SK하이닉스","0197X0","SHORT","3/5","5/20","20","318","301","17","7","31.13","-0.2579","-0.5134","16.96","-4.6206","7.6504","-582765","417235","-58.2765"
"KRX_RESET","DS004340","SK하이닉스","0197X0","SHORT","3/5","20/30","5","311","288","23","9","37.30","-0.2277","-0.4385","32.30","-7.0013","11.5039","-582883","417117","-58.2883"
"KRX_RESET","DS000500","SK하이닉스","0197X0","SHORT","3/5","3/10","5","311","307","4","4","28.62","-0.2722","-0.4519","9.69","-3.0024","5.9983","-582897","417103","-58.2897"
"KRX_RESET","DS002527","삼성전자","0193W0","LONG","5/10","10/20","NONE","345","323","22","5","32.46","-0.2329","-0.4068","22.27","-8.4370","7.3013","-584391","415609","-58.4391"
"KRX_RESET","DS002409","SK하이닉스","0193T0","LONG","3/5","10/20","10","255","243","12","7","32.55","-0.3143","-0.4345","20.02","-6.9002","7.1573","-584580","415420","-58.4580"
"KRX_RESET","DS001954","삼성전자","0193W0","LONG","3/5","5/20","20","294","284","10","6","26.87","-0.2895","-0.4706","15.14","-6.8792","4.9975","-584636","415364","-58.4636"
"KRX_RESET","DS000559","삼성전자","0193W0","LONG","3/10","3/10","NONE","391","381","10","2","24.81","-0.2211","-0.3511","7.16","-2.8641","5.5941","-585426","414574","-58.5426"
"KRX_RESET","DS004653","삼성전자","0193L0","SHORT","3/30","20/30","10","133","117","16","4","28.57","-0.6111","-0.4161","29.10","-9.4331","3.5289","-585991","414009","-58.5991"
"KRX_RESET","DS004415","삼성전자","0193L0","SHORT","3/10","20/30","30","196","180","16","7","29.08","-0.4378","-0.4396","21.97","-3.3200","3.8533","-586070","413930","-58.6070"
"KRX_RESET","DS004652","삼성전자","0193L0","SHORT","3/30","20/30","5","154","139","15","4","29.87","-0.5310","-0.3868","27.05","-9.4331","3.6275","-588372","411628","-58.8372"
"KRX_RESET","DS004700","삼성전자","0193L0","SHORT","5/30","20/30","5","149","136","13","4","26.85","-0.5512","-0.4116","26.92","-9.1959","3.6275","-588395","411605","-58.8395"
"KRX_RESET","DS002445","삼성전자","0193L0","SHORT","3/5","10/20","10","336","315","21","9","31.85","-0.2355","-0.4634","19.95","-5.3934","8.4796","-589092","410908","-58.9092"
"KRX_RESET","DS000079","삼성전자","0193W0","LONG","3/10","3/5","NONE","391","386","5","2","26.34","-0.2241","-0.3019","4.47","-3.0298","6.1114","-589144","410856","-58.9144"
"KRX_RESET","DS002491","삼성전자","0193L0","SHORT","3/10","10/20","NONE","392","372","20","8","35.71","-0.2080","-0.3559","23.63","-5.1920","8.3902","-589735","410265","-58.9735"
"KRX_RESET","DS003007","삼성전자","0193W0","LONG","5/10","3/30","NONE","345","329","16","6","31.88","-0.2380","-0.3728","20.75","-7.2328","7.0961","-590116","409884","-59.0116"
"KRX_RESET","DS000980","SK하이닉스","0197X0","SHORT","3/5","5/10","5","311","307","4","5","29.58","-0.2778","-0.5232","11.52","-2.7074","5.2716","-590583","409417","-59.0583"
"KRX_RESET","DS004027","삼성전자","0193L0","SHORT","3/20","10/30","NONE","235","215","20","7","33.19","-0.3552","-0.3766","29.67","-10.4449","3.7843","-591241","408759","-59.1241"
"KRX_RESET","DS003020","삼성전자","0193L0","SHORT","5/10","3/30","5","308","299","9","8","29.87","-0.2769","-0.3942","21.36","-5.7695","7.2651","-591565","408435","-59.1565"
"KRX_RESET","DS003384","SK하이닉스","0197X0","SHORT","3/5","5/30","50","302","287","15","8","31.46","-0.2675","-0.5533","24.45","-5.1196","6.5493","-591713","408287","-59.1713"
"KRX_RESET","DS001488","삼성전자","0193L0","SHORT","3/5","3/20","50","314","298","16","7","23.25","-0.2756","-0.3595","14.94","-3.0506","5.4657","-592350","407650","-59.2350"
"KRX_RESET","DS001007","삼성전자","0193L0","SHORT","3/5","5/10","30","333","318","15","7","27.93","-0.2633","-0.3130","10.51","-2.3070","4.1626","-592546","407454","-59.2546"
"KRX_RESET","DS003463","SK하이닉스","0193T0","LONG","5/10","5/30","NONE","271","247","24","6","29.89","-0.3085","-0.5060","25.35","-8.7730","10.5784","-592808","407192","-59.2808"
"KRX_RESET","DS001461","SK하이닉스","0197X0","SHORT","3/5","3/20","10","317","309","8","6","25.87","-0.2708","-0.5610","14.29","-4.3968","8.4068","-593093","406907","-59.3093"
"KRX_RESET","DS002424","SK하이닉스","0197X0","SHORT","3/5","10/20","50","302","291","11","8","32.12","-0.2633","-0.4448","20.62","-5.2615","6.6871","-593587","406413","-59.3587"
"KRX_RESET","DS002447","삼성전자","0193L0","SHORT","3/5","10/20","30","333","313","20","9","29.13","-0.2543","-0.4271","19.87","-3.5447","5.0691","-593887","406113","-59.3887"
"KRX_RESET","DS004331","SK하이닉스","0193T0","LONG","3/5","20/30","30","214","206","8","15","27.10","-0.3387","-0.7454","26.82","-4.5653","9.0080","-594036","405964","-59.4036"
"KRX_RESET","DS004699","삼성전자","0193L0","SHORT","5/30","20/30","NONE","157","143","14","4","26.75","-0.5329","-0.4116","26.98","-9.1959","3.6275","-594926","405074","-59.4926"
"KRX_RESET","DS002540","삼성전자","0193L0","SHORT","5/10","10/20","5","308","292","16","5","33.77","-0.2801","-0.4240","23.12","-5.1920","8.1675","-596978","403022","-59.6978"
"KRX_RESET","DS003407","삼성전자","0193L0","SHORT","3/5","5/30","30","333","314","19","11","26.43","-0.2607","-0.4745","20.08","-2.2048","3.9058","-597304","402696","-59.7304"
"KRX_RESET","DS000994","삼성전자","0193W0","LONG","3/5","5/10","20","294","286","8","5","26.53","-0.3030","-0.4399","10.38","-4.5286","5.8291","-599402","400598","-59.9402"
"KRX_RESET","DS001967","삼성전자","0193L0","SHORT","3/5","5/20","30","333","316","17","9","26.73","-0.2653","-0.4174","17.27","-3.0506","5.0691","-599827","400173","-59.9827"
"KRX_RESET","DS004424","SK하이닉스","0193T0","LONG","5/10","20/30","5","259","231","28","10","32.82","-0.3120","-0.5548","34.31","-5.2251","10.5784","-600907","399093","-60.0907"
"KRX_RESET","DS003967","삼성전자","0193W0","LONG","5/10","10/30","NONE","345","312","33","8","31.30","-0.2222","-0.4864","30.86","-5.9394","10.2292","-601843","398157","-60.1843"
"KRX_RESET","DS003380","SK하이닉스","0197X0","SHORT","3/5","5/30","5","311","294","17","6","32.48","-0.2596","-0.5250","26.42","-7.2000","11.8305","-601918","398082","-60.1918"
"KRX_RESET","DS002927","삼성전자","0193L0","SHORT","3/5","3/30","30","333","320","13","10","25.53","-0.2709","-0.4694","17.81","-2.0504","3.6721","-603045","396955","-60.3045"
"KRX_RESET","DS001519","삼성전자","0193W0","LONG","3/10","3/20","NONE","391","372","19","5","28.39","-0.2205","-0.3802","15.33","-7.9783","6.2249","-603308","396692","-60.3308"
"KRX_RESET","DS003932","삼성전자","0193L0","SHORT","3/10","10/30","5","290","270","20","9","33.45","-0.2742","-0.3538","32.79","-9.9034","7.4038","-603721","396279","-60.3721"
"KRX_RESET","DS002983","SK하이닉스","0193T0","LONG","5/10","3/30","NONE","271","259","12","6","29.15","-0.3190","-0.4805","20.45","-10.1837","10.5784","-603827","396173","-60.3827"
"KRX_RESET","DS004377","SK하이닉스","0193T0","LONG","3/10","20/30","10","141","128","13","5","27.66","-0.6235","-0.9455","31.04","-5.2251","8.5877","-604576","395424","-60.4576"
"KRX_RESET","DS000513","삼성전자","0193W0","LONG","3/5","3/10","10","299","292","7","4","22.74","-0.3065","-0.3880","7.30","-2.7974","4.6843","-604714","395286","-60.4714"
"KRX_RESET","DS000996","삼성전자","0193W0","LONG","3/5","5/10","50","285","278","7","5","27.02","-0.3186","-0.3820","10.57","-4.5286","4.6843","-604885","395115","-60.4885"
"KRX_RESET","DS001039","삼성전자","0193W0","LONG","3/10","5/10","NONE","391","380","11","4","30.43","-0.2283","-0.3136","9.80","-5.4583","5.9947","-605557","394443","-60.5557"
"KRX_RESET","DS002926","삼성전자","0193L0","SHORT","3/5","3/30","20","333","317","16","11","25.83","-0.2679","-0.5034","18.52","-4.0623","6.6515","-606315","393685","-60.6315"
"KRX_RESET","DS004555","삼성전자","0193L0","SHORT","5/20","20/30","NONE","195","174","21","5","32.82","-0.4517","-0.3285","30.52","-9.4331","3.6275","-606328","393672","-60.6328"
"KRX_RESET","DS001449","SK하이닉스","0193T0","LONG","3/5","3/20","10","255","248","7","6","26.67","-0.3466","-0.5298","13.84","-8.4703","7.8984","-607098","392902","-60.7098"
"KRX_RESET","DS004414","삼성전자","0193L0","SHORT","3/10","20/30","20","190","174","16","7","29.47","-0.4798","-0.5480","24.34","-8.5459","3.8533","-608516","391484","-60.8516"
"KRX_RESET","DS002901","SK하이닉스","0197X0","SHORT","3/5","3/30","10","317","304","13","6","31.23","-0.2753","-0.5467","20.51","-7.7155","10.6123","-611692","388308","-61.1692"
"KRX_RESET","DS001462","SK하이닉스","0197X0","SHORT","3/5","3/20","20","318","306","12","6","26.10","-0.2880","-0.5144","14.29","-4.1518","6.1751","-612872","387128","-61.2872"
"KRX_RESET","DS001460","SK하이닉스","0197X0","SHORT","3/5","3/20","5","311","302","9","5","27.33","-0.2848","-0.5610","17.19","-4.6506","9.7075","-613123","386877","-61.3123"
"KRX_RESET","DS001451","SK하이닉스","0193T0","LONG","3/5","3/20","30","214","211","3","6","24.30","-0.4343","-0.5620","14.91","-4.3423","6.3642","-614717","385283","-61.4717"
"KRX_RESET","DS002890","SK하이닉스","0193T0","LONG","3/5","3/30","20","240","233","7","7","20.00","-0.3821","-0.5571","15.56","-4.2936","5.6615","-614884","385116","-61.4884"
"KRX_RESET","DS002422","SK하이닉스","0197X0","SHORT","3/5","10/20","20","318","300","18","7","33.65","-0.2807","-0.4831","17.44","-4.9138","8.3353","-614888","385112","-61.4888"
"KRX_RESET","DS001474","삼성전자","0193W0","LONG","3/5","3/20","20","294","285","9","6","23.47","-0.3181","-0.5039","11.94","-5.7974","5.4133","-615246","384754","-61.5246"
"KRX_RESET","DS003849","SK하이닉스","0193T0","LONG","3/5","10/30","10","255","237","18","10","28.24","-0.2985","-0.7337","27.98","-6.5093","9.8451","-616198","383802","-61.6198"
"KRX_RESET","DS004376","SK하이닉스","0193T0","LONG","3/10","20/30","5","259","231","28","10","32.43","-0.3261","-0.5313","34.49","-6.2460","10.9402","-616392","383608","-61.6392"
"KRX_RESET","DS002000","삼성전자","0193W0","LONG","3/10","5/20","5","304","289","15","4","30.26","-0.2933","-0.3789","17.84","-9.9811","6.0597","-616802","383198","-61.6802"
"KRX_RESET","DS000979","SK하이닉스","0197X0","SHORT","3/5","5/10","NONE","635","627","8","7","34.65","-0.1350","-0.3999","13.20","-6.8667","8.0163","-617349","382651","-61.7349"
"KRX_RESET","DS001966","삼성전자","0193L0","SHORT","3/5","5/20","20","333","318","15","8","26.43","-0.2775","-0.4354","16.76","-5.2344","5.8359","-618762","381238","-61.8762"
"KRX_RESET","DS001459","SK하이닉스","0197X0","SHORT","3/5","3/20","NONE","635","617","18","9","32.91","-0.1249","-0.4332","18.62","-4.6506","9.7075","-619274","380726","-61.9274"
"KRX_RESET","DS003405","삼성전자","0193L0","SHORT","3/5","5/30","10","336","318","18","9","27.98","-0.2555","-0.5205","22.50","-9.9097","8.2739","-623436","376564","-62.3436"
"KRX_RESET","DS004448","삼성전자","0193W0","LONG","5/10","20/30","5","316","288","28","7","33.23","-0.2652","-0.4900","29.55","-5.6173","8.3877","-623477","376523","-62.3477"
"KRX_RESET","DS001968","삼성전자","0193L0","SHORT","3/5","5/20","50","314","293","21","7","25.16","-0.3031","-0.4273","17.11","-3.0506","5.0691","-624825","375175","-62.4825"
"KRX_RESET","DS002446","삼성전자","0193L0","SHORT","3/5","10/20","20","333","314","19","10","27.33","-0.2722","-0.4642","18.76","-5.3934","7.5488","-625498","374502","-62.5498"
"KRX_RESET","DS004412","삼성전자","0193L0","SHORT","3/10","20/30","5","290","266","24","10","33.10","-0.3149","-0.4048","30.77","-8.5459","7.4449","-626268","373732","-62.6268"
"KRX_RESET","DS003371","SK하이닉스","0193T0","LONG","3/5","5/30","30","214","204","10","8","22.90","-0.4327","-0.5777","21.08","-5.3293","6.6040","-626404","373596","-62.6404"
"KRX_RESET","DS001929","SK하이닉스","0193T0","LONG","3/5","5/20","10","255","244","11","7","29.02","-0.3644","-0.5584","15.97","-8.7946","7.8984","-626596","373404","-62.6596"
"KRX_RESET","DS002935","SK하이닉스","0193T0","LONG","3/10","3/30","NONE","287","275","12","6","28.92","-0.3183","-0.5005","21.35","-11.4360","9.8535","-626642","373358","-62.6642"
"KRX_RESET","DS001473","삼성전자","0193W0","LONG","3/5","3/20","10","299","288","11","6","24.08","-0.3227","-0.5014","12.47","-4.4553","4.4852","-627746","372254","-62.7746"
"KRX_RESET","DS003451","삼성전자","0193L0","SHORT","3/10","5/30","NONE","392","371","21","9","32.14","-0.2186","-0.3905","25.82","-9.5012","8.1847","-627777","372223","-62.7777"
"KRX_RESET","DS003415","SK하이닉스","0193T0","LONG","3/10","5/30","NONE","287","263","24","7","31.01","-0.3200","-0.5313","25.97","-10.0448","9.8535","-629000","371000","-62.9000"
"KRX_RESET","DS002433","삼성전자","0193W0","LONG","3/5","10/20","10","299","281","18","6","29.43","-0.3163","-0.5088","18.29","-8.0820","5.0877","-631329","368671","-63.1329"
"KRX_RESET","DS001953","삼성전자","0193W0","LONG","3/5","5/20","10","299","287","12","6","26.42","-0.3222","-0.4730","14.78","-6.5346","5.7616","-632464","367536","-63.2464"
"KRX_RESET","DS003368","SK하이닉스","0193T0","LONG","3/5","5/30","5","246","225","21","6","31.30","-0.3701","-0.5046","26.08","-13.3443","9.8535","-633115","366885","-63.3115"
"KRX_RESET","DS000499","SK하이닉스","0197X0","SHORT","3/5","3/10","NONE","635","626","9","6","33.07","-0.1430","-0.4130","11.14","-5.3553","7.8083","-633257","366743","-63.3257"
"KRX_RESET","DS001930","SK하이닉스","0193T0","LONG","3/5","5/20","20","240","231","9","6","22.92","-0.4028","-0.5878","16.34","-4.3825","6.4903","-635367","364633","-63.5367"
"KRX_RESET","DS003876","삼성전자","0193W0","LONG","3/5","10/30","50","285","257","28","10","29.47","-0.3265","-0.5079","25.57","-5.2049","5.0846","-636497","363503","-63.6497"
"KRX_RESET","DS004423","SK하이닉스","0193T0","LONG","5/10","20/30","NONE","271","242","29","10","32.10","-0.3291","-0.5746","34.09","-5.2251","10.5784","-637752","362248","-63.7752"
"KRX_RESET","DS003406","삼성전자","0193L0","SHORT","3/5","5/30","20","333","316","17","11","24.02","-0.2846","-0.5069","20.78","-4.5985","7.3449","-638710","361290","-63.8710"
"KRX_RESET","DS001931","SK하이닉스","0193T0","LONG","3/5","5/20","30","214","208","6","5","23.36","-0.4630","-0.5878","17.18","-5.3293","6.3642","-639265","360735","-63.9265"
"KRX_RESET","DS004355","삼성전자","0193W0","LONG","3/5","20/30","30","296","276","20","9","31.76","-0.3113","-0.5315","22.30","-5.0134","6.5433","-639908","360092","-63.9908"
"KRX_RESET","DS003884","삼성전자","0193L0","SHORT","3/5","10/30","5","292","268","24","8","33.90","-0.3094","-0.3524","30.73","-13.5205","6.3992","-640610","359390","-64.0610"
"KRX_RESET","DS002420","SK하이닉스","0197X0","SHORT","3/5","10/20","5","311","299","12","5","30.87","-0.2935","-0.5362","22.65","-5.3034","11.9394","-641288","358712","-64.1288"
"KRX_RESET","DS002421","SK하이닉스","0197X0","SHORT","3/5","10/20","10","317","305","12","6","31.86","-0.2989","-0.5362","19.93","-4.9138","10.6123","-644116","355884","-64.4116"
"KRX_RESET","DS001999","삼성전자","0193W0","LONG","3/10","5/20","NONE","391","371","20","5","31.46","-0.2364","-0.3544","18.91","-9.9811","7.3224","-644539","355461","-64.4539"
"KRX_RESET","DS002902","SK하이닉스","0197X0","SHORT","3/5","3/30","20","318","301","17","7","29.87","-0.3117","-0.6089","17.39","-3.3650","8.3353","-645398","354602","-64.5398"
"KRX_RESET","DS002480","삼성전자","0193W0","LONG","3/10","10/20","5","304","285","19","6","32.57","-0.3089","-0.4208","21.27","-11.4715","7.3013","-646857","353143","-64.6857"
"KRX_RESET","DS003862","SK하이닉스","0197X0","SHORT","3/5","10/30","20","318","299","19","7","32.39","-0.2972","-0.5274","21.33","-5.7219","9.6525","-646926","353074","-64.6926"
"KRX_RESET","DS001943","SK하이닉스","0197X0","SHORT","3/5","5/20","30","327","313","14","7","27.52","-0.2991","-0.5246","18.06","-4.8198","5.3434","-647318","352682","-64.7318"
"KRX_RESET","DS002914","삼성전자","0193W0","LONG","3/5","3/30","20","294","283","11","9","26.87","-0.3457","-0.5095","16.29","-9.0429","3.8366","-649212","350788","-64.9212"
"KRX_RESET","DS003370","SK하이닉스","0193T0","LONG","3/5","5/30","20","240","227","13","10","22.50","-0.4171","-0.5956","18.81","-4.3423","5.2470","-649588","350412","-64.9588"
"KRX_RESET","DS002888","SK하이닉스","0193T0","LONG","3/5","3/30","5","246","233","13","6","31.30","-0.3851","-0.5013","22.75","-14.6845","9.8535","-650458","349542","-65.0458"
"KRX_RESET","DS002448","삼성전자","0193L0","SHORT","3/5","10/20","50","314","290","24","7","28.98","-0.3231","-0.4774","19.40","-3.5447","5.0691","-654478","345522","-65.4478"
"KRX_RESET","DS003382","SK하이닉스","0197X0","SHORT","3/5","5/30","20","318","300","18","7","31.13","-0.3173","-0.6189","19.77","-4.9138","8.2299","-654830","345170","-65.4830"
"KRX_RESET","DS002903","SK하이닉스","0197X0","SHORT","3/5","3/30","30","327","313","14","9","29.36","-0.3105","-0.5754","18.91","-4.6939","6.4116","-654946","345054","-65.4946"
"KRX_RESET","DS004651","삼성전자","0193L0","SHORT","3/30","20/30","NONE","191","172","19","4","28.80","-0.5185","-0.4073","25.39","-9.4331","3.6275","-654986","345014","-65.4986"
"KRX_RESET","DS003383","SK하이닉스","0197X0","SHORT","3/5","5/30","30","327","309","18","9","29.66","-0.3057","-0.5856","21.96","-5.1196","6.7691","-657205","342795","-65.7205"
"KRX_RESET","DS003874","삼성전자","0193W0","LONG","3/5","10/30","20","294","270","24","11","27.55","-0.3372","-0.5090","22.71","-9.3533","6.8745","-660245","339755","-66.0245"
"KRX_RESET","DS001963","삼성전자","0193L0","SHORT","3/5","5/20","NONE","703","666","37","14","34.00","-0.1290","-0.3190","20.81","-5.5571","8.1785","-660364","339636","-66.0364"
"KRX_RESET","DS002479","삼성전자","0193W0","LONG","3/10","10/20","NONE","391","366","25","7","33.25","-0.2383","-0.3813","21.92","-11.4715","7.4684","-662745","337255","-66.2745"
"KRX_RESET","DS004352","삼성전자","0193W0","LONG","3/5","20/30","5","276","255","21","6","36.96","-0.3384","-0.3773","31.84","-9.5121","6.8792","-664022","335978","-66.4022"
"KRX_RESET","DS003885","삼성전자","0193L0","SHORT","3/5","10/30","10","336","304","32","9","32.74","-0.2920","-0.4266","27.08","-10.3101","7.4923","-664716","335284","-66.4716"
"KRX_RESET","DS001450","SK하이닉스","0193T0","LONG","3/5","3/20","20","240","236","4","6","20.42","-0.4451","-0.5620","13.74","-4.3423","6.4903","-667155","332845","-66.7155"
"KRX_RESET","DS003861","SK하이닉스","0197X0","SHORT","3/5","10/30","10","317","297","20","6","33.44","-0.2989","-0.6199","26.74","-9.5789","11.9571","-669154","330846","-66.9154"
"KRX_RESET","DS003887","삼성전자","0193L0","SHORT","3/5","10/30","30","333","303","30","11","27.93","-0.3218","-0.3889","22.72","-4.3299","4.7858","-671508","328492","-67.1508"
"KRX_RESET","DS003863","SK하이닉스","0197X0","SHORT","3/5","10/30","30","327","307","20","9","33.64","-0.3091","-0.5129","22.99","-11.3637","8.3399","-671608","328392","-67.1608"
"KRX_RESET","DS003873","삼성전자","0193W0","LONG","3/5","10/30","10","299","273","26","9","29.43","-0.3492","-0.5325","25.76","-5.2049","5.0359","-672824","327176","-67.2824"
"KRX_RESET","DS000993","삼성전자","0193W0","LONG","3/5","5/10","10","299","291","8","5","25.42","-0.3651","-0.4606","9.60","-6.5346","4.6843","-673140","326860","-67.3140"
"KRX_RESET","DS002423","SK하이닉스","0197X0","SHORT","3/5","10/20","30","327","311","16","6","30.58","-0.3185","-0.5139","19.54","-5.2615","6.6871","-674104","325896","-67.4104"
"KRX_RESET","DS002913","삼성전자","0193W0","LONG","3/5","3/30","10","299","284","15","7","26.09","-0.3609","-0.4951","18.27","-6.8731","4.2924","-675748","324252","-67.5748"
"KRX_RESET","DS002899","SK하이닉스","0197X0","SHORT","3/5","3/30","NONE","635","606","29","10","37.80","-0.1320","-0.3631","24.38","-7.8923","11.9394","-676463","323537","-67.6463"
"KRX_RESET","DS004447","삼성전자","0193W0","LONG","5/10","20/30","NONE","345","317","28","7","33.04","-0.2788","-0.4908","30.06","-5.6173","8.3877","-677291","322709","-67.7291"
"KRX_RESET","DS004375","SK하이닉스","0193T0","LONG","3/10","20/30","NONE","287","257","30","10","32.40","-0.3486","-0.6726","34.08","-6.2460","10.9402","-679194","320806","-67.9194"
"KRX_RESET","DS004328","SK하이닉스","0193T0","LONG","3/5","20/30","5","246","222","24","9","30.08","-0.3819","-0.6818","36.25","-9.6845","10.9402","-679557","320443","-67.9557"
"KRX_RESET","DS001003","삼성전자","0193L0","SHORT","3/5","5/10","NONE","703","681","22","7","33.43","-0.1524","-0.2541","11.69","-3.9671","5.3440","-680528","319472","-68.0528"
"KRX_RESET","DS004507","삼성전자","0193L0","SHORT","3/20","20/30","NONE","235","211","24","7","32.34","-0.4612","-0.4011","29.87","-9.4331","3.6275","-680698","319302","-68.0698"
"KRX_RESET","DS002960","삼성전자","0193W0","LONG","3/10","3/30","5","304","290","14","6","29.61","-0.3490","-0.3545","20.12","-10.3071","6.5920","-681984","318016","-68.1984"
"KRX_RESET","DS003381","SK하이닉스","0197X0","SHORT","3/5","5/30","10","317","302","15","6","31.86","-0.3370","-0.6072","23.08","-8.9578","10.5047","-686256","313744","-68.6256"
"KRX_RESET","DS003864","SK하이닉스","0197X0","SHORT","3/5","10/30","50","302","286","16","9","35.10","-0.3213","-0.4944","26.59","-11.3637","8.3399","-686531","313469","-68.6531"
"KRX_RESET","DS001463","SK하이닉스","0197X0","SHORT","3/5","3/20","30","327","316","11","6","23.85","-0.3413","-0.5490","15.08","-4.6273","5.7229","-687187","312813","-68.7187"
"KRX_RESET","DS003920","삼성전자","0193W0","LONG","3/10","10/30","5","304","277","27","7","30.92","-0.3533","-0.5217","30.48","-6.4882","9.7103","-687692","312308","-68.7692"
"KRX_RESET","DS003408","삼성전자","0193L0","SHORT","3/5","5/30","50","314","294","20","11","24.52","-0.3565","-0.4719","21.21","-5.7771","4.3113","-688932","311068","-68.8932"
"KRX_RESET","DS004330","SK하이닉스","0193T0","LONG","3/5","20/30","20","240","231","9","13","26.67","-0.4234","-0.7622","26.70","-4.6748","9.0080","-690177","309823","-69.0177"
"KRX_RESET","DS002889","SK하이닉스","0193T0","LONG","3/5","3/30","10","255","246","9","6","28.63","-0.4382","-0.5714","18.52","-10.5243","5.6615","-690481","309519","-69.0481"
"KRX_RESET","DS003886","삼성전자","0193L0","SHORT","3/5","10/30","20","333","304","29","11","26.73","-0.3352","-0.4647","22.35","-5.0225","6.5700","-690799","309201","-69.0799"
"KRX_RESET","DS002928","삼성전자","0193L0","SHORT","3/5","3/30","50","314","301","13","11","21.97","-0.3643","-0.4674","18.60","-5.6889","4.3113","-692759","307241","-69.2759"
"KRX_RESET","DS004344","SK하이닉스","0197X0","SHORT","3/5","20/30","50","302","277","25","8","35.43","-0.3409","-0.4278","25.28","-10.5284","8.7574","-692813","307187","-69.2813"
"KRX_RESET","DS004400","삼성전자","0193W0","LONG","3/10","20/30","5","304","280","24","7","32.57","-0.3475","-0.4685","30.63","-6.1680","8.3877","-696273","303727","-69.6273"
"KRX_RESET","DS003499","삼성전자","0193L0","SHORT","5/10","5/30","NONE","345","328","17","9","32.46","-0.2964","-0.3887","25.40","-9.6832","7.9624","-698679","301321","-69.8679"
"KRX_RESET","DS002419","SK하이닉스","0197X0","SHORT","3/5","10/20","NONE","635","610","25","9","37.48","-0.1396","-0.3821","23.81","-5.3034","11.9394","-699622","300378","-69.9622"
"KRX_RESET","DS000019","SK하이닉스","0197X0","SHORT","3/5","3/5","NONE","635","627","8","2","28.98","-0.1861","-0.3531","4.96","-2.3549","6.0923","-701803","298197","-70.1803"
"KRX_RESET","DS003369","SK하이닉스","0193T0","LONG","3/5","5/30","10","255","238","17","8","28.63","-0.4543","-0.5714","22.10","-9.1189","5.7443","-704763","295237","-70.4763"
"KRX_RESET","DS004364","삼성전자","0193L0","SHORT","3/5","20/30","5","292","263","29","8","34.93","-0.3882","-0.4013","31.04","-9.9490","6.2202","-706380","293620","-70.6380"
"KRX_RESET","DS003500","삼성전자","0193L0","SHORT","5/10","5/30","5","308","293","15","9","30.52","-0.3478","-0.4619","25.30","-9.6832","7.9624","-710863","289137","-71.0863"
"KRX_RESET","DS004353","삼성전자","0193W0","LONG","3/5","20/30","10","299","276","23","9","32.78","-0.3772","-0.5460","28.22","-5.1068","6.8792","-711238","288762","-71.1238"
"KRX_RESET","DS004356","삼성전자","0193W0","LONG","3/5","20/30","50","285","264","21","9","29.82","-0.4060","-0.5590","24.53","-5.1068","6.1234","-713794","286206","-71.3794"
"KRX_RESET","DS003931","삼성전자","0193L0","SHORT","3/10","10/30","NONE","392","360","32","10","33.93","-0.2807","-0.3521","31.69","-9.9034","7.4038","-717319","282681","-71.7319"
"KRX_RESET","DS000007","SK하이닉스","0193T0","LONG","3/5","3/5","NONE","545","538","7","2","28.26","-0.2311","-0.3820","4.56","-2.9320","7.0780","-723335","276665","-72.3335"
"KRX_RESET","DS003919","삼성전자","0193W0","LONG","3/10","10/30","NONE","391","351","40","9","31.46","-0.2685","-0.4726","31.07","-10.3256","9.7103","-723765","276235","-72.3765"
"KRX_RESET","DS002959","삼성전자","0193W0","LONG","3/10","3/30","NONE","391","372","19","8","29.41","-0.2923","-0.3562","20.81","-10.3071","6.5920","-727158","272842","-72.7158"
"KRX_RESET","DS004341","SK하이닉스","0197X0","SHORT","3/5","20/30","10","317","292","25","8","36.59","-0.3632","-0.5186","31.02","-9.7652","10.1819","-728054","271946","-72.8054"
"KRX_RESET","DS004343","SK하이닉스","0197X0","SHORT","3/5","20/30","30","327","299","28","9","33.94","-0.3720","-0.5049","22.42","-7.0013","7.6238","-730277","269723","-73.0277"
"KRX_RESET","DS004354","삼성전자","0193W0","LONG","3/5","20/30","20","294","272","22","11","30.27","-0.4174","-0.5733","23.41","-9.0429","6.5433","-734095","265905","-73.4095"
"KRX_RESET","DS003888","삼성전자","0193L0","SHORT","3/5","10/30","50","314","280","34","12","27.39","-0.4070","-0.4056","24.50","-5.6448","4.7858","-734852","265148","-73.4852"
"KRX_RESET","DS004459","삼성전자","0193L0","SHORT","5/10","20/30","NONE","345","310","35","9","37.10","-0.3637","-0.3487","30.66","-7.9563","7.2241","-739386","260614","-73.9386"
"KRX_RESET","DS003379","SK하이닉스","0197X0","SHORT","3/5","5/30","NONE","635","602","33","12","37.95","-0.1544","-0.4661","28.24","-8.9578","11.8305","-742700","257300","-74.2700"
"KRX_RESET","DS004460","삼성전자","0193L0","SHORT","5/10","20/30","5","308","280","28","8","35.71","-0.4169","-0.3656","30.03","-7.9563","7.2241","-744706","255294","-74.4706"
"KRX_RESET","DS000523","삼성전자","0193L0","SHORT","3/5","3/10","NONE","703","684","19","6","32.57","-0.1908","-0.2539","9.52","-3.2822","3.8947","-747780","252220","-74.7780"
"KRX_RESET","DS004411","삼성전자","0193L0","SHORT","3/10","20/30","NONE","392","355","37","11","33.93","-0.3251","-0.3621","30.46","-8.5459","7.4449","-748741","251259","-74.8741"
"KRX_RESET","DS000967","SK하이닉스","0193T0","LONG","3/5","5/10","NONE","545","531","14","7","35.78","-0.2347","-0.3334","12.99","-7.6054","6.4786","-750845","249155","-75.0845"
"KRX_RESET","DS004342","SK하이닉스","0197X0","SHORT","3/5","20/30","20","318","289","29","7","32.08","-0.4098","-0.6373","23.83","-7.0013","7.9138","-755029","244971","-75.5029"
"KRX_RESET","DS000487","SK하이닉스","0193T0","LONG","3/5","3/10","NONE","545","533","12","7","33.76","-0.2434","-0.3855","11.13","-6.8416","6.3593","-755986","244014","-75.5986"
"KRX_RESET","DS000043","삼성전자","0193L0","SHORT","3/5","3/5","NONE","703","693","10","3","26.74","-0.2009","-0.2436","4.60","-2.6073","3.5544","-760061","239939","-76.0061"
"KRX_RESET","DS002923","삼성전자","0193L0","SHORT","3/5","3/30","NONE","703","675","28","15","30.58","-0.1624","-0.3196","23.40","-9.3699","9.0122","-761185","238815","-76.1185"
"KRX_RESET","DS003979","삼성전자","0193L0","SHORT","5/10","10/30","NONE","345","314","31","9","35.36","-0.3567","-0.3834","32.04","-10.0846","7.1831","-765363","234637","-76.5363"
"KRX_RESET","DS003980","삼성전자","0193L0","SHORT","5/10","10/30","5","308","283","25","9","33.44","-0.4068","-0.4148","31.66","-10.0846","7.1831","-767279","232721","-76.7279"
"KRX_RESET","DS004399","삼성전자","0193W0","LONG","3/10","20/30","NONE","391","359","32","9","32.48","-0.3086","-0.4623","30.60","-10.0185","8.3877","-770000","230000","-77.0000"
"KRX_RESET","DS004365","삼성전자","0193L0","SHORT","3/5","20/30","10","336","296","40","10","31.25","-0.4061","-0.5078","29.32","-8.5459","7.5334","-771047","228953","-77.1047"
"KRX_RESET","DS003847","SK하이닉스","0193T0","LONG","3/5","10/30","NONE","545","499","46","19","32.11","-0.1351","-0.5041","33.51","-9.4482","11.8656","-775448","224552","-77.5448"
"KRX_RESET","DS002443","삼성전자","0193L0","SHORT","3/5","10/20","NONE","703","653","50","14","35.42","-0.1775","-0.3613","23.38","-6.6672","9.9292","-777104","222896","-77.7104"
"KRX_RESET","DS004329","SK하이닉스","0193T0","LONG","3/5","20/30","10","255","239","16","10","28.63","-0.5243","-0.8721","32.18","-5.2811","9.0080","-781232","218768","-78.1232"
"KRX_RESET","DS000031","삼성전자","0193W0","LONG","3/5","3/5","NONE","695","686","9","2","25.04","-0.2203","-0.2817","4.25","-3.0298","6.1114","-787903","212097","-78.7903"
"KRX_RESET","DS004367","삼성전자","0193L0","SHORT","3/5","20/30","30","333","301","32","11","27.63","-0.4470","-0.4262","22.09","-3.3200","4.3740","-788884","211116","-78.8884"
"KRX_RESET","DS004368","삼성전자","0193L0","SHORT","3/5","20/30","50","314","278","36","12","26.75","-0.4951","-0.4573","24.48","-5.9536","4.3740","-803563","196437","-80.3563"
"KRX_RESET","DS004366","삼성전자","0193L0","SHORT","3/5","20/30","20","333","298","35","11","27.03","-0.4699","-0.5407","23.98","-8.5459","6.6108","-807254","192746","-80.7254"
"KRX_RESET","DS000511","삼성전자","0193W0","LONG","3/5","3/10","NONE","695","673","22","6","28.35","-0.2444","-0.3264","8.84","-4.3647","5.5941","-826088","173912","-82.6088"
"KRX_RESET","DS002407","SK하이닉스","0193T0","LONG","3/5","10/20","NONE","545","517","28","12","35.05","-0.2684","-0.3795","24.56","-9.8268","8.7580","-842629","157371","-84.2629"
"KRX_RESET","DS001447","SK하이닉스","0193T0","LONG","3/5","3/20","NONE","545","526","19","10","28.99","-0.2983","-0.4505","18.00","-12.7258","9.6111","-843107","156893","-84.3107"
"KRX_RESET","DS003403","삼성전자","0193L0","SHORT","3/5","5/30","NONE","703","653","50","16","33.29","-0.1979","-0.3613","27.20","-13.1344","9.7208","-859329","140671","-85.9329"
"KRX_RESET","DS001471","삼성전자","0193W0","LONG","3/5","3/20","NONE","695","659","36","11","29.35","-0.2600","-0.3555","16.86","-8.1070","6.0597","-867503","132497","-86.7503"
"KRX_RESET","DS003391","삼성전자","0193W0","LONG","3/5","5/30","NONE","695","641","54","15","33.53","-0.2015","-0.3285","26.91","-9.1344","10.4365","-873938","126062","-87.3938"
"KRX_RESET","DS001927","SK하이닉스","0193T0","LONG","3/5","5/20","NONE","545","520","25","10","31.01","-0.3356","-0.4721","20.59","-13.0351","9.6111","-878855","121145","-87.8855"
"KRX_RESET","DS000991","삼성전자","0193W0","LONG","3/5","5/10","NONE","695","672","23","7","30.07","-0.2982","-0.3503","11.19","-6.5346","5.8528","-888159","111841","-88.8159"
"KRX_RESET","DS001951","삼성전자","0193W0","LONG","3/5","5/20","NONE","695","656","39","11","32.09","-0.2704","-0.3549","20.29","-10.1070","7.3224","-896613","103387","-89.6613"
"KRX_RESET","DS003367","SK하이닉스","0193T0","LONG","3/5","5/30","NONE","545","500","45","16","29.91","-0.3597","-0.4686","27.54","-13.3443","10.1160","-898277","101723","-89.8277"
"KRX_RESET","DS002887","SK하이닉스","0193T0","LONG","3/5","3/30","NONE","545","520","25","10","30.09","-0.3628","-0.4660","22.93","-14.6845","10.1160","-904871","95129","-90.4871"
"KRX_RESET","DS002431","삼성전자","0193W0","LONG","3/5","10/20","NONE","695","653","42","11","32.95","-0.2691","-0.3442","22.32","-11.5953","7.3013","-905776","94224","-90.5776"
"KRX_RESET","DS004327","SK하이닉스","0193T0","LONG","3/5","20/30","NONE","545","495","50","18","32.84","-0.3200","-0.5349","35.58","-9.6845","11.0131","-907100","92900","-90.7100"
"KRX_RESET","DS004339","SK하이닉스","0197X0","SHORT","3/5","20/30","NONE","635","587","48","20","39.69","-0.2538","-0.3781","33.10","-10.5284","11.5039","-918624","81376","-91.8624"
"KRX_RESET","DS003883","삼성전자","0193L0","SHORT","3/5","10/30","NONE","703","629","74","15","34.99","-0.2722","-0.3218","30.85","-13.5205","8.9288","-923243","76757","-92.3243"
"KRX_RESET","DS003859","SK하이닉스","0197X0","SHORT","3/5","10/30","NONE","635","596","39","19","39.84","-0.1974","-0.3825","32.05","-11.3637","13.3003","-932507","67493","-93.2507"
"KRX_RESET","DS004363","삼성전자","0193L0","SHORT","3/5","20/30","NONE","703","624","79","15","34.28","-0.3380","-0.3587","30.72","-9.9490","8.9705","-940588","59412","-94.0588"
"KRX_RESET","DS002911","삼성전자","0193W0","LONG","3/5","3/30","NONE","695","659","36","13","32.37","-0.3310","-0.3761","22.74","-10.4326","6.5920","-954749","45251","-95.4749"
"KRX_RESET","DS003871","삼성전자","0193W0","LONG","3/5","10/30","NONE","695","625","70","15","31.22","-0.3090","-0.4332","31.18","-10.3256","9.7103","-962980","37020","-96.2980"
"KRX_RESET","DS004351","삼성전자","0193W0","LONG","3/5","20/30","NONE","695","635","60","16","31.94","-0.3643","-0.4316","30.73","-10.0185","8.3877","-972771","27229","-97.2771"
