"계산방식","전략id","신호종목","실행상품코드","방향","진입ma","청산ma","추세ma","거래수","정상청산수","마감1519청산수","최대동시open","승률_pct","평균순수익률_pct","중앙순수익률_pct","평균보유분","최악거래_pct","최고거래_pct","누적복리손익","최종복리자본","누적복리수익률_pct"
"KRX_CONTINUOUS","DS002277","SK하이닉스","0197X0","SHORT","5/30","5/20","10","108","106","2","2","46.30","0.3740","-0.1218","20.78","-2.5052","17.1694","454244","1454244","45.4244"
"KRX_CONTINUOUS","DS002323","SK하이닉스","0197X0","SHORT","10/30","5/20","NONE","119","114","5","3","45.38","0.3175","-0.2000","19.19","-2.5799","17.1694","418460","1418460","41.8460"
"KRX_CONTINUOUS","DS002325","SK하이닉스","0197X0","SHORT","10/30","5/20","10","114","109","5","2","44.74","0.3311","-0.2000","19.21","-2.5799","17.1694","418380","1418380","41.8380"
"KRX_CONTINUOUS","DS002808","SK하이닉스","0197X0","SHORT","10/30","10/20","50","66","65","1","3","45.45","0.5667","-0.1081","21.76","-4.3224","17.1694","411620","1411620","41.1620"
"KRX_CONTINUOUS","DS002229","SK하이닉스","0197X0","SHORT","3/30","5/20","10","133","126","7","2","40.60","0.2783","-0.2000","20.05","-2.2629","17.1694","400678","1400678","40.0678"
"KRX_CONTINUOUS","DS001797","SK하이닉스","0197X0","SHORT","5/30","3/20","10","108","106","2","2","44.44","0.3129","-0.2496","18.53","-3.4437","17.4211","364199","1364199","36.4199"
"KRX_CONTINUOUS","DS002328","SK하이닉스","0197X0","SHORT","10/30","5/20","50","66","64","2","3","42.42","0.5076","-0.2000","18.53","-2.5799","17.1694","363792","1363792","36.3792"
"KRX_CONTINUOUS","DS003237","SK하이닉스","0197X0","SHORT","5/30","3/30","10","108","106","2","2","40.74","0.3064","-0.3133","22.69","-2.4368","17.1065","352588","1352588","35.2588"
"KRX_CONTINUOUS","DS001844","SK하이닉스","0197X0","SHORT","10/30","3/20","5","97","94","3","2","42.27","0.3176","-0.2457","17.63","-2.0741","17.4211","327040","1327040","32.7040"
"KRX_CONTINUOUS","DS003283","SK하이닉스","0197X0","SHORT","10/30","3/30","NONE","119","114","5","3","40.34","0.2633","-0.2457","22.20","-6.2043","17.1065","322658","1322658","32.2658"
"KRX_CONTINUOUS","DS003285","SK하이닉스","0197X0","SHORT","10/30","3/30","10","114","109","5","3","39.47","0.2738","-0.2458","22.23","-6.2043","17.1065","321149","1321149","32.1149"
"KRX_CONTINUOUS","DS001843","SK하이닉스","0197X0","SHORT","10/30","3/20","NONE","119","115","4","2","41.18","0.2560","-0.2457","17.25","-2.0741","17.4211","321044","1321044","32.1044"
"KRX_CONTINUOUS","DS002324","SK하이닉스","0197X0","SHORT","10/30","5/20","5","97","93","4","2","44.33","0.3124","-0.2000","19.33","-2.5799","17.1694","320105","1320105","32.0105"
"KRX_CONTINUOUS","DS002084","SK하이닉스","0197X0","SHORT","3/20","5/20","5","192","183","9","3","38.54","0.1666","-0.3029","19.42","-2.7606","17.1694","319825","1319825","31.9825"
"KRX_CONTINUOUS","DS002276","SK하이닉스","0197X0","SHORT","5/30","5/20","5","133","129","4","2","42.86","0.2322","-0.2000","21.14","-4.2995","17.1694","318839","1318839","31.8839"
"KRX_CONTINUOUS","DS002275","SK하이닉스","0197X0","SHORT","5/30","5/20","NONE","135","131","4","2","42.96","0.2267","-0.2000","21.01","-4.2995","17.1694","315171","1315171","31.5171"
"KRX_CONTINUOUS","DS002803","SK하이닉스","0197X0","SHORT","10/30","10/20","NONE","119","115","4","3","44.54","0.2582","-0.1242","21.40","-4.3224","17.1694","313952","1313952","31.3952"
"KRX_CONTINUOUS","DS001845","SK하이닉스","0197X0","SHORT","10/30","3/20","10","114","110","4","2","40.35","0.2608","-0.2676","17.21","-2.0741","17.4211","311714","1311714","31.1714"
"KRX_CONTINUOUS","DS003288","SK하이닉스","0197X0","SHORT","10/30","3/30","50","66","64","2","3","39.39","0.4509","-0.2229","22.00","-6.2043","17.1065","309192","1309192","30.9192"
"KRX_CONTINUOUS","DS002804","SK하이닉스","0197X0","SHORT","10/30","10/20","5","97","93","4","2","47.42","0.3094","-0.0814","22.26","-4.3224","17.1694","308077","1308077","30.8077"
"KRX_CONTINUOUS","DS002805","SK하이닉스","0197X0","SHORT","10/30","10/20","10","114","110","4","2","43.86","0.2591","-0.1621","21.44","-4.3224","17.1694","298847","1298847","29.8847"
"KRX_CONTINUOUS","DS001848","SK하이닉스","0197X0","SHORT","10/30","3/20","50","66","64","2","2","40.91","0.4280","-0.3520","16.56","-2.0741","17.4211","295176","1295176","29.5176"
"KRX_CONTINUOUS","DS004248","SK하이닉스","0197X0","SHORT","10/30","10/30","50","66","64","2","2","42.42","0.4388","-0.2767","26.32","-4.3224","17.0435","294946","1294946","29.4946"
"KRX_CONTINUOUS","DS002280","SK하이닉스","0197X0","SHORT","5/30","5/20","50","66","64","2","2","39.39","0.4248","-0.3607","21.74","-3.9397","17.1694","292910","1292910","29.2910"
"KRX_CONTINUOUS","DS003284","SK하이닉스","0197X0","SHORT","10/30","3/30","5","97","93","4","3","42.27","0.2954","-0.2457","23.12","-6.2043","17.1065","291026","1291026","29.1026"
"KRX_CONTINUOUS","DS003240","SK하이닉스","0197X0","SHORT","5/30","3/30","50","66","64","2","2","36.36","0.4215","-0.4875","20.91","-2.1725","17.1065","288994","1288994","28.8994"
"KRX_CONTINUOUS","DS001317","SK하이닉스","0197X0","SHORT","5/30","5/10","10","108","108","0","2","47.22","0.2550","-0.0889","12.40","-3.1023","16.9177","287608","1287608","28.7608"
"KRX_CONTINUOUS","DS003236","SK하이닉스","0197X0","SHORT","5/30","3/30","5","133","129","4","2","37.59","0.2116","-0.3806","21.01","-2.4368","17.1065","286267","1286267","28.6267"
"KRX_CONTINUOUS","DS004244","SK하이닉스","0197X0","SHORT","10/30","10/30","5","97","92","5","1","44.33","0.2893","-0.0924","27.79","-4.3224","17.0435","279119","1279119","27.9119"
"KRX_CONTINUOUS","DS003768","SK하이닉스","0197X0","SHORT","10/30","5/30","50","66","64","2","3","43.94","0.4177","-0.2723","25.17","-7.1335","17.1065","277979","1277979","27.7979"
"KRX_CONTINUOUS","DS001800","SK하이닉스","0197X0","SHORT","5/30","3/20","50","66","64","2","2","37.88","0.4089","-0.4705","19.21","-3.7454","17.4211","277791","1277791","27.7791"
"KRX_CONTINUOUS","DS002757","SK하이닉스","0197X0","SHORT","5/30","10/20","10","108","106","2","3","43.52","0.2590","-0.2834","23.42","-4.0363","17.1694","275871","1275871","27.5871"
"KRX_CONTINUOUS","DS003717","SK하이닉스","0197X0","SHORT","5/30","5/30","10","108","106","2","1","41.67","0.2533","-0.4290","24.78","-2.9633","17.1065","274475","1274475","27.4475"
"KRX_CONTINUOUS","DS003235","SK하이닉스","0197X0","SHORT","5/30","3/30","NONE","135","131","4","2","37.04","0.2017","-0.3806","20.87","-2.4368","17.1065","274460","1274460","27.4460"
"KRX_CONTINUOUS","DS001749","SK하이닉스","0197X0","SHORT","3/30","3/20","10","133","126","7","2","39.10","0.2033","-0.3586","17.05","-3.4437","17.4211","272276","1272276","27.2276"
"KRX_CONTINUOUS","DS003189","SK하이닉스","0197X0","SHORT","3/30","3/30","10","133","126","7","1","35.34","0.1986","-0.4644","19.60","-2.4797","17.1065","262483","1262483","26.2483"
"KRX_CONTINUOUS","DS004245","SK하이닉스","0197X0","SHORT","10/30","10/30","10","114","109","5","1","42.98","0.2359","-0.1732","26.53","-4.3224","17.0435","260796","1260796","26.0796"
"KRX_CONTINUOUS","DS001846","SK하이닉스","0197X0","SHORT","10/30","3/20","20","98","95","3","2","41.84","0.2586","-0.2526","17.82","-2.0741","17.4211","258770","1258770","25.8770"
"KRX_CONTINUOUS","DS004100","SK하이닉스","0197X0","SHORT","10/20","10/30","5","115","109","6","3","47.83","0.2284","-0.0768","30.79","-4.4438","17.0435","253602","1253602","25.3602"
"KRX_CONTINUOUS","DS000837","SK하이닉스","0197X0","SHORT","5/30","3/10","10","108","108","0","2","43.52","0.2282","-0.1417","10.80","-2.1392","18.0505","249902","1249902","24.9902"
"KRX_CONTINUOUS","DS000886","SK하이닉스","0197X0","SHORT","10/30","3/10","20","98","98","0","2","42.86","0.2503","-0.1782","10.88","-6.0613","18.0505","248344","1248344","24.8344"
"KRX_CONTINUOUS","DS003144","SK하이닉스","0197X0","SHORT","10/20","3/30","50","75","71","4","2","36.00","0.3275","-0.2448","22.19","-2.1275","17.1065","247317","1247317","24.7317"
"KRX_CONTINUOUS","DS004243","SK하이닉스","0197X0","SHORT","10/30","10/30","NONE","119","114","5","2","42.86","0.2162","-0.2000","26.05","-4.3224","17.0435","245969","1245969","24.5969"
"KRX_CONTINUOUS","DS001796","SK하이닉스","0197X0","SHORT","5/30","3/20","5","133","130","3","2","41.35","0.1870","-0.3068","18.50","-3.8290","17.4211","245340","1245340","24.5340"
"KRX_CONTINUOUS","DS001795","SK하이닉스","0197X0","SHORT","5/30","3/20","NONE","135","132","3","2","40.74","0.1803","-0.3068","18.38","-3.8290","17.4211","238731","1238731","23.8731"
"KRX_CONTINUOUS","DS002760","SK하이닉스","0197X0","SHORT","5/30","10/20","50","66","64","2","3","39.39","0.3647","-0.2000","24.18","-4.0363","17.1694","237070","1237070","23.7070"
"KRX_CONTINUOUS","DS001316","SK하이닉스","0197X0","SHORT","5/30","5/10","5","133","133","0","2","45.11","0.1760","-0.1282","12.05","-3.1023","16.9177","234054","1234054","23.4054"
"KRX_CONTINUOUS","DS001653","SK하이닉스","0197X0","SHORT","5/20","3/20","10","147","143","4","2","37.41","0.1639","-0.4071","16.84","-3.4437","17.4211","232226","1232226","23.2226"
"KRX_CONTINUOUS","DS002326","SK하이닉스","0197X0","SHORT","10/30","5/20","20","98","95","3","2","44.90","0.2350","-0.2000","18.82","-2.5799","17.1694","231086","1231086","23.1086"
"KRX_CONTINUOUS","DS001315","SK하이닉스","0197X0","SHORT","5/30","5/10","NONE","135","135","0","2","44.44","0.1709","-0.1304","11.91","-3.1023","16.9177","229909","1229909","22.9909"
"KRX_CONTINUOUS","DS002179","SK하이닉스","0197X0","SHORT","10/20","5/20","NONE","157","150","7","2","38.85","0.1517","-0.3502","18.34","-3.0554","17.1694","227633","1227633","22.7633"
"KRX_CONTINUOUS","DS003763","SK하이닉스","0197X0","SHORT","10/30","5/30","NONE","119","114","5","3","43.70","0.2011","-0.2906","24.77","-7.1335","17.1065","223436","1223436","22.3436"
"KRX_CONTINUOUS","DS000884","SK하이닉스","0197X0","SHORT","10/30","3/10","5","97","97","0","2","42.27","0.2306","-0.2000","10.52","-6.0613","18.0505","221977","1221977","22.1977"
"KRX_CONTINUOUS","DS003765","SK하이닉스","0197X0","SHORT","10/30","5/30","10","114","109","5","3","42.98","0.2084","-0.2910","24.88","-7.1335","17.1065","221516","1221516","22.1516"
"KRX_CONTINUOUS","DS003720","SK하이닉스","0197X0","SHORT","5/30","5/30","50","66","64","2","1","36.36","0.3400","-0.4352","22.11","-2.2887","17.1065","220978","1220978","22.0978"
"KRX_CONTINUOUS","DS002228","SK하이닉스","0197X0","SHORT","3/30","5/20","5","144","135","9","3","38.19","0.1640","-0.2000","20.21","-5.1400","17.1694","220806","1220806","22.0806"
"KRX_CONTINUOUS","DS003140","SK하이닉스","0197X0","SHORT","10/20","3/30","5","115","110","5","2","39.13","0.1983","-0.2764","22.38","-6.4723","17.1065","219815","1219815","21.9815"
"KRX_CONTINUOUS","DS002133","SK하이닉스","0197X0","SHORT","5/20","5/20","10","147","142","5","1","36.05","0.1562","-0.3002","18.50","-2.7606","17.1694","218478","1218478","21.8478"
"KRX_CONTINUOUS","DS003287","SK하이닉스","0197X0","SHORT","10/30","3/30","30","61","58","3","3","36.07","0.3586","-0.3826","20.97","-1.7300","17.1065","217948","1217948","21.7948"
"KRX_CONTINUOUS","DS000836","SK하이닉스","0197X0","SHORT","5/30","3/10","5","133","133","0","2","43.61","0.1652","-0.1465","10.57","-2.1392","18.0505","215532","1215532","21.5532"
"KRX_CONTINUOUS","DS002180","SK하이닉스","0197X0","SHORT","10/20","5/20","5","115","111","4","2","37.39","0.1922","-0.3528","18.69","-2.1435","17.1694","214967","1214967","21.4967"
"KRX_CONTINUOUS","DS001363","SK하이닉스","0197X0","SHORT","10/30","5/10","NONE","119","118","1","2","43.70","0.1823","-0.2000","11.71","-6.2043","16.9177","211771","1211771","21.1771"
"KRX_CONTINUOUS","DS001366","SK하이닉스","0197X0","SHORT","10/30","5/10","20","98","98","0","2","43.88","0.2205","-0.1742","12.67","-6.2043","16.9177","211578","1211578","21.1578"
"KRX_CONTINUOUS","DS003188","SK하이닉스","0197X0","SHORT","3/30","3/30","5","144","135","9","1","33.33","0.1550","-0.4609","18.69","-2.4797","17.1065","211440","1211440","21.1440"
"KRX_CONTINUOUS","DS000883","SK하이닉스","0197X0","SHORT","10/30","3/10","NONE","119","118","1","3","40.34","0.1800","-0.2485","10.19","-6.0613","18.0505","209334","1209334","20.9334"
"KRX_CONTINUOUS","DS001269","SK하이닉스","0197X0","SHORT","3/30","5/10","10","133","128","5","2","45.11","0.1612","-0.1489","12.22","-3.1023","16.9177","208822","1208822","20.8822"
"KRX_CONTINUOUS","DS001320","SK하이닉스","0197X0","SHORT","5/30","5/10","50","66","66","0","2","39.39","0.3165","-0.1508","12.30","-3.1023","16.9177","208201","1208201","20.8201"
"KRX_CONTINUOUS","DS002806","SK하이닉스","0197X0","SHORT","10/30","10/20","20","98","95","3","2","46.94","0.2185","-0.0867","21.60","-4.3224","17.1694","204618","1204618","20.4618"
"KRX_CONTINUOUS","DS000835","SK하이닉스","0197X0","SHORT","5/30","3/10","NONE","135","135","0","2","42.96","0.1559","-0.2000","10.44","-2.1392","18.0505","204429","1204429","20.4429"
"KRX_CONTINUOUS","DS002083","SK하이닉스","0197X0","SHORT","3/20","5/20","NONE","217","208","9","3","37.33","0.1066","-0.3186","18.99","-2.9950","17.1694","203006","1203006","20.3006"
"KRX_CONTINUOUS","DS000694","SK하이닉스","0197X0","SHORT","5/20","3/10","20","84","83","1","1","42.86","0.2417","-0.1193","10.88","-2.0779","18.0505","199967","1199967","19.9967"
"KRX_CONTINUOUS","DS001699","SK하이닉스","0197X0","SHORT","10/20","3/20","NONE","157","151","6","2","39.49","0.1341","-0.3610","16.31","-2.4958","17.4211","197216","1197216","19.7216"
"KRX_CONTINUOUS","DS003764","SK하이닉스","0197X0","SHORT","10/30","5/30","5","97","93","4","3","43.30","0.2213","-0.2914","25.03","-7.1335","17.1065","196998","1196998","19.6998"
"KRX_CONTINUOUS","DS001364","SK하이닉스","0197X0","SHORT","10/30","5/10","5","97","97","0","2","44.33","0.2087","-0.1485","12.11","-6.2043","16.9177","195401","1195401","19.5401"
"KRX_CONTINUOUS","DS004247","SK하이닉스","0197X0","SHORT","10/30","10/30","30","61","59","2","1","39.34","0.3316","-0.3080","26.03","-4.3224","17.0435","192757","1192757","19.2757"
"KRX_CONTINUOUS","DS003716","SK하이닉스","0197X0","SHORT","5/30","5/30","5","133","129","4","1","37.59","0.1562","-0.4290","22.65","-2.9633","17.1065","192288","1192288","19.2288"
"KRX_CONTINUOUS","DS003286","SK하이닉스","0197X0","SHORT","10/30","3/30","20","98","95","3","3","41.84","0.2057","-0.2564","23.04","-6.2043","17.1065","190056","1190056","19.0056"
"KRX_CONTINUOUS","DS001173","SK하이닉스","0197X0","SHORT","5/20","5/10","10","147","145","2","1","44.90","0.1361","-0.1465","11.59","-3.1023","16.9177","189589","1189589","18.9589"
"KRX_CONTINUOUS","DS001365","SK하이닉스","0197X0","SHORT","10/30","5/10","10","114","113","1","2","42.98","0.1727","-0.2000","11.55","-6.2043","16.9177","188172","1188172","18.8172"
"KRX_CONTINUOUS","DS000789","SK하이닉스","0197X0","SHORT","3/30","3/10","10","133","128","5","2","38.35","0.1482","-0.2000","10.71","-2.0779","18.0505","187497","1187497","18.7497"
"KRX_CONTINUOUS","DS000885","SK하이닉스","0197X0","SHORT","10/30","3/10","10","114","113","1","2","39.47","0.1714","-0.2491","10.04","-6.0613","18.0505","187234","1187234","18.7234"
"KRX_CONTINUOUS","DS001651","SK하이닉스","0197X0","SHORT","5/20","3/20","NONE","185","180","5","3","35.14","0.1110","-0.4209","15.74","-3.4437","17.4211","186942","1186942","18.6942"
"KRX_CONTINUOUS","DS002227","SK하이닉스","0197X0","SHORT","3/30","5/20","NONE","171","162","9","3","39.77","0.1240","-0.2000","21.25","-5.1400","17.1694","185661","1185661","18.5661"
"KRX_CONTINUOUS","DS002807","SK하이닉스","0197X0","SHORT","10/30","10/20","30","61","59","2","2","40.98","0.3143","-0.2539","21.11","-4.3224","17.1694","182712","1182712","18.2712"
"KRX_CONTINUOUS","DS003715","SK하이닉스","0197X0","SHORT","5/30","5/30","NONE","135","131","4","1","37.04","0.1476","-0.4290","22.36","-2.9633","17.1065","182115","1182115","18.2115"
"KRX_CONTINUOUS","DS004200","SK하이닉스","0197X0","SHORT","5/30","10/30","50","66","64","2","3","43.94","0.3000","-0.1731","30.00","-4.5616","17.0435","181706","1181706","18.1706"
"KRX_CONTINUOUS","DS003669","SK하이닉스","0197X0","SHORT","3/30","5/30","10","133","124","9","3","37.59","0.1516","-0.4784","24.23","-2.5988","17.1065","181015","1181015","18.1015"
"KRX_CONTINUOUS","DS000646","SK하이닉스","0197X0","SHORT","3/20","3/10","20","102","99","3","2","38.24","0.1858","-0.2492","10.79","-2.0779","18.0505","180548","1180548","18.0548"
"KRX_CONTINUOUS","DS002184","SK하이닉스","0197X0","SHORT","10/20","5/20","50","75","72","3","2","33.33","0.2498","-0.4434","17.55","-2.1214","17.1694","177184","1177184","17.7184"
"KRX_CONTINUOUS","DS003239","SK하이닉스","0197X0","SHORT","5/30","3/30","30","61","59","2","2","31.15","0.3020","-0.5408","20.51","-2.1725","17.1065","174557","1174557","17.4557"
"KRX_CONTINUOUS","DS003044","SK하이닉스","0197X0","SHORT","3/20","3/30","5","192","181","11","3","35.42","0.1073","-0.4109","22.22","-6.2714","17.1065","174115","1174115","17.4115"
"KRX_CONTINUOUS","DS001700","SK하이닉스","0197X0","SHORT","10/20","3/20","5","115","112","3","2","38.26","0.1622","-0.4322","16.74","-2.0917","17.4211","174045","1174045","17.4045"
"KRX_CONTINUOUS","DS003139","SK하이닉스","0197X0","SHORT","10/20","3/30","NONE","157","149","8","3","41.40","0.1283","-0.2000","23.33","-8.6695","17.1065","171649","1171649","17.1649"
"KRX_CONTINUOUS","DS000838","SK하이닉스","0197X0","SHORT","5/30","3/10","20","92","92","0","2","42.39","0.1939","-0.1362","10.71","-2.0779","18.0505","170773","1170773","17.0773"
"KRX_CONTINUOUS","DS002279","SK하이닉스","0197X0","SHORT","5/30","5/20","30","61","59","2","2","34.43","0.2953","-0.3869","21.31","-3.9397","17.1694","170497","1170497","17.0497"
"KRX_CONTINUOUS","DS003767","SK하이닉스","0197X0","SHORT","10/30","5/30","30","61","58","3","3","39.34","0.2932","-0.5236","22.51","-2.5799","17.1065","168703","1168703","16.8703"
"KRX_CONTINUOUS","DS004197","SK하이닉스","0197X0","SHORT","5/30","10/30","10","108","105","3","3","42.59","0.1869","-0.2000","32.65","-7.2757","17.0435","168026","1168026","16.8026"
"KRX_CONTINUOUS","DS000887","SK하이닉스","0197X0","SHORT","10/30","3/10","30","61","60","1","2","32.79","0.2836","-0.2505","9.62","-1.5420","18.0505","166776","1166776","16.6776"
"KRX_CONTINUOUS","DS003672","SK하이닉스","0197X0","SHORT","3/30","5/30","50","90","81","9","3","33.33","0.2069","-0.5366","22.62","-2.1404","17.1065","166585","1166585","16.6585"
"KRX_CONTINUOUS","DS002181","SK하이닉스","0197X0","SHORT","10/20","5/20","10","146","140","6","2","38.36","0.1253","-0.3515","17.83","-3.0554","17.1694","166323","1166323","16.6323"
"KRX_CONTINUOUS","DS004104","SK하이닉스","0197X0","SHORT","10/20","10/30","50","75","71","4","3","41.33","0.2413","-0.3080","29.15","-3.8721","17.0435","164955","1164955","16.4955"
"KRX_CONTINUOUS","DS003096","SK하이닉스","0197X0","SHORT","5/20","3/30","50","98","95","3","3","30.61","0.1821","-0.5178","20.58","-4.6034","17.1065","162411","1162411","16.2411"
"KRX_CONTINUOUS","DS001652","SK하이닉스","0197X0","SHORT","5/20","3/20","5","178","173","5","3","34.83","0.1022","-0.4266","15.40","-3.4437","17.4211","162055","1162055","16.2055"
"KRX_CONTINUOUS","DS001367","SK하이닉스","0197X0","SHORT","10/30","5/10","30","61","60","1","2","34.43","0.2744","-0.3067","10.98","-2.1435","16.9177","160996","1160996","16.0996"
"KRX_CONTINUOUS","DS002232","SK하이닉스","0197X0","SHORT","3/30","5/20","50","90","84","6","3","34.44","0.1981","-0.3117","21.13","-5.1400","17.1694","160324","1160324","16.0324"
"KRX_CONTINUOUS","DS002327","SK하이닉스","0197X0","SHORT","10/30","5/20","30","61","58","3","2","34.43","0.2766","-0.4738","18.28","-2.5799","17.1694","159901","1159901","15.9901"
"KRX_CONTINUOUS","DS001368","SK하이닉스","0197X0","SHORT","10/30","5/10","50","66","65","1","2","40.91","0.2548","-0.2477","11.97","-6.2043","16.9177","158471","1158471","15.8471"
"KRX_CONTINUOUS","DS000693","SK하이닉스","0197X0","SHORT","5/20","3/10","10","147","145","2","1","40.82","0.1178","-0.2000","10.03","-2.6913","18.0505","157214","1157214","15.7214"
"KRX_CONTINUOUS","DS003668","SK하이닉스","0197X0","SHORT","3/30","5/30","5","144","132","12","3","35.42","0.1251","-0.4669","22.71","-2.5988","17.1065","156909","1156909","15.6909"
"KRX_CONTINUOUS","DS003624","SK하이닉스","0197X0","SHORT","10/20","5/30","50","75","70","5","2","37.33","0.2269","-0.4169","23.71","-2.3019","17.1065","156059","1156059","15.6059"
"KRX_CONTINUOUS","DS003620","SK하이닉스","0197X0","SHORT","10/20","5/30","5","115","109","6","3","42.61","0.1534","-0.3513","25.01","-7.3989","17.1065","155110","1155110","15.5110"
"KRX_CONTINUOUS","DS001748","SK하이닉스","0197X0","SHORT","3/30","3/20","5","144","136","8","2","38.19","0.1222","-0.3622","17.77","-4.9482","17.4211","153937","1153937","15.3937"
"KRX_CONTINUOUS","DS003192","SK하이닉스","0197X0","SHORT","3/30","3/30","50","90","84","6","1","31.11","0.1879","-0.4550","16.80","-2.0353","17.1065","153858","1153858","15.3858"
"KRX_CONTINUOUS","DS000840","SK하이닉스","0197X0","SHORT","5/30","3/10","50","66","66","0","2","37.88","0.2479","-0.3238","10.56","-2.1392","18.0505","153791","1153791","15.3791"
"KRX_CONTINUOUS","DS002085","SK하이닉스","0197X0","SHORT","3/20","5/20","10","171","164","7","3","36.26","0.1060","-0.3186","19.06","-2.9950","17.1694","153299","1153299","15.3299"
"KRX_CONTINUOUS","DS000695","SK하이닉스","0197X0","SHORT","5/20","3/10","30","81","79","2","1","35.80","0.2027","-0.2000","10.38","-2.0779","18.0505","153232","1153232","15.3232"
"KRX_CONTINUOUS","DS004199","SK하이닉스","0197X0","SHORT","5/30","10/30","30","61","59","2","2","40.98","0.2753","-0.2540","28.20","-4.3768","17.0435","150267","1150267","15.0267"
"KRX_CONTINUOUS","DS002709","SK하이닉스","0197X0","SHORT","3/30","10/20","10","133","125","8","3","37.59","0.1343","-0.3533","22.30","-3.8309","17.1694","148792","1148792","14.8792"
"KRX_CONTINUOUS","DS000739","SK하이닉스","0197X0","SHORT","10/20","3/10","NONE","157","154","3","2","38.22","0.1063","-0.2000","10.25","-5.4142","18.0505","148221","1148221","14.8221"
"KRX_CONTINUOUS","DS001701","SK하이닉스","0197X0","SHORT","10/20","3/20","10","146","141","5","2","39.04","0.1127","-0.3871","15.90","-2.4958","17.4211","146302","1146302","14.6302"
"KRX_CONTINUOUS","DS000790","SK하이닉스","0197X0","SHORT","3/30","3/10","20","114","109","5","2","38.60","0.1397","-0.2270","10.76","-2.3512","18.0505","145337","1145337","14.5337"
"KRX_CONTINUOUS","DS004580","SK하이닉스","0197X0","SHORT","10/20","20/30","5","115","104","11","4","44.35","0.1493","-0.1383","33.23","-4.3340","16.2254","145104","1145104","14.5104"
"KRX_CONTINUOUS","DS001270","SK하이닉스","0197X0","SHORT","3/30","5/10","20","114","109","5","2","44.74","0.1389","-0.1478","12.75","-3.1023","16.9177","144974","1144974","14.4974"
"KRX_CONTINUOUS","DS004728","SK하이닉스","0197X0","SHORT","10/30","20/30","50","66","63","3","4","39.39","0.2497","-0.2229","28.56","-4.0889","16.2254","144029","1144029","14.4029"
"KRX_CONTINUOUS","DS002664","SK하이닉스","0197X0","SHORT","10/20","10/20","50","75","73","2","1","34.67","0.2132","-0.4226","19.20","-3.8721","17.1694","142193","1142193","14.2193"
"KRX_CONTINUOUS","DS002132","SK하이닉스","0197X0","SHORT","5/20","5/20","5","178","172","6","2","33.71","0.0935","-0.3684","17.13","-2.7606","17.1694","141831","1141831","14.1831"
"KRX_CONTINUOUS","DS001752","SK하이닉스","0197X0","SHORT","3/30","3/20","50","90","84","6","3","34.44","0.1780","-0.3855","17.96","-4.9482","17.4211","140569","1140569","14.0569"
"KRX_CONTINUOUS","DS003093","SK하이닉스","0197X0","SHORT","5/20","3/30","10","147","141","6","2","37.41","0.1178","-0.3912","22.93","-7.2537","17.1065","139796","1139796","13.9796"
"KRX_CONTINUOUS","DS001268","SK하이닉스","0197X0","SHORT","3/30","5/10","5","144","139","5","2","43.06","0.1082","-0.2000","11.89","-3.1023","16.9177","139634","1139634","13.9634"
"KRX_CONTINUOUS","DS000647","SK하이닉스","0197X0","SHORT","3/20","3/10","30","98","95","3","2","34.69","0.1578","-0.2619","10.44","-2.0779","18.0505","138810","1138810","13.8810"
"KRX_CONTINUOUS","DS001272","SK하이닉스","0197X0","SHORT","3/30","5/10","50","90","86","4","2","40.00","0.1705","-0.2000","13.34","-3.1023","16.9177","137528","1137528","13.7528"
"KRX_CONTINUOUS","DS004724","SK하이닉스","0197X0","SHORT","10/30","20/30","5","97","89","8","3","41.24","0.1668","-0.2457","29.59","-4.0889","16.2254","135484","1135484","13.5484"
"KRX_CONTINUOUS","DS002759","SK하이닉스","0197X0","SHORT","5/30","10/20","30","61","59","2","2","37.70","0.2505","-0.4040","23.93","-4.0363","17.1694","134784","1134784","13.4784"
"KRX_CONTINUOUS","DS002278","SK하이닉스","0197X0","SHORT","5/30","5/20","20","92","89","3","2","38.04","0.1622","-0.3017","19.71","-2.5052","17.1694","134015","1134015","13.4015"
"KRX_CONTINUOUS","DS004246","SK하이닉스","0197X0","SHORT","10/30","10/30","20","98","94","4","1","42.86","0.1580","-0.1732","26.71","-4.3224","17.0435","133134","1133134","13.3134"
"KRX_CONTINUOUS","DS001799","SK하이닉스","0197X0","SHORT","5/30","3/20","30","61","60","1","2","34.43","0.2398","-0.5171","18.95","-3.7454","17.4211","132104","1132104","13.2104"
"KRX_CONTINUOUS","DS002756","SK하이닉스","0197X0","SHORT","5/30","10/20","5","133","129","4","3","39.85","0.1213","-0.2465","23.26","-4.0363","17.1694","131417","1131417","13.1417"
"KRX_CONTINUOUS","DS001847","SK하이닉스","0197X0","SHORT","10/30","3/20","30","61","59","2","2","32.79","0.2345","-0.5776","16.30","-1.7300","17.4211","131123","1131123","13.1123"
"KRX_CONTINUOUS","DS000214","SK하이닉스","0197X0","SHORT","5/20","3/5","20","84","83","1","1","41.67","0.1631","-0.1035","5.44","-3.6571","15.6590","130563","1130563","13.0563"
"KRX_CONTINUOUS","DS002086","SK하이닉스","0197X0","SHORT","3/20","5/20","20","102","95","7","2","33.33","0.1437","-0.3134","18.66","-2.0353","17.1694","129743","1129743","12.9743"
"KRX_CONTINUOUS","DS001704","SK하이닉스","0197X0","SHORT","10/20","3/20","50","75","72","3","2","32.00","0.1944","-0.5408","15.64","-2.4958","17.4211","129209","1129209","12.9209"
"KRX_CONTINUOUS","DS001126","SK하이닉스","0197X0","SHORT","3/20","5/10","20","102","99","3","2","37.25","0.1413","-0.2491","12.73","-3.1023","16.9177","128416","1128416","12.8416"
"KRX_CONTINUOUS","DS000741","SK하이닉스","0197X0","SHORT","10/20","3/10","10","146","144","2","2","37.67","0.0992","-0.2000","9.86","-5.4142","18.0505","124588","1124588","12.4588"
"KRX_CONTINUOUS","DS002660","SK하이닉스","0197X0","SHORT","10/20","10/20","5","115","111","4","1","40.00","0.1299","-0.2000","21.15","-3.8721","17.1694","124337","1124337","12.4337"
"KRX_CONTINUOUS","DS003910","SK하이닉스","0197X0","SHORT","3/10","10/30","20","152","142","10","4","40.13","0.1067","-0.3040","24.47","-3.6388","17.0435","123059","1123059","12.3059"
"KRX_CONTINUOUS","DS000888","SK하이닉스","0197X0","SHORT","10/30","3/10","50","66","65","1","3","36.36","0.2081","-0.2800","10.11","-6.0613","18.0505","122820","1122820","12.2820"
"KRX_CONTINUOUS","DS001219","SK하이닉스","0197X0","SHORT","10/20","5/10","NONE","157","154","3","2","39.49","0.0902","-0.2632","10.92","-2.3356","16.9177","122005","1122005","12.2005"
"KRX_CONTINUOUS","DS001221","SK하이닉스","0197X0","SHORT","10/20","5/10","10","146","144","2","2","38.36","0.0956","-0.2665","10.69","-2.3356","16.9177","121151","1121151","12.1151"
"KRX_CONTINUOUS","DS004054","SK하이닉스","0197X0","SHORT","5/20","10/30","20","84","79","5","3","42.86","0.1666","-0.1958","25.38","-4.0363","17.0435","120586","1120586","12.0586"
"KRX_CONTINUOUS","DS000742","SK하이닉스","0197X0","SHORT","10/20","3/10","20","77","77","0","2","33.77","0.1730","-0.2697","9.71","-1.6116","18.0505","120034","1120034","12.0034"
"KRX_CONTINUOUS","DS002755","SK하이닉스","0197X0","SHORT","5/30","10/20","NONE","135","131","4","3","39.26","0.1118","-0.2465","23.13","-4.0363","17.1694","119544","1119544","11.9544"
"KRX_CONTINUOUS","DS003719","SK하이닉스","0197X0","SHORT","5/30","5/30","30","61","59","2","1","31.15","0.2227","-0.6584","21.72","-2.5052","17.1065","119062","1119062","11.9062"
"KRX_CONTINUOUS","DS001604","SK하이닉스","0197X0","SHORT","3/20","3/20","5","192","184","8","1","34.38","0.0742","-0.5185","14.84","-3.4437","17.4211","114842","1114842","11.4842"
"KRX_CONTINUOUS","DS001175","SK하이닉스","0197X0","SHORT","5/20","5/10","30","81","79","2","1","35.80","0.1594","-0.2667","11.77","-3.1023","16.9177","114246","1114246","11.4246"
"KRX_CONTINUOUS","DS001124","SK하이닉스","0197X0","SHORT","3/20","5/10","5","192","187","5","2","40.10","0.0733","-0.2540","11.89","-3.1023","16.9177","114190","1114190","11.4190"
"KRX_CONTINUOUS","DS003667","SK하이닉스","0197X0","SHORT","3/30","5/30","NONE","171","159","12","3","36.84","0.0876","-0.4554","23.15","-2.5988","17.1065","113326","1113326","11.3326"
"KRX_CONTINUOUS","DS002613","SK하이닉스","0197X0","SHORT","5/20","10/20","10","147","142","5","2","38.78","0.1009","-0.3252","22.41","-5.1716","17.1694","113245","1113245","11.3245"
"KRX_CONTINUOUS","DS002712","SK하이닉스","0197X0","SHORT","3/30","10/20","50","90","82","8","3","32.22","0.1584","-0.3367","20.50","-4.9962","17.1694","113134","1113134","11.3134"
"KRX_CONTINUOUS","DS002662","SK하이닉스","0197X0","SHORT","10/20","10/20","20","77","74","3","1","41.56","0.1699","-0.1494","19.39","-3.8721","17.1694","112742","1112742","11.2742"
"KRX_CONTINUOUS","DS001654","SK하이닉스","0197X0","SHORT","5/20","3/20","20","84","80","4","2","33.33","0.1510","-0.3855","15.60","-3.4437","17.4211","112296","1112296","11.2296"
"KRX_CONTINUOUS","DS001267","SK하이닉스","0197X0","SHORT","3/30","5/10","NONE","171","166","5","2","43.86","0.0795","-0.2000","12.56","-3.1023","16.9177","111202","1111202","11.1202"
"KRX_CONTINUOUS","DS004727","SK하이닉스","0197X0","SHORT","10/30","20/30","30","61","57","4","3","39.34","0.2089","-0.3067","27.15","-3.8124","16.2254","109517","1109517","10.9517"
"KRX_CONTINUOUS","DS002230","SK하이닉스","0197X0","SHORT","3/30","5/20","20","114","105","9","3","38.60","0.1140","-0.2000","20.67","-4.6206","17.1694","108786","1108786","10.8786"
"KRX_CONTINUOUS","DS001656","SK하이닉스","0197X0","SHORT","5/20","3/20","50","98","96","2","2","28.57","0.1321","-0.5191","14.69","-3.4437","17.4211","108691","1108691","10.8691"
"KRX_CONTINUOUS","DS000740","SK하이닉스","0197X0","SHORT","10/20","3/10","5","115","115","0","1","35.65","0.1081","-0.2697","9.67","-2.1392","18.0505","106011","1106011","10.6011"
"KRX_CONTINUOUS","DS004103","SK하이닉스","0197X0","SHORT","10/20","10/30","30","82","75","7","3","40.24","0.1539","-0.2997","26.48","-3.8721","17.0435","104533","1104533","10.4533"
"KRX_CONTINUOUS","DS000839","SK하이닉스","0197X0","SHORT","5/30","3/10","30","61","61","0","2","37.70","0.1951","-0.2764","10.10","-2.1392","18.0505","104354","1104354","10.4354"
"KRX_CONTINUOUS","DS002663","SK하이닉스","0197X0","SHORT","10/20","10/20","30","82","78","4","1","36.59","0.1518","-0.2812","19.59","-3.8721","17.1694","103687","1103687","10.3687"
"KRX_CONTINUOUS","DS004099","SK하이닉스","0197X0","SHORT","10/20","10/30","NONE","157","148","9","3","45.22","0.1009","-0.1401","30.74","-9.6351","17.0435","103503","1103503","10.3503"
"KRX_CONTINUOUS","DS001319","SK하이닉스","0197X0","SHORT","5/30","5/10","30","61","61","0","2","34.43","0.1911","-0.2503","11.64","-3.1023","16.9177","102634","1102634","10.2634"
"KRX_CONTINUOUS","DS001220","SK하이닉스","0197X0","SHORT","10/20","5/10","5","115","115","0","1","38.26","0.1045","-0.2764","10.83","-2.1435","16.9177","102426","1102426","10.2426"
"KRX_CONTINUOUS","DS002134","SK하이닉스","0197X0","SHORT","5/20","5/20","20","84","79","5","2","30.95","0.1403","-0.3114","17.23","-2.2887","17.1694","102117","1102117","10.2117"
"KRX_CONTINUOUS","DS003187","SK하이닉스","0197X0","SHORT","3/30","3/30","NONE","171","162","9","1","34.50","0.0759","-0.4644","17.82","-2.4797","17.1065","102089","1102089","10.2089"
"KRX_CONTINUOUS","DS002615","SK하이닉스","0197X0","SHORT","5/20","10/20","30","81","76","5","2","30.86","0.1499","-0.2613","19.09","-4.0363","17.1694","101912","1101912","10.1912"
"KRX_CONTINUOUS","DS001318","SK하이닉스","0197X0","SHORT","5/30","5/10","20","92","92","0","2","43.48","0.1265","-0.1293","11.83","-3.1023","16.9177","101850","1101850","10.1850"
"KRX_CONTINUOUS","DS002131","SK하이닉스","0197X0","SHORT","5/20","5/20","NONE","185","179","6","2","32.97","0.0700","-0.3948","16.69","-2.7606","17.1694","100413","1100413","10.0413"
"KRX_CONTINUOUS","DS000215","SK하이닉스","0197X0","SHORT","5/20","3/5","30","81","79","2","1","38.27","0.1367","-0.1378","5.42","-3.6571","15.6590","100311","1100311","10.0311"
"KRX_CONTINUOUS","DS003766","SK하이닉스","0197X0","SHORT","10/30","5/30","20","98","95","3","3","42.86","0.1289","-0.3648","25.48","-7.1335","17.1065","99323","1099323","9.9323"
"KRX_CONTINUOUS","DS002614","SK하이닉스","0197X0","SHORT","5/20","10/20","20","84","79","5","2","35.71","0.1397","-0.2000","18.33","-4.0363","17.1694","97262","1097262","9.7262"
"KRX_CONTINUOUS","DS000645","SK하이닉스","0197X0","SHORT","3/20","3/10","10","171","167","4","2","37.43","0.0729","-0.2536","10.68","-5.3553","18.0505","96624","1096624","9.6624"
"KRX_CONTINUOUS","DS003141","SK하이닉스","0197X0","SHORT","10/20","3/30","10","146","139","7","3","41.10","0.0894","-0.2224","22.82","-8.6695","17.1065","95116","1095116","9.5116"
"KRX_CONTINUOUS","DS001702","SK하이닉스","0197X0","SHORT","10/20","3/20","20","77","74","3","2","35.06","0.1449","-0.5408","16.01","-2.0917","17.4211","94708","1094708","9.4708"
"KRX_CONTINUOUS","DS002659","SK하이닉스","0197X0","SHORT","10/20","10/20","NONE","157","152","5","1","39.49","0.0797","-0.2543","19.18","-3.8721","17.1694","93220","1093220","9.3220"
"KRX_CONTINUOUS","DS003143","SK하이닉스","0197X0","SHORT","10/20","3/30","30","82","76","6","2","34.15","0.1343","-0.2224","20.34","-2.1275","17.1065","92123","1092123","9.2123"
"KRX_CONTINUOUS","DS002564","SK하이닉스","0197X0","SHORT","3/20","10/20","5","192","181","11","3","38.02","0.0733","-0.2494","22.46","-5.1716","17.1694","91861","1091861","9.1861"
"KRX_CONTINUOUS","DS001655","SK하이닉스","0197X0","SHORT","5/20","3/20","30","81","78","3","2","30.86","0.1342","-0.5171","15.22","-3.4437","17.4211","91410","1091410","9.1410"
"KRX_CONTINUOUS","DS000791","SK하이닉스","0197X0","SHORT","3/30","3/10","30","84","81","3","2","33.33","0.1305","-0.3452","11.24","-2.0779","18.0505","91172","1091172","9.1172"
"KRX_CONTINUOUS","DS004055","SK하이닉스","0197X0","SHORT","5/20","10/30","30","81","76","5","4","33.33","0.1362","-0.4152","24.65","-4.0363","17.0435","88856","1088856","8.8856"
"KRX_CONTINUOUS","DS003619","SK하이닉스","0197X0","SHORT","10/20","5/30","NONE","157","148","9","3","43.95","0.0816","-0.2540","25.18","-9.0144","17.1065","88265","1088265","8.8265"
"KRX_CONTINUOUS","DS003621","SK하이닉스","0197X0","SHORT","10/20","5/30","10","146","138","8","3","43.84","0.0855","-0.2499","25.07","-9.0144","17.1065","87508","1087508","8.7508"
"KRX_CONTINUOUS","DS004102","SK하이닉스","0197X0","SHORT","10/20","10/30","20","77","74","3","3","42.86","0.1416","-0.1464","28.12","-3.8721","17.0435","86382","1086382","8.6382"
"KRX_CONTINUOUS","DS003095","SK하이닉스","0197X0","SHORT","5/20","3/30","30","81","77","4","3","27.16","0.1270","-0.5202","18.01","-2.0353","17.1065","86270","1086270","8.6270"
"KRX_CONTINUOUS","DS004101","SK하이닉스","0197X0","SHORT","10/20","10/30","10","146","138","8","3","46.58","0.0917","-0.1391","30.55","-9.6351","17.0435","85679","1085679","8.5679"
"KRX_CONTINUOUS","DS000357","SK하이닉스","0197X0","SHORT","5/30","3/5","10","108","108","0","2","39.81","0.0902","-0.1397","5.87","-3.6571","15.6590","84786","1084786","8.4786"
"KRX_CONTINUOUS","DS004677","SK하이닉스","0197X0","SHORT","5/30","20/30","10","108","101","7","3","42.59","0.1130","-0.2269","34.26","-6.9788","16.2254","84734","1084734","8.4734"
"KRX_CONTINUOUS","DS003524","SK하이닉스","0197X0","SHORT","3/20","5/30","5","192","179","13","3","39.06","0.0689","-0.4172","25.81","-7.2000","17.1065","84705","1084705","8.4705"
"KRX_CONTINUOUS","DS003045","SK하이닉스","0197X0","SHORT","3/20","3/30","10","171","162","9","3","35.67","0.0758","-0.4083","22.63","-7.7155","17.1065","84471","1084471","8.4471"
"KRX_CONTINUOUS","DS000692","SK하이닉스","0197X0","SHORT","5/20","3/10","5","178","176","2","1","38.76","0.0612","-0.2661","9.85","-2.6913","18.0505","83494","1083494","8.3494"
"KRX_CONTINUOUS","DS000788","SK하이닉스","0197X0","SHORT","3/30","3/10","5","144","139","5","2","37.50","0.0737","-0.2884","10.34","-2.0779","18.0505","83471","1083471","8.3471"
"KRX_CONTINUOUS","DS001030","SK하이닉스","0197X0","SHORT","3/10","5/10","20","152","149","3","3","38.16","0.0719","-0.2657","11.78","-4.1202","16.9177","83414","1083414","8.3414"
"KRX_CONTINUOUS","DS004534","SK하이닉스","0197X0","SHORT","5/20","20/30","20","84","74","10","3","41.67","0.1220","-0.2000","26.73","-3.5248","16.2254","83334","1083334","8.3334"
"KRX_CONTINUOUS","DS004149","SK하이닉스","0197X0","SHORT","3/30","10/30","10","133","123","10","3","41.35","0.1045","-0.2594","29.91","-7.9603","17.0435","83052","1083052","8.3052"
"KRX_CONTINUOUS","DS001747","SK하이닉스","0197X0","SHORT","3/30","3/20","NONE","171","163","8","3","38.01","0.0670","-0.3622","17.76","-4.9482","17.4211","82542","1082542","8.2542"
"KRX_CONTINUOUS","DS004725","SK하이닉스","0197X0","SHORT","10/30","20/30","10","114","107","7","3","39.47","0.1030","-0.3129","29.39","-4.0889","16.2254","81984","1081984","8.1984"
"KRX_CONTINUOUS","DS003091","SK하이닉스","0197X0","SHORT","5/20","3/30","NONE","185","176","9","3","37.30","0.0664","-0.4016","21.79","-7.2537","17.1065","81922","1081922","8.1922"
"KRX_CONTINUOUS","DS000407","SK하이닉스","0197X0","SHORT","10/30","3/5","30","61","60","1","2","34.43","0.1494","-0.2000","5.28","-1.7666","15.6590","80680","1080680","8.0680"
"KRX_CONTINUOUS","DS000167","SK하이닉스","0197X0","SHORT","3/20","3/5","30","98","95","3","2","37.76","0.0937","-0.2000","5.63","-3.6571","15.6590","78657","1078657","7.8657"
"KRX_CONTINUOUS","DS000644","SK하이닉스","0197X0","SHORT","3/20","3/10","5","192","187","5","2","38.02","0.0557","-0.2539","10.30","-2.6913","18.0505","78206","1078206","7.8206"
"KRX_CONTINUOUS","DS004723","SK하이닉스","0197X0","SHORT","10/30","20/30","NONE","119","111","8","4","39.50","0.0949","-0.3190","29.43","-4.0889","16.2254","76360","1076360","7.6360"
"KRX_CONTINUOUS","DS001174","SK하이닉스","0197X0","SHORT","5/20","5/10","20","84","83","1","1","41.67","0.1103","-0.1384","11.82","-3.1023","16.9177","76078","1076078","7.6078"
"KRX_CONTINUOUS","DS000787","SK하이닉스","0197X0","SHORT","3/30","3/10","NONE","171","166","5","2","38.60","0.0599","-0.2694","10.95","-2.3512","18.0505","74889","1074889","7.4889"
"KRX_CONTINUOUS","DS001127","SK하이닉스","0197X0","SHORT","3/20","5/10","30","98","95","3","2","33.67","0.0977","-0.2618","11.67","-3.1023","16.9177","73332","1073332","7.3332"
"KRX_CONTINUOUS","DS002661","SK하이닉스","0197X0","SHORT","10/20","10/20","10","146","141","5","1","39.04","0.0717","-0.2541","19.85","-3.8721","17.1694","72723","1072723","7.2723"
"KRX_CONTINUOUS","DS000550","SK하이닉스","0197X0","SHORT","3/10","3/10","20","152","149","3","1","35.53","0.0639","-0.3038","9.96","-2.2883","18.0505","72662","1072662","7.2662"
"KRX_CONTINUOUS","DS001798","SK하이닉스","0197X0","SHORT","5/30","3/20","20","92","89","3","2","36.96","0.0994","-0.4225","16.66","-3.4437","17.4211","72529","1072529","7.2529"
"KRX_CONTINUOUS","DS002856","SK하이닉스","0197X0","SHORT","20/30","10/20","50","59","59","0","3","33.90","0.1370","-0.4527","21.81","-4.1202","7.0159","70815","1070815","7.0815"
"KRX_CONTINUOUS","DS004148","SK하이닉스","0197X0","SHORT","3/30","10/30","5","144","134","10","3","42.36","0.0887","-0.2000","30.05","-7.9603","17.0435","68708","1068708","6.8708"
"KRX_CONTINUOUS","DS000262","SK하이닉스","0197X0","SHORT","10/20","3/5","20","77","77","0","1","31.17","0.1044","-0.2000","5.17","-1.7666","15.6590","68552","1068552","6.8552"
"KRX_CONTINUOUS","DS000405","SK하이닉스","0197X0","SHORT","10/30","3/5","10","114","113","1","2","40.35","0.0748","-0.1479","5.89","-7.0620","15.6590","68253","1068253","6.8253"
"KRX_CONTINUOUS","DS003142","SK하이닉스","0197X0","SHORT","10/20","3/30","20","77","74","3","2","35.06","0.1097","-0.5408","20.44","-2.5653","17.1065","66337","1066337","6.6337"
"KRX_CONTINUOUS","DS002183","SK하이닉스","0197X0","SHORT","10/20","5/20","30","82","77","5","2","30.49","0.1034","-0.5115","17.22","-2.1435","17.1694","64345","1064345","6.4345"
"KRX_CONTINUOUS","DS001222","SK하이닉스","0197X0","SHORT","10/20","5/10","20","77","77","0","2","33.77","0.1047","-0.2632","10.81","-2.1435","16.9177","63364","1063364","6.3364"
"KRX_CONTINUOUS","DS001125","SK하이닉스","0197X0","SHORT","3/20","5/10","10","171","167","4","2","38.60","0.0550","-0.2536","12.03","-5.3553","16.9177","63099","1063099","6.3099"
"KRX_CONTINUOUS","DS003670","SK하이닉스","0197X0","SHORT","3/30","5/30","20","114","103","11","3","36.84","0.0782","-0.3827","22.13","-2.5988","17.1065","62462","1062462","6.2462"
"KRX_CONTINUOUS","DS002182","SK하이닉스","0197X0","SHORT","10/20","5/20","20","77","74","3","2","32.47","0.1038","-0.5236","17.25","-2.1435","17.1694","61651","1061651","6.1651"
"KRX_CONTINUOUS","DS004196","SK하이닉스","0197X0","SHORT","5/30","10/30","5","133","128","5","3","42.86","0.0840","-0.2000","30.92","-7.2757","17.0435","61441","1061441","6.1441"
"KRX_CONTINUOUS","DS002708","SK하이닉스","0197X0","SHORT","3/30","10/20","5","144","133","11","3","36.11","0.0693","-0.3460","21.90","-4.9962","17.1694","59763","1059763","5.9763"
"KRX_CONTINUOUS","DS000406","SK하이닉스","0197X0","SHORT","10/30","3/5","20","98","98","0","2","37.76","0.0759","-0.1551","5.82","-7.0620","15.6590","57324","1057324","5.7324"
"KRX_CONTINUOUS","DS002616","SK하이닉스","0197X0","SHORT","5/20","10/20","50","98","94","4","2","32.65","0.0889","-0.3496","20.70","-5.1716","17.1694","57053","1057053","5.7053"
"KRX_CONTINUOUS","DS000403","SK하이닉스","0197X0","SHORT","10/30","3/5","NONE","119","118","1","2","39.50","0.0627","-0.1551","5.88","-7.0620","15.6590","56909","1056909","5.6909"
"KRX_CONTINUOUS","DS000792","SK하이닉스","0197X0","SHORT","3/30","3/10","50","90","86","4","2","34.44","0.0883","-0.3338","11.09","-2.3512","18.0505","56682","1056682","5.6682"
"KRX_CONTINUOUS","DS001605","SK하이닉스","0197X0","SHORT","3/20","3/20","10","171","165","6","1","32.75","0.0511","-0.5432","15.23","-3.4437","17.4211","56607","1056607","5.6607"
"KRX_CONTINUOUS","DS001172","SK하이닉스","0197X0","SHORT","5/20","5/10","5","178","176","2","2","41.01","0.0469","-0.2324","11.40","-3.1023","16.9177","56489","1056489","5.6489"
"KRX_CONTINUOUS","DS002136","SK하이닉스","0197X0","SHORT","5/20","5/20","50","98","96","2","1","26.53","0.0815","-0.4969","15.64","-2.2887","17.1694","56468","1056468","5.6468"
"KRX_CONTINUOUS","DS001224","SK하이닉스","0197X0","SHORT","10/20","5/10","50","75","73","2","2","34.67","0.0985","-0.3068","10.16","-2.3356","16.9177","55727","1055727","5.5727"
"KRX_CONTINUOUS","DS002135","SK하이닉스","0197X0","SHORT","5/20","5/20","30","81","77","4","1","27.16","0.0914","-0.5160","16.01","-2.2887","17.1694","55082","1055082","5.5082"
"KRX_CONTINUOUS","DS004195","SK하이닉스","0197X0","SHORT","5/30","10/30","NONE","135","130","5","3","42.22","0.0778","-0.2000","30.71","-7.2757","17.0435","54416","1054416","5.4416"
"KRX_CONTINUOUS","DS000933","SK하이닉스","0197X0","SHORT","20/30","3/10","10","90","90","0","2","34.44","0.0692","-0.2346","10.41","-1.9446","7.8319","54045","1054045","5.4045"
"KRX_CONTINUOUS","DS004584","SK하이닉스","0197X0","SHORT","10/20","20/30","50","75","68","7","3","38.67","0.1052","-0.2699","28.67","-4.0889","16.2254","53849","1053849","5.3849"
"KRX_CONTINUOUS","DS000404","SK하이닉스","0197X0","SHORT","10/30","3/5","5","97","97","0","2","39.18","0.0722","-0.1552","5.68","-7.0620","15.6590","52827","1052827","5.2827"
"KRX_CONTINUOUS","DS004680","SK하이닉스","0197X0","SHORT","5/30","20/30","50","66","60","6","2","37.88","0.1166","-0.5050","26.03","-4.2887","16.2254","52203","1052203","5.2203"
"KRX_CONTINUOUS","DS004150","SK하이닉스","0197X0","SHORT","3/30","10/30","20","114","104","10","3","41.23","0.0719","-0.2297","24.11","-2.9333","17.0435","51880","1051880","5.1880"
"KRX_CONTINUOUS","DS000691","SK하이닉스","0197X0","SHORT","5/20","3/10","NONE","185","183","2","2","37.84","0.0422","-0.2697","9.75","-2.6913","18.0505","50333","1050333","5.0333"
"KRX_CONTINUOUS","DS001271","SK하이닉스","0197X0","SHORT","3/30","5/10","30","84","81","3","2","34.52","0.0831","-0.3619","12.15","-3.1023","16.9177","49924","1049924","4.9924"
"KRX_CONTINUOUS","DS004007","SK하이닉스","0197X0","SHORT","3/20","10/30","30","98","90","8","4","34.69","0.0757","-0.3677","24.58","-3.8309","17.0435","48830","1048830","4.8830"
"KRX_CONTINUOUS","DS004579","SK하이닉스","0197X0","SHORT","10/20","20/30","NONE","157","142","15","6","43.95","0.0682","-0.1522","33.68","-9.8214","16.2254","48203","1048203","4.8203"
"KRX_CONTINUOUS","DS002567","SK하이닉스","0197X0","SHORT","3/20","10/20","30","98","91","7","3","33.67","0.0759","-0.2225","18.62","-3.8309","17.1694","47656","1047656","4.7656"
"KRX_CONTINUOUS","DS003047","SK하이닉스","0197X0","SHORT","3/20","3/30","30","98","92","6","3","30.61","0.0719","-0.5456","17.93","-2.0353","17.1065","47575","1047575","4.7575"
"KRX_CONTINUOUS","DS004484","SK하이닉스","0197X0","SHORT","3/20","20/30","5","192","173","19","9","42.71","0.0725","-0.1771","34.98","-10.9955","16.2254","46844","1046844","4.6844"
"KRX_CONTINUOUS","DS000707","삼성전자","0193W0","LONG","5/20","3/10","30","92","88","4","2","35.87","0.0575","-0.2185","9.15","-2.4610","5.8406","46730","1046730","4.6730"
"KRX_CONTINUOUS","DS003575","SK하이닉스","0197X0","SHORT","5/20","5/30","30","81","77","4","3","30.86","0.0815","-0.6303","20.09","-2.2887","17.1065","46105","1046105","4.6105"
"KRX_CONTINUOUS","DS002627","삼성전자","0193W0","LONG","5/20","10/20","30","92","86","6","4","40.22","0.0600","-0.2620","19.25","-4.1778","6.5831","45558","1045558","4.5558"
"KRX_CONTINUOUS","DS003573","SK하이닉스","0197X0","SHORT","5/20","5/30","10","147","140","7","3","39.46","0.0621","-0.3533","26.80","-8.5021","17.1065","44811","1044811","4.4811"
"KRX_CONTINUOUS","DS001990","SK하이닉스","0197X0","SHORT","3/10","5/20","20","152","144","8","4","33.55","0.0554","-0.4192","18.35","-4.6206","17.1694","44619","1044619","4.4619"
"KRX_CONTINUOUS","DS003576","SK하이닉스","0197X0","SHORT","5/20","5/30","50","98","94","4","3","32.65","0.0740","-0.6361","22.83","-5.0295","17.1065","43981","1043981","4.3981"
"KRX_CONTINUOUS","DS001283","삼성전자","0193W0","LONG","3/30","5/10","30","87","83","4","2","37.93","0.0606","-0.2471","10.86","-2.2352","5.8406","43208","1043208","4.3208"
"KRX_CONTINUOUS","DS000166","SK하이닉스","0197X0","SHORT","3/20","3/5","20","102","99","3","2","36.27","0.0552","-0.2000","5.79","-3.6571","15.6590","41435","1041435","4.1435"
"KRX_CONTINUOUS","DS001187","삼성전자","0193W0","LONG","5/20","5/10","30","92","88","4","2","35.87","0.0520","-0.2373","10.16","-2.2352","5.8406","41183","1041183","4.1183"
"KRX_CONTINUOUS","DS003622","SK하이닉스","0197X0","SHORT","10/20","5/30","20","77","74","3","2","38.96","0.0794","-0.4684","22.70","-2.5653","17.1065","40945","1040945","4.0945"
"KRX_CONTINUOUS","DS000743","SK하이닉스","0197X0","SHORT","10/20","3/10","30","82","80","2","1","32.93","0.0733","-0.2731","9.26","-2.1392","18.0505","40757","1040757","4.0757"
"KRX_CONTINUOUS","DS003336","SK하이닉스","0197X0","SHORT","20/30","3/30","50","59","59","0","3","38.98","0.0846","-0.4743","25.25","-4.1202","6.2205","40055","1040055","4.0055"
"KRX_CONTINUOUS","DS004583","SK하이닉스","0197X0","SHORT","10/20","20/30","30","82","71","11","3","40.24","0.0759","-0.2269","28.30","-3.7796","16.2254","39902","1039902","3.9902"
"KRX_CONTINUOUS","DS000227","삼성전자","0193W0","LONG","5/20","3/5","30","92","91","1","2","30.43","0.0470","-0.2000","5.17","-2.2555","5.4012","38351","1038351","3.8351"
"KRX_CONTINUOUS","DS004152","SK하이닉스","0197X0","SHORT","3/30","10/30","50","90","83","7","3","38.89","0.0780","-0.3257","24.36","-5.5717","17.0435","35543","1035543","3.5543"
"KRX_CONTINUOUS","DS000216","SK하이닉스","0197X0","SHORT","5/20","3/5","50","98","96","2","2","34.69","0.0522","-0.2000","5.51","-3.6571","15.6590","35490","1035490","3.5490"
"KRX_CONTINUOUS","DS002612","SK하이닉스","0197X0","SHORT","5/20","10/20","5","178","170","8","2","35.96","0.0432","-0.3238","20.62","-5.1716","17.1694","34794","1034794","3.4794"
"KRX_CONTINUOUS","DS000309","SK하이닉스","0197X0","SHORT","3/30","3/5","10","133","128","5","1","33.08","0.0380","-0.2000","5.77","-3.6571","15.6590","34478","1034478","3.4478"
"KRX_CONTINUOUS","DS002710","SK하이닉스","0197X0","SHORT","3/30","10/20","20","114","103","11","3","35.09","0.0553","-0.2846","19.41","-3.8169","17.1694","34048","1034048","3.4048"
"KRX_CONTINUOUS","DS003623","SK하이닉스","0197X0","SHORT","10/20","5/30","30","82","75","7","3","36.59","0.0667","-0.3841","21.83","-2.3019","17.1065","33143","1033143","3.3143"
"KRX_CONTINUOUS","DS000260","SK하이닉스","0197X0","SHORT","10/20","3/5","5","115","115","0","1","32.17","0.0425","-0.2533","5.34","-2.0344","15.6590","32853","1032853","3.2853"
"KRX_CONTINUOUS","DS001750","SK하이닉스","0197X0","SHORT","3/30","3/20","20","114","106","8","2","34.21","0.0497","-0.3855","16.78","-4.1518","17.4211","31969","1031969","3.1969"
"KRX_CONTINUOUS","DS000744","SK하이닉스","0197X0","SHORT","10/20","3/10","50","75","73","2","2","32.00","0.0681","-0.3610","9.27","-2.1392","18.0505","31622","1031622","3.1622"
"KRX_CONTINUOUS","DS000356","SK하이닉스","0197X0","SHORT","5/30","3/5","5","133","133","0","2","36.09","0.0356","-0.2000","5.57","-3.6571","15.6590","30947","1030947","3.0947"
"KRX_CONTINUOUS","DS000355","SK하이닉스","0197X0","SHORT","5/30","3/5","NONE","135","135","0","2","36.30","0.0349","-0.2000","5.59","-3.6571","15.6590","30713","1030713","3.0713"
"KRX_CONTINUOUS","DS001703","SK하이닉스","0197X0","SHORT","10/20","3/20","30","82","78","4","2","32.93","0.0637","-0.5450","15.65","-2.4958","17.4211","30531","1030531","3.0531"
"KRX_CONTINUOUS","DS000300","SK하이닉스","0193T0","LONG","3/30","3/5","50","51","51","0","1","37.25","0.0634","-0.1468","6.12","-2.0499","2.1753","30487","1030487","3.0487"
"KRX_CONTINUOUS","DS000070","SK하이닉스","0197X0","SHORT","3/10","3/5","20","152","149","3","2","32.24","0.0327","-0.2453","5.76","-3.6571","15.6590","30151","1030151","3.0151"
"KRX_CONTINUOUS","DS001606","SK하이닉스","0197X0","SHORT","3/20","3/20","20","102","96","6","1","31.37","0.0509","-0.4746","13.84","-3.4437","17.4211","30042","1030042","3.0042"
"KRX_CONTINUOUS","DS001029","SK하이닉스","0197X0","SHORT","3/10","5/10","10","163","159","4","3","37.42","0.0353","-0.2857","11.74","-4.1202","16.9177","29210","1029210","2.9210"
"KRX_CONTINUOUS","DS000408","SK하이닉스","0197X0","SHORT","10/30","3/5","50","66","65","1","2","33.33","0.0707","-0.3823","5.77","-7.0620","15.6590","29183","1029183","2.9183"
"KRX_CONTINUOUS","DS000934","SK하이닉스","0197X0","SHORT","20/30","3/10","20","107","107","0","2","38.32","0.0377","-0.2000","11.58","-4.4182","7.8319","28744","1028744","2.8744"
"KRX_CONTINUOUS","DS000396","SK하이닉스","0193T0","LONG","10/30","3/5","50","39","39","0","1","35.90","0.0819","-0.2527","5.51","-1.1327","5.8940","28672","1028672","2.8672"
"KRX_CONTINUOUS","DS002758","SK하이닉스","0197X0","SHORT","5/30","10/20","20","92","89","3","2","36.96","0.0613","-0.3633","21.54","-4.0363","17.1694","28653","1028653","2.8653"
"KRX_CONTINUOUS","DS003671","SK하이닉스","0197X0","SHORT","3/30","5/30","30","84","76","8","2","29.76","0.0613","-0.5632","22.02","-2.1206","17.1065","27943","1027943","2.7943"
"KRX_CONTINUOUS","DS000780","SK하이닉스","0193T0","LONG","3/30","3/10","50","51","51","0","2","47.06","0.0607","-0.0510","10.84","-2.4097","3.2237","27863","1027863","2.7863"
"KRX_CONTINUOUS","DS004726","SK하이닉스","0197X0","SHORT","10/30","20/30","20","98","90","8","3","40.82","0.0603","-0.2229","30.23","-4.0889","16.2254","26644","1026644","2.6644"
"KRX_CONTINUOUS","DS003092","SK하이닉스","0197X0","SHORT","5/20","3/30","5","178","169","9","3","35.96","0.0377","-0.4850","21.10","-7.2537","17.1065","25571","1025571","2.5571"
"KRX_CONTINUOUS","DS002566","SK하이닉스","0197X0","SHORT","3/20","10/20","20","102","93","9","3","36.27","0.0498","-0.2225","19.08","-3.4258","17.1694","25506","1025506","2.5506"
"KRX_CONTINUOUS","DS001123","SK하이닉스","0197X0","SHORT","3/20","5/10","NONE","217","212","5","2","38.25","0.0288","-0.2632","11.99","-5.3553","16.9177","25432","1025432","2.5432"
"KRX_CONTINUOUS","DS002087","SK하이닉스","0197X0","SHORT","3/20","5/20","30","98","93","5","2","28.57","0.0522","-0.4964","16.73","-2.0795","17.1694","25052","1025052","2.5052"
"KRX_CONTINUOUS","DS002565","SK하이닉스","0197X0","SHORT","3/20","10/20","10","171","162","9","3","36.26","0.0435","-0.2976","22.18","-5.1716","17.1694","24553","1024553","2.4553"
"KRX_CONTINUOUS","DS002470","SK하이닉스","0197X0","SHORT","3/10","10/20","20","152","143","9","4","35.53","0.0456","-0.3699","20.02","-4.1202","17.1694","24482","1024482","2.4482"
"KRX_CONTINUOUS","DS003094","SK하이닉스","0197X0","SHORT","5/20","3/30","20","84","79","5","3","30.95","0.0505","-0.5178","17.94","-2.0353","17.1065","23624","1023624","2.3624"
"KRX_CONTINUOUS","DS000358","SK하이닉스","0197X0","SHORT","5/30","3/5","20","92","92","0","2","35.87","0.0403","-0.1496","5.51","-3.6571","15.6590","22669","1022669","2.2669"
"KRX_CONTINUOUS","DS003048","SK하이닉스","0197X0","SHORT","3/20","3/30","50","119","113","6","3","29.41","0.0418","-0.5180","19.49","-4.6034","17.1065","22573","1022573","2.2573"
"KRX_CONTINUOUS","DS001413","SK하이닉스","0197X0","SHORT","20/30","5/10","10","90","90","0","2","41.11","0.0349","-0.2000","11.06","-4.1202","7.4596","22139","1022139","2.2139"
"KRX_CONTINUOUS","DS001223","SK하이닉스","0197X0","SHORT","10/20","5/10","30","82","80","2","1","30.49","0.0486","-0.2916","10.44","-2.3356","16.9177","20824","1020824","2.0824"
"KRX_CONTINUOUS","DS001128","SK하이닉스","0197X0","SHORT","3/20","5/10","50","119","115","4","2","33.61","0.0388","-0.2632","11.52","-3.1023","16.9177","20659","1020659","2.0659"
"KRX_CONTINUOUS","DS001603","SK하이닉스","0197X0","SHORT","3/20","3/20","NONE","217","209","8","1","33.18","0.0247","-0.5212","14.18","-3.4437","17.4211","18431","1018431","1.8431"
"KRX_CONTINUOUS","DS000259","SK하이닉스","0197X0","SHORT","10/20","3/5","NONE","157","154","3","2","35.67","0.0228","-0.2000","5.97","-2.3105","15.6590","17366","1017366","1.7366"
"KRX_CONTINUOUS","DS003527","SK하이닉스","0197X0","SHORT","3/20","5/30","30","98","90","8","3","31.63","0.0437","-0.5118","20.60","-2.1206","17.1065","16622","1016622","1.6622"
"KRX_CONTINUOUS","DS002611","SK하이닉스","0197X0","SHORT","5/20","10/20","NONE","185","177","8","2","36.22","0.0331","-0.3252","20.92","-5.1716","17.1694","16271","1016271","1.6271"
"KRX_CONTINUOUS","DS000179","삼성전자","0193W0","LONG","3/20","3/5","30","116","114","2","2","31.90","0.0190","-0.2000","5.13","-2.2555","5.4012","15797","1015797","1.5797"
"KRX_CONTINUOUS","DS001171","SK하이닉스","0197X0","SHORT","5/20","5/10","NONE","185","183","2","2","40.00","0.0240","-0.2667","11.16","-3.1023","16.9177","15570","1015570","1.5570"
"KRX_CONTINUOUS","DS001416","SK하이닉스","0197X0","SHORT","20/30","5/10","50","59","59","0","2","40.68","0.0354","-0.2000","12.42","-4.1202","6.3909","14991","1014991","1.4991"
"KRX_CONTINUOUS","DS000286","삼성전자","0193L0","SHORT","10/20","3/5","20","72","72","0","2","40.28","0.0224","-0.1039","5.22","-1.2248","2.6459","14760","1014760","1.4760"
"KRX_CONTINUOUS","DS003043","SK하이닉스","0197X0","SHORT","3/20","3/30","NONE","217","206","11","4","35.48","0.0300","-0.4137","21.62","-7.7155","17.1065","13633","1013633","1.3633"
"KRX_CONTINUOUS","DS002088","SK하이닉스","0197X0","SHORT","3/20","5/20","50","119","114","5","2","28.57","0.0352","-0.5193","16.80","-2.0795","17.1694","12627","1012627","1.2627"
"KRX_CONTINUOUS","DS000359","SK하이닉스","0197X0","SHORT","5/30","3/5","30","61","61","0","2","32.79","0.0423","-0.1492","5.52","-3.6571","15.6590","11939","1011939","1.1939"
"KRX_CONTINUOUS","DS000549","SK하이닉스","0197X0","SHORT","3/10","3/10","10","163","158","5","1","32.52","0.0246","-0.3444","9.85","-2.2883","18.0505","11883","1011883","1.1883"
"KRX_CONTINUOUS","DS004006","SK하이닉스","0197X0","SHORT","3/20","10/30","20","102","94","8","3","36.27","0.0352","-0.3909","23.33","-2.7017","17.0435","11642","1011642","1.1642"
"KRX_CONTINUOUS","DS003816","SK하이닉스","0197X0","SHORT","20/30","5/30","50","59","59","0","3","38.98","0.0392","-0.5690","26.93","-4.1202","5.6523","11587","1011587","1.1587"
"KRX_CONTINUOUS","DS000360","SK하이닉스","0197X0","SHORT","5/30","3/5","50","66","66","0","2","31.82","0.0390","-0.2243","5.36","-3.6571","15.6590","11024","1011024","1.1024"
"KRX_CONTINUOUS","DS004676","SK하이닉스","0197X0","SHORT","5/30","20/30","5","133","123","10","5","40.60","0.0411","-0.3781","31.77","-6.9788","16.2254","10682","1010682","1.0682"
"KRX_CONTINUOUS","DS000828","SK하이닉스","0193T0","LONG","5/30","3/10","50","47","47","0","2","44.68","0.0253","-0.2000","10.91","-2.4097","3.1769","9429","1009429","0.9429"
"KRX_CONTINUOUS","DS000643","SK하이닉스","0197X0","SHORT","3/20","3/10","NONE","217","212","5","2","36.87","0.0204","-0.2701","10.29","-5.3553","18.0505","8797","1008797","0.8797"
"KRX_CONTINUOUS","DS001139","삼성전자","0193W0","LONG","3/20","5/10","30","116","110","6","3","35.34","0.0135","-0.2366","10.37","-2.2352","5.1443","8311","1008311","0.8311"
"KRX_CONTINUOUS","DS002700","SK하이닉스","0193T0","LONG","3/30","10/20","50","51","49","2","3","43.14","0.0355","-0.0428","20.92","-5.7498","6.6040","8193","1008193","0.8193"
"KRX_CONTINUOUS","DS002373","SK하이닉스","0197X0","SHORT","20/30","5/20","10","90","88","2","3","37.78","0.0217","-0.2636","18.63","-4.1202","8.6830","8039","1008039","0.8039"
"KRX_CONTINUOUS","DS004679","SK하이닉스","0197X0","SHORT","5/30","20/30","30","61","56","5","2","36.07","0.0486","-0.4701","24.30","-3.8239","16.2254","7548","1007548","0.7548"
"KRX_CONTINUOUS","DS000648","SK하이닉스","0197X0","SHORT","3/20","3/10","50","119","115","4","2","35.29","0.0270","-0.2701","9.87","-2.0779","18.0505","7088","1007088","0.7088"
"KRX_CONTINUOUS","DS000264","SK하이닉스","0197X0","SHORT","10/20","3/5","50","75","73","2","1","29.33","0.0260","-0.3062","5.45","-2.0344","15.6590","4917","1004917","0.4917"
"KRX_CONTINUOUS","DS002707","SK하이닉스","0197X0","SHORT","3/30","10/20","NONE","171","160","11","3","35.67","0.0301","-0.3515","21.53","-4.9962","17.1694","2957","1002957","0.2957"
"KRX_CONTINUOUS","DS003190","SK하이닉스","0197X0","SHORT","3/30","3/30","20","114","105","9","1","33.33","0.0228","-0.4764","17.80","-2.4797","17.1065","1954","1001954","0.1954"
"KRX_CONTINUOUS","DS000347","SK하이닉스","0193T0","LONG","5/30","3/5","30","49","47","2","1","40.82","0.0103","-0.2518","5.73","-2.0499","5.3457","1802","1001802","0.1802"
"KRX_CONTINUOUS","DS001260","SK하이닉스","0193T0","LONG","3/30","5/10","50","51","51","0","2","49.02","0.0088","-0.0022","11.86","-1.7697","3.0459","1255","1001255","0.1255"
"KRX_CONTINUOUS","DS000348","SK하이닉스","0193T0","LONG","5/30","3/5","50","47","47","0","1","42.55","0.0058","-0.2978","5.94","-2.0499","2.0704","769","1000769","0.0769"
"KRX_CONTINUOUS","DS001896","SK하이닉스","0197X0","SHORT","20/30","3/20","50","59","59","0","2","38.98","0.0107","-0.2903","16.54","-2.4183","5.4250","717","1000717","0.0717"
"KRX_CONTINUOUS","DS000261","SK하이닉스","0197X0","SHORT","10/20","3/5","10","146","144","2","2","34.93","0.0126","-0.2243","5.68","-2.3105","15.6590","633","1000633","0.0633"
"KRX_CONTINUOUS","DS000238","삼성전자","0193L0","SHORT","5/20","3/5","20","89","87","2","2","32.58","0.0111","-0.2000","5.06","-1.3874","13.0214","591","1000591","0.0591"
"KRX_CONTINUOUS","DS000827","SK하이닉스","0193T0","LONG","5/30","3/10","30","49","46","3","1","32.65","0.0072","-0.2714","9.39","-2.4097","5.2277","-378","999622","-0.0378"
"KRX_CONTINUOUS","DS000684","SK하이닉스","0193T0","LONG","5/20","3/10","50","65","64","1","2","40.00","0.0026","-0.2000","9.51","-2.4097","4.3739","-2275","997725","-0.2275"
"KRX_CONTINUOUS","DS001510","SK하이닉스","0197X0","SHORT","3/10","3/20","20","152","146","6","3","32.24","0.0168","-0.4561","14.87","-4.1518","17.4211","-3596","996404","-0.3596"
"KRX_CONTINUOUS","DS001412","SK하이닉스","0197X0","SHORT","20/30","5/10","5","81","80","1","2","41.98","0.0035","-0.2000","12.01","-4.1202","6.3909","-3950","996050","-0.3950"
"KRX_CONTINUOUS","DS004628","SK하이닉스","0197X0","SHORT","3/30","20/30","5","144","131","13","4","36.81","0.0329","-0.3613","31.20","-7.6656","16.2254","-4011","995989","-0.4011"
"KRX_CONTINUOUS","DS004292","SK하이닉스","0197X0","SHORT","20/30","10/30","5","81","77","4","2","41.98","0.0125","-0.2863","28.77","-4.0382","5.5718","-4085","995915","-0.4085"
"KRX_CONTINUOUS","DS002376","SK하이닉스","0197X0","SHORT","20/30","5/20","50","59","59","0","2","38.98","0.0027","-0.3948","18.69","-4.1202","4.6295","-4136","995864","-0.4136"
"KRX_CONTINUOUS","DS000706","삼성전자","0193W0","LONG","5/20","3/10","20","89","85","4","2","35.96","0.0019","-0.2370","9.16","-2.4610","5.8406","-4190","995810","-0.4190"
"KRX_CONTINUOUS","DS000263","SK하이닉스","0197X0","SHORT","10/20","3/5","30","82","80","2","1","30.49","0.0124","-0.2000","5.30","-2.0344","15.6590","-4295","995705","-0.4295"
"KRX_CONTINUOUS","DS000213","SK하이닉스","0197X0","SHORT","5/20","3/5","10","147","145","2","2","35.37","0.0088","-0.2624","5.38","-3.6571","15.6590","-5313","994687","-0.5313"
"KRX_CONTINUOUS","DS001186","삼성전자","0193W0","LONG","5/20","5/10","20","89","85","4","2","37.08","0.0018","-0.2382","10.24","-2.2352","5.8406","-5338","994662","-0.5338"
"KRX_CONTINUOUS","DS000935","SK하이닉스","0197X0","SHORT","20/30","3/10","30","66","66","0","2","34.85","0.0001","-0.2710","9.94","-1.9194","5.5386","-5579","994421","-0.5579"
"KRX_CONTINUOUS","DS003332","SK하이닉스","0197X0","SHORT","20/30","3/30","5","81","78","3","2","40.74","0.0061","-0.4174","24.25","-4.1202","6.2205","-5938","994062","-0.5938"
"KRX_CONTINUOUS","DS000931","SK하이닉스","0197X0","SHORT","20/30","3/10","NONE","115","115","0","2","37.39","0.0049","-0.2451","11.73","-4.4182","7.8319","-6598","993402","-0.6598"
"KRX_CONTINUOUS","DS001308","SK하이닉스","0193T0","LONG","5/30","5/10","50","47","47","0","2","40.43","-0.0095","-0.1027","11.74","-2.0670","3.0135","-6628","993372","-0.6628"
"KRX_CONTINUOUS","DS003238","SK하이닉스","0197X0","SHORT","5/30","3/30","20","92","89","3","2","33.70","0.0165","-0.4875","19.84","-2.4368","17.1065","-6681","993319","-0.6681"
"KRX_CONTINUOUS","DS002949","SK하이닉스","0197X0","SHORT","3/10","3/30","10","163","157","6","4","31.90","0.0190","-0.4133","22.39","-4.8931","17.1065","-6988","993012","-0.6988"
"KRX_CONTINUOUS","DS003333","SK하이닉스","0197X0","SHORT","20/30","3/30","10","90","88","2","3","36.67","0.0075","-0.4570","22.94","-4.1202","9.3745","-7726","992274","-0.7726"
"KRX_CONTINUOUS","DS004582","SK하이닉스","0197X0","SHORT","10/20","20/30","20","77","68","9","3","38.96","0.0232","-0.2000","29.29","-3.7796","16.2254","-8187","991813","-0.8187"
"KRX_CONTINUOUS","DS001380","삼성전자","0193W0","LONG","10/30","5/10","50","57","56","1","2","24.56","-0.0072","-0.3758","8.89","-1.7342","5.6907","-8913","991087","-0.8913"
"KRX_CONTINUOUS","DS004004","SK하이닉스","0197X0","SHORT","3/20","10/30","5","192","178","14","5","42.19","0.0466","-0.2539","32.33","-11.2795","17.0435","-9305","990695","-0.9305"
"KRX_CONTINUOUS","DS000204","SK하이닉스","0193T0","LONG","5/20","3/5","50","65","64","1","2","32.31","-0.0086","-0.2459","5.86","-2.3512","6.2516","-10236","989764","-1.0236"
"KRX_CONTINUOUS","DS003191","SK하이닉스","0197X0","SHORT","3/30","3/30","30","84","79","5","1","27.38","0.0123","-0.5103","15.67","-2.0353","17.1065","-10827","989173","-1.0827"
"KRX_CONTINUOUS","DS000308","SK하이닉스","0197X0","SHORT","3/30","3/5","5","144","139","5","1","31.25","0.0041","-0.2000","5.63","-3.6571","15.6590","-11004","988996","-1.1004"
"KRX_CONTINUOUS","DS001307","SK하이닉스","0193T0","LONG","5/30","5/10","30","49","46","3","1","36.73","-0.0154","-0.2651","10.20","-2.1291","5.3457","-11357","988643","-1.1357"
"KRX_CONTINUOUS","DS004675","SK하이닉스","0197X0","SHORT","5/30","20/30","NONE","135","125","10","5","40.00","0.0241","-0.3916","31.64","-6.9788","16.2254","-11679","988321","-1.1679"
"KRX_CONTINUOUS","DS004296","SK하이닉스","0197X0","SHORT","20/30","10/30","50","59","58","1","3","38.98","0.0020","-0.3948","28.90","-4.0382","5.5718","-11925","988075","-1.1925"
"KRX_CONTINUOUS","DS003911","SK하이닉스","0197X0","SHORT","3/10","10/30","30","162","153","9","5","37.04","0.0223","-0.4845","26.56","-5.5717","17.0435","-12788","987212","-1.2788"
"KRX_CONTINUOUS","DS000936","SK하이닉스","0197X0","SHORT","20/30","3/10","50","59","59","0","2","33.90","-0.0180","-0.2451","10.75","-1.9446","5.5386","-15214","984786","-1.5214"
"KRX_CONTINUOUS","DS000311","SK하이닉스","0197X0","SHORT","3/30","3/5","30","84","81","3","1","30.95","-0.0015","-0.2000","5.31","-3.6571","15.6590","-15771","984229","-1.5771"
"KRX_CONTINUOUS","DS004629","SK하이닉스","0197X0","SHORT","3/30","20/30","10","133","122","11","3","37.59","0.0268","-0.3842","32.57","-7.6656","16.2254","-16224","983776","-1.6224"
"KRX_CONTINUOUS","DS000468","삼성전자","0193W0","LONG","20/30","3/5","50","63","60","3","2","30.16","-0.0213","-0.2505","5.35","-2.0081","4.2297","-16601","983399","-1.6601"
"KRX_CONTINUOUS","DS002563","SK하이닉스","0197X0","SHORT","3/20","10/20","NONE","217","206","11","4","36.87","0.0184","-0.2543","21.33","-5.1716","17.1694","-16614","983386","-1.6614"
"KRX_CONTINUOUS","DS001176","SK하이닉스","0197X0","SHORT","5/20","5/10","50","98","97","1","2","35.71","0.0041","-0.3485","10.46","-3.1023","16.9177","-16944","983056","-1.6944"
"KRX_CONTINUOUS","DS000932","SK하이닉스","0197X0","SHORT","20/30","3/10","5","81","81","0","2","32.10","-0.0143","-0.2599","9.94","-1.9194","5.5386","-17096","982904","-1.7096"
"KRX_CONTINUOUS","DS003227","SK하이닉스","0193T0","LONG","5/30","3/30","30","49","44","5","1","32.65","-0.0134","-0.4956","20.65","-4.9790","8.9445","-17481","982519","-1.7481"
"KRX_CONTINUOUS","DS000383","삼성전자","0193L0","SHORT","5/30","3/5","30","80","78","2","2","25.00","-0.0101","-0.3118","5.19","-1.3424","13.0214","-17713","982287","-1.7713"
"KRX_CONTINUOUS","DS000876","SK하이닉스","0193T0","LONG","10/30","3/10","50","39","39","0","2","38.46","-0.0389","-0.2532","8.95","-1.3403","4.7941","-17844","982156","-1.7844"
"KRX_CONTINUOUS","DS003574","SK하이닉스","0197X0","SHORT","5/20","5/30","20","84","79","5","3","34.52","0.0014","-0.4940","19.71","-2.2887","17.1065","-18178","981822","-1.8178"
"KRX_CONTINUOUS","DS001787","SK하이닉스","0193T0","LONG","5/30","3/20","30","49","45","4","1","32.65","-0.0251","-0.4052","15.82","-3.2832","5.6407","-18293","981707","-1.8293"
"KRX_CONTINUOUS","DS000310","SK하이닉스","0197X0","SHORT","3/30","3/5","20","114","109","5","1","30.70","-0.0029","-0.2000","5.66","-3.6571","15.6590","-18397","981603","-1.8397"
"KRX_CONTINUOUS","DS000479","삼성전자","0193L0","SHORT","20/30","3/5","30","58","57","1","1","25.86","-0.0306","-0.2000","4.79","-1.1046","3.2104","-19545","980455","-1.9545"
"KRX_CONTINUOUS","DS004581","SK하이닉스","0197X0","SHORT","10/20","20/30","10","146","132","14","6","43.84","0.0230","-0.1453","34.16","-9.8214","16.2254","-19577","980423","-1.9577"
"KRX_CONTINUOUS","DS002852","SK하이닉스","0197X0","SHORT","20/30","10/20","5","81","78","3","2","39.51","-0.0094","-0.4219","21.22","-4.1202","7.0159","-20031","979969","-2.0031"
"KRX_CONTINUOUS","DS004198","SK하이닉스","0197X0","SHORT","5/30","10/30","20","92","88","4","3","40.22","0.0139","-0.2478","27.39","-7.2757","17.0435","-20032","979968","-2.0032"
"KRX_CONTINUOUS","DS003812","SK하이닉스","0197X0","SHORT","20/30","5/30","5","81","78","3","2","39.51","-0.0103","-0.3808","25.84","-4.1202","5.6523","-20109","979891","-2.0109"
"KRX_CONTINUOUS","DS001031","SK하이닉스","0197X0","SHORT","3/10","5/10","30","162","160","2","3","35.19","0.0065","-0.3079","11.56","-4.1202","16.9177","-20199","979801","-2.0199"
"KRX_CONTINUOUS","DS002699","SK하이닉스","0193T0","LONG","3/30","10/20","30","54","49","5","3","40.74","-0.0221","-0.1418","20.83","-5.7498","6.6040","-20643","979357","-2.0643"
"KRX_CONTINUOUS","DS002231","SK하이닉스","0197X0","SHORT","3/30","5/20","30","84","79","5","2","29.76","0.0043","-0.4400","20.74","-5.1400","17.1694","-21110","978890","-2.1110"
"KRX_CONTINUOUS","DS000312","SK하이닉스","0197X0","SHORT","3/30","3/5","50","90","86","4","1","26.67","-0.0076","-0.2457","5.37","-3.6571","15.6590","-22032","977968","-2.2032"
"KRX_CONTINUOUS","DS000287","삼성전자","0193L0","SHORT","10/20","3/5","30","85","85","0","2","37.65","-0.0253","-0.2000","5.79","-1.5438","2.6459","-23330","976670","-2.3330"
"KRX_CONTINUOUS","DS000420","삼성전자","0193W0","LONG","10/30","3/5","50","57","56","1","1","33.33","-0.0374","-0.2362","5.12","-1.7342","4.2738","-23824","976176","-2.3824"
"KRX_CONTINUOUS","DS000444","SK하이닉스","0193T0","LONG","20/30","3/5","50","43","42","1","1","18.60","-0.0452","-0.3418","4.93","-3.4421","8.0100","-24487","975513","-2.4487"
"KRX_CONTINUOUS","DS003180","SK하이닉스","0193T0","LONG","3/30","3/30","50","51","50","1","1","35.29","-0.0350","-0.5265","19.88","-4.9790","6.3543","-24524","975476","-2.4524"
"KRX_CONTINUOUS","DS000900","삼성전자","0193W0","LONG","10/30","3/10","50","57","56","1","2","22.81","-0.0370","-0.2874","7.74","-1.7098","5.6907","-24878","975122","-2.4878"
"KRX_CONTINUOUS","DS000659","삼성전자","0193W0","LONG","3/20","3/10","30","116","110","6","2","33.62","-0.0164","-0.2928","8.77","-2.4610","4.8874","-25487","974513","-2.5487"
"KRX_CONTINUOUS","DS003813","SK하이닉스","0197X0","SHORT","20/30","5/30","10","90","88","2","3","37.78","-0.0119","-0.5756","24.46","-4.1202","9.2681","-26044","973956","-2.6044"
"KRX_CONTINUOUS","DS001415","SK하이닉스","0197X0","SHORT","20/30","5/10","30","66","66","0","2","39.39","-0.0322","-0.2000","10.91","-4.1202","6.3909","-26818","973182","-2.6818"
"KRX_CONTINUOUS","DS003525","SK하이닉스","0197X0","SHORT","3/20","5/30","10","171","160","11","3","37.43","0.0160","-0.4141","26.37","-8.9578","17.1065","-27154","972846","-2.7154"
"KRX_CONTINUOUS","DS004293","SK하이닉스","0197X0","SHORT","20/30","10/30","10","90","87","3","3","41.11","-0.0087","-0.4398","27.58","-4.0382","10.7043","-27627","972373","-2.7627"
"KRX_CONTINUOUS","DS001246","삼성전자","0193L0","SHORT","10/20","5/10","20","72","72","0","2","40.28","-0.0349","-0.1511","11.40","-2.4654","2.6021","-27672","972328","-2.7672"
"KRX_CONTINUOUS","DS001824","삼성전자","0193L0","SHORT","5/30","3/20","50","89","86","3","2","29.21","-0.0171","-0.4155","15.25","-1.3932","13.8084","-27710","972290","-2.7710"
"KRX_CONTINUOUS","DS000384","삼성전자","0193L0","SHORT","5/30","3/5","50","89","87","2","2","24.72","-0.0221","-0.2000","5.18","-1.1809","13.0214","-28256","971744","-2.8256"
"KRX_CONTINUOUS","DS004056","SK하이닉스","0197X0","SHORT","5/20","10/30","50","98","93","5","4","36.73","0.0139","-0.4050","29.61","-11.2795","17.0435","-28831","971169","-2.8831"
"KRX_CONTINUOUS","DS000299","SK하이닉스","0193T0","LONG","3/30","3/5","30","54","52","2","1","33.33","-0.0525","-0.2621","5.48","-2.0499","2.1753","-29757","970243","-2.9757"
"KRX_CONTINUOUS","DS001404","SK하이닉스","0193T0","LONG","20/30","5/10","50","43","42","1","2","30.23","-0.0564","-0.2980","10.30","-2.4796","5.7892","-30094","969906","-3.0094"
"KRX_CONTINUOUS","DS003660","SK하이닉스","0193T0","LONG","3/30","5/30","50","51","49","2","2","33.33","-0.0427","-0.3866","25.16","-5.7498","6.6040","-30261","969739","-3.0261"
"KRX_CONTINUOUS","DS001356","SK하이닉스","0193T0","LONG","10/30","5/10","50","39","39","0","2","38.46","-0.0711","-0.2000","9.77","-1.4231","4.9116","-30309","969691","-3.0309"
"KRX_CONTINUOUS","DS000719","삼성전자","0193L0","SHORT","5/20","3/10","30","101","98","3","2","33.66","-0.0185","-0.2533","8.49","-2.7351","14.0707","-30370","969630","-3.0370"
"KRX_CONTINUOUS","DS000696","SK하이닉스","0197X0","SHORT","5/20","3/10","50","98","97","1","1","30.61","-0.0097","-0.4439","8.86","-2.0779","18.0505","-30510","969490","-3.0510"
"KRX_CONTINUOUS","DS001414","SK하이닉스","0197X0","SHORT","20/30","5/10","20","107","107","0","2","42.99","-0.0176","-0.2000","12.34","-4.5636","7.4596","-30778","969222","-3.0778"
"KRX_CONTINUOUS","DS003718","SK하이닉스","0197X0","SHORT","5/30","5/30","20","92","89","3","1","33.70","-0.0098","-0.4618","21.34","-2.9633","17.1065","-31788","968212","-3.1788"
"KRX_CONTINUOUS","DS000779","SK하이닉스","0193T0","LONG","3/30","3/10","30","54","51","3","2","33.33","-0.0555","-0.2000","9.41","-2.4097","3.2237","-32425","967575","-3.2425"
"KRX_CONTINUOUS","DS002711","SK하이닉스","0197X0","SHORT","3/30","10/20","30","84","77","7","2","27.38","-0.0067","-0.3839","21.13","-4.9962","17.1694","-32655","967345","-3.2655"
"KRX_CONTINUOUS","DS000168","SK하이닉스","0197X0","SHORT","3/20","3/5","50","119","115","4","1","32.77","-0.0142","-0.2457","5.39","-3.6571","15.6590","-33157","966843","-3.3157"
"KRX_CONTINUOUS","DS000226","삼성전자","0193W0","LONG","5/20","3/5","20","89","88","1","2","30.34","-0.0333","-0.2373","5.15","-2.2555","3.8139","-33213","966787","-3.3213"
"KRX_CONTINUOUS","DS003571","SK하이닉스","0197X0","SHORT","5/20","5/30","NONE","185","175","10","3","38.92","0.0085","-0.4094","25.09","-8.5021","17.1065","-33360","966640","-3.3360"
"KRX_CONTINUOUS","DS003046","SK하이닉스","0197X0","SHORT","3/20","3/30","20","102","95","7","2","28.43","-0.0123","-0.5594","17.03","-2.0353","17.1065","-33708","966292","-3.3708"
"KRX_CONTINUOUS","DS000718","삼성전자","0193L0","SHORT","5/20","3/10","20","89","87","2","2","33.71","-0.0265","-0.2533","9.47","-2.7351","14.0707","-34596","965404","-3.4596"
"KRX_CONTINUOUS","DS000211","SK하이닉스","0197X0","SHORT","5/20","3/5","NONE","185","182","3","2","35.68","-0.0084","-0.2614","5.29","-3.6571","15.6590","-34668","965332","-3.4668"
"KRX_CONTINUOUS","DS000156","SK하이닉스","0193T0","LONG","3/20","3/5","50","78","77","1","1","34.62","-0.0393","-0.2699","5.82","-2.0499","5.8940","-35072","964928","-3.5072"
"KRX_CONTINUOUS","DS003526","SK하이닉스","0197X0","SHORT","3/20","5/30","20","102","94","8","3","32.35","-0.0130","-0.5676","19.93","-2.1206","17.1065","-35399","964601","-3.5399"
"KRX_CONTINUOUS","DS001823","삼성전자","0193L0","SHORT","5/30","3/20","30","80","76","4","2","27.50","-0.0287","-0.4656","15.06","-1.8577","13.8084","-35752","964248","-3.5752"
"KRX_CONTINUOUS","DS004486","SK하이닉스","0197X0","SHORT","3/20","20/30","20","102","90","12","3","35.29","-0.0099","-0.3846","24.20","-4.0221","16.2254","-36301","963699","-3.6301"
"KRX_CONTINUOUS","DS000467","삼성전자","0193W0","LONG","20/30","3/5","30","53","50","3","1","22.64","-0.0658","-0.3324","4.74","-2.0081","4.2297","-37159","962841","-3.7159"
"KRX_CONTINUOUS","DS000636","SK하이닉스","0193T0","LONG","3/20","3/10","50","78","77","1","2","42.31","-0.0437","-0.2343","9.44","-2.4097","4.0226","-38435","961565","-3.8435"
"KRX_CONTINUOUS","DS004147","SK하이닉스","0197X0","SHORT","3/30","10/30","NONE","171","160","11","4","42.11","0.0164","-0.2594","27.71","-7.9603","17.0435","-38827","961173","-3.8827"
"KRX_CONTINUOUS","DS002372","SK하이닉스","0197X0","SHORT","20/30","5/20","5","81","78","3","2","40.74","-0.0398","-0.2533","19.22","-4.1202","4.6295","-39136","960864","-3.9136"
"KRX_CONTINUOUS","DS000252","SK하이닉스","0193T0","LONG","10/20","3/5","50","54","53","1","1","29.63","-0.0672","-0.2516","5.41","-2.1595","5.9960","-39248","960752","-3.9248"
"KRX_CONTINUOUS","DS003179","SK하이닉스","0193T0","LONG","3/30","3/30","30","54","51","3","1","25.93","-0.0629","-0.4651","17.19","-4.9790","6.3543","-39936","960064","-3.9936"
"KRX_CONTINUOUS","DS002853","SK하이닉스","0197X0","SHORT","20/30","10/20","10","90","88","2","2","35.56","-0.0285","-0.5020","20.88","-4.1202","9.3745","-41245","958755","-4.1245"
"KRX_CONTINUOUS","DS002604","SK하이닉스","0193T0","LONG","5/20","10/20","50","65","63","2","2","33.85","-0.0474","-0.5199","21.02","-5.7498","5.5478","-41275","958725","-4.1275"
"KRX_CONTINUOUS","DS004772","SK하이닉스","0197X0","SHORT","20/30","20/30","5","81","75","6","1","41.98","-0.0322","-0.3845","30.30","-5.3405","5.3034","-42045","957955","-4.2045"
"KRX_CONTINUOUS","DS003331","SK하이닉스","0197X0","SHORT","20/30","3/30","NONE","115","110","5","3","40.00","-0.0190","-0.3826","24.15","-4.5636","9.3745","-42132","957868","-4.2132"
"KRX_CONTINUOUS","DS001198","삼성전자","0193L0","SHORT","5/20","5/10","20","89","87","2","2","34.83","-0.0354","-0.2374","10.91","-2.4654","13.6510","-42200","957800","-4.2200"
"KRX_CONTINUOUS","DS003659","SK하이닉스","0193T0","LONG","3/30","5/30","30","54","49","5","2","29.63","-0.0652","-0.3171","24.19","-5.7498","6.6040","-42681","957319","-4.2681"
"KRX_CONTINUOUS","DS001234","삼성전자","0193W0","LONG","10/20","5/10","20","74","69","5","2","33.78","-0.0525","-0.2409","9.69","-2.2352","4.8205","-42793","957207","-4.2793"
"KRX_CONTINUOUS","DS001667","삼성전자","0193W0","LONG","5/20","3/20","30","92","88","4","2","36.96","-0.0391","-0.4088","13.83","-3.2527","5.6990","-42922","957078","-4.2922"
"KRX_CONTINUOUS","DS001259","SK하이닉스","0193T0","LONG","3/30","5/10","30","54","51","3","2","35.19","-0.0771","-0.2000","10.31","-1.7697","3.0459","-43418","956582","-4.3418"
"KRX_CONTINUOUS","DS003587","삼성전자","0193W0","LONG","5/20","5/30","30","92","86","6","4","32.61","-0.0359","-0.4661","19.65","-4.1778","7.6623","-43925","956075","-4.3925"
"KRX_CONTINUOUS","DS003634","삼성전자","0193W0","LONG","10/20","5/30","20","74","66","8","3","40.54","-0.0466","-0.2763","22.78","-4.1778","7.3307","-44186","955814","-4.4186"
"KRX_CONTINUOUS","DS002303","삼성전자","0193L0","SHORT","5/30","5/20","30","80","76","4","2","28.75","-0.0378","-0.4530","18.06","-2.0504","14.4905","-44453","955547","-4.4453"
"KRX_CONTINUOUS","DS001644","SK하이닉스","0193T0","LONG","5/20","3/20","50","65","63","2","3","32.31","-0.0603","-0.5441","14.98","-3.2832","4.1258","-44545","955455","-4.4545"
"KRX_CONTINUOUS","DS004535","SK하이닉스","0197X0","SHORT","5/20","20/30","30","81","72","9","3","35.80","-0.0310","-0.3873","24.51","-3.5248","16.2254","-44578","955422","-4.4578"
"KRX_CONTINUOUS","DS001678","삼성전자","0193L0","SHORT","5/20","3/20","20","89","86","3","2","28.09","-0.0389","-0.3420","14.52","-2.0878","13.8084","-45756","954244","-4.5756"
"KRX_CONTINUOUS","DS001199","삼성전자","0193L0","SHORT","5/20","5/10","30","101","97","4","2","31.68","-0.0341","-0.2377","10.24","-2.4654","13.6510","-45788","954212","-4.5788"
"KRX_CONTINUOUS","DS002206","삼성전자","0193L0","SHORT","10/20","5/20","20","72","71","1","2","31.94","-0.0576","-0.3051","19.22","-2.1130","3.5170","-45940","954060","-4.5940"
"KRX_CONTINUOUS","DS004223","삼성전자","0193L0","SHORT","5/30","10/30","30","80","75","5","2","21.25","-0.0382","-0.5027","24.54","-1.8577","13.8084","-45957","954043","-4.5957"
"KRX_CONTINUOUS","DS001164","SK하이닉스","0193T0","LONG","5/20","5/10","50","65","64","1","2","40.00","-0.0672","-0.2568","10.18","-1.5749","4.3739","-46210","953790","-4.6210"
"KRX_CONTINUOUS","DS001893","SK하이닉스","0197X0","SHORT","20/30","3/20","10","90","88","2","3","35.56","-0.0415","-0.3643","16.21","-2.4603","7.1936","-46280","953720","-4.6280"
"KRX_CONTINUOUS","DS001376","삼성전자","0193W0","LONG","10/30","5/10","5","86","83","3","2","27.91","-0.0489","-0.3106","8.91","-1.7342","5.6907","-47070","952930","-4.7070"
"KRX_CONTINUOUS","DS002375","SK하이닉스","0197X0","SHORT","20/30","5/20","30","66","65","1","2","33.33","-0.0631","-0.3417","19.08","-4.1202","4.6295","-47072","952928","-4.7072"
"KRX_CONTINUOUS","DS000069","SK하이닉스","0197X0","SHORT","3/10","3/5","10","163","158","5","2","33.74","-0.0173","-0.2594","5.74","-3.6571","15.6590","-47421","952579","-4.7421"
"KRX_CONTINUOUS","DS000239","삼성전자","0193L0","SHORT","5/20","3/5","30","101","99","2","2","27.72","-0.0384","-0.3137","4.77","-1.2248","13.0214","-47810","952190","-4.7810"
"KRX_CONTINUOUS","DS000212","SK하이닉스","0197X0","SHORT","5/20","3/5","5","178","175","3","2","35.39","-0.0168","-0.2608","5.10","-3.6571","15.6590","-47864","952136","-4.7864"
"KRX_CONTINUOUS","DS000803","삼성전자","0193W0","LONG","3/30","3/10","30","87","83","4","2","34.48","-0.0490","-0.3688","8.93","-2.4610","5.8406","-47942","952058","-4.7942"
"KRX_CONTINUOUS","DS000480","삼성전자","0193L0","SHORT","20/30","3/5","50","62","61","1","1","25.81","-0.0777","-0.2000","5.31","-1.1524","3.2104","-48979","951021","-4.8979"
"KRX_CONTINUOUS","DS001643","SK하이닉스","0193T0","LONG","5/20","3/20","30","66","62","4","3","34.85","-0.0674","-0.5698","14.62","-3.2832","4.1258","-49500","950500","-4.9500"
"KRX_CONTINUOUS","DS003707","SK하이닉스","0193T0","LONG","5/30","5/30","30","49","42","7","1","30.61","-0.0797","-0.5671","22.24","-5.7498","8.9445","-49502","950498","-4.9502"
"KRX_CONTINUOUS","DS003335","SK하이닉스","0197X0","SHORT","20/30","3/30","30","66","65","1","2","31.82","-0.0643","-0.4548","23.48","-4.1202","6.2205","-49615","950385","-4.9615"
"KRX_CONTINUOUS","DS000346","SK하이닉스","0193T0","LONG","5/30","3/5","20","81","79","2","2","35.80","-0.0575","-0.2590","5.36","-2.0499","5.3457","-49663","950337","-4.9663"
"KRX_CONTINUOUS","DS003084","SK하이닉스","0193T0","LONG","5/20","3/30","50","65","63","2","3","35.38","-0.0623","-0.5255","20.92","-4.9790","5.3006","-49743","950257","-4.9743"
"KRX_CONTINUOUS","DS002650","SK하이닉스","0193T0","LONG","10/20","10/20","20","65","59","6","2","35.38","-0.0582","-0.4956","21.72","-5.7498","7.2838","-50066","949934","-5.0066"
"KRX_CONTINUOUS","DS002147","삼성전자","0193W0","LONG","5/20","5/20","30","92","88","4","1","39.13","-0.0476","-0.2669","14.72","-3.7153","5.3687","-50077","949923","-5.0077"
"KRX_CONTINUOUS","DS002747","SK하이닉스","0193T0","LONG","5/30","10/20","30","49","43","6","1","32.65","-0.0838","-0.6016","20.86","-5.7498","7.4106","-50190","949810","-5.0190"
"KRX_CONTINUOUS","DS001680","삼성전자","0193L0","SHORT","5/20","3/20","50","103","98","5","2","26.21","-0.0365","-0.3831","13.96","-2.0878","13.8084","-50198","949802","-5.0198"
"KRX_CONTINUOUS","DS000323","삼성전자","0193W0","LONG","3/30","3/5","30","87","86","1","2","32.18","-0.0552","-0.2883","5.05","-2.2555","3.9131","-50968","949032","-5.0968"
"KRX_CONTINUOUS","DS001411","SK하이닉스","0197X0","SHORT","20/30","5/10","NONE","115","114","1","2","43.48","-0.0346","-0.2000","12.79","-4.5636","7.4596","-51303","948697","-5.1303"
"KRX_CONTINUOUS","DS002952","SK하이닉스","0197X0","SHORT","3/10","3/30","50","172","164","8","5","30.81","-0.0092","-0.4439","22.20","-4.2399","17.1065","-51349","948651","-5.1349"
"KRX_CONTINUOUS","DS001427","삼성전자","0193W0","LONG","20/30","5/10","30","53","51","2","2","24.53","-0.0921","-0.4020","10.25","-2.0081","4.8491","-51498","948502","-5.1498"
"KRX_CONTINUOUS","DS002950","SK하이닉스","0197X0","SHORT","3/10","3/30","20","152","143","9","4","31.58","-0.0152","-0.4960","18.29","-4.1202","17.1065","-51877","948123","-5.1877"
"KRX_CONTINUOUS","DS000477","삼성전자","0193L0","SHORT","20/30","3/5","10","84","83","1","1","28.57","-0.0606","-0.1600","5.17","-1.8012","3.2104","-52113","947887","-5.2113"
"KRX_CONTINUOUS","DS000896","삼성전자","0193W0","LONG","10/30","3/10","5","86","83","3","2","27.91","-0.0562","-0.3286","8.06","-1.5224","5.6907","-52157","947843","-5.2157"
"KRX_CONTINUOUS","DS002626","삼성전자","0193W0","LONG","5/20","10/20","20","89","84","5","4","35.96","-0.0508","-0.2871","17.66","-4.1778","5.6990","-52532","947468","-5.2532"
"KRX_CONTINUOUS","DS004632","SK하이닉스","0197X0","SHORT","3/30","20/30","50","90","80","10","3","33.33","-0.0307","-0.3873","23.37","-4.2887","16.2254","-53353","946647","-5.3353"
"KRX_CONTINUOUS","DS000766","삼성전자","0193L0","SHORT","10/20","3/10","20","72","72","0","2","37.50","-0.0738","-0.1324","10.22","-2.7351","2.1372","-53865","946135","-5.3865"
"KRX_CONTINUOUS","DS001739","SK하이닉스","0193T0","LONG","3/30","3/20","30","54","51","3","1","29.63","-0.0922","-0.4197","17.39","-3.2832","4.1258","-53882","946118","-5.3882"
"KRX_CONTINUOUS","DS001428","삼성전자","0193W0","LONG","20/30","5/10","50","63","61","2","2","28.57","-0.0814","-0.2723","10.33","-2.1477","4.8491","-54113","945887","-5.4113"
"KRX_CONTINUOUS","DS000948","삼성전자","0193W0","LONG","20/30","3/10","50","63","61","2","2","31.75","-0.0824","-0.2760","9.02","-1.6352","4.8491","-54515","945485","-5.4515"
"KRX_CONTINUOUS","DS000228","삼성전자","0193W0","LONG","5/20","3/5","50","102","101","1","2","33.33","-0.0507","-0.2000","4.88","-2.2555","3.8139","-54817","945183","-5.4817"
"KRX_CONTINUOUS","DS001726","삼성전자","0193L0","SHORT","10/20","3/20","20","72","72","0","2","34.72","-0.0719","-0.2854","17.17","-2.0878","3.5841","-55052","944948","-5.5052"
"KRX_CONTINUOUS","DS000416","삼성전자","0193W0","LONG","10/30","3/5","5","86","85","1","1","29.07","-0.0632","-0.2361","4.35","-1.7342","4.2738","-56203","943797","-5.6203"
"KRX_CONTINUOUS","DS002951","SK하이닉스","0197X0","SHORT","3/10","3/30","30","162","156","6","4","27.78","-0.0152","-0.4513","19.34","-4.1202","17.1065","-56489","943511","-5.6489"
"KRX_CONTINUOUS","DS003958","SK하이닉스","0197X0","SHORT","5/10","10/30","20","149","139","10","4","37.58","-0.0177","-0.3080","24.63","-3.6388","9.9426","-57028","942972","-5.7028"
"KRX_CONTINUOUS","DS000947","삼성전자","0193W0","LONG","20/30","3/10","30","53","51","2","1","26.42","-0.1039","-0.4020","8.45","-1.3668","4.8491","-57110","942890","-5.7110"
"KRX_CONTINUOUS","DS004151","SK하이닉스","0197X0","SHORT","3/30","10/30","30","84","77","7","3","34.52","-0.0379","-0.4159","23.44","-5.5717","17.0435","-57536","942464","-5.7536"
"KRX_CONTINUOUS","DS000476","삼성전자","0193L0","SHORT","20/30","3/5","5","72","71","1","2","27.78","-0.0823","-0.1600","4.97","-0.9587","3.0135","-58995","941005","-5.8995"
"KRX_CONTINUOUS","DS000274","삼성전자","0193W0","LONG","10/20","3/5","20","74","70","4","1","29.73","-0.0783","-0.2398","4.76","-2.2555","5.0766","-59350","940650","-5.9350"
"KRX_CONTINUOUS","DS000419","삼성전자","0193W0","LONG","10/30","3/5","30","53","53","0","1","32.08","-0.1133","-0.2451","4.42","-1.7342","2.9103","-59976","940024","-5.9976"
"KRX_CONTINUOUS","DS002603","SK하이닉스","0193T0","LONG","5/20","10/20","30","66","61","5","2","34.85","-0.0783","-0.5320","20.00","-5.7498","5.5478","-60694","939306","-6.0694"
"KRX_CONTINUOUS","DS001860","삼성전자","0193W0","LONG","10/30","3/20","50","57","55","2","2","28.07","-0.1008","-0.4556","13.70","-2.7570","5.5493","-60836","939164","-6.0836"
"KRX_CONTINUOUS","DS000240","삼성전자","0193L0","SHORT","5/20","3/5","50","103","101","2","2","28.16","-0.0522","-0.2433","4.86","-1.3874","13.0214","-61208","938792","-6.1208"
"KRX_CONTINUOUS","DS000465","삼성전자","0193W0","LONG","20/30","3/5","10","78","75","3","1","29.49","-0.0770","-0.2406","5.27","-2.0081","4.2297","-61448","938552","-6.1448"
"KRX_CONTINUOUS","DS001740","SK하이닉스","0193T0","LONG","3/30","3/20","50","51","50","1","2","33.33","-0.1125","-0.3597","18.49","-3.2832","4.1258","-61530","938470","-6.1530"
"KRX_CONTINUOUS","DS004053","SK하이닉스","0197X0","SHORT","5/20","10/30","10","147","139","8","4","42.18","0.0172","-0.2000","34.02","-11.2795","17.0435","-61769","938231","-6.1769"
"KRX_CONTINUOUS","DS000178","삼성전자","0193W0","LONG","3/20","3/5","20","108","106","2","2","36.11","-0.0549","-0.2000","5.21","-2.2555","3.9131","-62220","937780","-6.2220"
"KRX_CONTINUOUS","DS002674","삼성전자","0193W0","LONG","10/20","10/20","20","74","68","6","2","39.19","-0.0761","-0.2754","20.36","-4.1778","6.2549","-62249","937751","-6.2249"
"KRX_CONTINUOUS","DS003572","SK하이닉스","0197X0","SHORT","5/20","5/30","5","178","168","10","3","38.20","-0.0097","-0.4135","24.50","-8.5021","17.1065","-62321","937679","-6.2321"
"KRX_CONTINUOUS","DS001894","SK하이닉스","0197X0","SHORT","20/30","3/20","20","107","105","2","3","39.25","-0.0477","-0.3252","17.07","-4.5345","7.1936","-62355","937645","-6.2355"
"KRX_CONTINUOUS","DS003120","삼성전자","0193L0","SHORT","5/20","3/30","50","103","99","4","4","25.24","-0.0494","-0.3980","18.30","-2.0878","13.7559","-62448","937552","-6.2448"
"KRX_CONTINUOUS","DS000443","SK하이닉스","0193T0","LONG","20/30","3/5","30","49","49","0","2","18.37","-0.1215","-0.4339","5.12","-3.4421","8.0100","-62978","937022","-6.2978"
"KRX_CONTINUOUS","DS000826","SK하이닉스","0193T0","LONG","5/30","3/10","20","81","79","2","2","34.57","-0.0764","-0.3737","9.74","-2.4097","5.2277","-64857","935143","-6.4857"
"KRX_CONTINUOUS","DS000945","삼성전자","0193W0","LONG","20/30","3/10","10","78","75","3","1","30.77","-0.0809","-0.3030","8.32","-1.8981","4.8491","-65195","934805","-6.5195"
"KRX_CONTINUOUS","DS004487","SK하이닉스","0197X0","SHORT","3/20","20/30","30","98","86","12","3","34.69","-0.0448","-0.3983","24.24","-4.1556","16.2254","-65663","934337","-6.5663"
"KRX_CONTINUOUS","DS000395","SK하이닉스","0193T0","LONG","10/30","3/5","30","44","43","1","1","25.00","-0.1491","-0.3137","4.98","-1.1327","5.8940","-65774","934226","-6.5774"
"KRX_CONTINUOUS","DS000551","SK하이닉스","0197X0","SHORT","3/10","3/10","30","162","159","3","2","33.33","-0.0249","-0.3638","9.38","-2.2883","18.0505","-66556","933444","-6.6556"
"KRX_CONTINUOUS","DS002158","삼성전자","0193L0","SHORT","5/20","5/20","20","89","84","5","1","28.09","-0.0626","-0.3310","16.42","-2.0339","14.4905","-66750","933250","-6.6750"
"KRX_CONTINUOUS","DS004594","삼성전자","0193W0","LONG","10/20","20/30","20","74","67","7","3","36.49","-0.0677","-0.4222","28.35","-4.4553","7.3307","-67338","932662","-6.7338"
"KRX_CONTINUOUS","DS002124","SK하이닉스","0193T0","LONG","5/20","5/20","50","65","62","3","1","30.77","-0.0976","-0.4635","16.20","-4.9790","4.1258","-67857","932143","-6.7857"
"KRX_CONTINUOUS","DS003300","삼성전자","0193W0","LONG","10/30","3/30","50","57","55","2","2","28.07","-0.1140","-0.4260","18.74","-3.2219","4.7482","-67870","932130","-6.7870"
"KRX_CONTINUOUS","DS000192","삼성전자","0193L0","SHORT","3/20","3/5","50","123","121","2","2","31.71","-0.0488","-0.2378","5.15","-3.0413","13.0214","-68298","931702","-6.8298"
"KRX_CONTINUOUS","DS001788","SK하이닉스","0193T0","LONG","5/30","3/20","50","47","46","1","1","31.91","-0.1415","-0.4052","16.74","-3.2832","4.1258","-68441","931559","-6.8441"
"KRX_CONTINUOUS","DS002783","삼성전자","0193L0","SHORT","5/30","10/20","30","80","76","4","2","33.75","-0.0713","-0.3236","21.58","-2.0141","13.5461","-68694","931306","-6.8694"
"KRX_CONTINUOUS","DS002518","SK하이닉스","0197X0","SHORT","5/10","10/20","20","149","141","8","4","34.23","-0.0279","-0.4153","18.94","-4.1202","8.6220","-69338","930662","-6.9338"
"KRX_CONTINUOUS","DS003263","삼성전자","0193L0","SHORT","5/30","3/30","30","80","76","4","2","26.25","-0.0740","-0.4954","17.05","-2.0504","13.7559","-69813","930187","-6.9813"
"KRX_CONTINUOUS","DS004776","SK하이닉스","0197X0","SHORT","20/30","20/30","50","59","56","3","1","38.98","-0.1005","-0.4503","30.25","-5.3405","5.3034","-70059","929941","-7.0059"
"KRX_CONTINUOUS","DS001892","SK하이닉스","0197X0","SHORT","20/30","3/20","5","81","78","3","2","39.51","-0.0820","-0.3797","16.67","-2.4603","5.4250","-70969","929031","-7.0969"
"KRX_CONTINUOUS","DS003909","SK하이닉스","0197X0","SHORT","3/10","10/30","10","163","155","8","4","37.42","-0.0106","-0.4743","30.30","-4.1975","17.0435","-71161","928839","-7.1161"
"KRX_CONTINUOUS","DS003083","SK하이닉스","0193T0","LONG","5/20","3/30","30","66","62","4","3","31.82","-0.0971","-0.5349","16.98","-4.9790","5.3006","-71233","928767","-7.1233"
"KRX_CONTINUOUS","DS002579","삼성전자","0193W0","LONG","3/20","10/20","30","116","108","8","5","36.21","-0.0521","-0.2864","17.88","-4.1778","6.5831","-71643","928357","-7.1643"
"KRX_CONTINUOUS","DS004775","SK하이닉스","0197X0","SHORT","20/30","20/30","30","66","62","4","1","40.91","-0.0910","-0.4544","31.92","-5.3405","5.3034","-72233","927767","-7.2233"
"KRX_CONTINUOUS","DS003523","SK하이닉스","0197X0","SHORT","3/20","5/30","NONE","217","204","13","4","38.25","-0.0064","-0.4141","25.39","-8.9578","17.1065","-72526","927474","-7.2526"
"KRX_CONTINUOUS","DS001200","삼성전자","0193L0","SHORT","5/20","5/10","50","103","99","4","2","33.01","-0.0620","-0.2801","10.34","-2.4654","13.6510","-72595","927405","-7.2595"
"KRX_CONTINUOUS","DS002374","SK하이닉스","0197X0","SHORT","20/30","5/20","20","107","104","3","3","38.32","-0.0576","-0.2765","17.70","-4.5636","8.6830","-72605","927395","-7.2605"
"KRX_CONTINUOUS","DS000180","삼성전자","0193W0","LONG","3/20","3/5","50","126","124","2","2","34.13","-0.0556","-0.2000","4.99","-2.2555","3.9131","-72625","927375","-7.2625"
"KRX_CONTINUOUS","DS000944","삼성전자","0193W0","LONG","20/30","3/10","5","78","76","2","2","33.33","-0.0914","-0.3330","8.85","-1.3668","4.8491","-72885","927115","-7.2885"
"KRX_CONTINUOUS","DS003528","SK하이닉스","0197X0","SHORT","3/20","5/30","50","119","111","8","3","31.09","-0.0377","-0.5790","22.40","-5.0295","17.1065","-73232","926768","-7.3232"
"KRX_CONTINUOUS","DS000720","삼성전자","0193L0","SHORT","5/20","3/10","50","103","100","3","2","32.04","-0.0626","-0.2820","8.96","-2.7351","14.0707","-73330","926670","-7.3330"
"KRX_CONTINUOUS","DS003167","삼성전자","0193L0","SHORT","10/20","3/30","30","85","83","2","4","34.12","-0.0835","-0.2866","22.27","-2.1130","4.3164","-73433","926567","-7.3433"
"KRX_CONTINUOUS","DS001306","SK하이닉스","0193T0","LONG","5/30","5/10","20","81","79","2","2","33.33","-0.0882","-0.2659","10.77","-2.1816","5.3457","-73835","926165","-7.3835"
"KRX_CONTINUOUS","DS003600","삼성전자","0193L0","SHORT","5/20","5/30","50","103","97","6","4","25.24","-0.0609","-0.4285","19.30","-2.0339","13.7559","-74056","925944","-7.4056"
"KRX_CONTINUOUS","DS000203","SK하이닉스","0193T0","LONG","5/20","3/5","30","66","63","3","1","27.27","-0.1109","-0.3438","5.21","-2.0499","6.2516","-74101","925899","-7.4101"
"KRX_CONTINUOUS","DS003264","삼성전자","0193L0","SHORT","5/30","3/30","50","89","85","4","2","23.60","-0.0718","-0.4621","17.31","-1.7649","13.7559","-74193","925807","-7.4193"
"KRX_CONTINUOUS","DS002340","삼성전자","0193W0","LONG","10/30","5/20","50","57","55","2","2","26.32","-0.1259","-0.4260","14.84","-3.2219","5.2194","-74246","925754","-7.4246"
"KRX_CONTINUOUS","DS001751","SK하이닉스","0197X0","SHORT","3/30","3/20","30","84","80","4","2","30.95","-0.0641","-0.5142","17.54","-4.9482","17.4211","-74439","925561","-7.4439"
"KRX_CONTINUOUS","DS000440","SK하이닉스","0193T0","LONG","20/30","3/5","5","57","57","0","2","19.30","-0.1261","-0.4068","4.42","-3.4421","8.0100","-74463","925537","-7.4463"
"KRX_CONTINUOUS","DS001284","삼성전자","0193W0","LONG","3/30","5/10","50","102","101","1","3","31.37","-0.0651","-0.3336","10.69","-2.2352","5.8406","-74468","925532","-7.4468"
"KRX_CONTINUOUS","DS002267","SK하이닉스","0193T0","LONG","5/30","5/20","30","49","43","6","1","28.57","-0.1441","-0.4799","17.67","-4.9790","5.6407","-74650","925350","-7.4650"
"KRX_CONTINUOUS","DS000658","삼성전자","0193W0","LONG","3/20","3/10","20","108","102","6","2","36.11","-0.0667","-0.2814","9.07","-2.4610","4.6843","-74799","925201","-7.4799"
"KRX_CONTINUOUS","DS000190","삼성전자","0193L0","SHORT","3/20","3/5","20","111","110","1","2","31.53","-0.0604","-0.2384","5.32","-3.0413","13.0214","-74984","925016","-7.4984"
"KRX_CONTINUOUS","DS003348","삼성전자","0193W0","LONG","20/30","3/30","50","63","60","3","2","33.33","-0.1150","-0.3145","17.60","-3.4916","3.9141","-75047","924953","-7.5047"
"KRX_CONTINUOUS","DS002820","삼성전자","0193W0","LONG","10/30","10/20","50","57","55","2","2","35.09","-0.1244","-0.5050","18.14","-3.6868","5.5493","-75114","924886","-7.5114"
"KRX_CONTINUOUS","DS001786","SK하이닉스","0193T0","LONG","5/30","3/20","20","81","78","3","2","33.33","-0.0848","-0.4799","15.62","-3.2832","6.4903","-75701","924299","-7.5701"
"KRX_CONTINUOUS","DS001608","SK하이닉스","0197X0","SHORT","3/20","3/20","50","119","114","5","1","26.89","-0.0462","-0.5584","12.89","-3.4437","17.4211","-75736","924264","-7.5736"
"KRX_CONTINUOUS","DS000441","SK하이닉스","0193T0","LONG","20/30","3/5","10","67","67","0","2","25.37","-0.1090","-0.3214","4.88","-3.4421","8.0100","-75777","924223","-7.5777"
"KRX_CONTINUOUS","DS000924","SK하이닉스","0193T0","LONG","20/30","3/10","50","43","42","1","2","25.58","-0.1756","-0.4328","8.86","-3.7968","6.1257","-76607","923393","-7.6607"
"KRX_CONTINUOUS","DS002304","삼성전자","0193L0","SHORT","5/30","5/20","50","89","85","4","2","24.72","-0.0750","-0.3565","16.47","-1.9045","14.4905","-77277","922723","-7.7277"
"KRX_CONTINUOUS","DS003107","삼성전자","0193W0","LONG","5/20","3/30","30","92","87","5","4","36.96","-0.0801","-0.3472","16.93","-3.7153","5.7096","-77348","922652","-7.7348"
"KRX_CONTINUOUS","DS004627","SK하이닉스","0197X0","SHORT","3/30","20/30","NONE","171","157","14","6","38.01","-0.0148","-0.3834","29.49","-7.6656","16.2254","-78485","921515","-7.8485"
"KRX_CONTINUOUS","DS000392","SK하이닉스","0193T0","LONG","10/30","3/5","5","77","76","1","2","27.27","-0.1015","-0.2527","5.04","-1.6000","5.8940","-79205","920795","-7.9205"
"KRX_CONTINUOUS","DS001331","삼성전자","0193W0","LONG","5/30","5/10","30","74","71","3","2","29.73","-0.0996","-0.3722","9.46","-2.2352","5.9947","-79590","920410","-7.9590"
"KRX_CONTINUOUS","DS000307","SK하이닉스","0197X0","SHORT","3/30","3/5","NONE","171","166","5","1","30.99","-0.0380","-0.2000","5.49","-3.6571","15.6590","-79706","920294","-7.9706"
"KRX_CONTINUOUS","DS002194","삼성전자","0193W0","LONG","10/20","5/20","20","74","68","6","2","33.78","-0.1053","-0.2852","17.24","-3.7153","5.0254","-80097","919903","-8.0097"
"KRX_CONTINUOUS","DS001116","SK하이닉스","0193T0","LONG","3/20","5/10","50","78","77","1","2","41.03","-0.1007","-0.3017","10.41","-2.5026","4.0226","-80293","919707","-8.0293"
"KRX_CONTINUOUS","DS004390","SK하이닉스","0197X0","SHORT","3/10","20/30","20","152","135","17","4","36.84","-0.0256","-0.4435","25.68","-4.7392","16.2254","-80556","919444","-8.0556"
"KRX_CONTINUOUS","DS003228","SK하이닉스","0193T0","LONG","5/30","3/30","50","47","46","1","1","36.17","-0.1640","-0.4956","22.17","-4.9790","6.0228","-80688","919312","-8.0688"
"KRX_CONTINUOUS","DS001379","삼성전자","0193W0","LONG","10/30","5/10","30","53","51","2","2","28.30","-0.1529","-0.3808","8.55","-1.7342","5.6907","-81119","918881","-8.1119"
"KRX_CONTINUOUS","DS002855","SK하이닉스","0197X0","SHORT","20/30","10/20","30","66","65","1","2","31.82","-0.1123","-0.4971","21.00","-4.1202","7.0159","-81141","918859","-8.1141"
"KRX_CONTINUOUS","DS000288","삼성전자","0193L0","SHORT","10/20","3/5","50","80","78","2","2","32.50","-0.1052","-0.2000","5.40","-1.5438","1.6419","-81943","918057","-8.1943"
"KRX_CONTINUOUS","DS003166","삼성전자","0193L0","SHORT","10/20","3/30","20","72","71","1","3","30.56","-0.1126","-0.3905","22.32","-2.1130","4.3164","-82078","917922","-8.2078"
"KRX_CONTINUOUS","DS004523","SK하이닉스","0193T0","LONG","5/20","20/30","30","66","61","5","6","37.88","-0.1054","-0.4199","28.89","-4.4652","8.3787","-82102","917898","-8.2102"
"KRX_CONTINUOUS","DS001343","삼성전자","0193L0","SHORT","5/30","5/10","30","80","76","4","2","25.00","-0.0930","-0.3715","9.70","-2.0504","13.6510","-82404","917596","-8.2404"
"KRX_CONTINUOUS","DS004067","삼성전자","0193W0","LONG","5/20","10/30","30","92","85","7","4","34.78","-0.0811","-0.3565","24.85","-4.7328","7.6623","-82596","917404","-8.2596"
"KRX_CONTINUOUS","DS002123","SK하이닉스","0193T0","LONG","5/20","5/20","30","66","60","6","1","33.33","-0.1206","-0.5042","16.05","-4.9790","4.1258","-82649","917351","-8.2649"
"KRX_CONTINUOUS","DS000732","SK하이닉스","0193T0","LONG","10/20","3/10","50","54","53","1","1","29.63","-0.1533","-0.3482","9.83","-2.4097","4.1228","-82778","917222","-8.2778"
"KRX_CONTINUOUS","DS000418","삼성전자","0193W0","LONG","10/30","3/5","20","92","91","1","1","30.43","-0.0904","-0.2431","4.85","-1.7342","4.2738","-83065","916935","-8.3065"
"KRX_CONTINUOUS","DS000898","삼성전자","0193W0","LONG","10/30","3/10","20","92","90","2","2","26.09","-0.0887","-0.3286","8.01","-1.5224","5.6907","-83407","916593","-8.3407"
"KRX_CONTINUOUS","DS004295","SK하이닉스","0197X0","SHORT","20/30","10/30","30","66","64","2","2","36.36","-0.1131","-0.3511","28.58","-4.0382","5.5718","-83558","916442","-8.3558"
"KRX_CONTINUOUS","DS002219","SK하이닉스","0193T0","LONG","3/30","5/20","30","54","49","5","2","31.48","-0.1513","-0.4195","20.13","-4.9790","4.1258","-84183","915817","-8.4183"
"KRX_CONTINUOUS","DS001607","SK하이닉스","0197X0","SHORT","3/20","3/20","30","98","94","4","1","27.55","-0.0685","-0.5554","12.54","-3.4437","17.4211","-84198","915802","-8.4198"
"KRX_CONTINUOUS","DS000155","SK하이닉스","0193T0","LONG","3/20","3/5","30","82","79","3","1","32.93","-0.1016","-0.3235","5.73","-2.0499","5.8940","-84284","915716","-8.4284"
"KRX_CONTINUOUS","DS001344","삼성전자","0193L0","SHORT","5/30","5/10","50","89","86","3","2","28.09","-0.0878","-0.3601","9.43","-1.3405","13.6510","-85034","914966","-8.5034"
"KRX_CONTINUOUS","DS003563","SK하이닉스","0193T0","LONG","5/20","5/30","30","66","60","6","3","33.33","-0.1186","-0.6586","20.27","-5.7498","5.5478","-85095","914905","-8.5095"
"KRX_CONTINUOUS","DS000899","삼성전자","0193W0","LONG","10/30","3/10","30","53","51","2","2","22.64","-0.1614","-0.3808","7.66","-1.5224","5.6907","-85148","914852","-8.5148"
"KRX_CONTINUOUS","DS002648","SK하이닉스","0193T0","LONG","10/20","10/20","5","102","94","8","2","36.27","-0.0700","-0.4640","21.08","-5.7498","7.2838","-85170","914830","-8.5170"
"KRX_CONTINUOUS","DS002220","SK하이닉스","0193T0","LONG","3/30","5/20","50","51","49","2","2","31.37","-0.1626","-0.3272","20.61","-4.9790","4.1258","-85777","914223","-8.5777"
"KRX_CONTINUOUS","DS000464","삼성전자","0193W0","LONG","20/30","3/5","5","78","76","2","2","25.64","-0.1112","-0.3295","4.91","-2.0081","4.2297","-86251","913749","-8.6251"
"KRX_CONTINUOUS","DS002748","SK하이닉스","0193T0","LONG","5/30","10/20","50","47","45","2","2","34.04","-0.1764","-0.5255","22.53","-5.7498","6.2717","-86970","913030","-8.6970"
"KRX_CONTINUOUS","DS003780","삼성전자","0193W0","LONG","10/30","5/30","50","57","54","3","2","29.82","-0.1477","-0.5615","19.72","-3.6868","6.5107","-87096","912904","-8.7096"
"KRX_CONTINUOUS","DS001053","삼성전자","0193L0","SHORT","3/10","5/10","10","180","176","4","3","33.33","-0.0410","-0.2414","10.63","-2.4654","13.6510","-87314","912686","-8.7314"
"KRX_CONTINUOUS","DS000708","삼성전자","0193W0","LONG","5/20","3/10","50","102","100","2","2","33.33","-0.0833","-0.2818","8.70","-2.4610","5.8406","-87392","912608","-8.7392"
"KRX_CONTINUOUS","DS001919","삼성전자","0193L0","SHORT","20/30","3/20","30","58","54","4","1","22.41","-0.1497","-0.3167","14.86","-2.0333","4.3243","-87401","912599","-8.7401"
"KRX_CONTINUOUS","DS001836","SK하이닉스","0193T0","LONG","10/30","3/20","50","39","38","1","2","30.77","-0.2226","-0.5054","16.49","-2.1751","5.2054","-87456","912544","-8.7456"
"KRX_CONTINUOUS","DS001891","SK하이닉스","0197X0","SHORT","20/30","3/20","NONE","115","112","3","3","40.00","-0.0671","-0.3190","17.52","-4.5345","7.1936","-87483","912517","-8.7483"
"KRX_CONTINUOUS","DS002243","삼성전자","0193W0","LONG","3/30","5/20","30","87","80","7","2","35.63","-0.0934","-0.3811","16.09","-3.7153","5.3687","-87782","912218","-8.7782"
"KRX_CONTINUOUS","DS000391","SK하이닉스","0193T0","LONG","10/30","3/5","NONE","104","102","2","2","31.73","-0.0835","-0.2482","5.49","-1.6507","5.8940","-87945","912055","-8.7945"
"KRX_CONTINUOUS","DS003311","삼성전자","0193L0","SHORT","10/30","3/30","30","57","53","4","2","24.56","-0.1571","-0.5548","21.09","-2.2463","3.7348","-89359","910641","-8.9359"
"KRX_CONTINUOUS","DS003646","삼성전자","0193L0","SHORT","10/20","5/30","20","72","70","2","3","29.17","-0.1222","-0.4413","24.08","-2.4329","4.3164","-89635","910365","-8.9635"
"KRX_CONTINUOUS","DS003815","SK하이닉스","0197X0","SHORT","20/30","5/30","30","66","65","1","2","31.82","-0.1290","-0.6009","25.18","-4.1202","5.6523","-90380","909620","-9.0380"
"KRX_CONTINUOUS","DS003811","SK하이닉스","0197X0","SHORT","20/30","5/30","NONE","115","111","4","3","38.26","-0.0629","-0.5236","24.80","-5.5091","9.2681","-90381","909619","-9.0381"
"KRX_CONTINUOUS","DS004043","SK하이닉스","0193T0","LONG","5/20","10/30","30","66","60","6","4","36.36","-0.1151","-0.7336","25.86","-4.8249","9.2110","-90809","909191","-9.0809"
"KRX_CONTINUOUS","DS004260","삼성전자","0193W0","LONG","10/30","10/30","50","57","54","3","2","31.58","-0.1538","-0.5063","23.14","-4.2446","6.5107","-90840","909160","-9.0840"
"KRX_CONTINUOUS","DS001642","SK하이닉스","0193T0","LONG","5/20","3/20","20","67","64","3","3","32.84","-0.1349","-0.5592","14.57","-3.2832","4.1258","-91480","908520","-9.1480"
"KRX_CONTINUOUS","DS001533","삼성전자","0193L0","SHORT","3/10","3/20","10","180","175","5","4","33.33","-0.0406","-0.3448","15.35","-3.0413","13.8084","-91862","908138","-9.1862"
"KRX_CONTINUOUS","DS000298","SK하이닉스","0193T0","LONG","3/30","3/5","20","86","84","2","1","30.23","-0.1088","-0.2532","5.50","-2.0499","2.1753","-92068","907932","-9.2068"
"KRX_CONTINUOUS","DS001822","삼성전자","0193L0","SHORT","5/30","3/20","20","112","108","4","3","27.68","-0.0739","-0.3936","14.91","-1.8577","13.8084","-92073","907927","-9.2073"
"KRX_CONTINUOUS","DS001776","삼성전자","0193L0","SHORT","3/30","3/20","50","98","92","6","2","21.43","-0.0837","-0.3605","15.42","-3.1244","13.8084","-92350","907650","-9.2350"
"KRX_CONTINUOUS","DS001908","삼성전자","0193W0","LONG","20/30","3/20","50","63","60","3","2","26.98","-0.1474","-0.3549","12.02","-3.0280","4.7088","-92727","907273","-9.2727"
"KRX_CONTINUOUS","DS002652","SK하이닉스","0193T0","LONG","10/20","10/20","50","54","51","3","2","29.63","-0.1610","-0.7088","19.83","-5.7498","5.9414","-92901","907099","-9.2901"
"KRX_CONTINUOUS","DS000284","삼성전자","0193L0","SHORT","10/20","3/5","5","117","116","1","2","36.75","-0.0815","-0.2000","4.96","-1.2549","2.6459","-92963","907037","-9.2963"
"KRX_CONTINUOUS","DS000863","삼성전자","0193L0","SHORT","5/30","3/10","30","80","77","3","2","25.00","-0.1079","-0.3904","8.01","-1.8577","14.0707","-92980","907020","-9.2980"
"KRX_CONTINUOUS","DS001212","SK하이닉스","0193T0","LONG","10/20","5/10","50","54","53","1","1","27.78","-0.1749","-0.3871","9.74","-2.5514","4.1228","-93134","906866","-9.3134"
"KRX_CONTINUOUS","DS003429","SK하이닉스","0197X0","SHORT","3/10","5/30","10","163","156","7","4","33.13","-0.0354","-0.4465","25.14","-4.1202","17.1065","-93270","906730","-9.3270"
"KRX_CONTINUOUS","DS002868","삼성전자","0193W0","LONG","20/30","10/20","50","63","60","3","2","30.16","-0.1450","-0.4209","16.19","-3.9552","4.7088","-93281","906719","-9.3281"
"KRX_CONTINUOUS","DS000864","삼성전자","0193L0","SHORT","5/30","3/10","50","89","87","2","2","26.97","-0.0985","-0.3539","8.35","-1.1877","14.0707","-93840","906160","-9.3840"
"KRX_CONTINUOUS","DS000164","SK하이닉스","0197X0","SHORT","3/20","3/5","5","192","187","5","1","32.81","-0.0414","-0.2517","5.37","-3.6571","15.6590","-94245","905755","-9.4245"
"KRX_CONTINUOUS","DS000767","삼성전자","0193L0","SHORT","10/20","3/10","30","85","85","0","2","32.94","-0.1149","-0.1543","9.71","-2.7351","2.1372","-95253","904747","-9.5253"
"KRX_CONTINUOUS","DS000754","삼성전자","0193W0","LONG","10/20","3/10","20","74","69","5","2","28.38","-0.1301","-0.2424","8.15","-2.4610","4.5643","-95357","904643","-9.5357"
"KRX_CONTINUOUS","DS002723","삼성전자","0193W0","LONG","3/30","10/20","30","87","83","4","3","34.48","-0.1027","-0.3411","18.02","-4.1778","5.6990","-95939","904061","-9.5939"
"KRX_CONTINUOUS","DS002796","SK하이닉스","0193T0","LONG","10/30","10/20","50","39","37","2","2","30.77","-0.2398","-0.6016","19.46","-4.6699","6.9680","-95997","904003","-9.5997"
"KRX_CONTINUOUS","DS003564","SK하이닉스","0193T0","LONG","5/20","5/30","50","65","62","3","3","32.31","-0.1377","-0.6104","22.86","-5.7498","5.5478","-96281","903719","-9.6281"
"KRX_CONTINUOUS","DS001280","삼성전자","0193W0","LONG","3/30","5/10","5","168","162","6","3","34.52","-0.0514","-0.3071","10.36","-2.2801","5.8406","-96457","903543","-9.6457"
"KRX_CONTINUOUS","DS001871","삼성전자","0193L0","SHORT","10/30","3/20","30","57","54","3","2","24.56","-0.1733","-0.4899","15.91","-2.2463","3.5841","-97052","902948","-9.7052"
"KRX_CONTINUOUS","DS003708","SK하이닉스","0193T0","LONG","5/30","5/30","50","47","45","2","1","31.91","-0.2012","-0.5945","23.60","-5.7498","6.2717","-97190","902810","-9.7190"
"KRX_CONTINUOUS","DS003203","삼성전자","0193W0","LONG","3/30","3/30","30","87","82","5","2","33.33","-0.1093","-0.4051","14.59","-3.7153","4.8967","-97251","902749","-9.7251"
"KRX_CONTINUOUS","DS000250","SK하이닉스","0193T0","LONG","10/20","3/5","20","65","63","2","1","26.15","-0.1529","-0.3214","5.11","-2.0499","5.2213","-97342","902658","-9.7342"
"KRX_CONTINUOUS","DS001679","삼성전자","0193L0","SHORT","5/20","3/20","30","101","96","5","2","25.74","-0.0876","-0.4089","13.98","-2.0878","13.8084","-97574","902426","-9.7574"
"KRX_CONTINUOUS","DS004139","SK하이닉스","0193T0","LONG","3/30","10/30","30","54","49","5","3","29.63","-0.1770","-0.3622","26.20","-4.8249","6.4792","-97664","902336","-9.7664"
"KRX_CONTINUOUS","DS004739","삼성전자","0193W0","LONG","10/30","20/30","30","53","51","2","2","32.08","-0.1784","-0.4064","26.11","-3.9657","5.8779","-97987","902013","-9.7987"
"KRX_CONTINUOUS","DS001856","삼성전자","0193W0","LONG","10/30","3/20","5","86","82","4","2","30.23","-0.1125","-0.4312","14.08","-2.7570","5.5493","-98098","901902","-9.8098"
"KRX_CONTINUOUS","DS002568","SK하이닉스","0197X0","SHORT","3/20","10/20","50","119","112","7","2","32.77","-0.0574","-0.2976","19.09","-5.1716","17.1694","-98341","901659","-9.8341"
"KRX_CONTINUOUS","DS001138","삼성전자","0193W0","LONG","3/20","5/10","20","108","102","6","2","37.04","-0.0906","-0.2618","10.49","-2.2801","4.6843","-98928","901072","-9.8928"
"KRX_CONTINUOUS","DS001895","SK하이닉스","0197X0","SHORT","20/30","3/20","30","66","65","1","2","33.33","-0.1493","-0.4482","16.20","-2.4603","5.4250","-99120","900880","-9.9120"
"KRX_CONTINUOUS","DS004140","SK하이닉스","0193T0","LONG","3/30","10/30","50","51","49","2","3","27.45","-0.1892","-0.5145","25.06","-4.8249","6.4792","-99211","900789","-9.9211"
"KRX_CONTINUOUS","DS001440","삼성전자","0193L0","SHORT","20/30","5/10","50","62","60","2","2","25.81","-0.1642","-0.3766","9.76","-2.0333","3.3957","-100201","899799","-10.0201"
"KRX_CONTINUOUS","DS000683","SK하이닉스","0193T0","LONG","5/20","3/10","30","66","62","4","1","31.82","-0.1548","-0.3427","8.61","-2.4097","4.3739","-100343","899657","-10.0343"
"KRX_CONTINUOUS","DS003226","SK하이닉스","0193T0","LONG","5/30","3/30","20","81","77","4","2","33.33","-0.1133","-0.5255","20.25","-4.9790","8.9445","-100509","899491","-10.0509"
"KRX_CONTINUOUS","DS003118","삼성전자","0193L0","SHORT","5/20","3/30","20","89","85","4","3","26.97","-0.1064","-0.4133","17.98","-2.0878","13.7559","-100526","899474","-10.0526"
"KRX_CONTINUOUS","DS001439","삼성전자","0193L0","SHORT","20/30","5/10","30","58","55","3","1","25.86","-0.1782","-0.2992","8.97","-2.0333","3.3957","-100804","899196","-10.0804"
"KRX_CONTINUOUS","DS001163","SK하이닉스","0193T0","LONG","5/20","5/10","30","66","62","4","1","37.88","-0.1557","-0.3925","9.70","-1.5749","4.3739","-100826","899174","-10.0826"
"KRX_CONTINUOUS","DS001692","SK하이닉스","0193T0","LONG","10/20","3/20","50","54","52","2","2","27.78","-0.1876","-0.5462","14.81","-3.2832","4.1258","-101257","898743","-10.1257"
"KRX_CONTINUOUS","DS003276","SK하이닉스","0193T0","LONG","10/30","3/30","50","39","37","2","2","25.64","-0.2517","-0.7947","21.31","-3.8902","8.4957","-102321","897679","-10.2321"
"KRX_CONTINUOUS","DS003430","SK하이닉스","0197X0","SHORT","3/10","5/30","20","152","143","9","4","32.89","-0.0506","-0.5626","19.87","-4.1202","17.1065","-102335","897665","-10.2335"
"KRX_CONTINUOUS","DS001763","삼성전자","0193W0","LONG","3/30","3/20","30","87","81","6","2","32.18","-0.1128","-0.3811","12.82","-3.2527","5.6990","-102346","897654","-10.2346"
"KRX_CONTINUOUS","DS003130","SK하이닉스","0193T0","LONG","10/20","3/30","20","65","61","4","2","32.31","-0.1442","-0.6217","22.37","-4.9790","8.8159","-102353","897647","-10.2353"
"KRX_CONTINUOUS","DS004536","SK하이닉스","0197X0","SHORT","5/20","20/30","50","98","87","11","3","39.80","-0.0727","-0.3909","29.53","-10.9955","16.2254","-102942","897058","-10.2942"
"KRX_CONTINUOUS","DS002371","SK하이닉스","0197X0","SHORT","20/30","5/20","NONE","115","111","4","3","39.13","-0.0814","-0.2740","18.18","-4.5636","8.6830","-102949","897051","-10.2949"
"KRX_CONTINUOUS","DS001282","삼성전자","0193W0","LONG","3/30","5/10","20","116","112","4","2","32.76","-0.0869","-0.3276","10.35","-2.2801","5.8406","-103196","896804","-10.3196"
"KRX_CONTINUOUS","DS001714","삼성전자","0193W0","LONG","10/20","3/20","20","74","68","6","2","32.43","-0.1404","-0.4060","15.18","-3.2527","5.0254","-103682","896318","-10.3682"
"KRX_CONTINUOUS","DS000456","SK하이닉스","0197X0","SHORT","20/30","3/5","50","59","59","0","2","22.03","-0.1805","-0.2700","5.81","-2.5738","4.4023","-103981","896019","-10.3981"
"KRX_CONTINUOUS","DS003082","SK하이닉스","0193T0","LONG","5/20","3/30","20","67","64","3","3","31.34","-0.1516","-0.5955","17.87","-4.9790","5.3006","-104130","895870","-10.4130"
"KRX_CONTINUOUS","DS003334","SK하이닉스","0197X0","SHORT","20/30","3/30","20","107","103","4","3","37.38","-0.0860","-0.4786","22.63","-4.5636","9.3745","-104310","895690","-10.4310"
"KRX_CONTINUOUS","DS002268","SK하이닉스","0193T0","LONG","5/30","5/20","50","47","45","2","2","29.79","-0.2233","-0.4635","18.62","-4.9790","4.1258","-104388","895612","-10.4388"
"KRX_CONTINUOUS","DS001632","삼성전자","0193L0","SHORT","3/20","3/20","50","123","118","5","2","26.02","-0.0775","-0.3836","12.72","-3.0413","13.8084","-104424","895576","-10.4424"
"KRX_CONTINUOUS","DS004090","SK하이닉스","0193T0","LONG","10/20","10/30","20","65","58","7","4","26.15","-0.1310","-0.6253","28.29","-4.8249","10.2005","-105097","894903","-10.5097"
"KRX_CONTINUOUS","DS003744","삼성전자","0193L0","SHORT","5/30","5/30","50","89","85","4","2","19.10","-0.1100","-0.4294","17.02","-2.0141","13.7559","-105367","894633","-10.5367"
"KRX_CONTINUOUS","DS003756","SK하이닉스","0193T0","LONG","10/30","5/30","50","39","36","3","2","30.77","-0.2601","-0.6403","23.13","-4.6699","8.4957","-105440","894560","-10.5440"
"KRX_CONTINUOUS","DS002160","삼성전자","0193L0","SHORT","5/20","5/20","50","103","97","6","2","23.30","-0.0950","-0.3538","14.92","-2.0339","14.4905","-106000","894000","-10.6000"
"KRX_CONTINUOUS","DS001727","삼성전자","0193L0","SHORT","10/20","3/20","30","85","84","1","2","34.12","-0.1263","-0.2914","16.45","-2.0878","3.5841","-106335","893665","-10.6335"
"KRX_CONTINUOUS","DS002555","SK하이닉스","0193T0","LONG","3/20","10/20","30","82","77","5","3","35.37","-0.1189","-0.4481","19.99","-5.7498","7.1573","-106581","893419","-10.6581"
"KRX_CONTINUOUS","DS001188","삼성전자","0193W0","LONG","5/20","5/10","50","102","100","2","2","33.33","-0.1036","-0.2442","10.02","-2.3630","5.8406","-107028","892972","-10.7028"
"KRX_CONTINUOUS","DS000248","SK하이닉스","0193T0","LONG","10/20","3/5","5","102","100","2","1","29.41","-0.1055","-0.3176","4.96","-2.1095","5.9960","-107292","892708","-10.7292"
"KRX_CONTINUOUS","DS003296","삼성전자","0193W0","LONG","10/30","3/30","5","86","82","4","2","33.72","-0.1246","-0.4238","19.30","-3.2219","4.7482","-107910","892090","-10.7910"
"KRX_CONTINUOUS","DS003154","삼성전자","0193W0","LONG","10/20","3/30","20","74","67","7","3","35.14","-0.1468","-0.3809","20.00","-3.7153","5.3840","-108003","891997","-10.8003"
"KRX_CONTINUOUS","DS003791","삼성전자","0193L0","SHORT","10/30","5/30","30","57","52","5","2","24.56","-0.1938","-0.5208","23.23","-2.1925","3.7348","-108255","891745","-10.8255"
"KRX_CONTINUOUS","DS001197","삼성전자","0193L0","SHORT","5/20","5/10","10","162","158","4","2","36.42","-0.0622","-0.2376","10.38","-2.4654","13.6510","-108462","891538","-10.8462"
"KRX_CONTINUOUS","DS003647","삼성전자","0193L0","SHORT","10/20","5/30","30","85","83","2","4","29.41","-0.1272","-0.3791","23.51","-2.4329","4.3164","-108503","891497","-10.8503"
"KRX_CONTINUOUS","DS004483","SK하이닉스","0197X0","SHORT","3/20","20/30","NONE","217","194","23","10","41.01","-0.0020","-0.2464","34.48","-10.9955","16.2254","-108907","891093","-10.8907"
"KRX_CONTINUOUS","DS004619","SK하이닉스","0193T0","LONG","3/30","20/30","30","54","50","4","4","31.48","-0.2025","-0.3185","27.93","-4.4652","5.6677","-109167","890833","-10.9167"
"KRX_CONTINUOUS","DS004643","삼성전자","0193W0","LONG","3/30","20/30","30","87","82","5","3","31.03","-0.1051","-0.3995","22.08","-4.4553","6.5433","-109409","890591","-10.9409"
"KRX_CONTINUOUS","DS003743","삼성전자","0193L0","SHORT","5/30","5/30","30","80","76","4","1","23.75","-0.1276","-0.5328","18.68","-2.0504","13.7559","-109649","890351","-10.9649"
"KRX_CONTINUOUS","DS002602","SK하이닉스","0193T0","LONG","5/20","10/20","20","67","61","6","2","31.34","-0.1589","-0.4380","19.88","-5.7498","5.5478","-110071","889929","-11.0071"
"KRX_CONTINUOUS","DS001424","삼성전자","0193W0","LONG","20/30","5/10","5","78","76","2","2","29.49","-0.1436","-0.3236","10.04","-2.0081","4.8491","-110079","889921","-11.0079"
"KRX_CONTINUOUS","DS003168","삼성전자","0193L0","SHORT","10/20","3/30","50","80","76","4","5","31.25","-0.1388","-0.3496","21.00","-2.1130","4.3164","-110235","889765","-11.0235"
"KRX_CONTINUOUS","DS001378","삼성전자","0193W0","LONG","10/30","5/10","20","92","89","3","2","27.17","-0.1206","-0.3647","8.55","-1.7342","5.6907","-110276","889724","-11.0276"
"KRX_CONTINUOUS","DS003562","SK하이닉스","0193T0","LONG","5/20","5/30","20","67","61","6","3","28.36","-0.1611","-0.5746","20.04","-5.7498","5.5478","-110536","889464","-11.0536"
"KRX_CONTINUOUS","DS002578","삼성전자","0193W0","LONG","3/20","10/20","20","108","101","7","5","32.41","-0.0988","-0.2645","15.55","-4.1778","3.5954","-110750","889250","-11.0750"
"KRX_CONTINUOUS","DS001989","SK하이닉스","0197X0","SHORT","3/10","5/20","10","163","158","5","4","32.52","-0.0516","-0.4276","17.80","-4.1202","17.1694","-110948","889052","-11.0948"
"KRX_CONTINUOUS","DS000297","SK하이닉스","0193T0","LONG","3/30","3/5","10","116","115","1","1","31.03","-0.0967","-0.3216","5.34","-2.0499","5.7207","-111087","888913","-11.1087"
"KRX_CONTINUOUS","DS001688","SK하이닉스","0193T0","LONG","10/20","3/20","5","102","98","4","1","31.37","-0.1048","-0.4906","15.80","-3.2832","6.6802","-111139","888861","-11.1139"
"KRX_CONTINUOUS","DS001115","SK하이닉스","0193T0","LONG","3/20","5/10","30","82","78","4","2","39.02","-0.1363","-0.3016","10.49","-2.6011","5.0972","-111843","888157","-11.1843"
"KRX_CONTINUOUS","DS001425","삼성전자","0193W0","LONG","20/30","5/10","10","78","75","3","1","26.92","-0.1466","-0.3122","9.12","-2.0081","4.8491","-112135","887865","-11.2135"
"KRX_CONTINUOUS","DS002640","삼성전자","0193L0","SHORT","5/20","10/20","50","103","96","7","3","30.10","-0.1020","-0.3139","18.41","-4.1914","13.5461","-112245","887755","-11.2245"
"KRX_CONTINUOUS","DS004052","SK하이닉스","0197X0","SHORT","5/20","10/30","5","178","166","12","4","41.57","-0.0141","-0.2498","31.42","-11.2795","17.0435","-112336","887664","-11.2336"
"KRX_CONTINUOUS","DS000324","삼성전자","0193W0","LONG","3/30","3/5","50","102","102","0","2","31.37","-0.1125","-0.2826","4.72","-2.2555","3.9131","-112400","887600","-11.2400"
"KRX_CONTINUOUS","DS001152","삼성전자","0193L0","SHORT","3/20","5/10","50","123","119","4","3","28.46","-0.0860","-0.3079","10.46","-2.4654","13.6510","-112702","887298","-11.2702"
"KRX_CONTINUOUS","DS001210","SK하이닉스","0193T0","LONG","10/20","5/10","20","65","63","2","1","29.23","-0.1783","-0.4046","9.78","-1.6163","5.2213","-112718","887282","-11.2718"
"KRX_CONTINUOUS","DS000393","SK하이닉스","0193T0","LONG","10/30","3/5","10","94","92","2","2","27.66","-0.1229","-0.2530","5.07","-1.6507","5.8940","-113473","886527","-11.3473"
"KRX_CONTINUOUS","DS001018","SK하이닉스","0193T0","LONG","3/10","5/10","20","137","132","5","2","35.04","-0.0751","-0.3352","10.85","-3.5071","5.1857","-113498","886502","-11.3498"
"KRX_CONTINUOUS","DS002471","SK하이닉스","0197X0","SHORT","3/10","10/20","30","162","155","7","4","32.72","-0.0475","-0.4284","21.22","-4.9962","17.1694","-113574","886426","-11.3574"
"KRX_CONTINUOUS","DS001341","삼성전자","0193L0","SHORT","5/30","5/10","10","139","136","3","2","33.09","-0.0773","-0.3285","9.88","-2.0504","13.6510","-114129","885871","-11.4129"
"KRX_CONTINUOUS","DS001342","삼성전자","0193L0","SHORT","5/30","5/10","20","112","109","3","2","32.14","-0.0976","-0.2456","10.13","-2.0504","13.6510","-114241","885759","-11.4241"
"KRX_CONTINUOUS","DS001859","삼성전자","0193W0","LONG","10/30","3/20","30","53","51","2","2","28.30","-0.2215","-0.4556","13.70","-2.7570","5.5493","-114319","885681","-11.4319"
"KRX_CONTINUOUS","DS002146","삼성전자","0193W0","LONG","5/20","5/20","20","89","85","4","1","35.96","-0.1291","-0.3521","14.09","-3.7153","5.3687","-114451","885549","-11.4451"
"KRX_CONTINUOUS","DS002316","SK하이닉스","0193T0","LONG","10/30","5/20","50","39","37","2","2","33.33","-0.2987","-0.6462","17.10","-3.8902","5.2054","-114795","885205","-11.4795"
"KRX_CONTINUOUS","DS003599","삼성전자","0193L0","SHORT","5/20","5/30","30","101","96","5","3","29.70","-0.1078","-0.4274","18.57","-2.0339","13.7559","-114800","885200","-11.4800"
"KRX_CONTINUOUS","DS000165","SK하이닉스","0197X0","SHORT","3/20","3/5","10","171","167","4","1","32.16","-0.0606","-0.2603","5.39","-3.6571","15.6590","-114950","885050","-11.4950"
"KRX_CONTINUOUS","DS002399","삼성전자","0193L0","SHORT","20/30","5/20","30","58","54","4","1","25.86","-0.2030","-0.4623","15.98","-1.9778","3.9860","-114972","885028","-11.4972"
"KRX_CONTINUOUS","DS001666","삼성전자","0193W0","LONG","5/20","3/20","20","89","85","4","2","34.83","-0.1300","-0.4301","13.53","-3.2527","5.6990","-115310","884690","-11.5310"
"KRX_CONTINUOUS","DS004044","SK하이닉스","0193T0","LONG","5/20","10/30","50","65","62","3","4","30.77","-0.1582","-0.7241","27.72","-4.8249","9.2110","-115504","884496","-11.5504"
"KRX_CONTINUOUS","DS001020","SK하이닉스","0193T0","LONG","3/10","5/10","50","134","132","2","2","37.31","-0.0812","-0.3146","10.51","-3.5071","5.1857","-116242","883758","-11.6242"
"KRX_CONTINUOUS","DS000417","삼성전자","0193W0","LONG","10/30","3/5","10","118","117","1","2","30.51","-0.1012","-0.2000","4.97","-1.7342","4.2738","-116274","883726","-11.6274"
"KRX_CONTINUOUS","DS002172","SK하이닉스","0193T0","LONG","10/20","5/20","50","54","51","3","2","29.63","-0.2172","-0.5089","17.11","-4.9790","4.1258","-116433","883567","-11.6433"
"KRX_CONTINUOUS","DS004667","SK하이닉스","0193T0","LONG","5/30","20/30","30","49","43","6","3","26.53","-0.2318","-0.4956","28.39","-4.4652","8.9445","-116518","883482","-11.6518"
"KRX_CONTINUOUS","DS001247","삼성전자","0193L0","SHORT","10/20","5/10","30","85","84","1","2","36.47","-0.1425","-0.2383","10.36","-2.4654","2.6021","-116577","883423","-11.6577"
"KRX_CONTINUOUS","DS000371","삼성전자","0193W0","LONG","5/30","3/5","30","74","74","0","2","25.68","-0.1637","-0.3128","4.61","-2.2352","3.0563","-116706","883294","-11.6706"
"KRX_CONTINUOUS","DS002302","삼성전자","0193L0","SHORT","5/30","5/20","20","112","107","5","3","27.68","-0.0972","-0.3262","17.96","-2.3429","14.4905","-116976","883024","-11.6976"
"KRX_CONTINUOUS","DS004008","SK하이닉스","0197X0","SHORT","3/20","10/30","50","119","111","8","4","35.29","-0.0687","-0.4036","28.00","-11.2795","17.0435","-117159","882841","-11.7159"
"KRX_CONTINUOUS","DS001390","삼성전자","0193L0","SHORT","10/30","5/10","20","98","94","4","3","38.78","-0.1239","-0.1893","10.31","-2.6233","2.3042","-117213","882787","-11.7213"
"KRX_CONTINUOUS","DS000345","SK하이닉스","0193T0","LONG","5/30","3/5","10","96","94","2","2","33.33","-0.1250","-0.3104","5.28","-2.0499","5.3457","-117449","882551","-11.7449"
"KRX_CONTINUOUS","DS003119","삼성전자","0193L0","SHORT","5/20","3/30","30","101","98","3","3","27.72","-0.1118","-0.3980","16.79","-2.0878","13.7559","-117593","882407","-11.7593"
"KRX_CONTINUOUS","DS004114","삼성전자","0193W0","LONG","10/20","10/30","20","74","66","8","3","37.84","-0.1541","-0.4670","26.19","-4.7328","7.3307","-117759","882241","-11.7759"
"KRX_CONTINUOUS","DS004319","삼성전자","0193L0","SHORT","20/30","10/30","30","58","54","4","2","31.03","-0.2058","-0.5021","25.33","-3.2556","4.9938","-117956","882044","-11.7956"
"KRX_CONTINUOUS","DS001728","삼성전자","0193L0","SHORT","10/20","3/20","50","80","77","3","2","31.25","-0.1516","-0.2806","15.44","-2.0878","3.5841","-118007","881993","-11.8007"
"KRX_CONTINUOUS","DS001391","삼성전자","0193L0","SHORT","10/30","5/10","30","57","55","2","2","35.09","-0.2173","-0.2000","10.53","-2.6233","2.3042","-118080","881920","-11.8080"
"KRX_CONTINUOUS","DS001690","SK하이닉스","0193T0","LONG","10/20","3/20","20","65","62","3","2","30.77","-0.1825","-0.5661","16.58","-3.3434","5.5160","-118386","881614","-11.8386"
"KRX_CONTINUOUS","DS004736","삼성전자","0193W0","LONG","10/30","20/30","5","86","80","6","2","32.56","-0.1286","-0.4075","27.62","-3.9657","6.5107","-118658","881342","-11.8658"
"KRX_CONTINUOUS","DS000071","SK하이닉스","0197X0","SHORT","3/10","3/5","30","162","159","3","2","32.10","-0.0652","-0.2622","5.38","-3.6571","15.6590","-118666","881334","-11.8666"
"KRX_CONTINUOUS","DS000672","삼성전자","0193L0","SHORT","3/20","3/10","50","123","120","3","3","28.46","-0.0914","-0.2923","9.39","-3.0413","14.0707","-118877","881123","-11.8877"
"KRX_CONTINUOUS","DS003359","삼성전자","0193L0","SHORT","20/30","3/30","30","58","54","4","1","25.86","-0.2097","-0.4433","20.02","-2.5889","4.2746","-118951","881049","-11.8951"
"KRX_CONTINUOUS","DS002686","삼성전자","0193L0","SHORT","10/20","10/20","20","72","69","3","2","36.11","-0.1666","-0.3648","21.46","-4.1914","3.1945","-118961","881039","-11.8961"
"KRX_CONTINUOUS","DS002639","삼성전자","0193L0","SHORT","5/20","10/20","30","101","96","5","3","36.63","-0.1114","-0.3285","19.50","-4.1914","13.5461","-119061","880939","-11.9061"
"KRX_CONTINUOUS","DS003776","삼성전자","0193W0","LONG","10/30","5/30","5","86","80","6","2","33.72","-0.1374","-0.5083","20.31","-3.6868","6.5107","-119124","880876","-11.9124"
"KRX_CONTINUOUS","DS003598","삼성전자","0193L0","SHORT","5/20","5/30","20","89","84","5","3","26.97","-0.1290","-0.4294","19.85","-2.0339","13.7559","-119201","880799","-11.9201"
"KRX_CONTINUOUS","DS003828","삼성전자","0193W0","LONG","20/30","5/30","50","63","58","5","3","31.75","-0.1909","-0.5470","19.16","-3.9552","5.5431","-119344","880656","-11.9344"
"KRX_CONTINUOUS","DS004187","SK하이닉스","0193T0","LONG","5/30","10/30","30","49","42","7","2","28.57","-0.2373","-0.4918","25.76","-4.8249","8.9445","-119489","880511","-11.9489"
"KRX_CONTINUOUS","DS002339","삼성전자","0193W0","LONG","10/30","5/20","30","53","51","2","2","26.42","-0.2339","-0.4301","15.02","-3.2219","5.2194","-120039","879961","-12.0039"
"KRX_CONTINUOUS","DS001355","SK하이닉스","0193T0","LONG","10/30","5/10","30","44","43","1","1","31.82","-0.2861","-0.2651","8.75","-1.6215","4.0226","-120164","879836","-12.0164"
"KRX_CONTINUOUS","DS001917","삼성전자","0193L0","SHORT","20/30","3/20","10","84","80","4","1","23.81","-0.1464","-0.2932","14.26","-2.0333","4.3243","-120273","879727","-12.0273"
"KRX_CONTINUOUS","DS000768","삼성전자","0193L0","SHORT","10/20","3/10","50","80","78","2","2","28.75","-0.1587","-0.2000","9.34","-2.7351","2.1372","-121119","878881","-12.1119"
"KRX_CONTINUOUS","DS004751","삼성전자","0193L0","SHORT","10/30","20/30","30","57","50","7","2","28.07","-0.2182","-0.3539","27.07","-3.0002","3.4171","-121399","878601","-12.1399"
"KRX_CONTINUOUS","DS001596","SK하이닉스","0193T0","LONG","3/20","3/20","50","78","77","1","1","26.92","-0.1576","-0.5101","12.96","-3.2832","3.6075","-121432","878568","-12.1432"
"KRX_CONTINUOUS","DS003299","삼성전자","0193W0","LONG","10/30","3/30","30","53","51","2","2","30.19","-0.2370","-0.4260","19.77","-3.2219","4.7482","-121473","878527","-12.1473"
"KRX_CONTINUOUS","DS001920","삼성전자","0193L0","SHORT","20/30","3/20","50","62","59","3","2","17.74","-0.2008","-0.4291","13.94","-2.0333","4.3243","-121618","878382","-12.1618"
"KRX_CONTINUOUS","DS000191","삼성전자","0193L0","SHORT","3/20","3/5","30","124","122","2","2","29.84","-0.0961","-0.2899","5.10","-3.0413","13.0214","-121820","878180","-12.1820"
"KRX_CONTINUOUS","DS000251","SK하이닉스","0193T0","LONG","10/20","3/5","30","65","63","2","1","21.54","-0.1951","-0.3159","4.74","-2.0499","5.9960","-122042","877958","-12.2042"
"KRX_CONTINUOUS","DS001019","SK하이닉스","0193T0","LONG","3/10","5/10","30","133","128","5","2","36.84","-0.0865","-0.3018","10.32","-3.5071","5.1857","-122085","877915","-12.2085"
"KRX_CONTINUOUS","DS001868","삼성전자","0193L0","SHORT","10/30","3/20","5","91","87","4","2","28.57","-0.1383","-0.3924","15.98","-2.2463","3.5841","-122144","877856","-12.2144"
"KRX_CONTINUOUS","DS002556","SK하이닉스","0193T0","LONG","3/20","10/20","50","78","77","1","3","34.62","-0.1502","-0.4434","21.51","-5.7498","6.2717","-122436","877564","-12.2436"
"KRX_CONTINUOUS","DS002336","삼성전자","0193W0","LONG","10/30","5/20","5","86","82","4","2","29.07","-0.1447","-0.4281","15.58","-3.2219","5.2194","-122800","877200","-12.2800"
"KRX_CONTINUOUS","DS004570","SK하이닉스","0193T0","LONG","10/20","20/30","20","65","58","7","4","29.23","-0.1675","-0.5640","31.85","-5.0378","9.3607","-122875","877125","-12.2875"
"KRX_CONTINUOUS","DS001872","삼성전자","0193L0","SHORT","10/30","3/20","50","67","64","3","2","25.37","-0.1905","-0.5138","14.85","-2.2463","3.5841","-122963","877037","-12.2963"
"KRX_CONTINUOUS","DS004630","SK하이닉스","0197X0","SHORT","3/30","20/30","20","114","102","12","3","35.96","-0.0867","-0.3871","25.29","-3.5849","16.2254","-123751","876249","-12.3751"
"KRX_CONTINUOUS","DS003132","SK하이닉스","0193T0","LONG","10/20","3/30","50","54","52","2","2","29.63","-0.2260","-0.6005","21.09","-4.9790","5.6933","-123926","876074","-12.3926"
"KRX_CONTINUOUS","DS004438","SK하이닉스","0197X0","SHORT","5/10","20/30","20","149","131","18","4","36.91","-0.0640","-0.5049","27.02","-4.7392","8.1994","-124159","875841","-12.4159"
"KRX_CONTINUOUS","DS000875","SK하이닉스","0193T0","LONG","10/30","3/10","30","44","43","1","1","29.55","-0.2977","-0.4386","8.00","-1.3403","4.0226","-124374","875626","-12.4374"
"KRX_CONTINUOUS","DS002879","삼성전자","0193L0","SHORT","20/30","10/20","30","58","54","4","1","24.14","-0.2214","-0.3538","17.71","-2.9778","3.9015","-124441","875559","-12.4441"
"KRX_CONTINUOUS","DS000717","삼성전자","0193L0","SHORT","5/20","3/10","10","162","159","3","2","33.95","-0.0737","-0.2684","8.81","-2.7351","14.0707","-124573","875427","-12.4573"
"KRX_CONTINUOUS","DS003308","삼성전자","0193L0","SHORT","10/30","3/30","5","91","85","6","2","29.67","-0.1408","-0.4064","21.81","-2.2463","3.7348","-124893","875107","-12.4893"
"KRX_CONTINUOUS","DS001332","삼성전자","0193W0","LONG","5/30","5/10","50","83","82","1","2","25.30","-0.1501","-0.4426","9.70","-2.2352","5.9947","-125415","874585","-12.5415"
"KRX_CONTINUOUS","DS004271","삼성전자","0193L0","SHORT","10/30","10/30","30","57","53","4","2","26.32","-0.2255","-0.5208","25.49","-4.4542","4.4502","-125482","874518","-12.5482"
"KRX_CONTINUOUS","DS002819","삼성전자","0193W0","LONG","10/30","10/20","30","53","51","2","2","32.08","-0.2438","-0.4259","18.00","-3.6868","5.5493","-125616","874384","-12.5616"
"KRX_CONTINUOUS","DS000959","삼성전자","0193L0","SHORT","20/30","3/10","30","58","56","2","1","29.31","-0.2277","-0.4146","7.40","-2.0333","3.3957","-125868","874132","-12.5868"
"KRX_CONTINUOUS","DS002122","SK하이닉스","0193T0","LONG","5/20","5/20","20","67","63","4","1","29.85","-0.1924","-0.4957","15.58","-4.9790","4.1258","-126226","873774","-12.6226"
"KRX_CONTINUOUS","DS004533","SK하이닉스","0197X0","SHORT","5/20","20/30","10","147","134","13","5","44.22","-0.0392","-0.2000","35.91","-10.9955","16.2254","-126619","873381","-12.6619"
"KRX_CONTINUOUS","DS002696","SK하이닉스","0193T0","LONG","3/30","10/20","5","124","116","8","2","39.52","-0.0891","-0.3343","21.26","-5.7498","7.7929","-126670","873330","-12.6670"
"KRX_CONTINUOUS","DS002207","삼성전자","0193L0","SHORT","10/20","5/20","30","85","83","2","2","32.94","-0.1532","-0.3376","18.06","-2.1130","3.5170","-126671","873329","-12.6671"
"KRX_CONTINUOUS","DS000897","삼성전자","0193W0","LONG","10/30","3/10","10","118","115","3","2","25.42","-0.1095","-0.2949","7.89","-1.7098","5.6907","-126894","873106","-12.6894"
"KRX_CONTINUOUS","DS002099","삼성전자","0193W0","LONG","3/20","5/20","30","116","108","8","2","31.90","-0.1101","-0.3132","14.92","-3.7153","5.3498","-127117","872883","-12.7117"
"KRX_CONTINUOUS","DS000431","삼성전자","0193L0","SHORT","10/30","3/5","30","57","56","1","2","26.32","-0.2371","-0.2924","4.77","-1.3847","1.3642","-127157","872843","-12.7157"
"KRX_CONTINUOUS","DS000144","삼성전자","0193L0","SHORT","5/10","3/5","50","171","168","3","2","32.16","-0.0723","-0.2000","5.32","-3.0413","13.0214","-127639","872361","-12.7639"
"KRX_CONTINUOUS","DS000764","삼성전자","0193L0","SHORT","10/20","3/10","5","117","116","1","2","31.62","-0.1141","-0.1438","8.54","-2.7351","2.1372","-127693","872307","-12.7693"
"KRX_CONTINUOUS","DS002628","삼성전자","0193W0","LONG","5/20","10/20","50","102","96","6","4","37.25","-0.1237","-0.3295","18.59","-4.1778","5.6990","-127715","872285","-12.7715"
"KRX_CONTINUOUS","DS002351","삼성전자","0193L0","SHORT","10/30","5/20","30","57","53","4","2","22.81","-0.2332","-0.4291","17.05","-2.1925","3.1945","-127743","872257","-12.7743"
"KRX_CONTINUOUS","DS004224","삼성전자","0193L0","SHORT","5/30","10/30","50","89","83","6","3","21.35","-0.1354","-0.4438","24.54","-3.0369","13.8084","-127746","872254","-12.7746"
"KRX_CONTINUOUS","DS001437","삼성전자","0193L0","SHORT","20/30","5/10","10","84","81","3","1","28.57","-0.1587","-0.2493","8.63","-2.0333","3.3957","-127806","872194","-12.7806"
"KRX_CONTINUOUS","DS004547","삼성전자","0193W0","LONG","5/20","20/30","30","92","85","7","3","34.78","-0.1323","-0.4025","22.82","-4.4553","7.6623","-127835","872165","-12.7835"
"KRX_CONTINUOUS","DS000394","SK하이닉스","0193T0","LONG","10/30","3/5","20","78","77","1","2","28.21","-0.1720","-0.2530","5.06","-1.6507","4.9116","-127998","872002","-12.7998"
"KRX_CONTINUOUS","DS000382","삼성전자","0193L0","SHORT","5/30","3/5","20","112","110","2","2","25.89","-0.1134","-0.3000","4.96","-1.5183","13.0214","-128017","871983","-12.8017"
"KRX_CONTINUOUS","DS000415","삼성전자","0193W0","LONG","10/30","3/5","NONE","122","121","1","2","29.51","-0.1089","-0.2000","5.03","-1.7342","4.2738","-128075","871925","-12.8075"
"KRX_CONTINUOUS","DS000455","SK하이닉스","0197X0","SHORT","20/30","3/5","30","66","66","0","1","24.24","-0.2031","-0.2711","5.44","-2.5738","4.4023","-128388","871612","-12.8388"
"KRX_CONTINUOUS","DS002784","삼성전자","0193L0","SHORT","5/30","10/20","50","89","84","5","3","32.58","-0.1380","-0.3140","20.98","-3.6091","13.5461","-128470","871530","-12.8470"
"KRX_CONTINUOUS","DS003610","SK하이닉스","0193T0","LONG","10/20","5/30","20","65","58","7","2","29.23","-0.1877","-0.6384","23.74","-5.7498","8.8159","-128509","871491","-12.8509"
"KRX_CONTINUOUS","DS004291","SK하이닉스","0197X0","SHORT","20/30","10/30","NONE","115","110","5","3","40.00","-0.0955","-0.4294","26.03","-5.8000","10.7043","-128651","871349","-12.8651"
"KRX_CONTINUOUS","DS004005","SK하이닉스","0197X0","SHORT","3/20","10/30","10","171","158","13","4","40.35","-0.0220","-0.2543","33.34","-11.2795","17.0435","-128791","871209","-12.8791"
"KRX_CONTINUOUS","DS004773","SK하이닉스","0197X0","SHORT","20/30","20/30","10","90","84","6","1","36.67","-0.1291","-0.5300","30.10","-5.3405","8.9489","-128823","871177","-12.8823"
"KRX_CONTINUOUS","DS003539","삼성전자","0193W0","LONG","3/20","5/30","30","116","108","8","6","31.03","-0.1053","-0.3675","18.55","-4.1778","7.6623","-129049","870951","-12.9049"
"KRX_CONTINUOUS","DS003347","삼성전자","0193W0","LONG","20/30","3/30","30","53","50","3","1","33.96","-0.2501","-0.5758","19.06","-3.4916","3.9141","-129136","870864","-12.9136"
"KRX_CONTINUOUS","DS002075","SK하이닉스","0193T0","LONG","3/20","5/20","30","82","76","6","2","30.49","-0.1574","-0.4486","17.00","-4.9790","5.3915","-129422","870578","-12.9422"
"KRX_CONTINUOUS","DS001907","삼성전자","0193W0","LONG","20/30","3/20","30","53","50","3","1","30.19","-0.2531","-0.5374","13.11","-3.0280","4.7088","-129516","870484","-12.9516"
"KRX_CONTINUOUS","DS001821","삼성전자","0193L0","SHORT","5/30","3/20","10","139","135","4","2","28.78","-0.0885","-0.4162","15.29","-1.8673","13.8084","-130077","869923","-13.0077"
"KRX_CONTINUOUS","DS000682","SK하이닉스","0193T0","LONG","5/20","3/10","20","67","64","3","1","35.82","-0.2035","-0.3976","9.15","-2.4097","3.1769","-130218","869782","-13.0218"
"KRX_CONTINUOUS","DS001244","삼성전자","0193L0","SHORT","10/20","5/10","5","117","115","2","2","35.90","-0.1159","-0.2377","10.21","-2.4654","2.6021","-130497","869503","-13.0497"
"KRX_CONTINUOUS","DS002170","SK하이닉스","0193T0","LONG","10/20","5/20","20","65","61","4","2","30.77","-0.2037","-0.5661","17.75","-4.9790","5.5160","-130613","869387","-13.0613"
"KRX_CONTINUOUS","DS000611","삼성전자","0193W0","LONG","5/10","3/10","30","164","160","4","2","32.32","-0.0796","-0.2694","8.68","-2.1082","5.8406","-130975","869025","-13.0975"
"KRX_CONTINUOUS","DS001388","삼성전자","0193L0","SHORT","10/30","5/10","5","91","88","3","2","37.36","-0.1512","-0.2000","10.45","-2.6233","2.3042","-131066","868934","-13.1066"
"KRX_CONTINUOUS","DS002458","SK하이닉스","0193T0","LONG","3/10","10/20","20","137","131","6","4","34.31","-0.0787","-0.3866","19.64","-3.7123","7.1573","-131203","868797","-13.1203"
"KRX_CONTINUOUS","DS000336","삼성전자","0193L0","SHORT","3/30","3/5","50","98","96","2","1","24.49","-0.1337","-0.2950","4.95","-1.7917","13.0214","-131217","868783","-13.1217"
"KRX_CONTINUOUS","DS003827","삼성전자","0193W0","LONG","20/30","5/30","30","53","49","4","2","32.08","-0.2535","-0.5741","20.42","-3.9552","5.5431","-131418","868582","-13.1418"
"KRX_CONTINUOUS","DS002388","삼성전자","0193W0","LONG","20/30","5/20","50","63","60","3","2","28.57","-0.2162","-0.3936","12.70","-3.4916","4.3816","-131484","868516","-13.1484"
"KRX_CONTINUOUS","DS001992","SK하이닉스","0197X0","SHORT","3/10","5/20","50","172","166","6","5","29.07","-0.0569","-0.5085","18.81","-5.1400","17.1694","-131615","868385","-13.1615"
"KRX_CONTINUOUS","DS002851","SK하이닉스","0197X0","SHORT","20/30","10/20","NONE","115","111","4","3","35.65","-0.1009","-0.4548","19.61","-6.2364","9.3745","-131742","868258","-13.1742"
"KRX_CONTINUOUS","DS004691","삼성전자","0193W0","LONG","5/30","20/30","30","74","69","5","3","27.03","-0.1650","-0.4624","22.69","-4.4553","6.0988","-131823","868177","-13.1823"
"KRX_CONTINUOUS","DS000202","SK하이닉스","0193T0","LONG","5/20","3/5","20","67","65","2","1","26.87","-0.2077","-0.3581","5.30","-2.0499","2.6412","-131999","868001","-13.1999"
"KRX_CONTINUOUS","DS001784","SK하이닉스","0193T0","LONG","5/30","3/20","5","115","111","4","2","32.17","-0.1081","-0.4494","15.32","-3.2832","6.8071","-132402","867598","-13.2402"
"KRX_CONTINUOUS","DS000851","삼성전자","0193W0","LONG","5/30","3/10","30","74","72","2","2","21.62","-0.1852","-0.3307","7.86","-2.1082","5.8406","-132607","867393","-13.2607"
"KRX_CONTINUOUS","DS000335","삼성전자","0193L0","SHORT","3/30","3/5","30","106","104","2","2","22.64","-0.1247","-0.3379","5.06","-1.4346","13.0214","-133260","866740","-13.3260"
"KRX_CONTINUOUS","DS002867","삼성전자","0193W0","LONG","20/30","10/20","30","53","50","3","1","24.53","-0.2579","-0.5758","17.25","-3.9552","4.7088","-133317","866683","-13.3317"
"KRX_CONTINUOUS","DS004051","SK하이닉스","0197X0","SHORT","5/20","10/30","NONE","185","173","12","5","41.08","-0.0217","-0.2000","32.21","-11.2795","17.0435","-133346","866654","-13.3346"
"KRX_CONTINUOUS","DS001330","삼성전자","0193W0","LONG","5/30","5/10","20","107","104","3","1","30.84","-0.1266","-0.3793","10.03","-2.2352","5.8406","-133432","866568","-13.3432"
"KRX_CONTINUOUS","DS004740","삼성전자","0193W0","LONG","10/30","20/30","50","57","55","2","2","29.82","-0.2359","-0.4711","25.68","-3.9657","6.5107","-134189","865811","-13.4189"
"KRX_CONTINUOUS","DS000478","삼성전자","0193L0","SHORT","20/30","3/5","20","111","110","1","1","27.93","-0.1271","-0.2000","5.74","-1.8240","3.2104","-134475","865525","-13.4475"
"KRX_CONTINUOUS","DS000322","삼성전자","0193W0","LONG","3/30","3/5","20","116","115","1","2","35.34","-0.1207","-0.2642","5.19","-2.2555","3.9131","-134579","865421","-13.4579"
"KRX_CONTINUOUS","DS000296","SK하이닉스","0193T0","LONG","3/30","3/5","5","124","122","2","1","30.65","-0.1124","-0.3104","5.31","-2.0499","5.7207","-135070","864930","-13.5070"
"KRX_CONTINUOUS","DS000635","SK하이닉스","0193T0","LONG","3/20","3/10","30","82","78","4","2","36.59","-0.1708","-0.3047","9.16","-2.4097","4.0226","-135161","864839","-13.5161"
"KRX_CONTINUOUS","DS004488","SK하이닉스","0197X0","SHORT","3/20","20/30","50","119","105","14","3","36.13","-0.0862","-0.3842","28.60","-10.9955","16.2254","-135526","864474","-13.5526"
"KRX_CONTINUOUS","DS003648","삼성전자","0193L0","SHORT","10/20","5/30","50","80","76","4","5","25.00","-0.1742","-0.4272","22.56","-2.4329","4.3164","-135552","864448","-13.5552"
"KRX_CONTINUOUS","DS002266","SK하이닉스","0193T0","LONG","5/30","5/20","20","81","77","4","2","33.33","-0.1668","-0.4799","17.38","-4.9790","6.4903","-135560","864440","-13.5560"
"KRX_CONTINUOUS","DS000372","삼성전자","0193W0","LONG","5/30","3/5","50","83","82","1","2","22.89","-0.1721","-0.3343","4.29","-2.2352","3.0563","-135583","864417","-13.5583"
"KRX_CONTINUOUS","DS000452","SK하이닉스","0197X0","SHORT","20/30","3/5","5","81","80","1","2","24.69","-0.1753","-0.2630","5.20","-2.5738","4.4023","-135591","864409","-13.5591"
"KRX_CONTINUOUS","DS004532","SK하이닉스","0197X0","SHORT","5/20","20/30","5","178","159","19","8","43.82","-0.0341","-0.2000","34.10","-10.9955","16.2254","-135703","864297","-13.5703"
"KRX_CONTINUOUS","DS003261","삼성전자","0193L0","SHORT","5/30","3/30","10","139","133","6","2","26.62","-0.0932","-0.4404","18.55","-2.1391","13.7559","-135999","864001","-13.5999"
"KRX_CONTINUOUS","DS004788","삼성전자","0193W0","LONG","20/30","20/30","50","63","60","3","2","33.33","-0.2177","-0.4834","25.37","-4.2334","5.5431","-136397","863603","-13.6397"
"KRX_CONTINUOUS","DS002159","삼성전자","0193L0","SHORT","5/20","5/20","30","101","96","5","1","26.73","-0.1310","-0.3904","15.48","-2.4164","14.4905","-136568","863432","-13.6568"
"KRX_CONTINUOUS","DS004042","SK하이닉스","0193T0","LONG","5/20","10/30","20","67","60","7","4","29.85","-0.1907","-0.6752","26.49","-4.8249","9.2110","-136871","863129","-13.6871"
"KRX_CONTINUOUS","DS000466","삼성전자","0193W0","LONG","20/30","3/5","20","112","108","4","2","27.68","-0.1278","-0.2644","5.21","-2.0081","4.2297","-136885","863115","-13.6885"
"KRX_CONTINUOUS","DS001724","삼성전자","0193L0","SHORT","10/20","3/20","5","117","114","3","2","35.04","-0.1202","-0.3141","15.97","-2.0878","3.5841","-137049","862951","-13.7049"
"KRX_CONTINUOUS","DS001835","SK하이닉스","0193T0","LONG","10/30","3/20","30","44","42","2","1","27.27","-0.3289","-0.6172","15.93","-2.1751","4.1258","-137703","862297","-13.7703"
"KRX_CONTINUOUS","DS000911","삼성전자","0193L0","SHORT","10/30","3/10","30","57","56","1","2","28.07","-0.2576","-0.2377","8.68","-2.8925","2.1372","-138137","861863","-13.8137"
"KRX_CONTINUOUS","DS000237","삼성전자","0193L0","SHORT","5/20","3/5","10","162","160","2","2","30.86","-0.0852","-0.2539","4.79","-1.3874","13.0214","-138176","861824","-13.8176"
"KRX_CONTINUOUS","DS003839","삼성전자","0193L0","SHORT","20/30","5/30","30","58","54","4","1","27.59","-0.2479","-0.4460","21.48","-2.9778","4.2746","-138180","861820","-13.8180"
"KRX_CONTINUOUS","DS003298","삼성전자","0193W0","LONG","10/30","3/30","20","92","89","3","1","28.26","-0.1527","-0.4950","18.74","-3.2219","5.0332","-138373","861627","-13.8373"
"KRX_CONTINUOUS","DS003431","SK하이닉스","0197X0","SHORT","3/10","5/30","30","162","154","8","4","28.40","-0.0711","-0.5586","21.38","-4.1202","17.1065","-138736","861264","-13.8736"
"KRX_CONTINUOUS","DS001377","삼성전자","0193W0","LONG","10/30","5/10","10","118","114","4","2","27.12","-0.1211","-0.3060","8.14","-1.9736","5.6907","-139016","860984","-13.9016"
"KRX_CONTINUOUS","DS000923","SK하이닉스","0193T0","LONG","20/30","3/10","30","49","49","0","2","18.37","-0.2964","-0.4745","8.27","-3.7968","6.1257","-139099","860901","-13.9099"
"KRX_CONTINUOUS","DS002651","SK하이닉스","0193T0","LONG","10/20","10/20","30","65","58","7","2","30.77","-0.2127","-0.6551","19.14","-5.7498","5.9414","-139143","860857","-13.9143"
"KRX_CONTINUOUS","DS000093","삼성전자","0193L0","SHORT","3/10","3/5","10","180","177","3","1","33.33","-0.0764","-0.2000","5.54","-3.0413","13.0214","-139731","860269","-13.9731"
"KRX_CONTINUOUS","DS001435","삼성전자","0193L0","SHORT","20/30","5/10","NONE","124","119","5","2","32.26","-0.1173","-0.2458","10.36","-2.0333","3.3957","-139774","860226","-13.9774"
"KRX_CONTINUOUS","DS001858","삼성전자","0193W0","LONG","10/30","3/20","20","92","88","4","1","26.09","-0.1562","-0.4568","13.70","-2.7570","5.5493","-139777","860223","-13.9777"
"KRX_CONTINUOUS","DS000960","삼성전자","0193L0","SHORT","20/30","3/10","50","62","61","1","2","27.42","-0.2394","-0.4115","7.79","-2.0333","3.3957","-139955","860045","-13.9955"
"KRX_CONTINUOUS","DS000163","SK하이닉스","0197X0","SHORT","3/20","3/5","NONE","217","212","5","2","32.72","-0.0599","-0.2603","5.31","-3.6571","15.6590","-140171","859829","-14.0171"
"KRX_CONTINUOUS","DS002638","삼성전자","0193L0","SHORT","5/20","10/20","20","89","82","7","2","33.71","-0.1560","-0.3079","18.84","-4.1914","13.5461","-140183","859817","-14.0183"
"KRX_CONTINUOUS","DS002973","삼성전자","0193L0","SHORT","3/10","3/30","10","180","174","6","6","32.22","-0.0700","-0.4646","20.51","-3.7481","13.7559","-140314","859686","-14.0314"
"KRX_CONTINUOUS","DS000132","삼성전자","0193W0","LONG","5/10","3/5","50","177","175","2","2","29.94","-0.0809","-0.2373","5.29","-2.2352","4.2353","-140433","859567","-14.0433"
"KRX_CONTINUOUS","DS004259","삼성전자","0193W0","LONG","10/30","10/30","30","53","51","2","2","33.96","-0.2772","-0.5063","23.72","-4.2446","4.4183","-140484","859516","-14.0484"
"KRX_CONTINUOUS","DS004256","삼성전자","0193W0","LONG","10/30","10/30","5","86","79","7","1","33.72","-0.1650","-0.5176","24.05","-4.2446","6.5107","-140494","859506","-14.0494"
"KRX_CONTINUOUS","DS001403","SK하이닉스","0193T0","LONG","20/30","5/10","30","49","49","0","2","22.45","-0.2998","-0.5001","8.98","-2.4796","5.7892","-140495","859505","-14.0495"
"KRX_CONTINUOUS","DS003814","SK하이닉스","0197X0","SHORT","20/30","5/30","20","107","104","3","3","36.45","-0.1234","-0.5823","23.24","-5.5091","9.2681","-140533","859467","-14.0533"
"KRX_CONTINUOUS","DS001248","삼성전자","0193L0","SHORT","10/20","5/10","50","80","77","3","2","33.75","-0.1868","-0.2598","10.04","-2.4654","2.3042","-140829","859171","-14.0829"
"KRX_CONTINUOUS","DS001162","SK하이닉스","0193T0","LONG","5/20","5/10","20","67","64","3","1","32.84","-0.2223","-0.4031","10.31","-2.0987","3.0135","-140993","859007","-14.0993"
"KRX_CONTINUOUS","DS001785","SK하이닉스","0193T0","LONG","5/30","3/20","10","96","92","4","2","32.29","-0.1414","-0.4616","15.42","-3.2832","6.8071","-141417","858583","-14.1417"
"KRX_CONTINUOUS","DS001595","SK하이닉스","0193T0","LONG","3/20","3/20","30","82","78","4","1","29.27","-0.1774","-0.5359","13.28","-3.2832","3.6075","-141464","858536","-14.1464"
"KRX_CONTINUOUS","DS001736","SK하이닉스","0193T0","LONG","3/30","3/20","5","124","120","4","2","30.65","-0.1070","-0.3942","16.79","-3.2832","6.6802","-141564","858436","-14.1564"
"KRX_CONTINUOUS","DS002771","삼성전자","0193W0","LONG","5/30","10/20","30","74","67","7","3","35.14","-0.1937","-0.3906","19.11","-4.1778","5.6990","-141610","858390","-14.1610"
"KRX_CONTINUOUS","DS002592","삼성전자","0193L0","SHORT","3/20","10/20","50","123","116","7","4","31.71","-0.1106","-0.3299","19.28","-4.1914","13.5461","-142452","857548","-14.2452"
"KRX_CONTINUOUS","DS000344","SK하이닉스","0193T0","LONG","5/30","3/5","5","115","113","2","2","34.78","-0.1294","-0.2986","5.18","-2.0499","5.3457","-142845","857155","-14.2845"
"KRX_CONTINUOUS","DS002816","삼성전자","0193W0","LONG","10/30","10/20","5","86","82","4","2","36.05","-0.1702","-0.5067","17.95","-3.6868","5.5493","-142994","857006","-14.2994"
"KRX_CONTINUOUS","DS001916","삼성전자","0193L0","SHORT","20/30","3/20","5","72","68","4","2","20.83","-0.2088","-0.2899","14.97","-2.0333","4.3243","-143129","856871","-14.3129"
"KRX_CONTINUOUS","DS000432","삼성전자","0193L0","SHORT","10/30","3/5","50","67","66","1","2","29.85","-0.2287","-0.2000","5.37","-3.4000","1.3766","-143617","856383","-14.3617"
"KRX_CONTINUOUS","DS001630","삼성전자","0193L0","SHORT","3/20","3/20","20","111","109","2","1","23.42","-0.1267","-0.3924","12.88","-3.0413","13.8084","-143650","856350","-14.3650"
"KRX_CONTINUOUS","DS000475","삼성전자","0193L0","SHORT","20/30","3/5","NONE","124","122","2","2","29.03","-0.1224","-0.2000","5.91","-1.8240","3.2104","-143745","856255","-14.3745"
"KRX_CONTINUOUS","DS004606","삼성전자","0193L0","SHORT","10/20","20/30","20","72","66","6","3","34.72","-0.2053","-0.3915","31.79","-3.5307","3.4332","-143778","856222","-14.3778"
"KRX_CONTINUOUS","DS004003","SK하이닉스","0197X0","SHORT","3/20","10/30","NONE","217","203","14","6","41.01","-0.0169","-0.2543","31.26","-11.2795","17.0435","-143915","856085","-14.3915"
"KRX_CONTINUOUS","DS002168","SK하이닉스","0193T0","LONG","10/20","5/20","5","102","96","6","2","33.33","-0.1410","-0.4214","17.52","-4.9790","6.6802","-144230","855770","-14.4230"
"KRX_CONTINUOUS","DS001904","삼성전자","0193W0","LONG","20/30","3/20","5","78","76","2","2","29.49","-0.1928","-0.4347","13.74","-3.0280","4.7088","-144532","855468","-14.4532"
"KRX_CONTINUOUS","DS000957","삼성전자","0193L0","SHORT","20/30","3/10","10","84","82","2","2","32.14","-0.1830","-0.2991","8.01","-2.0333","3.3957","-144792","855208","-14.4792"
"KRX_CONTINUOUS","DS002338","삼성전자","0193W0","LONG","10/30","5/20","20","92","88","4","2","25.00","-0.1611","-0.4335","15.23","-3.2219","5.7067","-144922","855078","-14.4922"
"KRX_CONTINUOUS","DS000131","삼성전자","0193W0","LONG","5/10","3/5","30","164","163","1","2","27.44","-0.0915","-0.2500","5.09","-2.2352","4.2353","-145582","854418","-14.5582"
"KRX_CONTINUOUS","DS000670","삼성전자","0193L0","SHORT","3/20","3/10","20","111","109","2","3","29.73","-0.1288","-0.3309","10.04","-3.0413","14.0707","-145777","854223","-14.5777"
"KRX_CONTINUOUS","DS000442","SK하이닉스","0193T0","LONG","20/30","3/5","20","89","88","1","2","22.47","-0.1700","-0.3418","4.89","-3.4421","8.0100","-145786","854214","-14.5786"
"KRX_CONTINUOUS","DS000895","삼성전자","0193W0","LONG","10/30","3/10","NONE","122","119","3","2","24.59","-0.1240","-0.2949","8.05","-1.7098","5.6907","-146025","853975","-14.6025"
"KRX_CONTINUOUS","DS000598","SK하이닉스","0197X0","SHORT","5/10","3/10","20","149","146","3","2","33.56","-0.0969","-0.3601","9.01","-2.4275","7.0900","-146028","853972","-14.6028"
"KRX_CONTINUOUS","DS002831","삼성전자","0193L0","SHORT","10/30","10/20","30","57","53","4","2","22.81","-0.2713","-0.3732","18.46","-4.3465","3.1945","-146681","853319","-14.6681"
"KRX_CONTINUOUS","DS000660","삼성전자","0193W0","LONG","3/20","3/10","50","126","123","3","2","29.37","-0.1214","-0.3076","8.55","-2.4610","4.6843","-146750","853250","-14.6750"
"KRX_CONTINUOUS","DS000285","삼성전자","0193L0","SHORT","10/20","3/5","10","160","158","2","2","35.00","-0.0973","-0.2000","5.26","-1.5438","2.6459","-146782","853218","-14.6782"
"KRX_CONTINUOUS","DS003683","삼성전자","0193W0","LONG","3/30","5/30","30","87","81","6","2","31.03","-0.1748","-0.4051","16.93","-4.1778","4.5664","-147019","852981","-14.7019"
"KRX_CONTINUOUS","DS003072","삼성전자","0193L0","SHORT","3/20","3/30","50","123","120","3","4","27.64","-0.1149","-0.4067","18.11","-5.6889","13.7559","-147083","852917","-14.7083"
"KRX_CONTINUOUS","DS003036","SK하이닉스","0193T0","LONG","3/20","3/30","50","78","77","1","3","33.33","-0.1862","-0.5730","20.85","-4.9790","6.2052","-147227","852773","-14.7227"
"KRX_CONTINUOUS","DS001783","SK하이닉스","0193T0","LONG","5/30","3/20","NONE","117","113","4","2","31.62","-0.1209","-0.4494","15.46","-3.2832","6.8071","-147341","852659","-14.7341"
"KRX_CONTINUOUS","DS004088","SK하이닉스","0193T0","LONG","10/20","10/30","5","102","93","9","3","29.41","-0.1258","-0.6246","28.78","-4.8249","10.2005","-147492","852508","-14.7492"
"KRX_CONTINUOUS","DS003779","삼성전자","0193W0","LONG","10/30","5/30","30","53","51","2","2","32.08","-0.2932","-0.5310","20.77","-3.6868","4.4183","-147518","852482","-14.7518"
"KRX_CONTINUOUS","DS001150","삼성전자","0193L0","SHORT","3/20","5/10","20","111","109","2","3","29.73","-0.1312","-0.3079","10.89","-2.4654","13.6510","-147893","852107","-14.7893"
"KRX_CONTINUOUS","DS004531","SK하이닉스","0197X0","SHORT","5/20","20/30","NONE","185","165","20","9","43.24","-0.0382","-0.2000","35.35","-10.9955","16.2254","-148022","851978","-14.8022"
"KRX_CONTINUOUS","DS003357","삼성전자","0193L0","SHORT","20/30","3/30","10","84","79","5","1","26.19","-0.1839","-0.4577","20.15","-2.5889","4.2746","-148081","851919","-14.8081"
"KRX_CONTINUOUS","DS002208","삼성전자","0193L0","SHORT","10/20","5/20","50","80","76","4","2","27.50","-0.1966","-0.3736","16.83","-2.1130","3.5170","-149342","850658","-14.9342"
"KRX_CONTINUOUS","DS002112","삼성전자","0193L0","SHORT","3/20","5/20","50","123","117","6","3","26.83","-0.1188","-0.3924","15.25","-3.0413","14.4905","-149474","850526","-14.9474"
"KRX_CONTINUOUS","DS003216","삼성전자","0193L0","SHORT","3/30","3/30","50","98","95","3","2","17.35","-0.1506","-0.5214","14.42","-2.0878","13.7559","-149526","850474","-14.9526"
"KRX_CONTINUOUS","DS001032","SK하이닉스","0197X0","SHORT","3/10","5/10","50","172","169","3","3","34.30","-0.0774","-0.4735","10.52","-4.1202","16.9177","-149951","850049","-14.9951"
"KRX_CONTINUOUS","DS003059","삼성전자","0193W0","LONG","3/20","3/30","30","116","109","7","6","28.45","-0.1339","-0.3763","15.03","-3.7153","5.7096","-150132","849868","-15.0132"
"KRX_CONTINUOUS","DS001677","삼성전자","0193L0","SHORT","5/20","3/20","10","162","156","6","2","28.40","-0.0902","-0.3642","14.41","-2.0878","13.8084","-150306","849694","-15.0306"
"KRX_CONTINUOUS","DS004522","SK하이닉스","0193T0","LONG","5/20","20/30","20","67","59","8","6","35.82","-0.2180","-0.6720","28.67","-4.4652","8.3787","-150402","849598","-15.0402"
"KRX_CONTINUOUS","DS000381","삼성전자","0193L0","SHORT","5/30","3/5","10","139","137","2","2","28.78","-0.1095","-0.2587","4.95","-2.8434","13.0214","-150691","849309","-15.0691"
"KRX_CONTINUOUS","DS002013","삼성전자","0193L0","SHORT","3/10","5/20","10","180","174","6","4","36.67","-0.0770","-0.3733","17.66","-3.0413","14.4905","-150874","849126","-15.0874"
"KRX_CONTINUOUS","DS003552","삼성전자","0193L0","SHORT","3/20","5/30","50","123","118","5","4","28.46","-0.1179","-0.4285","19.77","-5.7771","13.7559","-151254","848746","-15.1254"
"KRX_CONTINUOUS","DS003612","SK하이닉스","0193T0","LONG","10/20","5/30","50","54","51","3","2","27.78","-0.2838","-0.6419","22.69","-5.7498","5.9414","-151963","848037","-15.1963"
"KRX_CONTINUOUS","DS001774","삼성전자","0193L0","SHORT","3/30","3/20","20","132","126","6","3","27.27","-0.1129","-0.3342","14.92","-2.1277","13.8084","-152076","847924","-15.2076"
"KRX_CONTINUOUS","DS002352","삼성전자","0193L0","SHORT","10/30","5/20","50","67","62","5","2","23.88","-0.2417","-0.4415","15.94","-2.1925","3.1945","-152832","847168","-15.2832"
"KRX_CONTINUOUS","DS003586","삼성전자","0193W0","LONG","5/20","5/30","20","89","84","5","4","33.71","-0.1761","-0.5019","19.63","-4.1778","6.4722","-153405","846595","-15.3405"
"KRX_CONTINUOUS","DS004320","삼성전자","0193L0","SHORT","20/30","10/30","50","62","58","4","2","27.42","-0.2581","-0.4928","23.87","-3.2556","4.9938","-153528","846472","-15.3528"
"KRX_CONTINUOUS","DS001691","SK하이닉스","0193T0","LONG","10/20","3/20","30","65","61","4","2","26.15","-0.2474","-0.6094","13.74","-3.2832","4.1258","-153530","846470","-15.3530"
"KRX_CONTINUOUS","DS000946","삼성전자","0193W0","LONG","20/30","3/10","20","112","108","4","2","29.46","-0.1442","-0.3330","8.73","-1.8981","4.8491","-154057","845943","-15.4057"
"KRX_CONTINUOUS","DS000343","SK하이닉스","0193T0","LONG","5/30","3/5","NONE","117","115","2","2","34.19","-0.1386","-0.3037","5.19","-2.0499","5.3457","-154206","845794","-15.4206"
"KRX_CONTINUOUS","DS004799","삼성전자","0193L0","SHORT","20/30","20/30","30","58","52","6","1","32.76","-0.2784","-0.3137","28.74","-2.9778","3.6728","-154227","845773","-15.4227"
"KRX_CONTINUOUS","DS004126","삼성전자","0193L0","SHORT","10/20","10/30","20","72","69","3","3","30.56","-0.2226","-0.5664","26.83","-4.2992","5.0358","-154405","845595","-15.4405"
"KRX_CONTINUOUS","DS001211","SK하이닉스","0193T0","LONG","10/20","5/10","30","65","62","3","1","24.62","-0.2528","-0.4415","8.82","-1.9523","4.1228","-154483","845517","-15.4483"
"KRX_CONTINUOUS","DS004280","SK하이닉스","0193T0","LONG","20/30","10/30","5","57","53","4","2","24.56","-0.2652","-0.7294","28.56","-6.1777","9.8451","-155112","844888","-15.5112"
"KRX_CONTINUOUS","DS000430","삼성전자","0193L0","SHORT","10/30","3/5","20","98","97","1","3","34.69","-0.1702","-0.2000","5.10","-1.7917","1.5764","-155177","844823","-15.5177"
"KRX_CONTINUOUS","DS001988","SK하이닉스","0197X0","SHORT","3/10","5/20","5","284","272","12","5","35.92","-0.0314","-0.3076","21.89","-7.6512","17.1694","-155599","844401","-15.5599"
"KRX_CONTINUOUS","DS001054","삼성전자","0193L0","SHORT","3/10","5/10","20","202","197","5","2","32.18","-0.0727","-0.2641","10.33","-2.4654","13.6510","-155861","844139","-15.5861"
"KRX_CONTINUOUS","DS001392","삼성전자","0193L0","SHORT","10/30","5/10","50","67","65","2","2","32.84","-0.2496","-0.2924","10.58","-3.4571","2.3042","-156250","843750","-15.6250"
"KRX_CONTINUOUS","DS002746","SK하이닉스","0193T0","LONG","5/30","10/20","20","81","75","6","2","35.80","-0.1921","-0.4900","20.78","-5.7498","7.4106","-156618","843382","-15.6618"
"KRX_CONTINUOUS","DS002256","삼성전자","0193L0","SHORT","3/30","5/20","50","98","92","6","2","21.43","-0.1577","-0.4282","18.10","-3.1244","14.4905","-156710","843290","-15.6710"
"KRX_CONTINUOUS","DS002387","삼성전자","0193W0","LONG","20/30","5/20","30","53","50","3","1","30.19","-0.3127","-0.5550","14.06","-3.4916","4.3816","-156848","843152","-15.6848"
"KRX_CONTINUOUS","DS000276","삼성전자","0193W0","LONG","10/20","3/5","50","81","79","2","1","28.40","-0.2078","-0.2879","4.40","-2.2555","2.7487","-156958","843042","-15.6958"
"KRX_CONTINUOUS","DS000802","삼성전자","0193W0","LONG","3/30","3/10","20","116","112","4","2","33.62","-0.1415","-0.3543","8.50","-2.4610","5.8406","-157367","842633","-15.7367"
"KRX_CONTINUOUS","DS003778","삼성전자","0193W0","LONG","10/30","5/30","20","92","86","6","2","27.17","-0.1752","-0.5290","19.86","-3.6868","6.5107","-157471","842529","-15.7471"
"KRX_CONTINUOUS","DS002400","삼성전자","0193L0","SHORT","20/30","5/20","50","62","59","3","2","22.58","-0.2683","-0.5239","15.39","-1.9778","3.9860","-157508","842492","-15.7508"
"KRX_CONTINUOUS","DS003491","삼성전자","0193W0","LONG","5/10","5/30","30","164","157","7","9","26.83","-0.0426","-0.4649","21.22","-4.1778","10.9588","-158336","841664","-15.8336"
"KRX_CONTINUOUS","DS003312","삼성전자","0193L0","SHORT","10/30","3/30","50","67","62","5","2","23.88","-0.2498","-0.4583","20.36","-4.1429","3.7348","-158411","841589","-15.8411"
"KRX_CONTINUOUS","DS000778","SK하이닉스","0193T0","LONG","3/30","3/10","20","86","83","3","2","33.72","-0.1966","-0.3345","9.53","-2.4097","3.1769","-158550","841450","-15.8550"
"KRX_CONTINUOUS","DS000295","SK하이닉스","0193T0","LONG","3/30","3/5","NONE","143","141","2","1","30.77","-0.1166","-0.3158","5.27","-2.0499","5.7207","-158888","841112","-15.8888"
"KRX_CONTINUOUS","DS004078","삼성전자","0193L0","SHORT","5/20","10/30","20","89","82","7","3","31.46","-0.1797","-0.4301","24.89","-4.2992","13.8084","-158995","841005","-15.8995"
"KRX_CONTINUOUS","DS002038","SK하이닉스","0197X0","SHORT","5/10","5/20","20","149","143","6","4","30.20","-0.1009","-0.4778","16.57","-4.1202","7.9352","-159699","840301","-15.9699"
"KRX_CONTINUOUS","DS001811","삼성전자","0193W0","LONG","5/30","3/20","30","74","70","4","2","29.73","-0.2232","-0.5046","12.77","-3.2527","5.6990","-159711","840289","-15.9711"
"KRX_CONTINUOUS","DS004391","SK하이닉스","0197X0","SHORT","3/10","20/30","30","162","148","14","4","35.80","-0.0834","-0.4157","25.45","-4.7392","16.2254","-159753","840247","-15.9753"
"KRX_CONTINUOUS","DS000320","삼성전자","0193W0","LONG","3/30","3/5","5","168","166","2","2","33.33","-0.0993","-0.2816","5.02","-2.2555","5.1846","-159832","840168","-15.9832"
"KRX_CONTINUOUS","DS001436","삼성전자","0193L0","SHORT","20/30","5/10","5","72","69","3","2","29.17","-0.2393","-0.2523","9.44","-2.0333","3.0558","-160132","839868","-16.0132"
"KRX_CONTINUOUS","DS001438","삼성전자","0193L0","SHORT","20/30","5/10","20","111","108","3","2","28.83","-0.1532","-0.2527","10.03","-2.0333","3.3957","-160490","839510","-16.0490"
"KRX_CONTINUOUS","DS003788","삼성전자","0193L0","SHORT","10/30","5/30","5","91","85","6","2","30.77","-0.1859","-0.5208","23.00","-2.3429","3.7348","-160678","839322","-16.0678"
"KRX_CONTINUOUS","DS000283","삼성전자","0193L0","SHORT","10/20","3/5","NONE","171","169","2","2","33.92","-0.1006","-0.2000","5.22","-1.5438","2.6459","-160733","839267","-16.0733"
"KRX_CONTINUOUS","DS000730","SK하이닉스","0193T0","LONG","10/20","3/10","20","65","63","2","1","26.15","-0.2629","-0.4046","9.15","-3.3434","5.1035","-160753","839247","-16.0753"
"KRX_CONTINUOUS","DS002687","삼성전자","0193L0","SHORT","10/20","10/20","30","85","82","3","2","30.59","-0.2000","-0.3374","20.35","-4.1914","3.1945","-161444","838556","-16.1444"
"KRX_CONTINUOUS","DS004308","삼성전자","0193W0","LONG","20/30","10/30","50","63","58","5","3","28.57","-0.2676","-0.5615","22.25","-4.5115","5.5431","-161523","838477","-16.1523"
"KRX_CONTINUOUS","DS000275","삼성전자","0193W0","LONG","10/20","3/5","30","79","77","2","1","26.58","-0.2201","-0.2995","4.47","-2.2555","2.7487","-161589","838411","-16.1589"
"KRX_CONTINUOUS","DS002554","SK하이닉스","0193T0","LONG","3/20","10/20","20","79","74","5","3","27.85","-0.2063","-0.4710","18.96","-5.7498","7.1573","-162044","837956","-16.2044"
"KRX_CONTINUOUS","DS001375","삼성전자","0193W0","LONG","10/30","5/10","NONE","122","118","4","2","26.23","-0.1393","-0.3060","8.31","-1.9736","5.6907","-162157","837843","-16.2157"
"KRX_CONTINUOUS","DS003432","SK하이닉스","0197X0","SHORT","3/10","5/30","50","172","162","10","5","30.23","-0.0797","-0.5786","24.35","-4.6677","17.1065","-162167","837833","-16.2167"
"KRX_CONTINUOUS","DS001987","SK하이닉스","0197X0","SHORT","3/10","5/20","NONE","342","328","14","6","36.84","-0.0242","-0.3002","21.85","-7.6512","17.1694","-162314","837686","-16.2314"
"KRX_CONTINUOUS","DS000370","삼성전자","0193W0","LONG","5/30","3/5","20","107","105","2","2","25.23","-0.1621","-0.3164","4.87","-2.2352","5.0766","-162959","837041","-16.2959"
"KRX_CONTINUOUS","DS004307","삼성전자","0193W0","LONG","20/30","10/30","30","53","49","4","2","28.30","-0.3224","-0.5855","23.49","-4.5115","5.5431","-163074","836926","-16.3074"
"KRX_CONTINUOUS","DS001870","삼성전자","0193L0","SHORT","10/30","3/20","20","98","93","5","3","28.57","-0.1772","-0.3649","15.31","-2.2463","3.5841","-163185","836815","-16.3185"
"KRX_CONTINUOUS","DS004546","삼성전자","0193W0","LONG","5/20","20/30","20","89","83","6","3","35.96","-0.1874","-0.3808","23.97","-4.4553","5.4630","-163819","836181","-16.3819"
"KRX_CONTINUOUS","DS002795","SK하이닉스","0193T0","LONG","10/30","10/20","30","44","40","4","1","22.73","-0.3942","-0.6128","19.64","-4.6699","4.5400","-163826","836174","-16.3826"
"KRX_CONTINUOUS","DS000439","SK하이닉스","0193T0","LONG","20/30","3/5","NONE","98","95","3","2","22.45","-0.1759","-0.3407","5.08","-3.4421","8.0100","-163864","836136","-16.3864"
"KRX_CONTINUOUS","DS004752","삼성전자","0193L0","SHORT","10/30","20/30","50","67","59","8","2","28.36","-0.2583","-0.2760","27.45","-3.9714","3.4171","-164114","835886","-16.4114"
"KRX_CONTINUOUS","DS002864","삼성전자","0193W0","LONG","20/30","10/20","5","78","75","3","2","28.21","-0.2197","-0.4715","17.78","-3.9552","4.7088","-164389","835611","-16.4389"
"KRX_CONTINUOUS","DS000861","삼성전자","0193L0","SHORT","5/30","3/10","10","139","137","2","2","33.09","-0.1198","-0.2870","8.32","-2.8434","14.0707","-164593","835407","-16.4593"
"KRX_CONTINUOUS","DS004294","SK하이닉스","0197X0","SHORT","20/30","10/30","20","107","103","4","3","39.25","-0.1451","-0.4294","25.91","-5.8000","10.7043","-164741","835259","-16.4741"
"KRX_CONTINUOUS","DS001293","삼성전자","0193L0","SHORT","3/30","5/10","10","147","142","5","3","31.97","-0.1126","-0.2396","10.23","-2.4654","13.6510","-165012","834988","-16.5012"
"KRX_CONTINUOUS","DS004703","삼성전자","0193L0","SHORT","5/30","20/30","30","80","75","5","3","23.75","-0.2060","-0.4380","22.63","-2.8432","13.4411","-165261","834739","-16.5261"
"KRX_CONTINUOUS","DS000072","SK하이닉스","0197X0","SHORT","3/10","3/5","50","172","168","4","2","29.65","-0.0931","-0.3461","5.09","-3.6571","15.6590","-165301","834699","-16.5301"
"KRX_CONTINUOUS","DS000249","SK하이닉스","0193T0","LONG","10/20","3/5","10","131","128","3","1","27.48","-0.1329","-0.3060","5.04","-2.1595","5.9960","-165368","834632","-16.5368"
"KRX_CONTINUOUS","DS004188","SK하이닉스","0193T0","LONG","5/30","10/30","50","47","45","2","2","27.66","-0.3698","-0.5942","26.09","-4.8249","6.1472","-165440","834560","-16.5440"
"KRX_CONTINUOUS","DS000956","삼성전자","0193L0","SHORT","20/30","3/10","5","72","70","2","2","30.56","-0.2486","-0.3632","7.65","-2.0333","3.0558","-165540","834460","-16.5540"
"KRX_CONTINUOUS","DS000552","SK하이닉스","0197X0","SHORT","3/10","3/10","50","172","168","4","2","30.23","-0.0891","-0.5085","8.63","-2.2883","18.0505","-165873","834127","-16.5873"
"KRX_CONTINUOUS","DS004631","SK하이닉스","0197X0","SHORT","3/30","20/30","30","84","77","7","3","32.14","-0.1898","-0.5237","20.63","-3.5849","16.2254","-165951","834049","-16.5951"
"KRX_CONTINUOUS","DS003900","SK하이닉스","0193T0","LONG","3/10","10/30","50","134","126","8","7","29.85","-0.0635","-0.6738","30.84","-4.4148","11.7921","-166052","833948","-16.6052"
"KRX_CONTINUOUS","DS001619","삼성전자","0193W0","LONG","3/20","3/20","30","116","111","5","2","26.72","-0.1504","-0.3810","11.41","-3.2527","5.3498","-166174","833826","-16.6174"
"KRX_CONTINUOUS","DS002472","SK하이닉스","0197X0","SHORT","3/10","10/20","50","172","164","8","5","32.56","-0.0745","-0.3998","22.24","-4.9962","17.1694","-166230","833770","-16.6230"
"KRX_CONTINUOUS","DS000463","삼성전자","0193W0","LONG","20/30","3/5","NONE","122","118","4","2","26.23","-0.1460","-0.2509","5.26","-2.0081","4.2297","-166612","833388","-16.6612"
"KRX_CONTINUOUS","DS003262","삼성전자","0193L0","SHORT","5/30","3/30","20","112","106","6","2","25.89","-0.1506","-0.4602","18.38","-2.1391","13.7559","-167143","832857","-16.7143"
"KRX_CONTINUOUS","DS002880","삼성전자","0193L0","SHORT","20/30","10/20","50","62","58","4","2","20.97","-0.2864","-0.4372","17.27","-2.9778","3.9015","-167234","832766","-16.7234"
"KRX_CONTINUOUS","DS000333","삼성전자","0193L0","SHORT","3/30","3/5","10","147","144","3","2","30.61","-0.1176","-0.2759","4.77","-1.7917","13.0214","-167521","832479","-16.7521"
"KRX_CONTINUOUS","DS000060","SK하이닉스","0193T0","LONG","3/10","3/5","50","134","133","1","1","30.60","-0.1296","-0.3247","5.42","-2.3610","7.0780","-167938","832062","-16.7938"
"KRX_CONTINUOUS","DS001584","삼성전자","0193L0","SHORT","5/10","3/20","50","171","164","7","4","31.58","-0.0943","-0.3826","15.61","-3.0413","13.8084","-167964","832036","-16.7964"
"KRX_CONTINUOUS","DS001208","SK하이닉스","0193T0","LONG","10/20","5/10","5","102","99","3","1","33.33","-0.1745","-0.3961","9.83","-2.5618","5.2213","-168044","831956","-16.8044"
"KRX_CONTINUOUS","DS004268","삼성전자","0193L0","SHORT","10/30","10/30","5","91","84","7","2","31.87","-0.1939","-0.4632","26.27","-4.4542","4.4502","-168262","831738","-16.8262"
"KRX_CONTINUOUS","DS000804","삼성전자","0193W0","LONG","3/30","3/10","50","102","101","1","2","31.37","-0.1747","-0.3708","8.19","-2.4610","5.8406","-168401","831599","-16.8401"
"KRX_CONTINUOUS","DS004678","SK하이닉스","0197X0","SHORT","5/30","20/30","20","92","83","9","3","34.78","-0.1660","-0.4700","28.83","-6.9788","16.2254","-169334","830666","-16.9334"
"KRX_CONTINUOUS","DS000728","SK하이닉스","0193T0","LONG","10/20","3/10","5","102","99","3","1","32.35","-0.1761","-0.3917","8.97","-2.4097","5.1035","-169384","830616","-16.9384"
"KRX_CONTINUOUS","DS003345","삼성전자","0193W0","LONG","20/30","3/30","10","78","75","3","1","34.62","-0.2297","-0.5130","18.54","-3.4916","3.9141","-169676","830324","-16.9676"
"KRX_CONTINUOUS","DS004127","삼성전자","0193L0","SHORT","10/20","10/30","30","85","80","5","4","29.41","-0.2093","-0.4286","27.60","-4.2992","5.0358","-169703","830297","-16.9703"
"KRX_CONTINUOUS","DS001258","SK하이닉스","0193T0","LONG","3/30","5/10","20","86","82","4","2","31.40","-0.2131","-0.3250","10.55","-2.1816","3.0135","-170404","829596","-17.0404"
"KRX_CONTINUOUS","DS001884","SK하이닉스","0193T0","LONG","20/30","3/20","50","43","40","3","2","23.26","-0.4212","-0.7355","15.58","-4.6580","4.6452","-170412","829588","-17.0412"
"KRX_CONTINUOUS","DS000540","SK하이닉스","0193T0","LONG","3/10","3/10","50","134","133","1","1","30.60","-0.1315","-0.3693","8.59","-3.4415","5.1857","-170607","829393","-17.0607"
"KRX_CONTINUOUS","DS000671","삼성전자","0193L0","SHORT","3/20","3/10","30","124","120","4","3","31.45","-0.1399","-0.2858","9.29","-3.0413","14.0707","-170983","829017","-17.0983"
"KRX_CONTINUOUS","DS000765","삼성전자","0193L0","SHORT","10/20","3/10","10","160","156","4","2","33.13","-0.1154","-0.1543","8.71","-2.7351","2.1372","-171788","828212","-17.1788"
"KRX_CONTINUOUS","DS001536","삼성전자","0193L0","SHORT","3/10","3/20","50","199","192","7","4","31.66","-0.0793","-0.2000","15.68","-3.1244","13.8084","-172010","827990","-17.2010"
"KRX_CONTINUOUS","DS002676","삼성전자","0193W0","LONG","10/20","10/20","50","81","76","5","2","35.80","-0.2251","-0.3517","17.96","-4.1778","3.3961","-172046","827954","-17.2046"
"KRX_CONTINUOUS","DS000142","삼성전자","0193L0","SHORT","5/10","3/5","20","167","164","3","2","32.34","-0.1055","-0.2383","5.32","-3.0413","13.0214","-172049","827951","-17.2049"
"KRX_CONTINUOUS","DS001534","삼성전자","0193L0","SHORT","3/10","3/20","20","202","196","6","4","30.69","-0.0786","-0.2656","14.31","-3.0413","13.8084","-172117","827883","-17.2117"
"KRX_CONTINUOUS","DS001991","SK하이닉스","0197X0","SHORT","3/10","5/20","30","162","157","5","4","27.78","-0.0931","-0.4948","18.20","-5.1400","17.1694","-172166","827834","-17.2166"
"KRX_CONTINUOUS","DS001772","삼성전자","0193L0","SHORT","3/30","3/20","5","166","160","6","3","28.31","-0.1021","-0.3455","15.01","-3.1244","13.8084","-172408","827592","-17.2408"
"KRX_CONTINUOUS","DS001978","SK하이닉스","0193T0","LONG","3/10","5/20","20","137","131","6","4","29.93","-0.1185","-0.4799","16.88","-2.7088","6.4903","-172496","827504","-17.2496"
"KRX_CONTINUOUS","DS002384","삼성전자","0193W0","LONG","20/30","5/20","5","78","76","2","2","32.05","-0.2348","-0.4488","15.21","-3.4916","4.3816","-173002","826998","-17.3002"
"KRX_CONTINUOUS","DS003706","SK하이닉스","0193T0","LONG","5/30","5/30","20","81","75","6","1","28.40","-0.2164","-0.5945","21.65","-5.7498","8.9445","-173105","826895","-17.3105"
"KRX_CONTINUOUS","DS000763","삼성전자","0193L0","SHORT","10/20","3/10","NONE","171","167","4","2","32.75","-0.1086","-0.1488","9.06","-2.7351","2.1372","-173116","826884","-17.3116"
"KRX_CONTINUOUS","DS002396","삼성전자","0193L0","SHORT","20/30","5/20","5","72","67","5","2","23.61","-0.2587","-0.4013","16.14","-1.9778","3.9860","-173122","826878","-17.3122"
"KRX_CONTINUOUS","DS001764","삼성전자","0193W0","LONG","3/30","3/20","50","102","98","4","3","31.37","-0.1760","-0.3932","13.59","-3.2527","5.6990","-173140","826860","-17.3140"
"KRX_CONTINUOUS","DS000910","삼성전자","0193L0","SHORT","10/30","3/10","20","98","94","4","3","35.71","-0.1912","-0.2000","9.15","-2.8925","2.1372","-173211","826789","-17.3211"
"KRX_CONTINUOUS","DS004524","SK하이닉스","0193T0","LONG","5/20","20/30","50","65","62","3","6","35.38","-0.2651","-0.7631","31.17","-4.4652","8.3787","-173295","826705","-17.3295"
"KRX_CONTINUOUS","DS003164","삼성전자","0193L0","SHORT","10/20","3/30","5","117","113","4","4","29.91","-0.1555","-0.3468","20.79","-5.5887","4.3164","-173479","826521","-17.3479"
"KRX_CONTINUOUS","DS003360","삼성전자","0193L0","SHORT","20/30","3/30","50","62","59","3","2","20.97","-0.2986","-0.6125","19.48","-2.5889","4.2746","-173597","826403","-17.3597"
"KRX_CONTINUOUS","DS002854","SK하이닉스","0197X0","SHORT","20/30","10/20","20","107","104","3","2","34.58","-0.1581","-0.4923","19.45","-6.2364","9.3745","-173790","826210","-17.3790"
"KRX_CONTINUOUS","DS001102","삼성전자","0193L0","SHORT","5/10","5/10","20","167","161","6","2","30.54","-0.1049","-0.2920","9.85","-2.4654","13.6510","-174320","825680","-17.4320"
"KRX_CONTINUOUS","DS002818","삼성전자","0193W0","LONG","10/30","10/20","20","92","88","4","2","29.35","-0.1976","-0.5741","17.82","-3.6868","5.5493","-174509","825491","-17.4509"
"KRX_CONTINUOUS","DS000912","삼성전자","0193L0","SHORT","10/30","3/10","50","67","66","1","2","28.36","-0.2823","-0.2423","9.75","-3.4571","2.1372","-174540","825460","-17.4540"
"KRX_CONTINUOUS","DS004558","삼성전자","0193L0","SHORT","5/20","20/30","20","89","79","10","3","32.58","-0.2023","-0.3297","26.69","-2.8429","13.4411","-174563","825437","-17.4563"
"KRX_CONTINUOUS","DS000908","삼성전자","0193L0","SHORT","10/30","3/10","5","91","89","2","2","32.97","-0.2082","-0.2000","8.93","-2.8925","2.1372","-174783","825217","-17.4783"
"KRX_CONTINUOUS","DS003131","SK하이닉스","0193T0","LONG","10/20","3/30","30","65","61","4","2","27.69","-0.2790","-0.6217","17.92","-4.9790","5.6933","-174823","825177","-17.4823"
"KRX_CONTINUOUS","DS003275","SK하이닉스","0193T0","LONG","10/30","3/30","30","44","42","2","2","27.27","-0.4228","-0.7782","20.16","-3.8902","4.4898","-175129","824871","-17.5129"
"KRX_CONTINUOUS","DS001905","삼성전자","0193W0","LONG","20/30","3/20","10","78","75","3","1","29.49","-0.2410","-0.5079","12.65","-3.0280","4.7088","-175580","824420","-17.5580"
"KRX_CONTINUOUS","DS002076","SK하이닉스","0193T0","LONG","3/20","5/20","50","78","76","2","3","28.21","-0.2362","-0.5026","17.32","-4.9790","3.6075","-175583","824417","-17.5583"
"KRX_CONTINUOUS","DS003792","삼성전자","0193L0","SHORT","10/30","5/30","50","67","62","5","2","25.37","-0.2805","-0.5208","21.10","-4.2000","3.7348","-175588","824412","-17.5588"
"KRX_CONTINUOUS","DS004620","SK하이닉스","0193T0","LONG","3/30","20/30","50","51","50","1","4","33.33","-0.3639","-0.5175","27.82","-4.4652","5.6677","-175608","824392","-17.5608"
"KRX_CONTINUOUS","DS003912","SK하이닉스","0197X0","SHORT","3/10","10/30","50","172","161","11","5","38.37","-0.0706","-0.3930","31.35","-10.9414","17.0435","-175711","824289","-17.5711"
"KRX_CONTINUOUS","DS001834","SK하이닉스","0193T0","LONG","10/30","3/20","20","78","76","2","2","25.64","-0.2364","-0.4930","15.04","-2.1751","8.4197","-175913","824087","-17.5913"
"KRX_CONTINUOUS","DS002844","SK하이닉스","0193T0","LONG","20/30","10/20","50","43","38","5","2","25.58","-0.4303","-0.5724","18.72","-7.0896","4.7482","-175978","824022","-17.5978"
"KRX_CONTINUOUS","DS002348","삼성전자","0193L0","SHORT","10/30","5/20","5","91","85","6","2","29.67","-0.2072","-0.4415","17.66","-2.3429","3.1945","-176065","823935","-17.6065"
"KRX_CONTINUOUS","DS000154","SK하이닉스","0193T0","LONG","3/20","3/5","20","79","77","2","1","25.32","-0.2414","-0.3327","5.48","-2.0499","2.6412","-176169","823831","-17.6169"
"KRX_CONTINUOUS","DS004235","SK하이닉스","0193T0","LONG","10/30","10/30","30","44","40","4","1","20.45","-0.4158","-0.8061","25.18","-5.0652","10.3433","-176363","823637","-17.6363"
"KRX_CONTINUOUS","DS001738","SK하이닉스","0193T0","LONG","3/30","3/20","20","86","82","4","2","29.07","-0.2166","-0.4559","15.28","-3.2832","6.4903","-176513","823487","-17.6513"
"KRX_CONTINUOUS","DS001812","삼성전자","0193W0","LONG","5/30","3/20","50","83","80","3","2","31.33","-0.2235","-0.5019","12.95","-3.2527","5.6990","-176963","823037","-17.6963"
"KRX_CONTINUOUS","DS003297","삼성전자","0193W0","LONG","10/30","3/30","10","118","114","4","2","28.81","-0.1573","-0.4674","17.92","-3.2219","5.0332","-177096","822904","-17.7096"
"KRX_CONTINUOUS","DS000862","삼성전자","0193L0","SHORT","5/30","3/10","20","112","109","3","2","32.14","-0.1636","-0.3291","8.28","-1.8577","14.0707","-177158","822842","-17.7158"
"KRX_CONTINUOUS","DS003178","SK하이닉스","0193T0","LONG","3/30","3/30","20","86","82","4","1","29.07","-0.2188","-0.4687","17.52","-4.9790","5.6615","-177920","822080","-17.7920"
"KRX_CONTINUOUS","DS001857","삼성전자","0193W0","LONG","10/30","3/20","10","118","113","5","2","26.27","-0.1599","-0.4312","13.10","-2.7570","5.5493","-178232","821768","-17.8232"
"KRX_CONTINUOUS","DS003453","삼성전자","0193L0","SHORT","3/10","5/30","10","180","172","8","6","32.78","-0.0926","-0.5071","22.16","-3.8415","13.7559","-178449","821551","-17.8449"
"KRX_CONTINUOUS","DS002736","삼성전자","0193L0","SHORT","3/30","10/20","50","98","93","5","3","30.61","-0.1841","-0.4284","20.61","-4.1914","13.5461","-178769","821231","-17.8769"
"KRX_CONTINUOUS","DS001880","SK하이닉스","0193T0","LONG","20/30","3/20","5","57","56","1","2","22.81","-0.3319","-0.5984","14.11","-4.6580","6.1754","-178936","821064","-17.8936"
"KRX_CONTINUOUS","DS000731","SK하이닉스","0193T0","LONG","10/20","3/10","30","65","62","3","1","21.54","-0.2985","-0.4004","8.22","-2.4097","4.1228","-179109","820891","-17.9109"
"KRX_CONTINUOUS","DS002720","삼성전자","0193W0","LONG","3/30","10/20","5","168","159","9","3","36.31","-0.1055","-0.3894","19.21","-4.1778","6.3641","-179255","820745","-17.9255"
"KRX_CONTINUOUS","DS001078","SK하이닉스","0197X0","SHORT","5/10","5/10","20","149","146","3","2","35.57","-0.1230","-0.4094","10.39","-4.1202","6.7202","-179442","820558","-17.9442"
"KRX_CONTINUOUS","DS002865","삼성전자","0193W0","LONG","20/30","10/20","10","78","75","3","1","28.21","-0.2441","-0.5636","17.01","-3.9552","4.7088","-179590","820410","-17.9590"
"KRX_CONTINUOUS","DS000453","SK하이닉스","0197X0","SHORT","20/30","3/5","10","90","90","0","2","24.44","-0.2156","-0.2665","5.43","-2.5738","4.4023","-179672","820328","-17.9672"
"KRX_CONTINUOUS","DS000776","SK하이닉스","0193T0","LONG","3/30","3/10","5","124","121","3","2","35.48","-0.1532","-0.3260","9.56","-2.4097","5.6022","-179678","820322","-17.9678"
"KRX_CONTINUOUS","DS001140","삼성전자","0193W0","LONG","3/20","5/10","50","126","123","3","2","30.95","-0.1522","-0.2457","10.21","-2.2629","4.6843","-179786","820214","-17.9786"
"KRX_CONTINUOUS","DS000176","삼성전자","0193W0","LONG","3/20","3/5","5","205","202","3","2","34.15","-0.0924","-0.2000","5.03","-2.2555","5.4012","-179858","820142","-17.9858"
"KRX_CONTINUOUS","DS001401","SK하이닉스","0193T0","LONG","20/30","5/10","10","67","67","0","3","23.88","-0.2862","-0.5001","7.67","-2.4796","5.7892","-180380","819620","-18.0380"
"KRX_CONTINUOUS","DS003777","삼성전자","0193W0","LONG","10/30","5/30","10","118","111","7","2","30.51","-0.1598","-0.5083","18.75","-3.6868","6.5107","-180840","819160","-18.0840"
"KRX_CONTINUOUS","DS001294","삼성전자","0193L0","SHORT","3/30","5/10","20","132","127","5","4","30.30","-0.1398","-0.2646","11.10","-2.4654","13.6510","-180864","819136","-18.0864"
"KRX_CONTINUOUS","DS003696","삼성전자","0193L0","SHORT","3/30","5/30","50","98","93","5","2","18.37","-0.1888","-0.5002","18.89","-4.2000","13.7559","-181692","818308","-18.1692"
"KRX_CONTINUOUS","DS003611","SK하이닉스","0193T0","LONG","10/20","5/30","30","65","58","7","3","30.77","-0.2899","-0.7691","20.46","-5.7498","5.9414","-181710","818290","-18.1710"
"KRX_CONTINUOUS","DS002695","SK하이닉스","0193T0","LONG","3/30","10/20","NONE","143","133","10","3","37.76","-0.1215","-0.3333","20.13","-5.7498","7.7929","-181898","818102","-18.1898"
"KRX_CONTINUOUS","DS002240","삼성전자","0193W0","LONG","3/30","5/20","5","168","160","8","3","34.52","-0.1083","-0.3855","16.56","-3.7153","5.3687","-182137","817863","-18.2137"
"KRX_CONTINUOUS","DS002157","삼성전자","0193L0","SHORT","5/20","5/20","10","162","154","8","2","29.01","-0.1128","-0.3737","16.73","-2.4164","14.4905","-182396","817604","-18.2396"
"KRX_CONTINUOUS","DS003117","삼성전자","0193L0","SHORT","5/20","3/30","10","162","157","5","4","29.01","-0.1125","-0.3897","20.07","-6.1470","13.7559","-182418","817582","-18.2418"
"KRX_CONTINUOUS","DS001104","삼성전자","0193L0","SHORT","5/10","5/10","50","171","166","5","2","29.82","-0.1071","-0.3285","9.85","-2.4654","13.6510","-182431","817569","-18.2431"
"KRX_CONTINUOUS","DS003108","삼성전자","0193W0","LONG","5/20","3/30","50","102","98","4","4","34.31","-0.1892","-0.3699","18.25","-4.2726","4.8967","-182478","817522","-18.2478"
"KRX_CONTINUOUS","DS000610","삼성전자","0193W0","LONG","5/10","3/10","20","160","155","5","2","32.50","-0.1203","-0.3121","8.43","-2.1082","5.8406","-182773","817227","-18.2773"
"KRX_CONTINUOUS","DS003070","삼성전자","0193L0","SHORT","3/20","3/30","20","111","107","4","4","26.13","-0.1704","-0.4650","17.10","-3.0413","13.7559","-183073","816927","-18.3073"
"KRX_CONTINUOUS","DS004080","삼성전자","0193L0","SHORT","5/20","10/30","50","103","93","10","4","23.30","-0.1805","-0.4438","24.97","-4.2992","13.8084","-183240","816760","-18.3240"
"KRX_CONTINUOUS","DS002840","SK하이닉스","0193T0","LONG","20/30","10/20","5","57","54","3","2","26.32","-0.3350","-0.5724","20.25","-7.0896","5.3490","-183266","816734","-18.3266"
"KRX_CONTINUOUS","DS000428","삼성전자","0193L0","SHORT","10/30","3/5","5","91","90","1","2","29.67","-0.2207","-0.2000","4.64","-1.7917","1.5764","-183398","816602","-18.3398"
"KRX_CONTINUOUS","DS002698","SK하이닉스","0193T0","LONG","3/30","10/20","20","86","77","9","3","39.53","-0.2240","-0.2429","19.00","-5.7498","5.6615","-183421","816579","-18.3421"
"KRX_CONTINUOUS","DS000539","SK하이닉스","0193T0","LONG","3/10","3/10","30","133","129","4","1","29.32","-0.1444","-0.3819","8.41","-3.4415","5.1857","-183501","816499","-18.3501"
"KRX_CONTINUOUS","DS001509","SK하이닉스","0197X0","SHORT","3/10","3/20","10","163","158","5","3","30.06","-0.1092","-0.5212","13.80","-3.4437","17.4211","-183606","816394","-18.3606"
"KRX_CONTINUOUS","DS001775","삼성전자","0193L0","SHORT","3/30","3/20","30","106","100","6","3","20.75","-0.1769","-0.4135","14.54","-3.1244","13.8084","-183912","816088","-18.3912"
"KRX_CONTINUOUS","DS001296","삼성전자","0193L0","SHORT","3/30","5/10","50","98","93","5","2","19.39","-0.1949","-0.3709","10.24","-2.4654","13.6510","-183987","816013","-18.3987"
"KRX_CONTINUOUS","DS002315","SK하이닉스","0193T0","LONG","10/30","5/20","30","44","41","3","1","27.27","-0.4542","-0.6075","16.34","-3.8902","4.1258","-184432","815568","-18.4432"
"KRX_CONTINUOUS","DS004136","SK하이닉스","0193T0","LONG","3/30","10/30","5","124","114","10","4","31.45","-0.1322","-0.5031","28.54","-4.8249","11.3535","-184461","815539","-18.4461"
"KRX_CONTINUOUS","DS001091","삼성전자","0193W0","LONG","5/10","5/10","30","164","160","4","3","28.66","-0.1175","-0.3119","9.10","-2.2352","5.8406","-184547","815453","-18.4547"
"KRX_CONTINUOUS","DS001151","삼성전자","0193L0","SHORT","3/20","5/10","30","124","119","5","3","29.84","-0.1538","-0.2834","10.44","-2.4654","13.6510","-185148","814852","-18.5148"
"KRX_CONTINUOUS","DS004272","삼성전자","0193L0","SHORT","10/30","10/30","50","67","61","6","2","23.88","-0.2970","-0.5201","23.70","-4.4542","4.4502","-185157","814843","-18.5157"
"KRX_CONTINUOUS","DS002744","SK하이닉스","0193T0","LONG","5/30","10/20","5","115","105","10","2","35.65","-0.1589","-0.4900","20.83","-5.7498","7.4106","-185175","814825","-18.5175"
"KRX_CONTINUOUS","DS000824","SK하이닉스","0193T0","LONG","5/30","3/10","5","115","112","3","2","34.78","-0.1727","-0.3737","9.31","-2.4097","5.2277","-185290","814710","-18.5290"
"KRX_CONTINUOUS","DS001532","삼성전자","0193L0","SHORT","3/10","3/20","5","300","293","7","5","33.67","-0.0515","-0.2812","16.77","-5.9471","13.8084","-185487","814513","-18.5487"
"KRX_CONTINUOUS","DS000825","SK하이닉스","0193T0","LONG","5/30","3/10","10","96","93","3","1","33.33","-0.2085","-0.3960","9.03","-2.4097","5.2277","-186002","813998","-18.6002"
"KRX_CONTINUOUS","DS003588","삼성전자","0193W0","LONG","5/20","5/30","50","102","98","4","4","34.31","-0.1891","-0.4177","21.57","-4.9105","6.4722","-186163","813837","-18.6163"
"KRX_CONTINUOUS","DS002688","삼성전자","0193L0","SHORT","10/20","10/20","50","80","76","4","2","27.50","-0.2507","-0.3624","18.39","-4.1914","3.1945","-186325","813675","-18.6325"
"KRX_CONTINUOUS","DS000236","삼성전자","0193L0","SHORT","5/20","3/5","5","188","186","2","2","30.32","-0.1036","-0.2688","4.83","-1.3874","13.0214","-186428","813572","-18.6428"
"KRX_CONTINUOUS","DS002255","삼성전자","0193L0","SHORT","3/30","5/20","30","106","100","6","3","23.58","-0.1776","-0.4281","18.05","-3.1244","14.4905","-186940","813060","-18.6940"
"KRX_CONTINUOUS","DS002301","삼성전자","0193L0","SHORT","5/30","5/20","10","139","133","6","2","28.06","-0.1352","-0.4415","17.73","-2.3429","14.4905","-187005","812995","-18.7005"
"KRX_CONTINUOUS","DS003490","삼성전자","0193W0","LONG","5/10","5/30","20","160","150","10","9","27.50","-0.0640","-0.4715","21.17","-4.1778","10.9588","-187060","812940","-18.7060"
"KRX_CONTINUOUS","DS003106","삼성전자","0193W0","LONG","5/20","3/30","20","89","84","5","4","31.46","-0.2258","-0.4576","16.96","-3.7153","4.8967","-187094","812906","-18.7094"
"KRX_CONTINUOUS","DS004763","SK하이닉스","0193T0","LONG","20/30","20/30","30","49","46","3","1","28.57","-0.3926","-0.7077","28.82","-6.3664","9.0080","-187391","812609","-18.7391"
"KRX_CONTINUOUS","DS002724","삼성전자","0193W0","LONG","3/30","10/20","50","102","97","5","4","33.33","-0.1914","-0.3411","18.80","-4.1778","5.6990","-187510","812490","-18.7510"
"KRX_CONTINUOUS","DS001810","삼성전자","0193W0","LONG","5/30","3/20","20","107","102","5","2","35.51","-0.1865","-0.4393","14.07","-3.2527","5.6990","-187522","812478","-18.7522"
"KRX_CONTINUOUS","DS004079","삼성전자","0193L0","SHORT","5/20","10/30","30","101","93","8","3","26.73","-0.1914","-0.4853","23.87","-4.2992","13.8084","-188200","811800","-18.8200"
"KRX_CONTINUOUS","DS004485","SK하이닉스","0197X0","SHORT","3/20","20/30","10","171","156","15","6","40.94","-0.0695","-0.2000","35.79","-10.9955","16.2254","-188497","811503","-18.8497"
"KRX_CONTINUOUS","DS003468","SK하이닉스","0193T0","LONG","5/10","5/30","50","128","123","5","4","30.47","-0.1358","-0.4910","24.51","-2.8110","7.4332","-188535","811465","-18.8535"
"KRX_CONTINUOUS","DS004738","삼성전자","0193W0","LONG","10/30","20/30","20","92","87","5","2","28.26","-0.2079","-0.5039","26.16","-3.9657","6.5107","-188593","811407","-18.8593"
"KRX_CONTINUOUS","DS003632","삼성전자","0193W0","LONG","10/20","5/30","5","120","108","12","3","36.67","-0.1599","-0.5218","21.49","-4.9105","7.3307","-188615","811385","-18.8615"
"KRX_CONTINUOUS","DS000756","삼성전자","0193W0","LONG","10/20","3/10","50","81","79","2","2","22.22","-0.2543","-0.3030","7.37","-2.4610","3.5112","-188694","811306","-18.8694"
"KRX_CONTINUOUS","DS003251","삼성전자","0193W0","LONG","5/30","3/30","30","74","71","3","2","28.38","-0.2749","-0.5014","15.97","-3.7153","4.8967","-189019","810981","-18.9019"
"KRX_CONTINUOUS","DS002385","삼성전자","0193W0","LONG","20/30","5/20","10","78","75","3","1","32.05","-0.2614","-0.4488","14.01","-3.4916","4.3816","-189443","810557","-18.9443"
"KRX_CONTINUOUS","DS001196","삼성전자","0193L0","SHORT","5/20","5/10","5","188","184","4","2","34.04","-0.1035","-0.2780","10.15","-2.6176","13.6510","-189658","810342","-18.9658"
"KRX_CONTINUOUS","DS003320","SK하이닉스","0193T0","LONG","20/30","3/30","5","57","55","2","2","24.56","-0.3489","-0.6764","20.11","-6.3297","6.2442","-189663","810337","-18.9663"
"KRX_CONTINUOUS","DS003825","삼성전자","0193W0","LONG","20/30","5/30","10","78","73","5","1","30.77","-0.2602","-0.5568","19.58","-3.9552","5.5431","-189869","810131","-18.9869"
"KRX_CONTINUOUS","DS001389","삼성전자","0193L0","SHORT","10/30","5/10","10","119","117","2","3","34.45","-0.1741","-0.2000","9.88","-2.6233","2.3042","-189969","810031","-18.9969"
"KRX_CONTINUOUS","DS002110","삼성전자","0193L0","SHORT","3/20","5/20","20","111","108","3","3","25.23","-0.1740","-0.3924","16.53","-5.2344","14.4905","-190006","809994","-19.0006"
"KRX_CONTINUOUS","DS003176","SK하이닉스","0193T0","LONG","3/30","3/30","5","124","119","5","1","28.23","-0.1568","-0.4886","17.66","-4.9790","9.3323","-190051","809949","-19.0051"
"KRX_CONTINUOUS","DS000130","삼성전자","0193W0","LONG","5/10","3/5","20","160","158","2","2","26.25","-0.1273","-0.2838","5.13","-2.2352","4.2353","-190112","809888","-19.0112"
"KRX_CONTINUOUS","DS000334","삼성전자","0193L0","SHORT","3/30","3/5","20","132","129","3","1","28.03","-0.1519","-0.2489","4.90","-1.7917","13.0214","-190263","809737","-19.0263"
"KRX_CONTINUOUS","DS001676","삼성전자","0193L0","SHORT","5/20","3/20","5","188","182","6","2","28.19","-0.1026","-0.3565","14.04","-2.0878","13.8084","-190323","809677","-19.0323"
"KRX_CONTINUOUS","DS000920","SK하이닉스","0193T0","LONG","20/30","3/10","5","57","57","0","2","19.30","-0.3622","-0.5434","7.65","-3.7968","6.1257","-190461","809539","-19.0461"
"KRX_CONTINUOUS","DS002337","삼성전자","0193W0","LONG","10/30","5/20","10","118","113","5","2","26.27","-0.1713","-0.4281","14.75","-3.2219","5.7067","-190464","809536","-19.0464"
"KRX_CONTINUOUS","DS002014","삼성전자","0193L0","SHORT","3/10","5/20","20","202","195","7","6","31.68","-0.0887","-0.3560","17.26","-3.0413","14.4905","-190470","809530","-19.0470"
"KRX_CONTINUOUS","DS003755","SK하이닉스","0193T0","LONG","10/30","5/30","30","44","40","4","2","27.27","-0.4644","-0.8485","21.55","-4.6699","4.2944","-190470","809530","-19.0470"
"KRX_CONTINUOUS","DS003492","삼성전자","0193W0","LONG","5/10","5/30","50","177","166","11","9","30.51","-0.0537","-0.4650","24.42","-4.6761","10.9588","-190529","809471","-19.0529"
"KRX_CONTINUOUS","DS004787","삼성전자","0193W0","LONG","20/30","20/30","30","53","50","3","2","26.42","-0.3826","-0.7621","26.43","-4.2334","5.5431","-190590","809410","-19.0590"
"KRX_CONTINUOUS","DS000815","삼성전자","0193L0","SHORT","3/30","3/10","30","106","102","4","2","23.58","-0.1876","-0.3868","8.46","-2.7351","14.0707","-190827","809173","-19.0827"
"KRX_CONTINUOUS","DS000108","SK하이닉스","0193T0","LONG","5/10","3/5","50","128","127","1","2","30.47","-0.1582","-0.3395","5.52","-2.3610","6.8184","-190869","809131","-19.0869"
"KRX_CONTINUOUS","DS004283","SK하이닉스","0193T0","LONG","20/30","10/30","30","49","46","3","2","20.41","-0.4000","-0.7358","26.82","-6.1777","9.8451","-190963","809037","-19.0963"
"KRX_CONTINUOUS","DS003516","SK하이닉스","0193T0","LONG","3/20","5/30","50","78","76","2","3","29.49","-0.2514","-0.6966","24.13","-5.7498","6.2717","-191329","808671","-19.1329"
"KRX_CONTINUOUS","DS003741","삼성전자","0193L0","SHORT","5/30","5/30","10","139","132","7","2","26.62","-0.1401","-0.4683","20.12","-2.3429","13.7559","-191446","808554","-19.1446"
"KRX_CONTINUOUS","DS000850","삼성전자","0193W0","LONG","5/30","3/10","20","107","104","3","1","24.30","-0.1923","-0.3793","8.59","-2.1082","5.8406","-191528","808472","-19.1528"
"KRX_CONTINUOUS","DS001668","삼성전자","0193W0","LONG","5/20","3/20","50","102","99","3","2","34.31","-0.2008","-0.4395","13.61","-3.2527","5.6990","-191565","808435","-19.1565"
"KRX_CONTINUOUS","DS004236","SK하이닉스","0193T0","LONG","10/30","10/30","50","39","36","3","2","23.08","-0.5230","-0.8505","24.36","-5.0652","8.4957","-191710","808290","-19.1710"
"KRX_CONTINUOUS","DS001236","삼성전자","0193W0","LONG","10/20","5/10","50","81","79","2","2","22.22","-0.2579","-0.3594","8.69","-2.3590","3.7956","-191779","808221","-19.1779"
"KRX_CONTINUOUS","DS002171","SK하이닉스","0193T0","LONG","10/20","5/20","30","65","59","6","2","27.69","-0.3180","-0.6094","15.58","-4.9790","4.1258","-192267","807733","-19.2267"
"KRX_CONTINUOUS","DS000059","SK하이닉스","0193T0","LONG","3/10","3/5","30","133","130","3","2","27.82","-0.1534","-0.3354","5.21","-2.3610","7.0780","-192373","807627","-19.2373"
"KRX_CONTINUOUS","DS000106","SK하이닉스","0193T0","LONG","5/10","3/5","20","129","126","3","2","27.13","-0.1588","-0.4068","5.00","-2.3610","6.8184","-192737","807263","-19.2737"
"KRX_CONTINUOUS","DS003224","SK하이닉스","0193T0","LONG","5/30","3/30","5","115","110","5","2","30.43","-0.1724","-0.4956","18.61","-4.9790","8.9445","-192847","807153","-19.2847"
"KRX_CONTINUOUS","DS001773","삼성전자","0193L0","SHORT","3/30","3/20","10","147","140","7","2","26.53","-0.1341","-0.3740","14.03","-2.0878","13.8084","-192981","807019","-19.2981"
"KRX_CONTINUOUS","DS001400","SK하이닉스","0193T0","LONG","20/30","5/10","5","57","57","0","2","19.30","-0.3682","-0.5863","8.44","-2.4796","5.7892","-193127","806873","-19.3127"
"KRX_CONTINUOUS","DS002772","삼성전자","0193W0","LONG","5/30","10/20","50","83","76","7","3","30.12","-0.2473","-0.5009","18.05","-4.1778","5.6990","-193295","806705","-19.3295"
"KRX_CONTINUOUS","DS002988","SK하이닉스","0193T0","LONG","5/10","3/30","50","128","125","3","4","31.25","-0.1441","-0.5260","21.77","-2.5671","7.1037","-193615","806385","-19.3615"
"KRX_CONTINUOUS","DS000872","SK하이닉스","0193T0","LONG","10/30","3/10","5","77","76","1","2","25.97","-0.2740","-0.4328","8.36","-1.7538","4.7941","-193622","806378","-19.3622"
"KRX_CONTINUOUS","DS000188","삼성전자","0193L0","SHORT","3/20","3/5","5","198","196","2","2","29.80","-0.1022","-0.2646","5.04","-3.0413","13.0214","-193824","806176","-19.3824"
"KRX_CONTINUOUS","DS004066","삼성전자","0193W0","LONG","5/20","10/30","20","89","83","6","4","32.58","-0.2314","-0.5093","24.39","-4.7328","5.7720","-194170","805830","-19.4170"
"KRX_CONTINUOUS","DS000852","삼성전자","0193W0","LONG","5/30","3/10","50","83","82","1","1","18.07","-0.2545","-0.3631","7.76","-2.1082","5.8406","-194257","805743","-19.4257"
"KRX_CONTINUOUS","DS002460","SK하이닉스","0193T0","LONG","3/10","10/20","50","134","130","4","5","38.81","-0.1410","-0.3699","24.80","-4.5339","6.8044","-194582","805418","-19.4582"
"KRX_CONTINUOUS","DS000777","SK하이닉스","0193T0","LONG","3/30","3/10","10","116","114","2","2","35.34","-0.1800","-0.3264","9.50","-2.4097","5.6022","-194693","805307","-19.4693"
"KRX_CONTINUOUS","DS003840","삼성전자","0193L0","SHORT","20/30","5/30","50","62","59","3","2","24.19","-0.3405","-0.5828","21.53","-2.9778","4.2746","-194810","805190","-19.4810"
"KRX_CONTINUOUS","DS001760","삼성전자","0193W0","LONG","3/30","3/20","5","168","161","7","3","33.33","-0.1198","-0.3848","13.80","-3.2527","5.6990","-194887","805113","-19.4887"
"KRX_CONTINUOUS","DS002291","삼성전자","0193W0","LONG","5/30","5/20","30","74","69","5","2","29.73","-0.2814","-0.4768","15.43","-3.7153","5.3687","-194913","805087","-19.4913"
"KRX_CONTINUOUS","DS003344","삼성전자","0193W0","LONG","20/30","3/30","5","78","76","2","2","30.77","-0.2686","-0.4620","19.03","-3.4916","3.9141","-194921","805079","-19.4921"
"KRX_CONTINUOUS","DS002743","SK하이닉스","0193T0","LONG","5/30","10/20","NONE","117","107","10","2","35.04","-0.1663","-0.4900","20.56","-5.7498","7.4106","-194928","805072","-19.4928"
"KRX_CONTINUOUS","DS001235","삼성전자","0193W0","LONG","10/20","5/10","30","79","74","5","2","24.05","-0.2704","-0.3030","8.51","-2.2352","3.5112","-194936","805064","-19.4936"
"KRX_CONTINUOUS","DS000816","삼성전자","0193L0","SHORT","3/30","3/10","50","98","94","4","2","19.39","-0.2093","-0.3868","8.61","-2.7351","14.0707","-195247","804753","-19.5247"
"KRX_CONTINUOUS","DS000755","삼성전자","0193W0","LONG","10/20","3/10","30","79","74","5","2","21.52","-0.2711","-0.3278","7.65","-2.4610","3.5112","-195302","804698","-19.5302"
"KRX_CONTINUOUS","DS002216","SK하이닉스","0193T0","LONG","3/30","5/20","5","124","118","6","2","34.68","-0.1588","-0.3940","18.33","-4.9790","6.6802","-195480","804520","-19.5480"
"KRX_CONTINUOUS","DS002244","삼성전자","0193W0","LONG","3/30","5/20","50","102","97","5","3","32.35","-0.2032","-0.3922","16.44","-3.7153","5.3687","-195718","804282","-19.5718"
"KRX_CONTINUOUS","DS001918","삼성전자","0193L0","SHORT","20/30","3/20","20","111","107","4","2","21.62","-0.1903","-0.2999","13.46","-2.1200","4.3243","-195895","804105","-19.5895"
"KRX_CONTINUOUS","DS000107","SK하이닉스","0193T0","LONG","5/10","3/5","30","127","124","3","2","27.56","-0.1649","-0.4027","5.29","-2.3610","6.8184","-196156","803844","-19.6156"
"KRX_CONTINUOUS","DS000272","삼성전자","0193W0","LONG","10/20","3/5","5","120","116","4","1","24.17","-0.1783","-0.2856","4.43","-2.2555","5.0766","-196186","803814","-19.6186"
"KRX_CONTINUOUS","DS000201","SK하이닉스","0193T0","LONG","5/20","3/5","10","139","136","3","2","29.50","-0.1510","-0.3523","5.29","-2.5711","6.2516","-196292","803708","-19.6292"
"KRX_CONTINUOUS","DS002204","삼성전자","0193L0","SHORT","10/20","5/20","5","117","113","4","2","29.91","-0.1806","-0.3550","17.83","-2.3429","3.5170","-196533","803467","-19.6533"
"KRX_CONTINUOUS","DS002675","삼성전자","0193W0","LONG","10/20","10/20","30","79","73","6","2","32.91","-0.2702","-0.4061","17.38","-4.1778","3.3629","-196827","803173","-19.6827"
"KRX_CONTINUOUS","DS004019","삼성전자","0193W0","LONG","3/20","10/30","30","116","106","10","6","31.90","-0.1757","-0.4855","23.63","-4.7328","7.6623","-196846","803154","-19.6846"
"KRX_CONTINUOUS","DS000141","삼성전자","0193L0","SHORT","5/10","3/5","10","157","155","2","2","29.94","-0.1317","-0.2770","5.18","-3.0413","13.0214","-196884","803116","-19.6884"
"KRX_CONTINUOUS","DS000573","삼성전자","0193L0","SHORT","3/10","3/10","10","180","177","3","2","31.11","-0.1129","-0.2636","8.77","-3.0413","14.0707","-196894","803106","-19.6894"
"KRX_CONTINUOUS","DS003310","삼성전자","0193L0","SHORT","10/30","3/30","20","98","91","7","3","30.61","-0.2189","-0.4607","19.94","-2.2463","2.9285","-196915","803085","-19.6915"
"KRX_CONTINUOUS","DS002364","SK하이닉스","0193T0","LONG","20/30","5/20","50","43","39","4","2","25.58","-0.4936","-0.7358","16.70","-6.3297","5.4528","-197007","802993","-19.7007"
"KRX_CONTINUOUS","DS003824","삼성전자","0193W0","LONG","20/30","5/30","5","78","75","3","2","30.77","-0.2706","-0.5252","20.36","-3.9552","5.5431","-197092","802908","-19.7092"
"KRX_CONTINUOUS","DS003274","SK하이닉스","0193T0","LONG","10/30","3/30","20","78","75","3","2","26.92","-0.2646","-0.6322","20.27","-3.8902","8.4957","-197096","802904","-19.7096"
"KRX_CONTINUOUS","DS003356","삼성전자","0193L0","SHORT","20/30","3/30","5","72","66","6","2","22.22","-0.3001","-0.4299","18.88","-2.5889","3.9860","-197525","802475","-19.7525"
"KRX_CONTINUOUS","DS002264","SK하이닉스","0193T0","LONG","5/30","5/20","5","115","109","6","2","30.43","-0.1755","-0.4515","16.99","-4.9790","6.8071","-197839","802161","-19.7839"
"KRX_CONTINUOUS","DS001426","삼성전자","0193W0","LONG","20/30","5/10","20","112","108","4","2","27.68","-0.1918","-0.3336","9.96","-2.1477","4.8491","-198005","801995","-19.8005"
"KRX_CONTINUOUS","DS002265","SK하이닉스","0193T0","LONG","5/30","5/20","10","96","90","6","2","29.17","-0.2122","-0.4593","16.83","-4.9790","6.8071","-198271","801729","-19.8271"
"KRX_CONTINUOUS","DS003035","SK하이닉스","0193T0","LONG","3/20","3/30","30","82","78","4","2","26.83","-0.2532","-0.6053","15.51","-4.9790","6.2052","-198475","801525","-19.8475"
"KRX_CONTINUOUS","DS001339","삼성전자","0193L0","SHORT","5/30","5/10","NONE","170","166","4","2","31.76","-0.1220","-0.3101","9.62","-2.0504","13.6510","-198922","801078","-19.8922"
"KRX_CONTINUOUS","DS001243","삼성전자","0193L0","SHORT","10/20","5/10","NONE","171","167","4","2","37.43","-0.1264","-0.2379","9.74","-2.4654","2.6021","-198972","801028","-19.8972"
"KRX_CONTINUOUS","DS002745","SK하이닉스","0193T0","LONG","5/30","10/20","10","96","89","7","2","36.46","-0.2112","-0.5268","20.10","-5.7498","7.4106","-199213","800787","-19.9213"
"KRX_CONTINUOUS","DS000955","삼성전자","0193L0","SHORT","20/30","3/10","NONE","124","121","3","2","33.87","-0.1764","-0.2904","9.08","-2.1200","3.3957","-199300","800700","-19.9300"
"KRX_CONTINUOUS","DS000118","SK하이닉스","0197X0","SHORT","5/10","3/5","20","149","146","3","2","31.54","-0.1429","-0.2619","5.05","-3.6571","7.4070","-199348","800652","-19.9348"
"KRX_CONTINUOUS","DS002735","삼성전자","0193L0","SHORT","3/30","10/20","30","106","101","5","3","28.30","-0.1932","-0.4243","20.89","-4.1914","13.5461","-199497","800503","-19.9497"
"KRX_CONTINUOUS","DS000813","삼성전자","0193L0","SHORT","3/30","3/10","10","147","143","4","2","27.89","-0.1424","-0.2759","8.26","-2.7351","14.0707","-199710","800290","-19.9710"
"KRX_CONTINUOUS","DS002263","SK하이닉스","0193T0","LONG","5/30","5/20","NONE","117","111","6","2","30.77","-0.1746","-0.4488","16.75","-4.9790","6.8071","-199777","800223","-19.9777"
"KRX_CONTINUOUS","DS001855","삼성전자","0193W0","LONG","10/30","3/20","NONE","122","117","5","2","25.41","-0.1767","-0.4253","13.18","-2.7570","5.5493","-200173","799827","-20.0173"
"KRX_CONTINUOUS","DS001831","SK하이닉스","0193T0","LONG","10/30","3/20","NONE","104","99","5","3","26.92","-0.2036","-0.4685","14.15","-2.1751","8.4197","-200210","799790","-20.0210"
"KRX_CONTINUOUS","DS003837","삼성전자","0193L0","SHORT","20/30","5/30","10","84","79","5","2","27.38","-0.2574","-0.4460","22.26","-4.5985","4.2746","-200318","799682","-20.0318"
"KRX_CONTINUOUS","DS001883","SK하이닉스","0193T0","LONG","20/30","3/20","30","49","48","1","2","20.41","-0.4448","-0.5552","13.96","-4.6580","4.6452","-200588","799412","-20.0588"
"KRX_CONTINUOUS","DS002397","삼성전자","0193L0","SHORT","20/30","5/20","10","84","80","4","1","27.38","-0.2589","-0.4185","16.15","-5.2344","3.9860","-200598","799402","-20.0598"
"KRX_CONTINUOUS","DS000943","삼성전자","0193W0","LONG","20/30","3/10","NONE","122","117","5","2","28.69","-0.1782","-0.3030","9.03","-3.3239","4.8491","-200622","799378","-20.0622"
"KRX_CONTINUOUS","DS002148","삼성전자","0193W0","LONG","5/20","5/20","50","102","99","3","1","37.25","-0.2119","-0.2887","14.84","-3.7153","5.3687","-200717","799283","-20.0717"
"KRX_CONTINUOUS","DS002832","삼성전자","0193L0","SHORT","10/30","10/20","50","67","61","6","2","22.39","-0.3272","-0.5208","17.73","-4.3465","3.1945","-200789","799211","-20.0789"
"KRX_CONTINUOUS","DS004389","SK하이닉스","0197X0","SHORT","3/10","20/30","10","163","150","13","4","37.42","-0.1029","-0.4692","33.16","-4.7392","16.2254","-200881","799119","-20.0881"
"KRX_CONTINUOUS","DS002098","삼성전자","0193W0","LONG","3/20","5/20","20","108","102","6","2","29.63","-0.2019","-0.3202","14.65","-3.7153","3.8617","-201272","798728","-20.1272"
"KRX_CONTINUOUS","DS003204","삼성전자","0193W0","LONG","3/30","3/30","50","102","99","3","2","29.41","-0.2128","-0.4541","13.40","-3.7153","4.8967","-201362","798638","-20.1362"
"KRX_CONTINUOUS","DS001295","삼성전자","0193L0","SHORT","3/30","5/10","30","106","101","5","3","23.58","-0.1994","-0.3829","10.77","-2.4654","13.6510","-201722","798278","-20.1722"
"KRX_CONTINUOUS","DS003731","삼성전자","0193W0","LONG","5/30","5/30","30","74","70","4","2","29.73","-0.2972","-0.4682","16.31","-4.1778","4.5664","-201841","798159","-20.1841"
"KRX_CONTINUOUS","DS004785","삼성전자","0193W0","LONG","20/30","20/30","10","78","73","5","1","33.33","-0.2751","-0.6293","27.24","-4.2334","5.5431","-201919","798081","-20.1919"
"KRX_CONTINUOUS","DS004091","SK하이닉스","0193T0","LONG","10/20","10/30","30","65","58","7","3","26.15","-0.3132","-0.6635","23.11","-4.8249","10.2005","-201943","798057","-20.1943"
"KRX_CONTINUOUS","DS002218","SK하이닉스","0193T0","LONG","3/30","5/20","20","86","80","6","2","30.23","-0.2530","-0.3628","17.17","-4.9790","6.4903","-202272","797728","-20.2272"
"KRX_CONTINUOUS","DS003478","SK하이닉스","0197X0","SHORT","5/10","5/30","20","149","141","8","4","30.87","-0.1371","-0.5212","20.00","-4.1202","8.5163","-202284","797716","-20.2284"
"KRX_CONTINUOUS","DS001256","SK하이닉스","0193T0","LONG","3/30","5/10","5","124","120","4","2","37.10","-0.1759","-0.2641","10.48","-2.4631","5.7207","-202690","797310","-20.2690"
"KRX_CONTINUOUS","DS001737","SK하이닉스","0193T0","LONG","3/30","3/20","10","116","113","3","2","26.72","-0.1788","-0.4433","15.53","-3.2832","6.6802","-202819","797181","-20.2819"
"KRX_CONTINUOUS","DS000612","삼성전자","0193W0","LONG","5/10","3/10","50","177","174","3","2","29.94","-0.1225","-0.2506","8.39","-2.1082","5.8406","-202888","797112","-20.2888"
"KRX_CONTINUOUS","DS001819","삼성전자","0193L0","SHORT","5/30","3/20","NONE","170","165","5","3","28.24","-0.1237","-0.4158","14.80","-1.8673","13.8084","-203148","796852","-20.3148"
"KRX_CONTINUOUS","DS002350","삼성전자","0193L0","SHORT","10/30","5/20","20","98","91","7","3","29.59","-0.2260","-0.4516","17.31","-2.3429","3.1945","-203286","796714","-20.3286"
"KRX_CONTINUOUS","DS001512","SK하이닉스","0197X0","SHORT","3/10","3/20","50","172","166","6","4","27.33","-0.1106","-0.5077","15.64","-4.9482","17.4211","-203297","796703","-20.3297"
"KRX_CONTINUOUS","DS000247","SK하이닉스","0193T0","LONG","10/20","3/5","NONE","141","138","3","2","26.95","-0.1564","-0.3060","5.43","-2.1595","5.9960","-203667","796333","-20.3667"
"KRX_CONTINUOUS","DS000958","삼성전자","0193L0","SHORT","20/30","3/10","20","111","109","2","2","32.43","-0.2022","-0.3326","8.63","-2.1200","3.3957","-203746","796254","-20.3746"
"KRX_CONTINUOUS","DS002817","삼성전자","0193W0","LONG","10/30","10/20","10","118","112","6","2","32.20","-0.1840","-0.5077","17.34","-3.6868","5.5493","-203862","796138","-20.3862"
"KRX_CONTINUOUS","DS000716","삼성전자","0193L0","SHORT","5/20","3/10","5","188","185","3","2","31.91","-0.1135","-0.2845","8.50","-2.7351","14.0707","-203879","796121","-20.3879"
"KRX_CONTINUOUS","DS004184","SK하이닉스","0193T0","LONG","5/30","10/30","5","115","104","11","3","28.70","-0.1659","-0.4953","26.82","-4.8249","10.9183","-203882","796118","-20.3882"
"KRX_CONTINUOUS","DS004185","SK하이닉스","0193T0","LONG","5/30","10/30","10","96","88","8","3","28.13","-0.2069","-0.5449","27.68","-4.8249","10.9183","-204080","795920","-20.4080"
"KRX_CONTINUOUS","DS001915","삼성전자","0193L0","SHORT","20/30","3/20","NONE","124","118","6","2","24.19","-0.1786","-0.2958","13.82","-2.1626","4.3243","-204246","795754","-20.4246"
"KRX_CONTINUOUS","DS000871","SK하이닉스","0193T0","LONG","10/30","3/10","NONE","104","100","4","3","30.77","-0.2148","-0.3974","8.65","-2.0171","4.7941","-204272","795728","-20.4272"
"KRX_CONTINUOUS","DS001820","삼성전자","0193L0","SHORT","5/30","3/20","5","160","155","5","3","28.13","-0.1325","-0.4457","14.82","-1.8673","13.8084","-204302","795698","-20.4302"
"KRX_CONTINUOUS","DS001402","SK하이닉스","0193T0","LONG","20/30","5/10","20","89","88","1","3","25.84","-0.2474","-0.4162","8.89","-2.4796","5.7892","-204319","795681","-20.4319"
"KRX_CONTINUOUS","DS004186","SK하이닉스","0193T0","LONG","5/30","10/30","20","81","74","7","2","30.86","-0.2609","-0.4956","25.35","-4.8249","8.9445","-204644","795356","-20.4644"
"KRX_CONTINUOUS","DS001304","SK하이닉스","0193T0","LONG","5/30","5/10","5","115","111","4","2","33.04","-0.1933","-0.3064","10.23","-2.6011","5.3457","-204700","795300","-20.4700"
"KRX_CONTINUOUS","DS000874","SK하이닉스","0193T0","LONG","10/30","3/10","20","78","77","1","2","28.21","-0.2895","-0.4174","8.72","-1.7538","4.7941","-204845","795155","-20.4845"
"KRX_CONTINUOUS","DS001725","삼성전자","0193L0","SHORT","10/20","3/20","10","160","155","5","2","36.88","-0.1386","-0.2539","15.19","-2.0878","3.5841","-204961","795039","-20.4961"
"KRX_CONTINUOUS","DS003996","SK하이닉스","0193T0","LONG","3/20","10/30","50","78","76","2","5","25.64","-0.2629","-0.7466","27.69","-4.8249","9.4216","-205106","794894","-20.5106"
"KRX_CONTINUOUS","DS004234","SK하이닉스","0193T0","LONG","10/30","10/30","20","78","72","6","2","25.64","-0.2685","-0.7260","25.73","-5.0652","10.3433","-205292","794708","-20.5292"
"KRX_CONTINUOUS","DS000105","SK하이닉스","0193T0","LONG","5/10","3/5","10","143","141","2","1","30.07","-0.1543","-0.3817","5.29","-2.4885","6.8184","-205801","794199","-20.5801"
"KRX_CONTINUOUS","DS000143","삼성전자","0193L0","SHORT","5/10","3/5","30","180","177","3","2","31.11","-0.1208","-0.2414","5.11","-3.0413","13.0214","-206107","793893","-20.6107"
"KRX_CONTINUOUS","DS004258","삼성전자","0193W0","LONG","10/30","10/30","20","92","86","6","2","29.35","-0.2392","-0.5913","23.30","-4.2446","6.5107","-206630","793370","-20.6630"
"KRX_CONTINUOUS","DS003608","SK하이닉스","0193T0","LONG","10/20","5/30","5","102","93","9","3","33.33","-0.2091","-0.5895","24.05","-5.7498","8.8159","-206879","793121","-20.6879"
"KRX_CONTINUOUS","DS000597","SK하이닉스","0197X0","SHORT","5/10","3/10","10","143","139","4","2","33.57","-0.1545","-0.3394","9.29","-2.4885","5.5386","-207122","792878","-20.7122"
"KRX_CONTINUOUS","DS002335","삼성전자","0193W0","LONG","10/30","5/20","NONE","122","117","5","2","26.23","-0.1829","-0.4281","14.80","-3.2219","5.7067","-207422","792578","-20.7422"
"KRX_CONTINUOUS","DS002314","SK하이닉스","0193T0","LONG","10/30","5/20","20","78","74","4","2","30.77","-0.2861","-0.5795","16.21","-3.8902","8.4197","-207812","792188","-20.7812"
"KRX_CONTINUOUS","DS003658","SK하이닉스","0193T0","LONG","3/30","5/30","20","86","76","10","3","29.07","-0.2609","-0.4123","22.02","-5.7498","5.2470","-208033","791967","-20.8033"
"KRX_CONTINUOUS","DS000189","삼성전자","0193L0","SHORT","3/20","3/5","10","183","181","2","1","28.96","-0.1210","-0.2767","4.78","-3.0413","13.0214","-208291","791709","-20.8291"
"KRX_CONTINUOUS","DS002469","SK하이닉스","0197X0","SHORT","3/10","10/20","10","163","157","6","4","31.29","-0.1182","-0.5251","20.62","-4.1202","17.1694","-208347","791653","-20.8347"
"KRX_CONTINUOUS","DS000921","SK하이닉스","0193T0","LONG","20/30","3/10","10","67","67","0","3","17.91","-0.3417","-0.4628","6.72","-3.7968","6.1257","-208369","791631","-20.8369"
"KRX_CONTINUOUS","DS001245","삼성전자","0193L0","SHORT","10/20","5/10","10","160","156","4","2","36.88","-0.1431","-0.2381","9.27","-2.4654","2.6021","-208430","791570","-20.8430"
"KRX_CONTINUOUS","DS000800","삼성전자","0193W0","LONG","3/30","3/10","5","168","163","5","2","34.52","-0.1337","-0.3327","8.43","-2.4610","5.8406","-208930","791070","-20.8930"
"KRX_CONTINUOUS","DS004183","SK하이닉스","0193T0","LONG","5/30","10/30","NONE","117","106","11","3","28.21","-0.1687","-0.4918","26.43","-4.8249","10.9183","-209125","790875","-20.9125"
"KRX_CONTINUOUS","DS003069","삼성전자","0193L0","SHORT","3/20","3/30","10","183","179","4","6","29.51","-0.1151","-0.3781","20.95","-6.1470","13.7559","-209190","790810","-20.9190"
"KRX_CONTINUOUS","DS001723","삼성전자","0193L0","SHORT","10/20","3/20","NONE","171","166","5","2","36.84","-0.1325","-0.2462","15.63","-2.0878","3.5841","-209242","790758","-20.9242"
"KRX_CONTINUOUS","DS003213","삼성전자","0193L0","SHORT","3/30","3/30","10","147","142","5","2","22.45","-0.1483","-0.4584","16.47","-2.1391","13.7559","-209279","790721","-20.9279"
"KRX_CONTINUOUS","DS002876","삼성전자","0193L0","SHORT","20/30","10/20","5","72","65","7","2","19.44","-0.3209","-0.3857","18.28","-2.9778","3.9015","-209647","790353","-20.9647"
"KRX_CONTINUOUS","DS004760","SK하이닉스","0193T0","LONG","20/30","20/30","5","57","53","4","1","26.32","-0.3843","-0.7077","28.53","-6.3664","9.0080","-209833","790167","-20.9833"
"KRX_CONTINUOUS","DS001582","삼성전자","0193L0","SHORT","5/10","3/20","20","167","161","6","4","28.14","-0.1297","-0.3827","13.41","-3.0413","13.8084","-210035","789965","-21.0035"
"KRX_CONTINUOUS","DS004800","삼성전자","0193L0","SHORT","20/30","20/30","50","62","57","5","1","27.42","-0.3705","-0.5327","26.60","-2.9778","3.6728","-210155","789845","-21.0155"
"KRX_CONTINUOUS","DS003215","삼성전자","0193L0","SHORT","3/30","3/30","30","106","103","3","2","18.87","-0.2103","-0.4978","13.79","-2.0878","13.7559","-210491","789509","-21.0491"
"KRX_CONTINUOUS","DS001090","삼성전자","0193W0","LONG","5/10","5/10","20","160","155","5","3","29.38","-0.1399","-0.3480","9.46","-2.2352","5.8406","-210542","789458","-21.0542"
"KRX_CONTINUOUS","DS000224","삼성전자","0193W0","LONG","5/20","3/5","5","198","195","3","2","29.80","-0.1155","-0.2402","4.64","-2.2555","5.4012","-210670","789330","-21.0670"
"KRX_CONTINUOUS","DS004128","삼성전자","0193L0","SHORT","10/20","10/30","50","80","73","7","5","26.25","-0.2878","-0.4162","26.10","-4.2992","5.0358","-210915","789085","-21.0915"
"KRX_CONTINUOUS","DS001618","삼성전자","0193W0","LONG","3/20","3/20","20","108","103","5","2","28.70","-0.2140","-0.3519","11.34","-3.2527","4.2730","-210969","789031","-21.0969"
"KRX_CONTINUOUS","DS002843","SK하이닉스","0193T0","LONG","20/30","10/20","30","49","47","2","2","24.49","-0.4658","-0.6722","17.53","-7.0896","4.7482","-211752","788248","-21.1752"
"KRX_CONTINUOUS","DS001340","삼성전자","0193L0","SHORT","5/30","5/10","5","160","156","4","2","31.25","-0.1402","-0.3422","9.73","-2.0504","13.6510","-212053","787947","-21.2053"
"KRX_CONTINUOUS","DS003550","삼성전자","0193L0","SHORT","3/20","5/30","20","111","107","4","4","26.13","-0.2007","-0.4847","18.86","-4.5985","13.7559","-212295","787705","-21.2295"
"KRX_CONTINUOUS","DS002292","삼성전자","0193W0","LONG","5/30","5/20","50","83","79","4","2","30.12","-0.2768","-0.5019","14.63","-3.7153","5.3687","-212375","787625","-21.2375"
"KRX_CONTINUOUS","DS003656","SK하이닉스","0193T0","LONG","3/30","5/30","5","124","114","10","3","30.65","-0.1768","-0.5393","23.66","-5.7498","9.3323","-212613","787387","-21.2613"
"KRX_CONTINUOUS","DS001352","SK하이닉스","0193T0","LONG","10/30","5/10","5","77","76","1","2","28.57","-0.3043","-0.3792","9.12","-2.0006","4.9116","-212641","787359","-21.2641"
"KRX_CONTINUOUS","DS003515","SK하이닉스","0193T0","LONG","3/20","5/30","30","82","76","6","3","28.05","-0.2734","-0.7117","19.04","-5.7498","6.2717","-212759","787241","-21.2759"
"KRX_CONTINUOUS","DS003695","삼성전자","0193L0","SHORT","3/30","5/30","30","106","100","6","3","20.75","-0.2128","-0.5633","17.62","-2.0504","13.7559","-212952","787048","-21.2952"
"KRX_CONTINUOUS","DS002815","삼성전자","0193W0","LONG","10/30","10/20","NONE","122","116","6","2","31.15","-0.1873","-0.5060","16.93","-3.6868","5.5493","-212957","787043","-21.2957"
"KRX_CONTINUOUS","DS004092","SK하이닉스","0193T0","LONG","10/20","10/30","50","54","51","3","2","24.07","-0.4258","-0.7272","24.63","-4.8249","5.8174","-213241","786759","-21.3241"
"KRX_CONTINUOUS","DS003804","SK하이닉스","0193T0","LONG","20/30","5/30","50","43","37","6","2","23.26","-0.5365","-0.7283","22.16","-7.0896","6.2442","-213695","786305","-21.3695"
"KRX_CONTINUOUS","DS000380","삼성전자","0193L0","SHORT","5/30","3/5","5","160","158","2","2","26.25","-0.1435","-0.3054","4.96","-2.8434","13.0214","-214411","785589","-21.4411"
"KRX_CONTINUOUS","DS003225","SK하이닉스","0193T0","LONG","5/30","3/30","10","96","91","5","2","29.17","-0.2371","-0.5120","18.57","-4.9790","8.9445","-214476","785524","-21.4476"
"KRX_CONTINUOUS","DS003128","SK하이닉스","0193T0","LONG","10/20","3/30","5","102","97","5","2","30.39","-0.2197","-0.6013","19.82","-4.9790","8.8159","-214479","785521","-21.4479"
"KRX_CONTINUOUS","DS000823","SK하이닉스","0193T0","LONG","5/30","3/10","NONE","117","114","3","2","34.19","-0.2009","-0.3830","9.49","-2.4097","5.2277","-214695","785305","-21.4695"
"KRX_CONTINUOUS","DS002794","SK하이닉스","0193T0","LONG","10/30","10/20","20","78","73","5","3","28.21","-0.2943","-0.5685","18.68","-4.6699","7.5758","-214706","785294","-21.4706"
"KRX_CONTINUOUS","DS003324","SK하이닉스","0193T0","LONG","20/30","3/30","50","43","39","4","2","20.93","-0.5407","-0.7952","19.14","-6.3297","6.2442","-214930","785070","-21.4930"
"KRX_CONTINUOUS","DS004163","삼성전자","0193W0","LONG","3/30","10/30","30","87","80","7","3","31.03","-0.2683","-0.5101","22.02","-4.7328","4.5664","-215048","784952","-21.5048"
"KRX_CONTINUOUS","DS001762","삼성전자","0193W0","LONG","3/30","3/20","20","116","111","5","2","31.90","-0.2024","-0.4122","12.85","-3.2527","5.6990","-215390","784610","-21.5390"
"KRX_CONTINUOUS","DS001195","삼성전자","0193L0","SHORT","5/20","5/10","NONE","205","201","4","2","34.15","-0.1106","-0.2540","9.80","-2.6176","13.6510","-215613","784387","-21.5613"
"KRX_CONTINUOUS","DS000538","SK하이닉스","0193T0","LONG","3/10","3/10","20","137","134","3","1","26.28","-0.1703","-0.4009","8.53","-3.4415","5.1857","-215868","784132","-21.5868"
"KRX_CONTINUOUS","DS000153","SK하이닉스","0193T0","LONG","3/20","3/5","10","146","142","4","1","30.82","-0.1604","-0.3465","5.45","-2.1095","5.8940","-216161","783839","-21.6161"
"KRX_CONTINUOUS","DS003295","삼성전자","0193W0","LONG","10/30","3/30","NONE","122","118","4","2","27.87","-0.1917","-0.4674","18.34","-3.2219","5.0332","-216242","783758","-21.6242"
"KRX_CONTINUOUS","DS001292","삼성전자","0193L0","SHORT","3/30","5/10","5","166","162","4","3","30.12","-0.1372","-0.2992","10.17","-2.4654","13.6510","-216400","783600","-21.6400"
"KRX_CONTINUOUS","DS002062","삼성전자","0193L0","SHORT","5/10","5/20","20","167","159","8","4","28.14","-0.1326","-0.3639","15.31","-3.0413","14.4905","-216421","783579","-21.6421"
"KRX_CONTINUOUS","DS004305","삼성전자","0193W0","LONG","20/30","10/30","10","78","72","6","1","28.21","-0.3021","-0.5423","22.83","-4.5115","5.5431","-216593","783407","-21.6593"
"KRX_CONTINUOUS","DS000058","SK하이닉스","0193T0","LONG","3/10","3/5","20","137","134","3","1","27.01","-0.1717","-0.3924","5.22","-2.3610","7.0780","-217142","782858","-21.7142"
"KRX_CONTINUOUS","DS004032","삼성전자","0193L0","SHORT","3/20","10/30","50","123","112","11","4","27.64","-0.1813","-0.3555","25.59","-5.6448","13.8084","-217339","782661","-21.7339"
"KRX_CONTINUOUS","DS002998","SK하이닉스","0197X0","SHORT","5/10","3/30","20","149","142","7","4","29.53","-0.1502","-0.5463","18.36","-4.1202","8.6220","-217361","782639","-21.7361"
"KRX_CONTINUOUS","DS002064","삼성전자","0193L0","SHORT","5/10","5/20","50","171","161","10","4","30.99","-0.1291","-0.3396","17.73","-3.0413","14.4905","-217713","782287","-21.7713"
"KRX_CONTINUOUS","DS003420","SK하이닉스","0193T0","LONG","3/10","5/30","50","134","127","7","5","34.33","-0.1491","-0.5011","25.61","-10.0448","7.7295","-217720","782280","-21.7720"
"KRX_CONTINUOUS","DS000873","SK하이닉스","0193T0","LONG","10/30","3/10","10","94","90","4","2","28.72","-0.2562","-0.3999","8.22","-2.0171","4.7941","-217727","782273","-21.7727"
"KRX_CONTINUOUS","DS001305","SK하이닉스","0193T0","LONG","5/30","5/10","10","96","93","3","1","32.29","-0.2502","-0.3407","9.79","-2.6011","5.3457","-217917","782083","-21.7917"
"KRX_CONTINUOUS","DS001068","SK하이닉스","0193T0","LONG","5/10","5/10","50","128","127","1","2","28.91","-0.1848","-0.3143","9.12","-2.7057","4.9307","-218088","781912","-21.8088"
"KRX_CONTINUOUS","DS004797","삼성전자","0193L0","SHORT","20/30","20/30","10","84","75","9","1","32.14","-0.2837","-0.3651","29.04","-2.9778","3.6728","-218122","781878","-21.8122"
"KRX_CONTINUOUS","DS003775","삼성전자","0193W0","LONG","10/30","5/30","NONE","122","115","7","2","29.51","-0.1923","-0.5083","19.20","-3.6868","6.5107","-218203","781797","-21.8203"
"KRX_CONTINUOUS","DS003948","SK하이닉스","0193T0","LONG","5/10","10/30","50","128","122","6","7","28.91","-0.1416","-0.7403","29.38","-3.1487","9.2110","-218286","781714","-21.8286"
"KRX_CONTINUOUS","DS004607","삼성전자","0193L0","SHORT","10/20","20/30","30","85","75","10","4","30.59","-0.2754","-0.2915","30.36","-9.1959","3.4332","-218413","781587","-21.8413"
"KRX_CONTINUOUS","DS000223","삼성전자","0193W0","LONG","5/20","3/5","NONE","205","202","3","2","29.76","-0.1169","-0.2373","4.62","-2.2555","5.4012","-219302","780698","-21.9302"
"KRX_CONTINUOUS","DS001387","삼성전자","0193L0","SHORT","10/30","5/10","NONE","130","125","5","3","36.15","-0.1874","-0.2000","9.80","-3.4571","2.3042","-219629","780371","-21.9629"
"KRX_CONTINUOUS","DS004317","삼성전자","0193L0","SHORT","20/30","10/30","10","84","77","7","2","27.38","-0.2845","-0.5118","26.40","-5.0225","4.9938","-219769","780231","-21.9769"
"KRX_CONTINUOUS","DS001232","삼성전자","0193W0","LONG","10/20","5/10","5","120","113","7","2","30.83","-0.2014","-0.3520","8.65","-3.0586","4.8205","-220465","779535","-22.0465"
"KRX_CONTINUOUS","DS000368","삼성전자","0193W0","LONG","5/30","3/5","5","160","158","2","2","25.00","-0.1520","-0.3116","4.59","-2.2352","5.0766","-220495","779505","-22.0495"
"KRX_CONTINUOUS","DS002938","SK하이닉스","0193T0","LONG","3/10","3/30","20","137","133","4","4","28.47","-0.1546","-0.5546","17.15","-2.7088","7.3991","-220518","779482","-22.0518"
"KRX_CONTINUOUS","DS002242","삼성전자","0193W0","LONG","3/30","5/20","20","116","111","5","2","31.90","-0.2074","-0.3900","15.37","-3.7153","5.3687","-220906","779094","-22.0906"
"KRX_CONTINUOUS","DS002074","SK하이닉스","0193T0","LONG","3/20","5/20","20","79","74","5","2","22.78","-0.3058","-0.5311","16.01","-4.9790","5.3915","-220925","779075","-22.0925"
"KRX_CONTINUOUS","DS002986","SK하이닉스","0193T0","LONG","5/10","3/30","20","129","125","4","5","27.91","-0.1666","-0.6044","17.02","-2.5671","7.1037","-220980","779020","-22.0980"
"KRX_CONTINUOUS","DS004774","SK하이닉스","0197X0","SHORT","20/30","20/30","20","107","99","8","1","37.38","-0.2116","-0.5236","28.56","-5.3405","8.9489","-221072","778928","-22.1072"
"KRX_CONTINUOUS","DS000332","삼성전자","0193L0","SHORT","3/30","3/5","5","166","164","2","2","29.52","-0.1435","-0.2933","4.97","-1.7917","13.0214","-221156","778844","-22.1156"
"KRX_CONTINUOUS","DS001641","SK하이닉스","0193T0","LONG","5/20","3/20","10","139","134","5","3","30.22","-0.1701","-0.5580","14.55","-3.2832","6.4903","-221428","778572","-22.1428"
"KRX_CONTINUOUS","DS004668","SK하이닉스","0193T0","LONG","5/30","20/30","50","47","46","1","3","31.91","-0.5177","-0.7790","28.40","-4.4652","5.3383","-221660","778340","-22.1660"
"KRX_CONTINUOUS","DS003223","SK하이닉스","0193T0","LONG","5/30","3/30","NONE","117","112","5","2","29.91","-0.2004","-0.4985","19.15","-4.9790","8.9445","-222202","777798","-22.2202"
"KRX_CONTINUOUS","DS000814","삼성전자","0193L0","SHORT","3/30","3/10","20","132","127","5","3","26.52","-0.1807","-0.2807","9.14","-2.7351","14.0707","-222595","777405","-22.2595"
"KRX_CONTINUOUS","DS003635","삼성전자","0193W0","LONG","10/20","5/30","30","79","73","6","3","29.11","-0.3100","-0.5349","20.44","-4.1778","5.5143","-223096","776904","-22.3096"
"KRX_CONTINUOUS","DS003800","SK하이닉스","0193T0","LONG","20/30","5/30","5","57","53","4","2","24.56","-0.4221","-0.6764","23.04","-7.0896","6.2442","-223350","776650","-22.3350"
"KRX_CONTINUOUS","DS000379","삼성전자","0193L0","SHORT","5/30","3/5","NONE","170","168","2","2","26.47","-0.1419","-0.2601","5.01","-2.8434","13.0214","-223579","776421","-22.3579"
"KRX_CONTINUOUS","DS000668","삼성전자","0193L0","SHORT","3/20","3/10","5","198","194","4","2","29.80","-0.1196","-0.2524","8.75","-3.0413","14.0707","-223593","776407","-22.3593"
"KRX_CONTINUOUS","DS004498","삼성전자","0193W0","LONG","3/20","20/30","20","108","98","10","4","31.48","-0.2121","-0.4262","23.77","-5.0134","6.5992","-223854","776146","-22.3854"
"KRX_CONTINUOUS","DS001351","SK하이닉스","0193T0","LONG","10/30","5/10","NONE","104","100","4","4","31.73","-0.2375","-0.3264","9.07","-2.3296","4.9116","-224254","775746","-22.4254"
"KRX_CONTINUOUS","DS001594","SK하이닉스","0193T0","LONG","3/20","3/20","20","79","76","3","1","21.52","-0.3151","-0.5974","12.43","-3.2832","3.6075","-224574","775426","-22.4574"
"KRX_CONTINUOUS","DS003260","삼성전자","0193L0","SHORT","5/30","3/30","5","160","153","7","2","25.00","-0.1482","-0.4604","17.81","-2.1391","13.7559","-224591","775409","-22.4591"
"KRX_CONTINUOUS","DS000775","SK하이닉스","0193T0","LONG","3/30","3/10","NONE","143","140","3","2","34.27","-0.1718","-0.3342","9.41","-2.4097","5.6022","-224684","775316","-22.4684"
"KRX_CONTINUOUS","DS000094","삼성전자","0193L0","SHORT","3/10","3/5","20","202","199","3","2","30.69","-0.1193","-0.2000","5.18","-3.0413","13.0214","-224720","775280","-22.4720"
"KRX_CONTINUOUS","DS001869","삼성전자","0193L0","SHORT","10/30","3/20","10","119","116","3","2","25.21","-0.2093","-0.4076","14.64","-2.2463","3.5841","-224753","775247","-22.4753"
"KRX_CONTINUOUS","DS002360","SK하이닉스","0193T0","LONG","20/30","5/20","5","57","56","1","2","24.56","-0.4296","-0.6764","15.86","-6.3297","6.1754","-224812","775188","-22.4812"
"KRX_CONTINUOUS","DS001867","삼성전자","0193L0","SHORT","10/30","3/20","NONE","130","124","6","3","26.92","-0.1916","-0.3878","14.28","-2.2463","3.5841","-224867","775133","-22.4867"
"KRX_CONTINUOUS","DS003636","삼성전자","0193W0","LONG","10/20","5/30","50","81","77","4","3","29.63","-0.3032","-0.5238","21.36","-4.9105","5.5143","-225232","774768","-22.5232"
"KRX_CONTINUOUS","DS001881","SK하이닉스","0193T0","LONG","20/30","3/20","10","67","66","1","3","19.40","-0.3690","-0.5676","13.19","-4.6580","6.1754","-225544","774456","-22.5544"
"KRX_CONTINUOUS","DS001735","SK하이닉스","0193T0","LONG","3/30","3/20","NONE","143","139","4","2","27.97","-0.1640","-0.4361","15.65","-3.2832","6.6802","-225696","774304","-22.5696"
"KRX_CONTINUOUS","DS002580","삼성전자","0193W0","LONG","3/20","10/20","50","126","118","8","5","34.13","-0.1929","-0.3649","17.89","-4.1778","3.5954","-225734","774266","-22.5734"
"KRX_CONTINUOUS","DS001067","SK하이닉스","0193T0","LONG","5/10","5/10","30","127","123","4","2","31.50","-0.1936","-0.4027","9.22","-2.7057","4.9307","-226098","773902","-22.6098"
"KRX_CONTINUOUS","DS001328","삼성전자","0193W0","LONG","5/30","5/10","5","160","155","5","2","28.75","-0.1519","-0.3889","9.26","-2.2352","5.9947","-226222","773778","-22.6222"
"KRX_CONTINUOUS","DS002828","삼성전자","0193L0","SHORT","10/30","10/20","5","91","84","7","2","26.37","-0.2756","-0.4277","19.63","-4.3465","3.1945","-226362","773638","-22.6362"
"KRX_CONTINUOUS","DS001631","삼성전자","0193L0","SHORT","3/20","3/20","30","124","119","5","1","23.39","-0.1956","-0.3974","12.52","-3.0413","13.8084","-226406","773594","-22.6406"
"KRX_CONTINUOUS","DS002531","삼성전자","0193W0","LONG","5/10","10/20","30","164","155","9","5","32.32","-0.1446","-0.3538","20.30","-4.1778","5.6990","-226718","773282","-22.6718"
"KRX_CONTINUOUS","DS002544","삼성전자","0193L0","SHORT","5/10","10/20","50","171","159","12","5","34.50","-0.1313","-0.3285","22.23","-4.1914","13.5461","-226889","773111","-22.6889"
"KRX_CONTINUOUS","DS004176","삼성전자","0193L0","SHORT","3/30","10/30","50","98","91","7","4","19.39","-0.2450","-0.5022","23.32","-4.2992","13.8084","-227386","772614","-22.7386"
"KRX_CONTINUOUS","DS004211","삼성전자","0193W0","LONG","5/30","10/30","30","74","69","5","3","29.73","-0.3403","-0.4378","22.68","-4.7328","4.5664","-227391","772609","-22.7391"
"KRX_CONTINUOUS","DS000367","삼성전자","0193W0","LONG","5/30","3/5","NONE","170","168","2","2","25.88","-0.1482","-0.2947","4.71","-2.2352","5.0766","-227404","772596","-22.7404"
"KRX_CONTINUOUS","DS003323","SK하이닉스","0193T0","LONG","20/30","3/30","30","49","47","2","2","22.45","-0.5062","-0.7344","19.94","-6.3297","6.2442","-227468","772532","-22.7468"
"KRX_CONTINUOUS","DS001546","SK하이닉스","0193T0","LONG","5/10","3/20","20","129","126","3","4","27.91","-0.1846","-0.5584","12.84","-2.4499","6.1754","-227730","772270","-22.7730"
"KRX_CONTINUOUS","DS001535","삼성전자","0193L0","SHORT","3/10","3/20","30","211","204","7","4","27.96","-0.1077","-0.2874","14.75","-3.1244","13.8084","-227812","772188","-22.7812"
"KRX_CONTINUOUS","DS002697","SK하이닉스","0193T0","LONG","3/30","10/20","10","116","108","8","3","35.34","-0.2035","-0.3504","20.34","-5.7498","7.7929","-228069","771931","-22.8069"
"KRX_CONTINUOUS","DS001354","SK하이닉스","0193T0","LONG","10/30","5/10","20","78","77","1","3","29.49","-0.3269","-0.3372","9.46","-2.3296","4.9116","-228290","771710","-22.8290"
"KRX_CONTINUOUS","DS001149","삼성전자","0193L0","SHORT","3/20","5/10","10","183","179","4","2","32.24","-0.1324","-0.2537","10.36","-3.2568","13.6510","-228310","771690","-22.8310"
"KRX_CONTINUOUS","DS002254","삼성전자","0193L0","SHORT","3/30","5/20","20","132","124","8","4","28.03","-0.1797","-0.3619","18.95","-5.2344","14.4905","-228352","771648","-22.8352"
"KRX_CONTINUOUS","DS001583","삼성전자","0193L0","SHORT","5/10","3/20","30","180","173","7","4","30.00","-0.1317","-0.3899","14.39","-3.0413","13.8084","-228414","771586","-22.8414"
"KRX_CONTINUOUS","DS003551","삼성전자","0193L0","SHORT","3/20","5/30","30","124","119","5","4","29.03","-0.1977","-0.4503","17.82","-2.4509","13.7559","-228888","771112","-22.8888"
"KRX_CONTINUOUS","DS002252","삼성전자","0193L0","SHORT","3/30","5/20","5","166","158","8","3","29.52","-0.1421","-0.3962","18.36","-3.1244","14.4905","-229049","770951","-22.9049"
"KRX_CONTINUOUS","DS003116","삼성전자","0193L0","SHORT","5/20","3/30","5","188","182","6","4","26.60","-0.1278","-0.3897","19.24","-6.1470","13.7559","-229369","770631","-22.9369"
"KRX_CONTINUOUS","DS002649","SK하이닉스","0193T0","LONG","10/20","10/20","10","131","122","9","2","32.06","-0.1846","-0.4959","18.69","-5.7498","7.2838","-229636","770364","-22.9636"
"KRX_CONTINUOUS","DS000369","삼성전자","0193W0","LONG","5/30","3/5","10","130","128","2","2","23.08","-0.1970","-0.3336","4.70","-2.2352","5.0766","-229751","770249","-22.9751"
"KRX_CONTINUOUS","DS000609","삼성전자","0193W0","LONG","5/10","3/10","10","147","143","4","2","31.29","-0.1726","-0.3801","8.88","-2.1082","5.8406","-229941","770059","-22.9941"
"KRX_CONTINUOUS","DS000669","삼성전자","0193L0","SHORT","3/20","3/10","10","183","179","4","2","28.42","-0.1343","-0.2518","8.77","-3.0413","14.0707","-230329","769671","-23.0329"
"KRX_CONTINUOUS","DS003071","삼성전자","0193L0","SHORT","3/20","3/30","30","124","120","4","4","28.23","-0.2009","-0.3904","16.60","-3.0413","13.7559","-230833","769167","-23.0833"
"KRX_CONTINUOUS","DS001027","SK하이닉스","0197X0","SHORT","3/10","5/10","NONE","342","335","7","4","37.13","-0.0627","-0.3716","11.39","-4.4654","16.9177","-231041","768959","-23.1041"
"KRX_CONTINUOUS","DS003212","삼성전자","0193L0","SHORT","3/30","3/30","5","166","161","5","2","24.70","-0.1477","-0.4125","16.51","-2.1391","13.7559","-231281","768719","-23.1281"
"KRX_CONTINUOUS","DS000321","삼성전자","0193W0","LONG","3/30","3/5","10","148","146","2","2","29.05","-0.1737","-0.3164","4.81","-2.2555","5.1846","-231412","768588","-23.1412"
"KRX_CONTINUOUS","DS002672","삼성전자","0193W0","LONG","10/20","10/20","5","120","111","9","1","36.67","-0.2104","-0.3801","18.47","-4.6634","6.2549","-231677","768323","-23.1677"
"KRX_CONTINUOUS","DS001257","SK하이닉스","0193T0","LONG","3/30","5/10","10","116","114","2","2","36.21","-0.2203","-0.2641","10.29","-2.4631","5.7207","-231735","768265","-23.1735"
"KRX_CONTINUOUS","DS001498","SK하이닉스","0193T0","LONG","3/10","3/20","20","137","134","3","4","28.47","-0.1762","-0.5173","13.81","-2.7088","6.4903","-232313","767687","-23.2313"
"KRX_CONTINUOUS","DS003358","삼성전자","0193L0","SHORT","20/30","3/30","20","111","105","6","2","24.32","-0.2312","-0.4562","18.96","-2.5889","4.2746","-232449","767551","-23.2449"
"KRX_CONTINUOUS","DS004175","삼성전자","0193L0","SHORT","3/30","10/30","30","106","99","7","3","21.70","-0.2326","-0.5136","23.02","-4.2992","13.8084","-232722","767278","-23.2722"
"KRX_CONTINUOUS","DS002111","삼성전자","0193L0","SHORT","3/20","5/20","30","124","119","5","3","25.81","-0.2014","-0.3904","15.61","-3.0413","14.4905","-233088","766912","-23.3088"
"KRX_CONTINUOUS","DS000681","SK하이닉스","0193T0","LONG","5/20","3/10","10","139","135","4","2","35.97","-0.1846","-0.3337","9.04","-3.3443","5.6022","-233217","766783","-23.3217"
"KRX_CONTINUOUS","DS002192","삼성전자","0193W0","LONG","10/20","5/20","5","120","112","8","2","31.67","-0.2138","-0.4316","15.95","-3.7153","5.0254","-233395","766605","-23.3395"
"KRX_CONTINUOUS","DS000656","삼성전자","0193W0","LONG","3/20","3/10","5","205","197","8","3","32.68","-0.1250","-0.3022","8.48","-2.4610","4.8874","-233549","766451","-23.3549"
"KRX_CONTINUOUS","DS003163","삼성전자","0193L0","SHORT","10/20","3/30","NONE","171","164","7","5","33.92","-0.1469","-0.2519","21.22","-6.0058","4.3164","-233685","766315","-23.3685"
"KRX_CONTINUOUS","DS000548","SK하이닉스","0197X0","SHORT","3/10","3/10","5","284","279","5","2","32.75","-0.0798","-0.4188","9.47","-3.1028","18.0505","-233793","766207","-23.3793"
"KRX_CONTINUOUS","DS001303","SK하이닉스","0193T0","LONG","5/30","5/10","NONE","117","113","4","2","32.48","-0.2218","-0.3176","10.50","-2.6011","5.3457","-233986","766014","-23.3986"
"KRX_CONTINUOUS","DS004771","SK하이닉스","0197X0","SHORT","20/30","20/30","NONE","115","107","8","1","36.52","-0.2117","-0.5024","26.93","-5.3405","8.9489","-234440","765560","-23.4440"
"KRX_CONTINUOUS","DS003156","삼성전자","0193W0","LONG","10/20","3/30","50","81","77","4","3","28.40","-0.3247","-0.4576","18.79","-4.2726","3.4324","-235091","764909","-23.5091"
"KRX_CONTINUOUS","DS004716","SK하이닉스","0193T0","LONG","10/30","20/30","50","39","37","2","2","28.21","-0.6619","-0.9626","26.05","-5.6513","8.4957","-235169","764831","-23.5169"
"KRX_CONTINUOUS","DS003538","삼성전자","0193W0","LONG","3/20","5/30","20","108","100","8","5","29.63","-0.2350","-0.4151","19.64","-4.8169","6.6041","-235220","764780","-23.5220"
"KRX_CONTINUOUS","DS002591","삼성전자","0193L0","SHORT","3/20","10/20","30","124","119","5","4","30.65","-0.2024","-0.3652","19.29","-4.1914","13.5461","-235252","764748","-23.5252"
"KRX_CONTINUOUS","DS002196","삼성전자","0193W0","LONG","10/20","5/20","50","81","78","3","2","24.69","-0.3253","-0.4353","14.32","-3.7153","3.7593","-235347","764653","-23.5347"
"KRX_CONTINUOUS","DS002290","삼성전자","0193W0","LONG","5/30","5/20","20","107","101","6","2","31.78","-0.2429","-0.4301","15.76","-3.7153","5.3687","-235393","764607","-23.5393"
"KRX_CONTINUOUS","DS001511","SK하이닉스","0197X0","SHORT","3/10","3/20","30","162","158","4","3","26.54","-0.1465","-0.4993","14.75","-4.9482","17.4211","-235585","764415","-23.5585"
"KRX_CONTINUOUS","DS002195","삼성전자","0193W0","LONG","10/20","5/20","30","79","74","5","2","25.32","-0.3352","-0.4556","14.46","-3.7153","2.6978","-235633","764367","-23.5633"
"KRX_CONTINUOUS","DS004475","SK하이닉스","0193T0","LONG","3/20","20/30","30","82","77","5","7","30.49","-0.3031","-0.6683","25.89","-4.4652","8.5877","-236230","763770","-23.6230"
"KRX_CONTINUOUS","DS003259","삼성전자","0193L0","SHORT","5/30","3/30","NONE","170","163","7","2","25.29","-0.1483","-0.4472","17.48","-2.1391","13.7559","-236290","763710","-23.6290"
"KRX_CONTINUOUS","DS000752","삼성전자","0193W0","LONG","10/20","3/10","5","120","114","6","2","27.50","-0.2201","-0.3273","7.42","-2.4610","4.5643","-236451","763549","-23.6451"
"KRX_CONTINUOUS","DS002016","삼성전자","0193L0","SHORT","3/10","5/20","50","199","191","8","4","30.65","-0.1192","-0.3555","18.21","-3.1244","14.4905","-236778","763222","-23.6778"
"KRX_CONTINUOUS","DS001629","삼성전자","0193L0","SHORT","3/20","3/20","10","183","178","5","2","27.87","-0.1375","-0.3746","13.30","-3.0413","13.8084","-236875","763125","-23.6875"
"KRX_CONTINUOUS","DS001136","삼성전자","0193W0","LONG","3/20","5/10","5","205","196","9","3","34.15","-0.1255","-0.2897","9.96","-3.0586","5.1443","-236969","763031","-23.6969"
"KRX_CONTINUOUS","DS001103","삼성전자","0193L0","SHORT","5/10","5/10","30","180","174","6","2","30.00","-0.1404","-0.3291","9.65","-2.4654","13.6510","-237054","762946","-23.7054"
"KRX_CONTINUOUS","DS001712","삼성전자","0193W0","LONG","10/20","3/20","5","120","112","8","2","31.67","-0.2191","-0.4551","13.98","-3.2527","5.0254","-237082","762918","-23.7082"
"KRX_CONTINUOUS","DS004068","삼성전자","0193W0","LONG","5/20","10/30","50","102","97","5","4","31.37","-0.2515","-0.4618","27.01","-5.2049","5.7720","-237127","762873","-23.7127"
"KRX_CONTINUOUS","DS001833","SK하이닉스","0193T0","LONG","10/30","3/20","10","94","89","5","2","25.53","-0.2771","-0.4930","13.99","-2.1751","8.4197","-237173","762827","-23.7173"
"KRX_CONTINUOUS","DS004715","SK하이닉스","0193T0","LONG","10/30","20/30","30","44","41","3","2","27.27","-0.5908","-0.8845","29.48","-5.6513","9.5025","-237180","762820","-23.7180"
"KRX_CONTINUOUS","DS001028","SK하이닉스","0197X0","SHORT","3/10","5/10","5","284","278","6","2","35.92","-0.0797","-0.4448","11.57","-4.4654","16.9177","-237334","762666","-23.7334"
"KRX_CONTINUOUS","DS002940","SK하이닉스","0193T0","LONG","3/10","3/30","50","134","130","4","5","34.33","-0.1710","-0.5329","22.96","-11.4360","7.3991","-237534","762466","-23.7534"
"KRX_CONTINUOUS","DS003000","SK하이닉스","0197X0","SHORT","5/10","3/30","50","165","157","8","4","30.91","-0.1501","-0.4153","20.78","-4.1202","8.6220","-238013","761987","-23.8013"
"KRX_CONTINUOUS","DS003704","SK하이닉스","0193T0","LONG","5/30","5/30","5","115","105","10","1","27.83","-0.2223","-0.5342","20.87","-5.7498","8.9445","-238506","761494","-23.8506"
"KRX_CONTINUOUS","DS003742","삼성전자","0193L0","SHORT","5/30","5/30","20","112","106","6","2","24.11","-0.2305","-0.4672","19.15","-2.3429","13.7559","-239001","760999","-23.9001"
"KRX_CONTINUOUS","DS000922","SK하이닉스","0193T0","LONG","20/30","3/10","20","89","88","1","3","23.60","-0.2980","-0.4490","8.58","-6.1343","6.1257","-239180","760820","-23.9180"
"KRX_CONTINUOUS","DS001716","삼성전자","0193W0","LONG","10/20","3/20","50","81","78","3","2","23.46","-0.3320","-0.4624","12.64","-3.2527","3.6867","-239226","760774","-23.9226"
"KRX_CONTINUOUS","DS002948","SK하이닉스","0197X0","SHORT","3/10","3/30","5","284","270","14","5","35.21","-0.0596","-0.3527","25.38","-12.1456","17.1065","-239340","760660","-23.9340"
"KRX_CONTINUOUS","DS001558","SK하이닉스","0197X0","SHORT","5/10","3/20","20","149","144","5","4","24.83","-0.1719","-0.5051","13.05","-3.4437","6.4561","-239349","760651","-23.9349"
"KRX_CONTINUOUS","DS001548","SK하이닉스","0193T0","LONG","5/10","3/20","50","128","126","2","4","29.69","-0.2025","-0.4839","15.85","-2.4499","4.9419","-239639","760361","-23.9639"
"KRX_CONTINUOUS","DS003836","삼성전자","0193L0","SHORT","20/30","5/30","5","72","66","6","1","22.22","-0.3758","-0.4585","19.89","-2.9778","3.4786","-240136","759864","-24.0136"
"KRX_CONTINUOUS","DS001148","삼성전자","0193L0","SHORT","3/20","5/10","5","198","193","5","2","32.83","-0.1300","-0.2512","10.28","-3.2568","13.6510","-240230","759770","-24.0230"
"KRX_CONTINUOUS","DS003703","SK하이닉스","0193T0","LONG","5/30","5/30","NONE","117","107","10","1","28.21","-0.2204","-0.5313","20.53","-5.7498","8.9445","-240233","759767","-24.0233"
"KRX_CONTINUOUS","DS000429","삼성전자","0193L0","SHORT","10/30","3/5","10","119","118","1","2","28.57","-0.2292","-0.2761","5.04","-1.7917","1.5764","-240491","759509","-24.0491"
"KRX_CONTINUOUS","DS002363","SK하이닉스","0193T0","LONG","20/30","5/20","30","49","48","1","2","22.45","-0.5474","-0.6655","14.27","-6.3297","5.4528","-241068","758932","-24.1068"
"KRX_CONTINUOUS","DS004595","삼성전자","0193W0","LONG","10/20","20/30","30","79","72","7","3","31.65","-0.3277","-0.5091","26.01","-4.4553","5.7678","-241180","758820","-24.1180"
"KRX_CONTINUOUS","DS002877","삼성전자","0193L0","SHORT","20/30","10/20","10","84","78","6","2","23.81","-0.3207","-0.3644","18.64","-5.3934","3.9015","-241982","758018","-24.1982"
"KRX_CONTINUOUS","DS003252","삼성전자","0193W0","LONG","5/30","3/30","50","83","80","3","1","26.51","-0.3271","-0.5019","14.40","-3.7153","4.8967","-242133","757867","-24.2133"
"KRX_CONTINUOUS","DS004281","SK하이닉스","0193T0","LONG","20/30","10/30","10","67","63","4","3","20.90","-0.3862","-0.7358","26.45","-6.1777","9.8451","-242178","757822","-24.2178"
"KRX_CONTINUOUS","DS004041","SK하이닉스","0193T0","LONG","5/20","10/30","10","139","127","12","4","30.94","-0.1591","-0.6891","29.51","-4.8249","10.9906","-242477","757523","-24.2477"
"KRX_CONTINUOUS","DS004704","삼성전자","0193L0","SHORT","5/30","20/30","50","89","83","6","3","23.60","-0.2907","-0.3726","24.99","-9.1959","13.4411","-242545","757455","-24.2545"
"KRX_CONTINUOUS","DS003271","SK하이닉스","0193T0","LONG","10/30","3/30","NONE","104","98","6","3","28.85","-0.2522","-0.5837","18.71","-3.8902","8.4957","-242858","757142","-24.2858"
"KRX_CONTINUOUS","DS002035","SK하이닉스","0197X0","SHORT","5/10","5/20","NONE","321","309","12","6","38.01","-0.0624","-0.3415","20.97","-6.6555","12.1491","-243012","756988","-24.3012"
"KRX_CONTINUOUS","DS004690","삼성전자","0193W0","LONG","5/30","20/30","20","107","101","6","3","29.91","-0.2377","-0.5550","23.92","-4.4553","7.3307","-243075","756925","-24.3075"
"KRX_CONTINUOUS","DS004548","삼성전자","0193W0","LONG","5/20","20/30","50","102","98","4","3","33.33","-0.2519","-0.4278","26.72","-5.1068","5.4630","-243098","756902","-24.3098"
"KRX_CONTINUOUS","DS003684","삼성전자","0193W0","LONG","3/30","5/30","50","102","98","4","3","27.45","-0.2644","-0.4287","17.68","-4.1778","4.5664","-243127","756873","-24.3127"
"KRX_CONTINUOUS","DS004571","SK하이닉스","0193T0","LONG","10/20","20/30","30","65","58","7","4","26.15","-0.4007","-0.5640","25.43","-5.0378","9.3607","-243508","756492","-24.3508"
"KRX_CONTINUOUS","DS001092","삼성전자","0193W0","LONG","5/10","5/10","50","177","174","3","2","26.55","-0.1504","-0.3298","8.90","-2.2352","5.8406","-243549","756451","-24.3549"
"KRX_CONTINUOUS","DS000083","삼성전자","0193W0","LONG","3/10","3/5","30","181","179","2","2","25.41","-0.1497","-0.3145","4.74","-2.5754","3.9131","-243574","756426","-24.3574"
"KRX_CONTINUOUS","DS001056","삼성전자","0193L0","SHORT","3/10","5/10","50","199","194","5","2","28.64","-0.1291","-0.3548","10.12","-2.4654","13.6510","-243627","756373","-24.3627"
"KRX_CONTINUOUS","DS002770","삼성전자","0193W0","LONG","5/30","10/20","20","107","100","7","3","32.71","-0.2508","-0.5009","18.13","-4.1778","6.2549","-243673","756327","-24.3673"
"KRX_CONTINUOUS","DS004270","삼성전자","0193L0","SHORT","10/30","10/30","20","98","89","9","3","32.65","-0.2780","-0.4838","23.97","-4.4542","3.5430","-244054","755946","-24.4054"
"KRX_CONTINUOUS","DS004592","삼성전자","0193W0","LONG","10/20","20/30","5","120","108","12","3","32.50","-0.2097","-0.4727","29.82","-5.1068","7.3307","-244432","755568","-24.4432"
"KRX_CONTINUOUS","DS003068","삼성전자","0193L0","SHORT","3/20","3/30","5","198","193","5","6","30.30","-0.1300","-0.3650","20.39","-6.1470","13.7559","-244564","755436","-24.4564"
"KRX_CONTINUOUS","DS000454","SK하이닉스","0197X0","SHORT","20/30","3/5","20","107","107","0","2","28.04","-0.2559","-0.2487","5.98","-5.4364","4.4023","-244609","755391","-24.4609"
"KRX_CONTINUOUS","DS000801","삼성전자","0193W0","LONG","3/30","3/10","10","148","144","4","2","33.11","-0.1840","-0.3886","7.93","-2.4610","5.8406","-244668","755332","-24.4668"
"KRX_CONTINUOUS","DS004135","SK하이닉스","0193T0","LONG","3/30","10/30","NONE","143","131","12","4","29.37","-0.1662","-0.4380","26.87","-4.8249","11.3535","-244758","755242","-24.4758"
"KRX_CONTINUOUS","DS004560","삼성전자","0193L0","SHORT","5/20","20/30","50","103","90","13","4","31.07","-0.2538","-0.3285","25.83","-9.4331","13.4411","-244792","755208","-24.4792"
"KRX_CONTINUOUS","DS002508","SK하이닉스","0193T0","LONG","5/10","10/20","50","128","126","2","4","35.16","-0.2018","-0.4039","23.50","-4.0290","6.2717","-244828","755172","-24.4828"
"KRX_CONTINUOUS","DS001279","삼성전자","0193W0","LONG","3/30","5/10","NONE","205","198","7","3","31.22","-0.1291","-0.3360","10.04","-2.5080","5.8406","-245001","754999","-24.5001"
"KRX_CONTINUOUS","DS003418","SK하이닉스","0193T0","LONG","3/10","5/30","20","137","128","9","4","29.20","-0.1759","-0.6557","19.71","-3.7123","7.7295","-245098","754902","-24.5098"
"KRX_CONTINUOUS","DS003644","삼성전자","0193L0","SHORT","10/20","5/30","5","117","112","5","4","29.91","-0.2307","-0.4290","22.91","-5.6770","4.3164","-245524","754476","-24.5524"
"KRX_CONTINUOUS","DS003790","삼성전자","0193L0","SHORT","10/30","5/30","20","98","91","7","3","30.61","-0.2821","-0.5239","21.03","-2.3429","2.8050","-245939","754061","-24.5939"
"KRX_CONTINUOUS","DS002590","삼성전자","0193L0","SHORT","3/20","10/20","20","111","107","4","4","27.03","-0.2372","-0.4277","19.54","-5.3934","13.5461","-246380","753620","-24.6380"
"KRX_CONTINUOUS","DS004608","삼성전자","0193L0","SHORT","10/20","20/30","50","80","70","10","5","30.00","-0.3396","-0.3032","29.65","-9.1959","3.4332","-246383","753617","-24.6383"
"KRX_CONTINUOUS","DS000587","SK하이닉스","0193T0","LONG","5/10","3/10","30","127","123","4","2","25.98","-0.2151","-0.4286","8.41","-3.4415","4.9307","-246401","753599","-24.6401"
"KRX_CONTINUOUS","DS002947","SK하이닉스","0197X0","SHORT","3/10","3/30","NONE","342","324","18","6","37.13","-0.0484","-0.3374","25.03","-12.1456","17.1065","-246599","753401","-24.6599"
"KRX_CONTINUOUS","DS000225","삼성전자","0193W0","LONG","5/20","3/5","10","158","156","2","2","27.22","-0.1753","-0.2810","4.53","-2.2555","5.4012","-246822","753178","-24.6822"
"KRX_CONTINUOUS","DS003309","삼성전자","0193L0","SHORT","10/30","3/30","10","119","114","5","2","25.21","-0.2329","-0.4632","19.92","-2.2463","3.7348","-246842","753158","-24.6842"
"KRX_CONTINUOUS","DS003250","삼성전자","0193W0","LONG","5/30","3/30","20","107","102","5","1","28.97","-0.2574","-0.4716","16.08","-3.7153","5.3840","-246874","753126","-24.6874"
"KRX_CONTINUOUS","DS000909","삼성전자","0193L0","SHORT","10/30","3/10","10","119","118","1","2","30.25","-0.2356","-0.2000","8.94","-2.8925","2.1372","-246981","753019","-24.6981"
"KRX_CONTINUOUS","DS001628","삼성전자","0193L0","SHORT","3/20","3/20","5","198","192","6","2","27.78","-0.1337","-0.3791","13.21","-3.0413","13.8084","-247132","752868","-24.7132"
"KRX_CONTINUOUS","DS004304","삼성전자","0193W0","LONG","20/30","10/30","5","78","74","4","2","26.92","-0.3514","-0.5368","24.38","-4.5115","5.5431","-247310","752690","-24.7310"
"KRX_CONTINUOUS","DS000177","삼성전자","0193W0","LONG","3/20","3/5","10","164","160","4","2","31.10","-0.1693","-0.2864","4.73","-2.2555","5.4012","-247340","752660","-24.7340"
"KRX_CONTINUOUS","DS004392","SK하이닉스","0197X0","SHORT","3/10","20/30","50","172","155","17","5","34.88","-0.1287","-0.4416","30.20","-10.6563","16.2254","-248298","751702","-24.8298"
"KRX_CONTINUOUS","DS003705","SK하이닉스","0193T0","LONG","5/30","5/30","10","96","89","7","1","27.08","-0.2824","-0.5873","20.68","-5.7498","8.9445","-248414","751586","-24.8414"
"KRX_CONTINUOUS","DS001675","삼성전자","0193L0","SHORT","5/20","3/20","NONE","205","199","6","2","26.83","-0.1302","-0.3490","13.66","-2.0878","13.8084","-248477","751523","-24.8477"
"KRX_CONTINUOUS","DS004257","삼성전자","0193W0","LONG","10/30","10/30","10","118","110","8","2","29.66","-0.2317","-0.5290","22.26","-4.2446","6.5107","-248510","751490","-24.8510"
"KRX_CONTINUOUS","DS003730","삼성전자","0193W0","LONG","5/30","5/30","20","107","101","6","1","32.71","-0.2585","-0.5067","17.10","-4.1778","7.3307","-248528","751472","-24.8528"
"KRX_CONTINUOUS","DS003155","삼성전자","0193W0","LONG","10/20","3/30","30","79","73","6","3","29.11","-0.3569","-0.4973","17.97","-3.7153","2.4945","-248543","751457","-24.8543"
"KRX_CONTINUOUS","DS001055","삼성전자","0193L0","SHORT","3/10","5/10","30","211","205","6","3","29.38","-0.1250","-0.2924","10.11","-2.4654","13.6510","-248810","751190","-24.8810"
"KRX_CONTINUOUS","DS003443","삼성전자","0193W0","LONG","3/10","5/30","30","181","173","8","8","26.52","-0.1049","-0.4255","22.12","-4.8169","10.4365","-248896","751104","-24.8896"
"KRX_CONTINUOUS","DS000588","SK하이닉스","0193T0","LONG","5/10","3/10","50","128","127","1","2","25.78","-0.2167","-0.3894","8.51","-3.4415","4.9307","-249276","750724","-24.9276"
"KRX_CONTINUOUS","DS003933","삼성전자","0193L0","SHORT","3/10","10/30","10","180","168","12","6","36.67","-0.1390","-0.4518","27.54","-4.2992","13.8084","-249624","750376","-24.9624"
"KRX_CONTINUOUS","DS002311","SK하이닉스","0193T0","LONG","10/30","5/20","NONE","104","98","6","2","28.85","-0.2651","-0.4688","14.48","-3.8902","8.4197","-249806","750194","-24.9806"
"KRX_CONTINUOUS","DS001327","삼성전자","0193W0","LONG","5/30","5/10","NONE","170","165","5","2","28.82","-0.1613","-0.3796","9.00","-2.2352","5.9947","-250055","749945","-25.0055"
"KRX_CONTINUOUS","DS001399","SK하이닉스","0193T0","LONG","20/30","5/10","NONE","98","94","4","3","26.53","-0.2836","-0.4182","9.47","-4.8292","5.7892","-250146","749854","-25.0146"
"KRX_CONTINUOUS","DS003165","삼성전자","0193L0","SHORT","10/20","3/30","10","160","153","7","5","33.13","-0.1714","-0.2829","20.97","-6.0058","4.3164","-250178","749822","-25.0178"
"KRX_CONTINUOUS","DS002347","삼성전자","0193L0","SHORT","10/30","5/20","NONE","130","122","8","3","29.23","-0.2159","-0.4038","16.55","-2.3429","3.1945","-250313","749687","-25.0313"
"KRX_CONTINUOUS","DS000705","삼성전자","0193W0","LONG","5/20","3/10","10","158","152","6","2","30.38","-0.1769","-0.3439","7.91","-2.4610","5.8406","-250551","749449","-25.0551"
"KRX_CONTINUOUS","DS004666","SK하이닉스","0193T0","LONG","5/30","20/30","20","81","73","8","3","34.57","-0.3372","-0.4956","28.93","-4.4652","8.9445","-250587","749413","-25.0587"
"KRX_CONTINUOUS","DS003177","SK하이닉스","0193T0","LONG","3/30","3/30","10","116","112","4","1","25.00","-0.2368","-0.4755","16.89","-4.9790","9.3323","-250871","749129","-25.0871"
"KRX_CONTINUOUS","DS002398","삼성전자","0193L0","SHORT","20/30","5/20","20","111","106","5","2","25.23","-0.2530","-0.4157","15.21","-5.2344","3.9860","-250875","749125","-25.0875"
"KRX_CONTINUOUS","DS004316","삼성전자","0193L0","SHORT","20/30","10/30","5","72","64","8","2","23.61","-0.3933","-0.4632","24.94","-3.2556","3.8169","-251031","748969","-25.1031"
"KRX_CONTINUOUS","DS004748","삼성전자","0193L0","SHORT","10/30","20/30","5","91","82","9","2","31.87","-0.3056","-0.3743","30.41","-8.5459","3.4171","-251336","748664","-25.1336"
"KRX_CONTINUOUS","DS003995","SK하이닉스","0193T0","LONG","3/20","10/30","30","82","76","6","5","26.83","-0.3229","-0.7598","24.34","-4.8249","9.4216","-251571","748429","-25.1571"
"KRX_CONTINUOUS","DS003214","삼성전자","0193L0","SHORT","3/30","3/30","20","132","126","6","2","21.97","-0.2087","-0.4588","15.91","-2.1391","13.7559","-251775","748225","-25.1775"
"KRX_CONTINUOUS","DS003202","삼성전자","0193W0","LONG","3/30","3/30","20","116","111","5","2","28.45","-0.2428","-0.4402","14.40","-3.7153","4.8967","-251806","748194","-25.1806"
"KRX_CONTINUOUS","DS003803","SK하이닉스","0193T0","LONG","20/30","5/30","30","49","46","3","2","20.41","-0.5701","-0.7283","21.33","-7.0896","6.2442","-251855","748145","-25.1855"
"KRX_CONTINUOUS","DS002299","삼성전자","0193L0","SHORT","5/30","5/20","NONE","170","163","7","3","27.06","-0.1591","-0.3947","17.18","-2.3429","14.4905","-252269","747731","-25.2269"
"KRX_CONTINUOUS","DS000319","삼성전자","0193W0","LONG","3/30","3/5","NONE","205","202","3","2","30.73","-0.1381","-0.2865","4.82","-2.2555","5.1846","-252393","747607","-25.2393"
"KRX_CONTINUOUS","DS004030","삼성전자","0193L0","SHORT","3/20","10/30","20","111","106","5","4","28.83","-0.2454","-0.4639","23.41","-5.0225","13.8084","-252828","747172","-25.2828"
"KRX_CONTINUOUS","DS001353","SK하이닉스","0193T0","LONG","10/30","5/10","10","94","90","4","2","28.72","-0.3044","-0.3372","8.63","-2.3296","4.9116","-252834","747166","-25.2834"
"KRX_CONTINUOUS","DS002841","SK하이닉스","0193T0","LONG","20/30","10/20","10","67","64","3","3","20.90","-0.4175","-0.6240","18.37","-7.0896","5.3490","-252992","747008","-25.2992"
"KRX_CONTINUOUS","DS003680","삼성전자","0193W0","LONG","3/30","5/30","5","168","158","10","3","32.14","-0.1633","-0.4046","18.32","-4.1778","7.4410","-252994","747006","-25.2994"
"KRX_CONTINUOUS","DS001114","SK하이닉스","0193T0","LONG","3/20","5/10","20","79","75","4","1","29.11","-0.3598","-0.4642","11.05","-6.6536","5.0972","-253174","746826","-25.3174"
"KRX_CONTINUOUS","DS000547","SK하이닉스","0197X0","SHORT","3/10","3/10","NONE","342","335","7","2","33.04","-0.0730","-0.3995","9.14","-3.1028","18.0505","-253227","746773","-25.3227"
"KRX_CONTINUOUS","DS004137","SK하이닉스","0193T0","LONG","3/30","10/30","10","116","107","9","3","29.31","-0.2233","-0.5196","27.63","-4.8249","11.3535","-253360","746640","-25.3360"
"KRX_CONTINUOUS","DS004568","SK하이닉스","0193T0","LONG","10/20","20/30","5","102","93","9","5","34.31","-0.2597","-0.5490","32.36","-5.0378","9.3607","-253523","746477","-25.3523"
"KRX_CONTINUOUS","DS004665","SK하이닉스","0193T0","LONG","5/30","20/30","10","96","87","9","3","32.29","-0.2799","-0.5518","31.02","-4.4652","10.0731","-253902","746098","-25.3902"
"KRX_CONTINUOUS","DS000624","삼성전자","0193L0","SHORT","5/10","3/10","50","171","167","4","2","30.41","-0.1627","-0.3396","8.51","-3.0413","14.0707","-254121","745879","-25.4121"
"KRX_CONTINUOUS","DS004115","삼성전자","0193W0","LONG","10/20","10/30","30","79","73","6","3","31.65","-0.3616","-0.5349","24.48","-4.7328","4.8204","-254449","745551","-25.4449"
"KRX_CONTINUOUS","DS001423","삼성전자","0193W0","LONG","20/30","5/10","NONE","122","117","5","2","27.87","-0.2350","-0.3236","10.24","-4.5807","4.8491","-254532","745468","-25.4532"
"KRX_CONTINUOUS","DS000860","삼성전자","0193L0","SHORT","5/30","3/10","5","160","157","3","2","31.25","-0.1752","-0.3335","8.06","-2.8434","14.0707","-254780","745220","-25.4780"
"KRX_CONTINUOUS","DS002722","삼성전자","0193W0","LONG","3/30","10/20","20","116","112","4","4","31.03","-0.2440","-0.4471","17.72","-4.1778","5.6990","-254797","745203","-25.4797"
"KRX_CONTINUOUS","DS003466","SK하이닉스","0193T0","LONG","5/10","5/30","20","129","120","9","5","25.58","-0.1989","-0.6557","19.60","-2.8745","7.4332","-254801","745199","-25.4801"
"KRX_CONTINUOUS","DS004112","삼성전자","0193W0","LONG","10/20","10/30","5","120","107","13","3","35.00","-0.2303","-0.5460","26.52","-5.2049","7.3307","-255004","744996","-25.5004"
"KRX_CONTINUOUS","DS004499","삼성전자","0193W0","LONG","3/20","20/30","30","116","107","9","5","30.17","-0.2425","-0.3172","20.93","-4.4553","7.6623","-255182","744818","-25.5182"
"KRX_CONTINUOUS","DS004255","삼성전자","0193W0","LONG","10/30","10/30","NONE","122","114","8","2","28.69","-0.2315","-0.5104","21.64","-4.2446","6.5107","-255208","744792","-25.5208"
"KRX_CONTINUOUS","DS003175","SK하이닉스","0193T0","LONG","3/30","3/30","NONE","143","138","5","1","25.17","-0.1947","-0.4816","16.50","-4.9790","9.3323","-255723","744277","-25.5723"
"KRX_CONTINUOUS","DS000057","SK하이닉스","0193T0","LONG","3/10","3/5","10","145","142","3","1","28.28","-0.1972","-0.3352","5.46","-2.4885","7.0780","-255783","744217","-25.5783"
"KRX_CONTINUOUS","DS002313","SK하이닉스","0193T0","LONG","10/30","5/20","10","94","88","6","2","29.79","-0.3028","-0.4919","14.78","-3.8902","8.4197","-255815","744185","-25.5815"
"KRX_CONTINUOUS","DS004116","삼성전자","0193W0","LONG","10/20","10/30","50","81","77","4","3","33.33","-0.3525","-0.5162","25.98","-5.2049","4.8204","-256012","743988","-25.6012"
"KRX_CONTINUOUS","DS003011","삼성전자","0193W0","LONG","5/10","3/30","30","164","157","7","7","28.05","-0.1612","-0.3885","17.48","-3.7153","7.0961","-256201","743799","-25.6201"
"KRX_CONTINUOUS","DS004737","삼성전자","0193W0","LONG","10/30","20/30","10","118","111","7","2","30.51","-0.2344","-0.4584","25.56","-3.9657","6.5107","-256264","743736","-25.6264"
"KRX_CONTINUOUS","DS001715","삼성전자","0193W0","LONG","10/20","3/20","30","79","73","6","2","24.05","-0.3699","-0.4824","13.06","-3.2527","3.1045","-256296","743704","-25.6296"
"KRX_CONTINUOUS","DS002217","SK하이닉스","0193T0","LONG","3/30","5/20","10","116","110","6","2","30.17","-0.2380","-0.3940","17.16","-4.9790","6.6802","-256334","743666","-25.6334"
"KRX_CONTINUOUS","DS000563","삼성전자","0193W0","LONG","3/10","3/10","30","181","178","3","2","26.52","-0.1586","-0.3511","7.64","-2.8641","4.6843","-256708","743292","-25.6708"
"KRX_CONTINUOUS","DS000235","삼성전자","0193L0","SHORT","5/20","3/5","NONE","205","203","2","2","28.29","-0.1388","-0.2759","4.83","-2.8434","13.0214","-256783","743217","-25.6783"
"KRX_CONTINUOUS","DS004559","삼성전자","0193L0","SHORT","5/20","20/30","30","101","91","10","3","30.69","-0.2759","-0.3297","24.30","-8.6147","13.4411","-256990","743010","-25.6990"
"KRX_CONTINUOUS","DS002300","삼성전자","0193L0","SHORT","5/30","5/20","5","160","153","7","3","26.88","-0.1738","-0.4088","17.06","-2.3429","14.4905","-257416","742584","-25.7416"
"KRX_CONTINUOUS","DS002015","삼성전자","0193L0","SHORT","3/10","5/20","30","211","204","7","5","29.86","-0.1254","-0.3572","17.56","-3.1244","14.4905","-257516","742484","-25.7516"
"KRX_CONTINUOUS","DS000812","삼성전자","0193L0","SHORT","3/30","3/10","5","166","163","3","2","28.92","-0.1708","-0.3003","8.31","-2.7351","14.0707","-257759","742241","-25.7759"
"KRX_CONTINUOUS","DS000859","삼성전자","0193L0","SHORT","5/30","3/10","NONE","170","167","3","2","31.76","-0.1680","-0.3023","8.02","-2.8434","14.0707","-258743","741257","-25.8743"
"KRX_CONTINUOUS","DS003655","SK하이닉스","0193T0","LONG","3/30","5/30","NONE","143","131","12","4","27.97","-0.1950","-0.4927","22.46","-5.7498","9.3323","-258959","741041","-25.8959"
"KRX_CONTINUOUS","DS000451","SK하이닉스","0197X0","SHORT","20/30","3/5","NONE","115","114","1","2","28.70","-0.2550","-0.2487","6.14","-5.4364","4.4023","-259436","740564","-25.9436"
"KRX_CONTINUOUS","DS003355","삼성전자","0193L0","SHORT","20/30","3/30","NONE","124","116","8","2","25.81","-0.2352","-0.4299","19.93","-3.6579","4.2746","-259646","740354","-25.9646"
"KRX_CONTINUOUS","DS001832","SK하이닉스","0193T0","LONG","10/30","3/20","5","77","75","2","2","25.97","-0.3825","-0.6182","14.92","-2.1751","5.2054","-259933","740067","-25.9933"
"KRX_CONTINUOUS","DS003012","삼성전자","0193W0","LONG","5/10","3/30","50","177","167","10","7","30.51","-0.1463","-0.3886","20.48","-4.0367","7.0961","-260285","739715","-26.0285"
"KRX_CONTINUOUS","DS004284","SK하이닉스","0193T0","LONG","20/30","10/30","50","43","37","6","2","20.93","-0.6789","-0.7770","23.16","-6.1777","6.2442","-260524","739476","-26.0524"
"KRX_CONTINUOUS","DS001017","SK하이닉스","0193T0","LONG","3/10","5/10","10","145","141","4","2","35.86","-0.1965","-0.3334","10.57","-3.7368","5.1857","-260729","739271","-26.0729"
"KRX_CONTINUOUS","DS002459","SK하이닉스","0193T0","LONG","3/10","10/20","30","133","127","6","4","35.34","-0.2060","-0.4546","22.67","-5.2157","7.1573","-260939","739061","-26.0939"
"KRX_CONTINUOUS","DS004222","삼성전자","0193L0","SHORT","5/30","10/30","20","112","104","8","3","22.32","-0.2546","-0.5154","22.23","-2.6931","13.8084","-261162","738838","-26.1162"
"KRX_CONTINUOUS","DS002576","삼성전자","0193W0","LONG","3/20","10/20","5","205","195","10","5","35.12","-0.1358","-0.3431","19.27","-4.6634","6.5831","-261183","738817","-26.1183"
"KRX_CONTINUOUS","DS000152","SK하이닉스","0193T0","LONG","3/20","3/5","5","167","163","4","1","29.34","-0.1756","-0.3323","5.22","-2.1095","5.8940","-261262","738738","-26.1262"
"KRX_CONTINUOUS","DS001581","삼성전자","0193L0","SHORT","5/10","3/20","10","157","152","5","4","28.03","-0.1822","-0.3894","14.38","-3.0413","13.8084","-261269","738731","-26.1269"
"KRX_CONTINUOUS","DS001052","삼성전자","0193L0","SHORT","3/10","5/10","5","300","295","5","3","34.00","-0.0916","-0.3051","10.49","-2.8849","13.6510","-261287","738713","-26.1287"
"KRX_CONTINUOUS","DS002063","삼성전자","0193L0","SHORT","5/10","5/20","30","180","172","8","4","30.56","-0.1547","-0.3869","16.69","-3.0413","14.4905","-261299","738701","-26.1299"
"KRX_CONTINUOUS","DS000175","삼성전자","0193W0","LONG","3/20","3/5","NONE","249","244","5","2","33.33","-0.1181","-0.2000","4.84","-2.2555","5.4012","-261658","738342","-26.1658"
"KRX_CONTINUOUS","DS002684","삼성전자","0193L0","SHORT","10/20","10/20","5","117","111","6","2","34.19","-0.2515","-0.3769","20.21","-4.1914","3.1945","-261863","738137","-26.1863"
"KRX_CONTINUOUS","DS001531","삼성전자","0193L0","SHORT","3/10","3/20","NONE","402","391","11","5","34.08","-0.0609","-0.2205","16.31","-5.9471","13.8084","-261871","738129","-26.1871"
"KRX_CONTINUOUS","DS001639","SK하이닉스","0193T0","LONG","5/20","3/20","NONE","162","157","5","3","29.63","-0.1742","-0.5359","14.44","-4.1071","6.4903","-261886","738114","-26.1886"
"KRX_CONTINUOUS","DS001281","삼성전자","0193W0","LONG","3/30","5/10","10","148","143","5","2","29.05","-0.1987","-0.3844","9.49","-2.5080","5.8406","-262187","737813","-26.2187"
"KRX_CONTINUOUS","DS001640","SK하이닉스","0193T0","LONG","5/20","3/20","5","161","156","5","3","29.19","-0.1757","-0.5377","14.39","-4.1071","6.4903","-262372","737628","-26.2372"
"KRX_CONTINUOUS","DS002205","삼성전자","0193L0","SHORT","10/20","5/20","10","160","154","6","2","31.88","-0.1848","-0.3229","16.89","-2.3429","3.5170","-262402","737598","-26.2402"
"KRX_CONTINUOUS","DS003732","삼성전자","0193W0","LONG","5/30","5/30","50","83","80","3","2","25.30","-0.3599","-0.5261","15.84","-4.1778","4.5664","-262505","737495","-26.2505"
"KRX_CONTINUOUS","DS003058","삼성전자","0193W0","LONG","3/20","3/30","20","108","101","7","5","26.85","-0.2753","-0.3604","16.35","-4.1784","3.6560","-262641","737359","-26.2641"
"KRX_CONTINUOUS","DS001771","삼성전자","0193L0","SHORT","3/30","3/20","NONE","206","196","10","3","26.21","-0.1376","-0.3297","14.75","-3.1244","13.8084","-262799","737201","-26.2799"
"KRX_CONTINUOUS","DS001255","SK하이닉스","0193T0","LONG","3/30","5/10","NONE","143","139","4","2","34.97","-0.2065","-0.3064","10.33","-2.4631","5.7207","-262835","737165","-26.2835"
"KRX_CONTINUOUS","DS001161","SK하이닉스","0193T0","LONG","5/20","5/10","10","139","135","4","2","38.85","-0.2131","-0.3534","9.88","-3.3443","5.7207","-263032","736968","-26.3032"
"KRX_CONTINUOUS","DS002601","SK하이닉스","0193T0","LONG","5/20","10/20","10","139","131","8","2","33.09","-0.2031","-0.5579","20.01","-5.7498","7.7929","-263598","736402","-26.3598"
"KRX_CONTINUOUS","DS002395","삼성전자","0193L0","SHORT","20/30","5/20","NONE","124","117","7","2","28.23","-0.2402","-0.4066","15.60","-5.2344","3.9860","-263771","736229","-26.3771"
"KRX_CONTINUOUS","DS003657","SK하이닉스","0193T0","LONG","3/30","5/30","10","116","106","10","3","27.59","-0.2498","-0.5393","22.82","-5.7498","9.3323","-264193","735807","-26.4193"
"KRX_CONTINUOUS","DS004735","삼성전자","0193W0","LONG","10/30","20/30","NONE","122","115","7","2","30.33","-0.2354","-0.4584","25.07","-3.9657","6.5107","-264239","735761","-26.4239"
"KRX_CONTINUOUS","DS002782","삼성전자","0193L0","SHORT","5/30","10/20","20","112","105","7","3","30.36","-0.2596","-0.4057","20.32","-3.6091","13.5461","-264502","735498","-26.4502"
"KRX_CONTINUOUS","DS002361","SK하이닉스","0193T0","LONG","20/30","5/20","10","67","66","1","3","23.88","-0.4443","-0.6655","14.24","-6.3297","6.1754","-264945","735055","-26.4945"
"KRX_CONTINUOUS","DS000849","삼성전자","0193W0","LONG","5/30","3/10","10","130","126","4","2","23.08","-0.2319","-0.3901","7.58","-2.1082","5.8406","-265386","734614","-26.5386"
"KRX_CONTINUOUS","DS004764","SK하이닉스","0193T0","LONG","20/30","20/30","50","43","40","3","1","25.58","-0.6947","-0.6754","20.95","-6.3664","6.2442","-265766","734234","-26.5766"
"KRX_CONTINUOUS","DS001329","삼성전자","0193W0","LONG","5/30","5/10","10","130","125","5","2","26.92","-0.2315","-0.4492","8.74","-2.2352","5.8406","-265877","734123","-26.5877"
"KRX_CONTINUOUS","DS003273","SK하이닉스","0193T0","LONG","10/30","3/30","10","94","88","6","2","26.60","-0.3131","-0.6230","18.64","-3.8902","8.4957","-266164","733836","-26.6164"
"KRX_CONTINUOUS","DS004138","SK하이닉스","0193T0","LONG","3/30","10/30","20","86","76","10","3","29.07","-0.3472","-0.3622","23.44","-4.8249","5.8391","-266218","733782","-26.6218"
"KRX_CONTINUOUS","DS002203","삼성전자","0193L0","SHORT","10/20","5/20","NONE","171","165","6","2","32.75","-0.1755","-0.3219","17.38","-2.3429","3.5170","-266357","733643","-26.6357"
"KRX_CONTINUOUS","DS002483","삼성전자","0193W0","LONG","3/10","10/20","30","181","171","10","6","34.25","-0.1507","-0.3761","20.59","-9.5720","7.4684","-266459","733541","-26.6459"
"KRX_CONTINUOUS","DS003754","SK하이닉스","0193T0","LONG","10/30","5/30","20","78","71","7","3","29.49","-0.3827","-0.6092","21.49","-4.6699","8.4957","-266496","733504","-26.6496"
"KRX_CONTINUOUS","DS003692","삼성전자","0193L0","SHORT","3/30","5/30","5","166","157","9","2","26.51","-0.1748","-0.4446","19.78","-2.3429","13.7559","-266501","733499","-26.6501"
"KRX_CONTINUOUS","DS001101","삼성전자","0193L0","SHORT","5/10","5/10","10","157","153","4","2","33.12","-0.1874","-0.3498","10.09","-3.2568","13.6510","-266653","733347","-26.6653"
"KRX_CONTINUOUS","DS001077","SK하이닉스","0197X0","SHORT","5/10","5/10","10","143","139","4","2","39.16","-0.2084","-0.4639","10.81","-4.1202","6.3909","-266944","733056","-26.6944"
"KRX_CONTINUOUS","DS004031","삼성전자","0193L0","SHORT","3/20","10/30","30","124","116","8","4","29.84","-0.2359","-0.3704","24.78","-4.2992","13.8084","-267000","733000","-26.7000"
"KRX_CONTINUOUS","DS001687","SK하이닉스","0193T0","LONG","10/20","3/20","NONE","141","136","5","2","26.24","-0.2106","-0.4847","14.57","-3.3434","6.6802","-267145","732855","-26.7145"
"KRX_CONTINUOUS","DS003307","삼성전자","0193L0","SHORT","10/30","3/30","NONE","130","122","8","3","27.69","-0.2332","-0.3717","19.67","-4.1429","3.7348","-267232","732768","-26.7232"
"KRX_CONTINUOUS","DS002493","삼성전자","0193L0","SHORT","3/10","10/20","10","180","171","9","6","35.56","-0.1567","-0.4355","21.29","-4.1914","13.5461","-267591","732409","-26.7591"
"KRX_CONTINUOUS","DS000657","삼성전자","0193W0","LONG","3/20","3/10","10","164","157","7","2","30.49","-0.1858","-0.3066","8.16","-2.4610","4.8874","-268339","731661","-26.8339"
"KRX_CONTINUOUS","DS003060","삼성전자","0193W0","LONG","3/20","3/30","50","126","121","5","6","28.57","-0.2400","-0.3893","17.02","-4.1784","3.9182","-269491","730509","-26.9491"
"KRX_CONTINUOUS","DS003467","SK하이닉스","0193T0","LONG","5/10","5/30","30","127","120","7","4","29.13","-0.2172","-0.6550","21.43","-8.7730","7.4332","-269574","730426","-26.9574"
"KRX_CONTINUOUS","DS001906","삼성전자","0193W0","LONG","20/30","3/20","20","112","108","4","2","25.00","-0.2752","-0.4347","11.93","-3.0280","4.7088","-270031","729969","-27.0031"
"KRX_CONTINUOUS","DS001882","SK하이닉스","0193T0","LONG","20/30","3/20","20","89","86","3","3","19.10","-0.3430","-0.5170","13.43","-4.6580","6.1754","-270037","729963","-27.0037"
"KRX_CONTINUOUS","DS002156","삼성전자","0193L0","SHORT","5/20","5/20","5","188","180","8","2","26.60","-0.1569","-0.3565","15.96","-2.4164","14.4905","-270142","729858","-27.0142"
"KRX_CONTINUOUS","DS000586","SK하이닉스","0193T0","LONG","5/10","3/10","20","129","126","3","2","23.26","-0.2366","-0.5163","8.18","-3.4415","4.9307","-270231","729769","-27.0231"
"KRX_CONTINUOUS","DS003321","SK하이닉스","0193T0","LONG","20/30","3/30","10","67","65","2","3","20.90","-0.4524","-0.7121","19.66","-6.3297","6.2442","-270471","729529","-27.0471"
"KRX_CONTINUOUS","DS002061","삼성전자","0193L0","SHORT","5/10","5/20","10","157","149","8","4","31.85","-0.1887","-0.4354","16.77","-3.0413","14.4905","-270540","729460","-27.0540"
"KRX_CONTINUOUS","DS002121","SK하이닉스","0193T0","LONG","5/20","5/20","10","139","131","8","1","30.22","-0.2167","-0.4983","15.69","-4.9790","6.4903","-271025","728975","-27.1025"
"KRX_CONTINUOUS","DS002100","삼성전자","0193W0","LONG","3/20","5/20","50","126","120","6","2","30.16","-0.2450","-0.3901","16.08","-3.7153","3.8617","-271623","728377","-27.1623"
"KRX_CONTINUOUS","DS000622","삼성전자","0193L0","SHORT","5/10","3/10","20","167","163","4","2","29.34","-0.1812","-0.2986","8.48","-3.0413","14.0707","-271937","728063","-27.1937"
"KRX_CONTINUOUS","DS003971","삼성전자","0193W0","LONG","5/10","10/30","30","164","155","9","9","27.44","-0.1409","-0.5088","26.74","-4.7328","10.2292","-272540","727460","-27.2540"
"KRX_CONTINUOUS","DS000427","삼성전자","0193L0","SHORT","10/30","3/5","NONE","130","129","1","3","30.00","-0.2423","-0.2487","5.32","-3.4000","1.5879","-272624","727376","-27.2624"
"KRX_CONTINUOUS","DS002793","SK하이닉스","0193T0","LONG","10/30","10/20","10","94","86","8","2","26.60","-0.3241","-0.5861","17.88","-4.6699","7.5758","-272641","727359","-27.2641"
"KRX_CONTINUOUS","DS002792","SK하이닉스","0193T0","LONG","10/30","10/20","5","77","73","4","2","27.27","-0.3998","-0.6240","18.83","-4.6699","6.9680","-272669","727331","-27.2669"
"KRX_CONTINUOUS","DS002215","SK하이닉스","0193T0","LONG","3/30","5/20","NONE","143","136","7","2","30.77","-0.2069","-0.4052","17.64","-4.9790","6.6802","-272693","727307","-27.2693"
"KRX_CONTINUOUS","DS002987","SK하이닉스","0193T0","LONG","5/10","3/30","30","127","122","5","4","29.92","-0.2229","-0.5584","18.43","-10.1837","7.1037","-273139","726861","-27.3139"
"KRX_CONTINUOUS","DS002108","삼성전자","0193L0","SHORT","3/20","5/20","5","198","190","8","2","31.31","-0.1500","-0.3914","16.57","-3.0413","14.4905","-273254","726746","-27.3254"
"KRX_CONTINUOUS","DS004018","삼성전자","0193W0","LONG","3/20","10/30","20","108","97","11","5","29.63","-0.2823","-0.5103","24.46","-5.1116","5.9031","-273376","726624","-27.3376"
"KRX_CONTINUOUS","DS001043","삼성전자","0193W0","LONG","3/10","5/10","30","181","178","3","4","29.83","-0.1640","-0.3321","9.77","-3.8796","5.9947","-273418","726582","-27.3418"
"KRX_CONTINUOUS","DS004796","삼성전자","0193L0","SHORT","20/30","20/30","5","72","63","9","1","29.17","-0.4360","-0.3627","26.29","-2.9778","3.0558","-273443","726557","-27.3443"
"KRX_CONTINUOUS","DS001184","삼성전자","0193W0","LONG","5/20","5/10","5","198","190","8","2","31.82","-0.1556","-0.3327","9.14","-2.3630","5.8406","-273944","726056","-27.3944"
"KRX_CONTINUOUS","DS000919","SK하이닉스","0193T0","LONG","20/30","3/10","NONE","98","94","4","3","25.51","-0.3169","-0.4420","9.21","-6.1343","6.1257","-274093","725907","-27.4093"
"KRX_CONTINUOUS","DS000634","SK하이닉스","0193T0","LONG","3/20","3/10","20","79","76","3","1","26.58","-0.3982","-0.4415","9.24","-6.8416","3.1769","-274459","725541","-27.4459"
"KRX_CONTINUOUS","DS004692","삼성전자","0193W0","LONG","5/30","20/30","50","83","80","3","4","26.51","-0.3700","-0.4851","22.90","-4.4553","6.0988","-274546","725454","-27.4546"
"KRX_CONTINUOUS","DS003272","SK하이닉스","0193T0","LONG","10/30","3/30","5","77","74","3","2","25.97","-0.4023","-0.7768","19.77","-3.8902","8.4957","-275119","724881","-27.5119"
"KRX_CONTINUOUS","DS001209","SK하이닉스","0193T0","LONG","10/20","5/10","10","131","127","4","2","30.53","-0.2417","-0.3904","9.03","-2.5618","5.2213","-276674","723326","-27.6674"
"KRX_CONTINUOUS","DS003597","삼성전자","0193L0","SHORT","5/20","5/30","10","162","152","10","4","29.63","-0.1812","-0.4232","23.34","-10.0451","13.7559","-276877","723123","-27.6877"
"KRX_CONTINUOUS","DS000715","삼성전자","0193L0","SHORT","5/20","3/10","NONE","205","202","3","2","32.20","-0.1501","-0.2751","8.35","-4.9661","14.0707","-276902","723098","-27.6902"
"KRX_CONTINUOUS","DS001185","삼성전자","0193W0","LONG","5/20","5/10","10","158","151","7","2","29.11","-0.1987","-0.3536","9.00","-2.3630","5.8406","-277038","722962","-27.7038"
"KRX_CONTINUOUS","DS004642","삼성전자","0193W0","LONG","3/30","20/30","20","116","108","8","3","30.17","-0.2573","-0.4945","23.25","-4.4553","6.5992","-277767","722233","-27.7767"
"KRX_CONTINUOUS","DS002543","삼성전자","0193L0","SHORT","5/10","10/20","30","180","170","10","5","33.89","-0.1633","-0.4327","21.42","-4.1914","13.5461","-278712","721288","-27.8712"
"KRX_CONTINUOUS","DS001808","삼성전자","0193W0","LONG","5/30","3/20","5","160","153","7","2","31.88","-0.1957","-0.4410","12.97","-3.2527","5.6990","-278750","721250","-27.8750"
"KRX_CONTINUOUS","DS004784","삼성전자","0193W0","LONG","20/30","20/30","5","78","74","4","1","29.49","-0.4054","-0.7528","25.55","-4.2334","5.5431","-278946","721054","-27.8946"
"KRX_CONTINUOUS","DS000907","삼성전자","0193L0","SHORT","10/30","3/10","NONE","130","126","4","3","31.54","-0.2494","-0.2000","9.05","-3.4571","2.1372","-279839","720161","-27.9839"
"KRX_CONTINUOUS","DS000623","삼성전자","0193L0","SHORT","5/10","3/10","30","180","175","5","2","29.44","-0.1742","-0.3177","7.71","-3.0413","14.0707","-280050","719950","-28.0050"
"KRX_CONTINUOUS","DS004640","삼성전자","0193W0","LONG","3/30","20/30","5","168","155","13","4","31.55","-0.1721","-0.4198","26.23","-4.4553","7.4410","-280581","719419","-28.0581"
"KRX_CONTINUOUS","DS001689","SK하이닉스","0193T0","LONG","10/20","3/20","10","131","126","5","2","25.95","-0.2418","-0.5201","14.13","-3.3434","6.6802","-280737","719263","-28.0737"
"KRX_CONTINUOUS","DS002791","SK하이닉스","0193T0","LONG","10/30","10/20","NONE","104","96","8","3","27.88","-0.3036","-0.5222","16.65","-4.6699","7.5758","-281016","718984","-28.1016"
"KRX_CONTINUOUS","DS003152","삼성전자","0193W0","LONG","10/20","3/30","5","120","112","8","3","32.50","-0.2664","-0.4828","18.59","-4.2726","5.3840","-281127","718873","-28.1127"
"KRX_CONTINUOUS","DS002167","SK하이닉스","0193T0","LONG","10/20","5/20","NONE","141","134","7","2","29.79","-0.2243","-0.4654","15.23","-4.9790","6.6802","-281478","718522","-28.1478"
"KRX_CONTINUOUS","DS000082","삼성전자","0193W0","LONG","3/10","3/5","20","183","180","3","2","27.87","-0.1762","-0.3164","4.91","-2.5754","3.9131","-281621","718379","-28.1621"
"KRX_CONTINUOUS","DS003200","삼성전자","0193W0","LONG","3/30","3/30","5","168","162","6","1","30.36","-0.1893","-0.4258","15.05","-3.7153","5.4923","-281702","718298","-28.1702"
"KRX_CONTINUOUS","DS001207","SK하이닉스","0193T0","LONG","10/20","5/10","NONE","141","137","4","2","31.21","-0.2293","-0.3791","8.99","-2.5618","5.2213","-281745","718255","-28.1745"
"KRX_CONTINUOUS","DS001089","삼성전자","0193W0","LONG","5/10","5/10","10","147","143","4","2","29.25","-0.2188","-0.3883","9.84","-2.2352","5.8406","-281796","718204","-28.1796"
"KRX_CONTINUOUS","DS001620","삼성전자","0193W0","LONG","3/20","3/20","50","126","122","4","2","26.98","-0.2585","-0.3919","11.38","-3.2527","4.2730","-282417","717583","-28.2417"
"KRX_CONTINUOUS","DS003898","SK하이닉스","0193T0","LONG","3/10","10/30","20","137","128","9","6","26.28","-0.1873","-0.7634","23.72","-4.4148","9.4216","-282956","717044","-28.2956"
"KRX_CONTINUOUS","DS003994","SK하이닉스","0193T0","LONG","3/20","10/30","20","79","71","8","4","20.25","-0.3919","-0.7408","22.33","-4.8249","9.4216","-283189","716811","-28.3189"
"KRX_CONTINUOUS","DS003947","SK하이닉스","0193T0","LONG","5/10","10/30","30","127","120","7","6","27.56","-0.2130","-0.7597","26.80","-3.1487","9.2110","-283492","716508","-28.3492"
"KRX_CONTINUOUS","DS003561","SK하이닉스","0193T0","LONG","5/20","5/30","10","139","128","11","3","28.06","-0.2232","-0.6403","23.50","-5.7498","9.3323","-283942","716058","-28.3942"
"KRX_CONTINUOUS","DS002769","삼성전자","0193W0","LONG","5/30","10/20","10","130","122","8","3","33.08","-0.2474","-0.4471","17.95","-4.1778","6.2549","-284273","715727","-28.4273"
"KRX_CONTINUOUS","DS003789","삼성전자","0193L0","SHORT","10/30","5/30","10","119","113","6","3","26.89","-0.2751","-0.5208","20.78","-2.3429","3.7348","-284558","715442","-28.4558"
"KRX_CONTINUOUS","DS000729","SK하이닉스","0193T0","LONG","10/20","3/10","10","131","127","4","2","27.48","-0.2497","-0.3830","8.82","-3.3434","5.1035","-284649","715351","-28.4649"
"KRX_CONTINUOUS","DS002349","삼성전자","0193L0","SHORT","10/30","5/20","10","119","114","5","2","26.05","-0.2762","-0.4415","16.32","-2.3429","3.1945","-284808","715192","-28.4808"
"KRX_CONTINUOUS","DS003838","삼성전자","0193L0","SHORT","20/30","5/30","20","111","105","6","2","23.42","-0.2945","-0.4609","20.71","-4.5985","4.2746","-285060","714940","-28.5060"
"KRX_CONTINUOUS","DS002647","SK하이닉스","0193T0","LONG","10/20","10/20","NONE","141","132","9","2","30.50","-0.2242","-0.5165","17.63","-5.7498","7.2838","-285065","714935","-28.5065"
"KRX_CONTINUOUS","DS003034","SK하이닉스","0193T0","LONG","3/20","3/30","20","79","76","3","2","22.78","-0.4116","-0.6237","15.97","-4.9790","6.0228","-285088","714912","-28.5088"
"KRX_CONTINUOUS","DS003946","SK하이닉스","0193T0","LONG","5/10","10/30","20","129","118","11","6","27.13","-0.2070","-0.7929","25.16","-3.1487","9.2110","-285187","714813","-28.5187"
"KRX_CONTINUOUS","DS000129","삼성전자","0193W0","LONG","5/10","3/5","10","147","146","1","1","24.49","-0.2251","-0.2900","4.86","-2.2352","3.1990","-285402","714598","-28.5402"
"KRX_CONTINUOUS","DS004380","SK하이닉스","0193T0","LONG","3/10","20/30","50","134","124","10","10","32.09","-0.1844","-0.7102","33.18","-4.5653","10.9402","-285608","714392","-28.5608"
"KRX_CONTINUOUS","DS000120","SK하이닉스","0197X0","SHORT","5/10","3/5","50","165","161","4","2","29.09","-0.1979","-0.2698","4.98","-3.6571","7.4070","-286014","713986","-28.6014"
"KRX_CONTINUOUS","DS003972","삼성전자","0193W0","LONG","5/10","10/30","50","177","165","12","9","29.38","-0.1328","-0.5086","29.29","-4.9713","10.2292","-286146","713854","-28.6146"
"KRX_CONTINUOUS","DS002637","삼성전자","0193L0","SHORT","5/20","10/20","10","162","151","11","2","35.80","-0.1961","-0.3690","20.09","-4.1914","13.5461","-286165","713835","-28.6165"
"KRX_CONTINUOUS","DS001545","SK하이닉스","0193T0","LONG","5/10","3/20","10","143","139","4","4","30.07","-0.2138","-0.6072","13.99","-2.4885","7.7688","-286490","713510","-28.6490"
"KRX_CONTINUOUS","DS004476","SK하이닉스","0193T0","LONG","3/20","20/30","50","78","76","2","7","30.77","-0.4045","-0.7744","31.10","-4.4652","8.5877","-286660","713340","-28.6660"
"KRX_CONTINUOUS","DS002830","삼성전자","0193L0","SHORT","10/30","10/20","20","98","90","8","3","25.51","-0.3385","-0.4476","18.65","-4.3465","3.1945","-286742","713258","-28.6742"
"KRX_CONTINUOUS","DS002732","삼성전자","0193L0","SHORT","3/30","10/20","5","166","156","10","3","34.34","-0.1893","-0.3758","21.63","-4.1914","13.5461","-287057","712943","-28.7057"
"KRX_CONTINUOUS","DS001807","삼성전자","0193W0","LONG","5/30","3/20","NONE","170","162","8","2","31.18","-0.1909","-0.4325","12.68","-3.2527","5.6990","-287091","712909","-28.7091"
"KRX_CONTINUOUS","DS004664","SK하이닉스","0193T0","LONG","5/30","20/30","5","115","103","12","4","31.30","-0.2673","-0.5351","30.41","-4.4652","10.0731","-287169","712831","-28.7169"
"KRX_CONTINUOUS","DS003081","SK하이닉스","0193T0","LONG","5/20","3/30","10","139","133","6","3","27.34","-0.2281","-0.5955","18.87","-4.9790","9.3323","-287297","712703","-28.7297"
"KRX_CONTINUOUS","DS000095","삼성전자","0193L0","SHORT","3/10","3/5","30","211","207","4","2","27.01","-0.1541","-0.2462","5.01","-3.0413","13.0214","-287323","712677","-28.7323"
"KRX_CONTINUOUS","DS002624","삼성전자","0193W0","LONG","5/20","10/20","5","198","186","12","4","34.85","-0.1615","-0.3547","17.91","-4.1778","6.5831","-287411","712589","-28.7411"
"KRX_CONTINUOUS","DS000199","SK하이닉스","0193T0","LONG","5/20","3/5","NONE","162","159","3","2","29.63","-0.2027","-0.3466","5.23","-3.8240","6.2516","-287424","712576","-28.7424"
"KRX_CONTINUOUS","DS004644","삼성전자","0193W0","LONG","3/30","20/30","50","102","99","3","4","27.45","-0.3136","-0.5363","23.33","-4.4553","5.7129","-287621","712379","-28.7621"
"KRX_CONTINUOUS","DS001066","SK하이닉스","0193T0","LONG","5/10","5/10","20","129","126","3","2","27.13","-0.2543","-0.4805","9.42","-2.7057","4.9307","-287677","712323","-28.7677"
"KRX_CONTINUOUS","DS003740","삼성전자","0193L0","SHORT","5/30","5/30","5","160","153","7","2","24.38","-0.2007","-0.4638","18.19","-2.3429","13.7559","-287735","712265","-28.7735"
"KRX_CONTINUOUS","DS002866","삼성전자","0193W0","LONG","20/30","10/20","20","112","106","6","3","27.68","-0.2944","-0.4909","15.64","-3.9552","4.7088","-287840","712160","-28.7840"
"KRX_CONTINUOUS","DS000200","SK하이닉스","0193T0","LONG","5/20","3/5","5","161","158","3","2","29.19","-0.2044","-0.3512","5.14","-3.8240","6.2516","-287893","712107","-28.7893"
"KRX_CONTINUOUS","DS002768","삼성전자","0193W0","LONG","5/30","10/20","5","160","149","11","3","33.13","-0.2019","-0.4545","18.09","-4.1778","6.2549","-287929","712071","-28.7929"
"KRX_CONTINUOUS","DS000621","삼성전자","0193L0","SHORT","5/10","3/10","10","157","155","2","2","29.30","-0.2069","-0.3578","8.41","-3.0413","14.0707","-287988","712012","-28.7988"
"KRX_CONTINUOUS","DS004212","삼성전자","0193W0","LONG","5/30","10/30","50","83","79","4","3","26.51","-0.4007","-0.5099","21.69","-4.7328","4.5664","-288220","711780","-28.8220"
"KRX_CONTINUOUS","DS002169","SK하이닉스","0193T0","LONG","10/20","5/20","10","131","124","7","2","29.01","-0.2495","-0.5212","15.66","-4.9790","6.6802","-288434","711566","-28.8434"
"KRX_CONTINUOUS","DS002842","SK하이닉스","0193T0","LONG","20/30","10/20","20","89","82","7","3","23.60","-0.3680","-0.5724","18.71","-7.0896","5.3490","-288510","711490","-28.8510"
"KRX_CONTINUOUS","DS003585","삼성전자","0193W0","LONG","5/20","5/30","10","158","146","12","3","33.54","-0.2025","-0.5163","20.77","-4.9105","7.6623","-289076","710924","-28.9076"
"KRX_CONTINUOUS","DS000704","삼성전자","0193W0","LONG","5/20","3/10","5","198","191","7","2","30.81","-0.1670","-0.3395","8.14","-2.6483","5.8406","-289204","710796","-28.9204"
"KRX_CONTINUOUS","DS004233","SK하이닉스","0193T0","LONG","10/30","10/30","10","94","85","9","2","24.47","-0.3406","-0.7411","23.73","-5.0652","10.3433","-289382","710618","-28.9382"
"KRX_CONTINUOUS","DS003739","삼성전자","0193L0","SHORT","5/30","5/30","NONE","170","162","8","2","24.71","-0.1902","-0.4506","18.16","-2.3429","13.7559","-289631","710369","-28.9631"
"KRX_CONTINUOUS","DS002506","SK하이닉스","0193T0","LONG","5/10","10/20","20","129","121","8","4","31.01","-0.2466","-0.5255","18.54","-2.7440","6.2717","-290057","709943","-29.0057"
"KRX_CONTINUOUS","DS004616","SK하이닉스","0193T0","LONG","3/30","20/30","5","124","112","12","4","34.68","-0.2494","-0.4404","31.24","-4.4652","10.5050","-290583","709417","-29.0583"
"KRX_CONTINUOUS","DS000096","삼성전자","0193L0","SHORT","3/10","3/5","50","199","196","3","2","26.63","-0.1658","-0.2972","4.94","-3.0413","13.0214","-290739","709261","-29.0739"
"KRX_CONTINUOUS","DS000574","삼성전자","0193L0","SHORT","3/10","3/10","20","202","198","4","2","30.20","-0.1621","-0.3003","8.54","-3.0413","14.0707","-290762","709238","-29.0762"
"KRX_CONTINUOUS","DS001809","삼성전자","0193W0","LONG","5/30","3/20","10","130","124","6","2","29.23","-0.2569","-0.4910","13.22","-3.2527","5.6990","-290765","709235","-29.0765"
"KRX_CONTINUOUS","DS001183","삼성전자","0193W0","LONG","5/20","5/10","NONE","205","197","8","2","30.73","-0.1620","-0.3266","9.03","-2.3630","5.8406","-291213","708787","-29.1213"
"KRX_CONTINUOUS","DS002494","삼성전자","0193L0","SHORT","3/10","10/20","20","202","193","9","6","30.20","-0.1466","-0.4355","20.45","-4.1914","13.5461","-292162","707838","-29.2162"
"KRX_CONTINUOUS","DS003249","삼성전자","0193W0","LONG","5/30","3/30","10","130","124","6","2","30.00","-0.2588","-0.5063","16.46","-3.7153","5.3840","-293156","706844","-29.3156"
"KRX_CONTINUOUS","DS002026","SK하이닉스","0193T0","LONG","5/10","5/20","20","129","124","5","5","28.68","-0.2529","-0.6016","14.68","-2.7057","6.1754","-293659","706341","-29.3659"
"KRX_CONTINUOUS","DS004761","SK하이닉스","0193T0","LONG","20/30","20/30","10","67","63","4","1","26.87","-0.4930","-0.7263","28.73","-6.3664","9.0080","-293905","706095","-29.3905"
"KRX_CONTINUOUS","DS000727","SK하이닉스","0193T0","LONG","10/20","3/10","NONE","141","137","4","2","28.37","-0.2414","-0.3783","9.43","-3.3434","5.1035","-294083","705917","-29.4083"
"KRX_CONTINUOUS","DS004232","SK하이닉스","0193T0","LONG","10/30","10/30","5","77","72","5","2","23.38","-0.4288","-0.8064","25.81","-5.0652","10.3433","-294184","705816","-29.4184"
"KRX_CONTINUOUS","DS003346","삼성전자","0193W0","LONG","20/30","3/30","20","112","108","4","2","29.46","-0.3039","-0.4549","16.75","-3.4916","3.9141","-294671","705329","-29.4671"
"KRX_CONTINUOUS","DS003682","삼성전자","0193W0","LONG","3/30","5/30","20","116","110","6","4","28.45","-0.2937","-0.5114","15.96","-4.1778","4.5664","-294933","705067","-29.4933"
"KRX_CONTINUOUS","DS003115","삼성전자","0193L0","SHORT","5/20","3/30","NONE","205","199","6","4","27.32","-0.1585","-0.3640","19.73","-6.1470","13.7559","-295321","704679","-29.5321"
"KRX_CONTINUOUS","DS000562","삼성전자","0193W0","LONG","3/10","3/10","20","183","179","4","2","27.87","-0.1860","-0.3530","7.83","-2.4610","4.6843","-295525","704475","-29.5525"
"KRX_CONTINUOUS","DS002781","삼성전자","0193L0","SHORT","5/30","10/20","10","139","130","9","3","30.22","-0.2379","-0.4404","20.17","-3.6091","13.5461","-295542","704458","-29.5542"
"KRX_CONTINUOUS","DS002542","삼성전자","0193L0","SHORT","5/10","10/20","20","167","156","11","5","28.74","-0.1919","-0.4404","18.99","-4.1914","13.5461","-295733","704267","-29.5733"
"KRX_CONTINUOUS","DS004786","삼성전자","0193W0","LONG","20/30","20/30","20","112","106","6","2","31.25","-0.2997","-0.5348","23.63","-4.2334","7.1607","-295977","704023","-29.5977"
"KRX_CONTINUOUS","DS003729","삼성전자","0193W0","LONG","5/30","5/30","10","130","121","9","1","29.23","-0.2609","-0.5251","17.27","-4.1778","7.3307","-296100","703900","-29.6100"
"KRX_CONTINUOUS","DS004040","SK하이닉스","0193T0","LONG","5/20","10/30","5","161","145","16","6","32.30","-0.1776","-0.6752","30.14","-5.1830","10.9906","-296128","703872","-29.6128"
"KRX_CONTINUOUS","DS004231","SK하이닉스","0193T0","LONG","10/30","10/30","NONE","104","95","9","2","25.96","-0.3172","-0.6875","22.15","-5.0652","10.3433","-296504","703496","-29.6504"
"KRX_CONTINUOUS","DS003801","SK하이닉스","0193T0","LONG","20/30","5/30","10","67","63","4","3","20.90","-0.5068","-0.7077","21.16","-7.0896","6.2442","-297052","702948","-29.7052"
"KRX_CONTINUOUS","DS001508","SK하이닉스","0197X0","SHORT","3/10","3/20","5","284","274","10","5","32.75","-0.1008","-0.4567","18.39","-6.9416","17.4211","-297118","702882","-29.7118"
"KRX_CONTINUOUS","DS004318","삼성전자","0193L0","SHORT","20/30","10/30","20","111","103","8","3","26.13","-0.3076","-0.4294","24.01","-5.0225","4.9938","-297177","702823","-29.7177"
"KRX_CONTINUOUS","DS002530","삼성전자","0193W0","LONG","5/10","10/20","20","160","149","11","5","30.00","-0.2070","-0.3744","17.79","-4.1778","5.6990","-297404","702596","-29.7404"
"KRX_CONTINUOUS","DS002386","삼성전자","0193W0","LONG","20/30","5/20","20","112","108","4","2","27.68","-0.3084","-0.4488","12.63","-3.4916","4.3816","-297451","702549","-29.7451"
"KRX_CONTINUOUS","DS000187","삼성전자","0193L0","SHORT","3/20","3/5","NONE","249","247","2","2","28.92","-0.1362","-0.2767","4.90","-3.0413","13.0214","-297528","702472","-29.7528"
"KRX_CONTINUOUS","DS003514","SK하이닉스","0193T0","LONG","3/20","5/30","20","79","72","7","3","21.52","-0.4324","-0.7164","18.08","-5.7498","6.2717","-297612","702388","-29.7612"
"KRX_CONTINUOUS","DS003024","삼성전자","0193L0","SHORT","5/10","3/30","50","171","164","7","5","28.07","-0.1944","-0.4646","18.47","-5.4212","13.7559","-297840","702160","-29.7840"
"KRX_CONTINUOUS","DS004039","SK하이닉스","0193T0","LONG","5/20","10/30","NONE","162","146","16","6","32.10","-0.1781","-0.6720","30.20","-5.1830","10.9906","-297930","702070","-29.7930"
"KRX_CONTINUOUS","DS001042","삼성전자","0193W0","LONG","3/10","5/10","20","183","179","4","4","30.05","-0.1843","-0.3436","9.66","-3.8796","4.6843","-298232","701768","-29.8232"
"KRX_CONTINUOUS","DS001665","삼성전자","0193W0","LONG","5/20","3/20","10","158","150","8","2","31.01","-0.2171","-0.4647","12.66","-3.2527","5.6990","-298411","701589","-29.8411"
"KRX_CONTINUOUS","DS002040","SK하이닉스","0197X0","SHORT","5/10","5/20","50","165","158","7","4","29.09","-0.1971","-0.5159","17.88","-5.1400","7.9352","-298469","701531","-29.8469"
"KRX_CONTINUOUS","DS001080","SK하이닉스","0197X0","SHORT","5/10","5/10","50","165","161","4","2","31.52","-0.2057","-0.4776","9.99","-4.1202","6.7202","-298523","701477","-29.8523"
"KRX_CONTINUOUS","DS001291","삼성전자","0193L0","SHORT","3/30","5/10","NONE","206","199","7","4","30.10","-0.1632","-0.2756","10.75","-2.4654","13.6510","-298544","701456","-29.8544"
"KRX_CONTINUOUS","DS004572","SK하이닉스","0193T0","LONG","10/20","20/30","50","54","51","3","4","29.63","-0.6389","-0.8780","27.83","-5.0378","5.0109","-298858","701142","-29.8858"
"KRX_CONTINUOUS","DS002507","SK하이닉스","0193T0","LONG","5/10","10/20","30","127","122","5","4","32.28","-0.2645","-0.4972","20.94","-4.0290","6.2717","-299048","700952","-29.9048"
"KRX_CONTINUOUS","DS000703","삼성전자","0193W0","LONG","5/20","3/10","NONE","205","198","7","2","30.73","-0.1684","-0.3164","8.10","-2.6483","5.8406","-299654","700346","-29.9654"
"KRX_CONTINUOUS","DS001507","SK하이닉스","0197X0","SHORT","3/10","3/20","NONE","342","330","12","5","34.21","-0.0826","-0.4068","18.17","-6.9416","17.4211","-299804","700196","-29.9804"
"KRX_CONTINUOUS","DS002974","삼성전자","0193L0","SHORT","3/10","3/30","20","202","194","8","7","29.21","-0.1623","-0.5157","19.65","-3.0413","13.7559","-300226","699774","-30.0226"
"KRX_CONTINUOUS","DS000119","SK하이닉스","0197X0","SHORT","5/10","3/5","30","149","147","2","2","30.87","-0.2347","-0.2698","4.91","-3.6571","4.4023","-300240","699760","-30.0240"
"KRX_CONTINUOUS","DS002109","삼성전자","0193L0","SHORT","3/20","5/20","10","183","175","8","3","31.69","-0.1825","-0.3898","16.39","-5.2344","14.4905","-300712","699288","-30.0712"
"KRX_CONTINUOUS","DS003540","삼성전자","0193W0","LONG","3/20","5/30","50","126","120","6","6","30.95","-0.2675","-0.4258","20.75","-4.8169","6.6041","-300743","699257","-30.0743"
"KRX_CONTINUOUS","DS002520","SK하이닉스","0197X0","SHORT","5/10","10/20","50","165","155","10","4","32.73","-0.1927","-0.4262","22.04","-4.9962","8.6220","-300862","699138","-30.0862"
"KRX_CONTINUOUS","DS003970","삼성전자","0193W0","LONG","5/10","10/30","20","160","146","14","9","28.13","-0.1686","-0.5508","25.40","-4.7328","10.2292","-301016","698984","-30.1016"
"KRX_CONTINUOUS","DS002051","삼성전자","0193W0","LONG","5/10","5/20","30","164","158","6","4","29.88","-0.2092","-0.3826","15.51","-3.7153","5.3687","-301082","698918","-30.1082"
"KRX_CONTINUOUS","DS003787","삼성전자","0193L0","SHORT","10/30","5/30","NONE","130","120","10","3","29.23","-0.2688","-0.4821","20.77","-4.2000","3.7348","-301276","698724","-30.1276"
"KRX_CONTINUOUS","DS002625","삼성전자","0193W0","LONG","5/20","10/20","10","158","147","11","3","32.91","-0.2166","-0.4128","18.21","-4.1778","6.5831","-301442","698558","-30.1442"
"KRX_CONTINUOUS","DS002532","삼성전자","0193W0","LONG","5/10","10/20","50","177","164","13","5","32.77","-0.1885","-0.3517","21.02","-4.1778","5.6990","-301498","698502","-30.1498"
"KRX_CONTINUOUS","DS002155","삼성전자","0193L0","SHORT","5/20","5/20","NONE","205","197","8","2","26.83","-0.1655","-0.3548","15.51","-2.4164","14.4905","-302020","697980","-30.2020"
"KRX_CONTINUOUS","DS002312","SK하이닉스","0193T0","LONG","10/30","5/20","5","77","74","3","2","28.57","-0.4578","-0.6655","15.79","-3.8902","5.2054","-302274","697726","-30.2274"
"KRX_CONTINUOUS","DS003633","삼성전자","0193W0","LONG","10/20","5/30","10","157","144","13","3","33.76","-0.2172","-0.5080","20.41","-4.9105","7.3307","-302290","697710","-30.2290"
"KRX_CONTINUOUS","DS004596","삼성전자","0193W0","LONG","10/20","20/30","50","81","78","3","3","27.16","-0.4288","-0.4829","27.06","-5.1068","5.7678","-302470","697530","-30.2470"
"KRX_CONTINUOUS","DS000331","삼성전자","0193L0","SHORT","3/30","3/5","NONE","206","203","3","2","28.16","-0.1690","-0.2688","4.85","-1.7917","13.0214","-302669","697331","-30.2669"
"KRX_CONTINUOUS","DS004172","삼성전자","0193L0","SHORT","3/30","10/30","5","166","152","14","3","30.12","-0.1990","-0.3942","26.68","-4.2992","13.8084","-302684","697316","-30.2684"
"KRX_CONTINUOUS","DS000972","SK하이닉스","0193T0","LONG","3/5","5/10","50","246","242","4","5","36.59","-0.1339","-0.3274","13.23","-4.8392","5.5449","-303548","696452","-30.3548"
"KRX_CONTINUOUS","DS001571","삼성전자","0193W0","LONG","5/10","3/20","30","164","159","5","4","26.22","-0.2125","-0.4101","12.83","-3.2527","5.6990","-303693","696307","-30.3693"
"KRX_CONTINUOUS","DS004663","SK하이닉스","0193T0","LONG","5/30","20/30","NONE","117","105","12","4","30.77","-0.2830","-0.5376","30.08","-4.4652","10.0731","-304055","695945","-30.4055"
"KRX_CONTINUOUS","DS002028","SK하이닉스","0193T0","LONG","5/10","5/20","50","128","125","3","4","28.91","-0.2689","-0.4858","18.34","-3.7099","4.9419","-304078","695922","-30.4078"
"KRX_CONTINUOUS","DS001879","SK하이닉스","0193T0","LONG","20/30","3/20","NONE","98","92","6","3","20.41","-0.3600","-0.5316","14.35","-4.6580","6.1754","-304967","695033","-30.4967"
"KRX_CONTINUOUS","DS001761","삼성전자","0193W0","LONG","3/30","3/20","10","148","142","6","2","29.73","-0.2385","-0.4535","13.16","-3.2527","5.6990","-305358","694642","-30.5358"
"KRX_CONTINUOUS","DS001497","SK하이닉스","0193T0","LONG","3/10","3/20","10","145","139","6","4","27.59","-0.2262","-0.5552","14.59","-2.7088","8.0933","-305428","694572","-30.5428"
"KRX_CONTINUOUS","DS004160","삼성전자","0193W0","LONG","3/30","10/30","5","168","153","15","3","33.33","-0.2036","-0.5131","25.13","-4.7328","7.4410","-305440","694560","-30.5440"
"KRX_CONTINUOUS","DS003960","SK하이닉스","0197X0","SHORT","5/10","10/30","50","165","152","13","5","37.58","-0.1884","-0.2698","29.57","-10.8140","9.9426","-305521","694479","-30.5521"
"KRX_CONTINUOUS","DS001903","삼성전자","0193W0","LONG","20/30","3/20","NONE","122","117","5","2","25.41","-0.2923","-0.4270","13.09","-4.3046","4.7088","-305677","694323","-30.5677"
"KRX_CONTINUOUS","DS002362","SK하이닉스","0193T0","LONG","20/30","5/20","20","89","85","4","3","24.72","-0.3974","-0.5710","15.17","-6.3297","6.1754","-305754","694246","-30.5754"
"KRX_CONTINUOUS","DS004618","SK하이닉스","0193T0","LONG","3/30","20/30","20","86","74","12","4","36.05","-0.4132","-0.3391","26.97","-4.4652","3.7668","-306269","693731","-30.6269"
"KRX_CONTINUOUS","DS004545","삼성전자","0193W0","LONG","5/20","20/30","10","158","142","16","3","36.08","-0.2061","-0.4076","29.18","-5.1068","7.6623","-306545","693455","-30.6545"
"KRX_CONTINUOUS","DS002939","SK하이닉스","0193T0","LONG","3/10","3/30","30","133","128","5","4","30.08","-0.2428","-0.5423","19.80","-11.4360","7.3991","-306560","693440","-30.6560"
"KRX_CONTINUOUS","DS000117","SK하이닉스","0197X0","SHORT","5/10","3/5","10","143","139","4","1","28.67","-0.2522","-0.3021","5.20","-3.6571","4.4023","-307326","692674","-30.7326"
"KRX_CONTINUOUS","DS003752","SK하이닉스","0193T0","LONG","10/30","5/30","5","77","71","6","2","25.97","-0.4611","-0.8693","21.83","-4.6699","8.4957","-307933","692067","-30.7933"
"KRX_CONTINUOUS","DS002495","삼성전자","0193L0","SHORT","3/10","10/20","30","211","203","8","6","31.75","-0.1502","-0.3629","21.97","-4.1914","13.5461","-308063","691937","-30.8063"
"KRX_CONTINUOUS","DS004221","삼성전자","0193L0","SHORT","5/30","10/30","10","139","127","12","3","25.90","-0.2474","-0.5291","25.87","-3.0369","13.8084","-308087","691913","-30.8087"
"KRX_CONTINUOUS","DS000092","삼성전자","0193L0","SHORT","3/10","3/5","5","300","297","3","2","31.00","-0.1172","-0.2482","5.15","-3.0413","13.0214","-308265","691735","-30.8265"
"KRX_CONTINUOUS","DS003489","삼성전자","0193W0","LONG","5/10","5/30","10","147","140","7","5","27.89","-0.2228","-0.5831","22.76","-4.6761","10.1536","-308529","691471","-30.8529"
"KRX_CONTINUOUS","DS000847","삼성전자","0193W0","LONG","5/30","3/10","NONE","170","165","5","2","24.12","-0.2122","-0.3596","7.66","-2.1082","5.8406","-308892","691108","-30.8892"
"KRX_CONTINUOUS","DS000848","삼성전자","0193W0","LONG","5/30","3/10","5","160","156","4","2","23.13","-0.2260","-0.3840","7.79","-2.1082","5.8406","-309304","690696","-30.9304"
"KRX_CONTINUOUS","DS001137","삼성전자","0193W0","LONG","3/20","5/10","10","164","156","8","2","31.10","-0.2192","-0.3962","9.43","-3.0586","5.1443","-309381","690619","-30.9381"
"KRX_CONTINUOUS","DS004210","삼성전자","0193W0","LONG","5/30","10/30","20","107","100","7","3","28.04","-0.3356","-0.5093","21.74","-4.7328","7.3307","-309809","690191","-30.9809"
"KRX_CONTINUOUS","DS002289","삼성전자","0193W0","LONG","5/30","5/20","10","130","124","6","2","29.23","-0.2770","-0.5080","14.95","-3.7153","5.3687","-310016","689984","-31.0016"
"KRX_CONTINUOUS","DS004089","SK하이닉스","0193T0","LONG","10/20","10/30","10","131","119","12","4","26.72","-0.2572","-0.6556","26.63","-4.8249","10.2005","-310209","689791","-31.0209"
"KRX_CONTINUOUS","DS000273","삼성전자","0193W0","LONG","10/20","3/5","10","157","153","4","2","24.84","-0.2332","-0.2881","4.59","-2.2555","5.0766","-310252","689748","-31.0252"
"KRX_CONTINUOUS","DS002096","삼성전자","0193W0","LONG","3/20","5/20","5","205","195","10","4","33.17","-0.1727","-0.3431","16.63","-3.7153","5.3498","-310334","689666","-31.0334"
"KRX_CONTINUOUS","DS000537","SK하이닉스","0193T0","LONG","3/10","3/10","10","145","141","4","1","29.66","-0.2496","-0.3431","8.85","-3.4415","5.1857","-310481","689519","-31.0481"
"KRX_CONTINUOUS","DS004164","삼성전자","0193W0","LONG","3/30","10/30","50","102","96","6","4","27.45","-0.3531","-0.6233","22.76","-4.7328","4.5664","-310959","689041","-31.0959"
"KRX_CONTINUOUS","DS002496","삼성전자","0193L0","SHORT","3/10","10/20","50","199","189","10","6","32.66","-0.1622","-0.3625","22.16","-4.1914","13.5461","-311267","688733","-31.1267"
"KRX_CONTINUOUS","DS003127","SK하이닉스","0193T0","LONG","10/20","3/30","NONE","141","135","6","2","26.95","-0.2503","-0.5710","19.16","-4.9790","8.8159","-311468","688532","-31.1468"
"KRX_CONTINUOUS","DS000799","삼성전자","0193W0","LONG","3/30","3/10","NONE","205","199","6","2","31.71","-0.1769","-0.3539","8.04","-2.4610","5.8406","-311513","688487","-31.1513"
"KRX_CONTINUOUS","DS001980","SK하이닉스","0193T0","LONG","3/10","5/20","50","134","129","5","4","32.09","-0.2622","-0.4630","19.87","-9.7238","5.2243","-311993","688007","-31.1993"
"KRX_CONTINUOUS","DS000599","SK하이닉스","0197X0","SHORT","5/10","3/10","30","149","147","2","2","30.20","-0.2431","-0.4697","8.62","-2.4275","5.5386","-312067","687933","-31.2067"
"KRX_CONTINUOUS","DS004087","SK하이닉스","0193T0","LONG","10/20","10/30","NONE","141","128","13","5","27.66","-0.2411","-0.6240","27.30","-4.8249","10.2005","-312422","687578","-31.2422"
"KRX_CONTINUOUS","DS002253","삼성전자","0193L0","SHORT","3/30","5/20","10","147","139","8","3","25.85","-0.2395","-0.4291","17.01","-5.2344","14.4905","-312463","687537","-31.2463"
"KRX_CONTINUOUS","DS000561","삼성전자","0193W0","LONG","3/10","3/10","10","155","153","2","1","27.74","-0.2370","-0.3416","8.09","-2.4610","4.6843","-313115","686885","-31.3115"
"KRX_CONTINUOUS","DS002288","삼성전자","0193W0","LONG","5/30","5/20","5","160","152","8","2","30.00","-0.2261","-0.4346","15.09","-3.7153","5.3687","-313973","686027","-31.3973"
"KRX_CONTINUOUS","DS003548","삼성전자","0193L0","SHORT","3/20","5/30","5","198","189","9","6","32.32","-0.1705","-0.3911","23.50","-10.0451","13.7559","-314085","685915","-31.4085"
"KRX_CONTINUOUS","DS004714","SK하이닉스","0193T0","LONG","10/30","20/30","20","78","71","7","3","30.77","-0.4569","-0.7593","30.23","-5.6513","9.5025","-314560","685440","-31.4560"
"KRX_CONTINUOUS","DS004521","SK하이닉스","0193T0","LONG","5/20","20/30","10","139","126","13","5","35.97","-0.2358","-0.6891","32.49","-4.4652","10.1448","-314723","685277","-31.4723"
"KRX_CONTINUOUS","DS003537","삼성전자","0193W0","LONG","3/20","5/30","10","164","151","13","3","30.49","-0.2148","-0.4296","21.03","-4.8169","7.6623","-314859","685141","-31.4859"
"KRX_CONTINUOUS","DS001547","SK하이닉스","0193T0","LONG","5/10","3/20","30","127","123","4","4","29.13","-0.2834","-0.5441","14.61","-8.1219","4.9419","-315073","684927","-31.5073"
"KRX_CONTINUOUS","DS002241","삼성전자","0193W0","LONG","3/30","5/20","10","148","142","6","2","29.73","-0.2458","-0.4768","15.19","-3.7153","5.3687","-315405","684595","-31.5405"
"KRX_CONTINUOUS","DS001759","삼성전자","0193W0","LONG","3/30","3/20","NONE","205","195","10","3","30.73","-0.1769","-0.3920","13.10","-3.2527","5.6990","-315673","684327","-31.5673"
"KRX_CONTINUOUS","DS002484","삼성전자","0193W0","LONG","3/10","10/20","50","190","174","16","6","32.63","-0.1837","-0.3763","20.43","-4.1778","4.8495","-315969","684031","-31.5969"
"KRX_CONTINUOUS","DS000575","삼성전자","0193L0","SHORT","3/10","3/10","30","211","206","5","2","27.49","-0.1726","-0.3145","7.92","-3.0413","14.0707","-316378","683622","-31.6378"
"KRX_CONTINUOUS","DS003504","삼성전자","0193L0","SHORT","5/10","5/30","50","171","161","10","5","26.90","-0.2071","-0.4755","20.51","-5.5097","13.7559","-316647","683353","-31.6647"
"KRX_CONTINUOUS","DS002878","삼성전자","0193L0","SHORT","20/30","10/20","20","111","104","7","2","20.72","-0.3349","-0.4179","17.14","-5.3934","3.9015","-316720","683280","-31.6720"
"KRX_CONTINUOUS","DS002052","삼성전자","0193W0","LONG","5/10","5/20","50","177","168","9","4","32.77","-0.2057","-0.3544","16.25","-3.7153","5.3687","-316761","683239","-31.6761"
"KRX_CONTINUOUS","DS001616","삼성전자","0193W0","LONG","3/20","3/20","5","205","197","8","2","29.76","-0.1801","-0.3886","12.26","-3.2527","5.3498","-317099","682901","-31.7099"
"KRX_CONTINUOUS","DS002721","삼성전자","0193W0","LONG","3/30","10/20","10","148","139","9","3","33.78","-0.2468","-0.5272","18.15","-4.1778","6.3641","-317123","682877","-31.7123"
"KRX_CONTINUOUS","DS000600","SK하이닉스","0197X0","SHORT","5/10","3/10","50","165","161","4","2","29.09","-0.2232","-0.4697","8.53","-2.8829","7.0900","-317804","682196","-31.7804"
"KRX_CONTINUOUS","DS002600","SK하이닉스","0193T0","LONG","5/20","10/20","5","161","150","11","3","33.54","-0.2176","-0.5255","20.29","-5.7498","7.7929","-317951","682049","-31.7951"
"KRX_CONTINUOUS","DS000680","SK하이닉스","0193T0","LONG","5/20","3/10","5","161","157","4","2","34.16","-0.2309","-0.3819","8.96","-4.1071","5.6022","-318018","681982","-31.8018"
"KRX_CONTINUOUS","DS004269","삼성전자","0193L0","SHORT","10/30","10/30","10","119","112","7","2","25.21","-0.3140","-0.5025","24.12","-4.4542","4.4502","-318311","681689","-31.8311"
"KRX_CONTINUOUS","DS003835","삼성전자","0193L0","SHORT","20/30","5/30","NONE","124","116","8","2","25.00","-0.3012","-0.4460","21.07","-4.5985","4.2746","-318341","681659","-31.8341"
"KRX_CONTINUOUS","DS003751","SK하이닉스","0193T0","LONG","10/30","5/30","NONE","104","93","11","4","30.77","-0.3551","-0.5717","19.43","-4.6699","8.4957","-318529","681471","-31.8529"
"KRX_CONTINUOUS","DS000084","삼성전자","0193W0","LONG","3/10","3/5","50","190","187","3","2","26.32","-0.1977","-0.3172","4.64","-2.5754","3.9131","-318550","681450","-31.8550"
"KRX_CONTINUOUS","DS002719","삼성전자","0193W0","LONG","3/30","10/20","NONE","205","194","11","4","33.66","-0.1758","-0.4092","18.04","-4.1778","6.3641","-318581","681419","-31.8581"
"KRX_CONTINUOUS","DS003010","삼성전자","0193W0","LONG","5/10","3/30","20","160","152","8","7","26.25","-0.2190","-0.4361","17.42","-3.7153","7.0961","-318720","681280","-31.8720"
"KRX_CONTINUOUS","DS003694","삼성전자","0193L0","SHORT","3/30","5/30","20","132","124","8","2","24.24","-0.2766","-0.4764","19.11","-4.5985","13.7559","-318819","681181","-31.8819"
"KRX_CONTINUOUS","DS003536","삼성전자","0193W0","LONG","3/20","5/30","5","205","192","13","5","33.66","-0.1696","-0.4059","22.85","-4.8169","7.6623","-319069","680931","-31.9069"
"KRX_CONTINUOUS","DS004065","삼성전자","0193W0","LONG","5/20","10/30","10","158","141","17","3","35.44","-0.2281","-0.4996","26.87","-5.2049","7.6623","-319780","680220","-31.9780"
"KRX_CONTINUOUS","DS001004","삼성전자","0193L0","SHORT","3/5","5/10","5","297","290","7","5","32.66","-0.1216","-0.2789","10.63","-2.4654","13.6510","-319792","680208","-31.9792"
"KRX_CONTINUOUS","DS002552","SK하이닉스","0193T0","LONG","3/20","10/20","5","167","157","10","4","33.53","-0.2070","-0.3978","22.25","-6.5341","7.4106","-320202","679798","-32.0202"
"KRX_CONTINUOUS","DS003502","삼성전자","0193L0","SHORT","5/10","5/30","20","167","157","10","6","26.95","-0.2142","-0.5107","18.40","-2.7190","13.7559","-320418","679582","-32.0418"
"KRX_CONTINUOUS","DS003129","SK하이닉스","0193T0","LONG","10/20","3/30","10","131","125","6","2","26.72","-0.2802","-0.6016","18.98","-4.9790","8.8159","-320539","679461","-32.0539"
"KRX_CONTINUOUS","DS000679","SK하이닉스","0193T0","LONG","5/20","3/10","NONE","162","158","4","2","33.95","-0.2320","-0.3819","8.91","-4.1071","5.6022","-320833","679167","-32.0833"
"KRX_CONTINUOUS","DS003503","삼성전자","0193L0","SHORT","5/10","5/30","30","180","170","10","7","27.22","-0.1999","-0.4818","19.13","-2.7190","13.7559","-321107","678893","-32.1107"
"KRX_CONTINUOUS","DS000595","SK하이닉스","0197X0","SHORT","5/10","3/10","NONE","321","316","5","2","33.33","-0.1109","-0.3907","9.15","-4.3451","7.0900","-321276","678724","-32.1276"
"KRX_CONTINUOUS","DS003419","SK하이닉스","0193T0","LONG","3/10","5/30","30","133","125","8","4","30.83","-0.2572","-0.6228","22.68","-10.0448","7.7295","-321412","678588","-32.1412"
"KRX_CONTINUOUS","DS003826","삼성전자","0193W0","LONG","20/30","5/30","20","112","105","7","3","28.57","-0.3374","-0.5087","17.80","-3.9552","5.5431","-321420","678580","-32.1420"
"KRX_CONTINUOUS","DS002623","삼성전자","0193W0","LONG","5/20","10/20","NONE","205","192","13","4","33.66","-0.1795","-0.3766","17.97","-4.1778","6.5831","-321426","678574","-32.1426"
"KRX_CONTINUOUS","DS004617","SK하이닉스","0193T0","LONG","3/30","20/30","10","116","105","11","3","34.48","-0.3090","-0.4944","31.31","-4.4652","10.5050","-321501","678499","-32.1501"
"KRX_CONTINUOUS","DS002467","SK하이닉스","0197X0","SHORT","3/10","10/20","NONE","342","326","16","6","37.43","-0.0811","-0.3564","24.77","-7.6512","17.1694","-322024","677976","-32.2024"
"KRX_CONTINUOUS","DS002468","SK하이닉스","0197X0","SHORT","3/10","10/20","5","284","271","13","5","35.92","-0.1024","-0.3717","25.04","-7.6512","17.1694","-322296","677704","-32.2296"
"KRX_CONTINUOUS","DS002145","삼성전자","0193W0","LONG","5/20","5/20","10","158","150","8","2","32.28","-0.2390","-0.4504","14.18","-3.7153","5.3687","-323139","676861","-32.3139"
"KRX_CONTINUOUS","DS003480","SK하이닉스","0197X0","SHORT","5/10","5/30","50","165","154","11","4","29.09","-0.2209","-0.5484","22.68","-4.5313","8.5163","-323485","676515","-32.3485"
"KRX_CONTINUOUS","DS002599","SK하이닉스","0193T0","LONG","5/20","10/20","NONE","162","151","11","3","33.33","-0.2214","-0.5284","20.19","-5.7498","7.7929","-323668","676332","-32.3668"
"KRX_CONTINUOUS","DS001977","SK하이닉스","0193T0","LONG","3/10","5/20","10","145","137","8","4","30.34","-0.2412","-0.5503","17.54","-4.1528","8.0933","-323699","676301","-32.3699"
"KRX_CONTINUOUS","DS004282","SK하이닉스","0193T0","LONG","20/30","10/30","20","89","81","8","3","20.22","-0.4167","-0.7294","25.62","-6.1777","9.8451","-323717","676283","-32.3717"
"KRX_CONTINUOUS","DS003681","삼성전자","0193W0","LONG","3/30","5/30","10","148","138","10","2","29.05","-0.2538","-0.5210","17.11","-4.1778","7.4410","-323863","676137","-32.3863"
"KRX_CONTINUOUS","DS002734","삼성전자","0193L0","SHORT","3/30","10/20","20","132","122","10","3","29.55","-0.2802","-0.3665","20.36","-5.3934","13.5461","-323903","676097","-32.3903"
"KRX_CONTINUOUS","DS001560","SK하이닉스","0197X0","SHORT","5/10","3/20","50","165","159","6","4","25.45","-0.2230","-0.5159","15.30","-4.9482","6.4561","-324258","675742","-32.4258"
"KRX_CONTINUOUS","DS001500","SK하이닉스","0193T0","LONG","3/10","3/20","50","134","131","3","4","31.34","-0.2792","-0.4782","16.69","-9.4028","4.7005","-324407","675593","-32.4407"
"KRX_CONTINUOUS","DS002767","삼성전자","0193W0","LONG","5/30","10/20","NONE","170","159","11","3","31.76","-0.2214","-0.4566","17.63","-4.1778","6.2549","-325281","674719","-32.5281"
"KRX_CONTINUOUS","DS002963","삼성전자","0193W0","LONG","3/10","3/30","30","181","175","6","6","27.62","-0.1953","-0.4051","18.22","-8.3827","6.5920","-325289","674711","-32.5289"
"KRX_CONTINUOUS","DS004267","삼성전자","0193L0","SHORT","10/30","10/30","NONE","130","119","11","3","28.46","-0.2952","-0.4850","23.65","-4.4542","4.4502","-325461","674539","-32.5461"
"KRX_CONTINUOUS","DS004497","삼성전자","0193W0","LONG","3/20","20/30","10","164","146","18","5","32.93","-0.2113","-0.4041","29.51","-5.0134","7.6623","-325591","674409","-32.5591"
"KRX_CONTINUOUS","DS001572","삼성전자","0193W0","LONG","5/10","3/20","50","177","169","8","4","29.38","-0.2132","-0.3886","13.94","-3.3762","5.6990","-325635","674365","-32.5635"
"KRX_CONTINUOUS","DS003454","삼성전자","0193L0","SHORT","3/10","5/30","20","202","193","9","7","27.23","-0.1739","-0.5399","20.69","-2.4868","13.7559","-325724","674276","-32.5724"
"KRX_CONTINUOUS","DS001592","SK하이닉스","0193T0","LONG","3/20","3/20","5","167","161","6","1","28.74","-0.2269","-0.5342","13.07","-3.2832","7.4464","-325753","674247","-32.5753"
"KRX_CONTINUOUS","DS000811","삼성전자","0193L0","SHORT","3/30","3/10","NONE","206","200","6","3","28.16","-0.1844","-0.2807","8.64","-2.7351","14.0707","-326713","673287","-32.6713"
"KRX_CONTINUOUS","DS003945","SK하이닉스","0193T0","LONG","5/10","10/30","10","143","132","11","6","29.37","-0.2083","-0.8346","27.99","-6.5093","11.2808","-326863","673137","-32.6863"
"KRX_CONTINUOUS","DS004688","삼성전자","0193W0","LONG","5/30","20/30","5","160","148","12","4","28.75","-0.2200","-0.4970","24.96","-4.4553","7.3307","-326884","673116","-32.6884"
"KRX_CONTINUOUS","DS004783","삼성전자","0193W0","LONG","20/30","20/30","NONE","122","116","6","2","29.51","-0.3128","-0.5082","22.16","-4.2334","7.1607","-327680","672320","-32.7680"
"KRX_CONTINUOUS","DS001160","SK하이닉스","0193T0","LONG","5/20","5/10","5","161","156","5","2","37.27","-0.2406","-0.3904","9.65","-3.3443","5.7207","-327943","672057","-32.7943"
"KRX_CONTINUOUS","DS003596","삼성전자","0193L0","SHORT","5/20","5/30","5","188","177","11","4","28.72","-0.1933","-0.4279","22.28","-10.0451","13.7559","-327977","672023","-32.7977"
"KRX_CONTINUOUS","DS000151","SK하이닉스","0193T0","LONG","3/20","3/5","NONE","190","186","4","1","29.47","-0.2038","-0.3392","5.23","-2.1095","5.8940","-328133","671867","-32.8133"
"KRX_CONTINUOUS","DS002553","SK하이닉스","0193T0","LONG","3/20","10/20","10","146","137","9","3","32.88","-0.2476","-0.4676","20.92","-6.5341","7.4106","-328207","671793","-32.8207"
"KRX_CONTINUOUS","DS003631","삼성전자","0193W0","LONG","10/20","5/30","NONE","167","154","13","3","32.93","-0.2266","-0.5080","20.60","-4.9105","7.3307","-328276","671724","-32.8276"
"KRX_CONTINUOUS","DS000081","삼성전자","0193W0","LONG","3/10","3/5","10","155","154","1","2","27.74","-0.2521","-0.2995","5.05","-3.0298","3.9131","-328565","671435","-32.8565"
"KRX_CONTINUOUS","DS003455","삼성전자","0193L0","SHORT","3/10","5/30","30","211","202","9","7","27.01","-0.1690","-0.5109","20.63","-2.4868","13.7559","-328769","671231","-32.8769"
"KRX_CONTINUOUS","DS004798","삼성전자","0193L0","SHORT","20/30","20/30","20","111","101","10","1","28.83","-0.3527","-0.3142","25.59","-2.9778","3.6728","-329972","670028","-32.9972"
"KRX_CONTINUOUS","DS000271","삼성전자","0193W0","LONG","10/20","3/5","NONE","167","163","4","2","25.75","-0.2364","-0.2906","4.72","-2.2555","5.0766","-329999","670001","-32.9999"
"KRX_CONTINUOUS","DS004124","삼성전자","0193L0","SHORT","10/20","10/30","5","117","109","8","4","31.62","-0.3300","-0.4290","27.72","-5.5445","5.0358","-330021","669979","-33.0021"
"KRX_CONTINUOUS","DS002863","삼성전자","0193W0","LONG","20/30","10/20","NONE","122","116","6","3","27.05","-0.3195","-0.4715","17.07","-4.8858","4.7088","-330782","669218","-33.0782"
"KRX_CONTINUOUS","DS001484","삼성전자","0193L0","SHORT","3/5","3/20","5","297","288","9","6","31.65","-0.1189","-0.3913","16.84","-5.2193","13.8084","-330784","669216","-33.0784"
"KRX_CONTINUOUS","DS003693","삼성전자","0193L0","SHORT","3/30","5/30","10","147","137","10","2","25.17","-0.2589","-0.4743","19.75","-4.5985","13.7559","-330911","669089","-33.0911"
"KRX_CONTINUOUS","DS000502","SK하이닉스","0197X0","SHORT","3/5","3/10","20","330","324","6","4","31.21","-0.1070","-0.4083","10.56","-3.0024","18.0505","-331114","668886","-33.1114"
"KRX_CONTINUOUS","DS001233","삼성전자","0193W0","LONG","10/20","5/10","10","157","149","8","3","26.75","-0.2510","-0.3250","8.17","-3.0586","4.8205","-331252","668748","-33.1252"
"KRX_CONTINUOUS","DS000667","삼성전자","0193L0","SHORT","3/20","3/10","NONE","249","244","5","3","29.32","-0.1540","-0.2590","8.93","-3.0413","14.0707","-331336","668664","-33.1336"
"KRX_CONTINUOUS","DS001664","삼성전자","0193W0","LONG","5/20","3/20","5","198","189","9","2","32.83","-0.1970","-0.4325","12.86","-3.2527","5.6990","-331744","668256","-33.1744"
"KRX_CONTINUOUS","DS003023","삼성전자","0193L0","SHORT","5/10","3/30","30","180","172","8","7","29.44","-0.2134","-0.4625","17.28","-3.0413","13.7559","-331926","668074","-33.1926"
"KRX_CONTINUOUS","DS002120","SK하이닉스","0193T0","LONG","5/20","5/20","5","161","153","8","1","28.57","-0.2410","-0.4983","14.96","-4.9790","6.4903","-332042","667958","-33.2042"
"KRX_CONTINUOUS","DS003022","삼성전자","0193L0","SHORT","5/10","3/30","20","167","157","10","6","29.34","-0.2298","-0.4776","17.72","-3.0413","13.7559","-332104","667896","-33.2104"
"KRX_CONTINUOUS","DS003322","SK하이닉스","0193T0","LONG","20/30","3/30","20","89","85","4","3","20.22","-0.4393","-0.5710","18.08","-6.3297","6.2442","-332284","667716","-33.2284"
"KRX_CONTINUOUS","DS002383","삼성전자","0193W0","LONG","20/30","5/20","NONE","122","117","5","2","27.87","-0.3242","-0.4419","14.16","-4.5226","4.3816","-333009","666991","-33.3009"
"KRX_CONTINUOUS","DS002673","삼성전자","0193W0","LONG","10/20","10/20","10","157","148","9","2","33.76","-0.2493","-0.4113","17.32","-4.6634","6.2549","-333078","666922","-33.3078"
"KRX_CONTINUOUS","DS003105","삼성전자","0193W0","LONG","5/20","3/30","10","158","150","8","3","32.28","-0.2469","-0.4555","17.26","-4.2726","5.7096","-333209","666791","-33.3209"
"KRX_CONTINUOUS","DS001159","SK하이닉스","0193T0","LONG","5/20","5/10","NONE","162","157","5","2","37.04","-0.2440","-0.3930","9.60","-3.3443","5.7207","-333220","666780","-33.3220"
"KRX_CONTINUOUS","DS004750","삼성전자","0193L0","SHORT","10/30","20/30","20","98","88","10","3","30.61","-0.4019","-0.4563","28.77","-8.5459","3.4171","-333881","666119","-33.3881"
"KRX_CONTINUOUS","DS002144","삼성전자","0193W0","LONG","5/20","5/20","5","198","189","9","2","33.84","-0.1980","-0.3987","14.11","-3.7153","5.3687","-333906","666094","-33.3906"
"KRX_CONTINUOUS","DS004209","삼성전자","0193W0","LONG","5/30","10/30","10","130","117","13","3","30.00","-0.3008","-0.5540","24.17","-4.7328","7.3307","-333953","666047","-33.3953"
"KRX_CONTINUOUS","DS003959","SK하이닉스","0197X0","SHORT","5/10","10/30","30","149","140","9","5","34.23","-0.2543","-0.4282","24.69","-5.5717","6.7199","-334122","665878","-33.4122"
"KRX_CONTINUOUS","DS003211","삼성전자","0193L0","SHORT","3/30","3/30","NONE","206","198","8","2","21.84","-0.1887","-0.4013","15.00","-2.1391","13.7559","-334664","665336","-33.4664"
"KRX_CONTINUOUS","DS003343","삼성전자","0193W0","LONG","20/30","3/30","NONE","122","117","5","2","29.51","-0.3258","-0.4272","17.57","-4.5226","3.9141","-334832","665168","-33.4832"
"KRX_CONTINUOUS","DS002239","삼성전자","0193W0","LONG","3/30","5/20","NONE","205","194","11","3","32.20","-0.1887","-0.3943","15.75","-3.7153","5.3687","-334949","665051","-33.4949"
"KRX_CONTINUOUS","DS004656","삼성전자","0193L0","SHORT","3/30","20/30","50","98","91","7","4","23.47","-0.3964","-0.5014","21.80","-9.4331","13.4411","-335286","664714","-33.5286"
"KRX_CONTINUOUS","DS000655","삼성전자","0193W0","LONG","3/20","3/10","NONE","249","239","10","3","30.92","-0.1600","-0.3087","8.14","-2.4610","4.8874","-335717","664283","-33.5717"
"KRX_CONTINUOUS","DS000632","SK하이닉스","0193T0","LONG","3/20","3/10","5","167","162","5","2","32.34","-0.2385","-0.3976","9.15","-2.7784","5.2277","-335792","664208","-33.5792"
"KRX_CONTINUOUS","DS003899","SK하이닉스","0193T0","LONG","3/10","10/30","30","133","125","8","6","27.07","-0.2563","-0.7894","26.61","-5.2157","9.4216","-336283","663717","-33.6283"
"KRX_CONTINUOUS","DS000021","SK하이닉스","0197X0","SHORT","3/5","3/5","10","324","321","3","2","29.94","-0.1180","-0.3565","5.43","-3.6571","15.6590","-336611","663389","-33.6611"
"KRX_CONTINUOUS","DS002036","SK하이닉스","0197X0","SHORT","5/10","5/20","5","299","287","12","6","36.79","-0.1154","-0.3825","20.43","-6.6555","12.1491","-336619","663381","-33.6619"
"KRX_CONTINUOUS","DS001979","SK하이닉스","0193T0","LONG","3/10","5/20","30","133","126","7","3","29.32","-0.2878","-0.4635","18.43","-9.7238","6.3642","-336725","663275","-33.6725"
"KRX_CONTINUOUS","DS001112","SK하이닉스","0193T0","LONG","3/20","5/10","5","167","162","5","2","34.73","-0.2369","-0.3980","10.40","-3.4483","5.3457","-337279","662721","-33.7279"
"KRX_CONTINUOUS","DS002119","SK하이닉스","0193T0","LONG","5/20","5/20","NONE","162","154","8","1","28.40","-0.2443","-0.5097","14.88","-4.9790","6.4903","-337286","662714","-33.7286"
"KRX_CONTINUOUS","DS004219","삼성전자","0193L0","SHORT","5/30","10/30","NONE","170","157","13","4","27.06","-0.2262","-0.4760","25.46","-3.0369","13.8084","-337841","662159","-33.7841"
"KRX_CONTINUOUS","DS002012","삼성전자","0193L0","SHORT","3/10","5/20","5","300","291","9","5","35.33","-0.1168","-0.3564","19.99","-6.2824","14.4905","-337890","662110","-33.7890"
"KRX_CONTINUOUS","DS004379","SK하이닉스","0193T0","LONG","3/10","20/30","30","133","126","7","9","30.08","-0.2651","-0.7205","26.35","-4.5653","8.5877","-338049","661951","-33.8049"
"KRX_CONTINUOUS","DS003607","SK하이닉스","0193T0","LONG","10/20","5/30","NONE","141","129","12","3","29.79","-0.2776","-0.4956","22.20","-5.7498","8.8159","-338379","661621","-33.8379"
"KRX_CONTINUOUS","DS003923","삼성전자","0193W0","LONG","3/10","10/30","30","181","170","11","8","28.73","-0.1810","-0.5099","26.72","-5.1116","9.7103","-338514","661486","-33.8514"
"KRX_CONTINUOUS","DS003753","SK하이닉스","0193T0","LONG","10/30","5/30","10","94","83","11","2","27.66","-0.4254","-0.6053","19.65","-4.6699","8.4957","-338597","661403","-33.8597"
"KRX_CONTINUOUS","DS004220","삼성전자","0193L0","SHORT","5/30","10/30","5","160","148","12","4","26.88","-0.2418","-0.4937","25.42","-3.0369","13.8084","-338893","661107","-33.8893"
"KRX_CONTINUOUS","DS002839","SK하이닉스","0193T0","LONG","20/30","10/20","NONE","98","90","8","3","22.45","-0.4077","-0.5870","19.24","-7.0896","5.3490","-338920","661080","-33.8920"
"KRX_CONTINUOUS","DS000576","삼성전자","0193L0","SHORT","3/10","3/10","50","199","195","4","2","26.63","-0.2000","-0.3493","7.87","-3.0413","14.0707","-338984","661016","-33.8984"
"KRX_CONTINUOUS","DS001570","삼성전자","0193W0","LONG","5/10","3/20","20","160","154","6","4","26.88","-0.2497","-0.4347","12.45","-3.2527","5.6990","-339178","660822","-33.9178"
"KRX_CONTINUOUS","DS002193","삼성전자","0193W0","LONG","10/20","5/20","10","157","148","9","3","27.39","-0.2577","-0.4094","14.76","-3.7153","5.0254","-339793","660207","-33.9793"
"KRX_CONTINUOUS","DS004510","삼성전자","0193L0","SHORT","3/20","20/30","20","111","103","8","4","26.13","-0.3601","-0.5014","23.49","-2.8429","13.4411","-339899","660101","-33.9899"
"KRX_CONTINUOUS","DS001135","삼성전자","0193W0","LONG","3/20","5/10","NONE","249","238","11","3","32.53","-0.1609","-0.3165","9.78","-3.0586","5.1443","-339990","660010","-33.9990"
"KRX_CONTINUOUS","DS004512","삼성전자","0193L0","SHORT","3/20","20/30","50","123","109","14","4","30.08","-0.3197","-0.4116","26.23","-9.4331","13.4411","-340679","659321","-34.0679"
"KRX_CONTINUOUS","DS001555","SK하이닉스","0197X0","SHORT","5/10","3/20","NONE","321","311","10","6","33.96","-0.1120","-0.3958","17.59","-5.9382","10.6123","-341105","658895","-34.1105"
"KRX_CONTINUOUS","DS002875","삼성전자","0193L0","SHORT","20/30","10/20","NONE","124","115","9","2","21.77","-0.3289","-0.3649","17.48","-5.3934","3.9015","-341261","658739","-34.1261"
"KRX_CONTINUOUS","DS002636","삼성전자","0193L0","SHORT","5/20","10/20","5","188","176","12","3","34.04","-0.2105","-0.3844","20.09","-4.1914","13.5461","-341292","658708","-34.1292"
"KRX_CONTINUOUS","DS004474","SK하이닉스","0193T0","LONG","3/20","20/30","20","79","71","8","6","22.78","-0.5030","-0.7845","24.43","-4.4652","8.5877","-341500","658500","-34.1500"
"KRX_CONTINUOUS","DS004712","SK하이닉스","0193T0","LONG","10/30","20/30","5","77","71","6","2","28.57","-0.5177","-0.7298","29.70","-5.6513","9.5025","-341724","658276","-34.1724"
"KRX_CONTINUOUS","DS001569","삼성전자","0193W0","LONG","5/10","3/20","10","147","143","4","3","29.25","-0.2770","-0.4826","13.56","-3.2527","5.6990","-341753","658247","-34.1753"
"KRX_CONTINUOUS","DS000068","SK하이닉스","0197X0","SHORT","3/10","3/5","5","284","279","5","2","29.93","-0.1380","-0.2632","5.39","-3.6571","15.6590","-342077","657923","-34.2077"
"KRX_CONTINUOUS","DS004315","삼성전자","0193L0","SHORT","20/30","10/30","NONE","124","114","10","3","25.81","-0.3278","-0.4234","24.40","-5.0225","4.9938","-342218","657782","-34.2218"
"KRX_CONTINUOUS","DS003643","삼성전자","0193L0","SHORT","10/20","5/30","NONE","171","164","7","5","33.33","-0.2296","-0.3581","24.30","-9.9097","4.3164","-342338","657662","-34.2338"
"KRX_CONTINUOUS","DS003852","SK하이닉스","0193T0","LONG","3/5","10/30","50","246","230","16","16","30.08","-0.0462","-0.5657","30.89","-4.8249","11.7921","-342403","657597","-34.2403"
"KRX_CONTINUOUS","DS002515","SK하이닉스","0197X0","SHORT","5/10","10/20","NONE","321","306","15","6","37.38","-0.1013","-0.3084","24.50","-6.6555","12.8626","-342538","657462","-34.2538"
"KRX_CONTINUOUS","DS001580","삼성전자","0193L0","SHORT","5/10","3/20","5","317","309","8","4","29.65","-0.1205","-0.3420","15.40","-3.3492","13.8084","-342731","657269","-34.2731"
"KRX_CONTINUOUS","DS003549","삼성전자","0193L0","SHORT","3/20","5/30","10","183","176","7","6","31.15","-0.2015","-0.4139","24.27","-10.0451","13.7559","-342767","657233","-34.2767"
"KRX_CONTINUOUS","DS001147","삼성전자","0193L0","SHORT","3/20","5/10","NONE","249","244","5","3","31.73","-0.1605","-0.2802","10.45","-3.2568","13.6510","-342885","657115","-34.2885"
"KRX_CONTINUOUS","DS002671","삼성전자","0193W0","LONG","10/20","10/20","NONE","167","158","9","2","32.93","-0.2439","-0.4061","16.72","-4.6634","6.2549","-343720","656280","-34.3720"
"KRX_CONTINUOUS","DS002995","SK하이닉스","0197X0","SHORT","5/10","3/30","NONE","321","305","16","5","37.07","-0.1010","-0.2746","24.18","-11.1982","12.8626","-343763","656237","-34.3763"
"KRX_CONTINUOUS","DS004795","삼성전자","0193L0","SHORT","20/30","20/30","NONE","124","114","10","1","28.23","-0.3325","-0.3107","23.99","-2.9778","3.6728","-343797","656203","-34.3797"
"KRX_CONTINUOUS","DS002287","삼성전자","0193W0","LONG","5/30","5/20","NONE","170","162","8","2","29.41","-0.2391","-0.4326","14.66","-3.7153","5.3687","-344167","655833","-34.4167"
"KRX_CONTINUOUS","DS002829","삼성전자","0193L0","SHORT","10/30","10/20","10","119","113","6","2","23.53","-0.3485","-0.4634","18.45","-4.3465","3.1945","-344321","655679","-34.4321"
"KRX_CONTINUOUS","DS002482","삼성전자","0193W0","LONG","3/10","10/20","20","183","173","10","6","32.24","-0.2170","-0.3764","17.42","-4.1778","3.8571","-344371","655629","-34.4371"
"KRX_CONTINUOUS","DS003248","삼성전자","0193W0","LONG","5/30","3/30","5","160","154","6","2","28.13","-0.2575","-0.4880","15.18","-3.7153","5.3840","-344996","655004","-34.4996"
"KRX_CONTINUOUS","DS004017","삼성전자","0193W0","LONG","3/20","10/30","10","164","145","19","5","33.54","-0.2392","-0.4618","26.51","-5.1116","7.6623","-345198","654802","-34.5198"
"KRX_CONTINUOUS","DS001579","삼성전자","0193L0","SHORT","5/10","3/20","NONE","355","346","9","4","32.68","-0.1070","-0.3036","15.89","-5.0816","13.8084","-345383","654617","-34.5383"
"KRX_CONTINUOUS","DS000585","SK하이닉스","0193T0","LONG","5/10","3/10","10","143","140","3","2","25.17","-0.2892","-0.5133","8.73","-3.4415","4.9307","-345907","654093","-34.5907"
"KRX_CONTINUOUS","DS003728","삼성전자","0193W0","LONG","5/30","5/30","5","160","151","9","2","29.38","-0.2576","-0.5063","16.32","-4.1778","7.3307","-346182","653818","-34.6182"
"KRX_CONTINUOUS","DS002780","삼성전자","0193L0","SHORT","5/30","10/20","5","160","151","9","3","31.88","-0.2532","-0.4057","20.33","-3.6091","13.5461","-346937","653063","-34.6937"
"KRX_CONTINUOUS","DS001231","삼성전자","0193W0","LONG","10/20","5/10","NONE","167","159","8","3","26.95","-0.2502","-0.3119","8.52","-3.0586","4.8205","-347098","652902","-34.7098"
"KRX_CONTINUOUS","DS003442","삼성전자","0193W0","LONG","3/10","5/30","20","183","175","8","7","26.78","-0.1896","-0.5067","20.03","-4.8169","10.4365","-347332","652668","-34.7332"
"KRX_CONTINUOUS","DS003201","삼성전자","0193W0","LONG","3/30","3/30","10","148","142","6","2","28.38","-0.2808","-0.5227","14.11","-3.7153","5.4923","-347489","652511","-34.7489"
"KRX_CONTINUOUS","DS003609","SK하이닉스","0193T0","LONG","10/20","5/30","10","131","119","12","3","29.01","-0.3103","-0.5550","22.05","-5.7498","8.8159","-348030","651970","-34.8030"
"KRX_CONTINUOUS","DS000044","삼성전자","0193L0","SHORT","3/5","3/5","5","297","294","3","2","29.29","-0.1390","-0.2762","5.34","-3.0413","13.0214","-348509","651491","-34.8509"
"KRX_CONTINUOUS","DS004615","SK하이닉스","0193T0","LONG","3/30","20/30","NONE","143","129","14","5","32.87","-0.2742","-0.4396","30.14","-4.4652","10.5050","-349218","650782","-34.9218"
"KRX_CONTINUOUS","DS004440","SK하이닉스","0197X0","SHORT","5/10","20/30","50","165","146","19","5","35.15","-0.2318","-0.5240","28.75","-10.5284","8.1994","-349249","650751","-34.9249"
"KRX_CONTINUOUS","DS002975","삼성전자","0193L0","SHORT","3/10","3/30","30","211","205","6","7","26.54","-0.1898","-0.4839","18.08","-3.0413","13.7559","-349316","650684","-34.9316"
"KRX_CONTINUOUS","DS002588","삼성전자","0193L0","SHORT","3/20","10/20","5","198","189","9","4","33.84","-0.2057","-0.3626","20.93","-4.1914","13.5461","-350614","649386","-35.0614"
"KRX_CONTINUOUS","DS001617","삼성전자","0193W0","LONG","3/20","3/20","10","164","156","8","2","27.44","-0.2576","-0.4575","12.03","-3.2527","5.3498","-351309","648691","-35.1309"
"KRX_CONTINUOUS","DS000633","SK하이닉스","0193T0","LONG","3/20","3/10","10","146","141","5","2","31.51","-0.2872","-0.4277","9.12","-6.8416","5.2277","-351407","648593","-35.1407"
"KRX_CONTINUOUS","DS002779","삼성전자","0193L0","SHORT","5/30","10/20","NONE","170","160","10","3","31.76","-0.2420","-0.4007","20.32","-3.6091","13.5461","-351515","648485","-35.1515"
"KRX_CONTINUOUS","DS003935","삼성전자","0193L0","SHORT","3/10","10/30","30","211","198","13","8","29.38","-0.1862","-0.3968","26.05","-4.2992","13.8084","-351652","648348","-35.1652"
"KRX_CONTINUOUS","DS003645","삼성전자","0193L0","SHORT","10/20","5/30","10","160","153","7","5","31.88","-0.2554","-0.3604","23.86","-9.9097","4.3164","-352003","647997","-35.2003"
"KRX_CONTINUOUS","DS004306","삼성전자","0193W0","LONG","20/30","10/30","20","112","103","9","3","25.00","-0.3781","-0.5319","21.78","-4.5115","5.5431","-352546","647454","-35.2546"
"KRX_CONTINUOUS","DS004174","삼성전자","0193L0","SHORT","3/30","10/30","20","132","120","12","3","27.27","-0.3126","-0.4928","22.98","-5.0225","13.8084","-352898","647102","-35.2898"
"KRX_CONTINUOUS","DS001627","삼성전자","0193L0","SHORT","3/20","3/20","NONE","249","243","6","2","26.91","-0.1667","-0.3836","12.47","-3.0413","13.8084","-353017","646983","-35.3017"
"KRX_CONTINUOUS","DS003860","SK하이닉스","0197X0","SHORT","3/5","10/30","5","316","298","18","7","37.66","-0.0781","-0.4780","30.19","-5.9494","17.0435","-353285","646715","-35.3285"
"KRX_CONTINUOUS","DS002143","삼성전자","0193W0","LONG","5/20","5/20","NONE","205","196","9","2","33.17","-0.2057","-0.3900","13.83","-3.7153","5.3687","-353416","646584","-35.3416"
"KRX_CONTINUOUS","DS002359","SK하이닉스","0193T0","LONG","20/30","5/20","NONE","98","92","6","3","24.49","-0.4321","-0.5586","15.71","-6.3297","6.1754","-353515","646485","-35.3515"
"KRX_CONTINUOUS","DS000067","SK하이닉스","0197X0","SHORT","3/10","3/5","NONE","342","335","7","2","31.29","-0.1188","-0.2614","5.34","-3.6571","15.6590","-353521","646479","-35.3521"
"KRX_CONTINUOUS","DS002529","삼성전자","0193W0","LONG","5/10","10/20","10","147","139","8","3","30.61","-0.2860","-0.5096","18.82","-4.1778","5.6990","-353696","646304","-35.3696"
"KRX_CONTINUOUS","DS001663","삼성전자","0193W0","LONG","5/20","3/20","NONE","205","196","9","2","31.71","-0.2074","-0.4338","12.66","-3.2527","5.6990","-354994","645006","-35.4994"
"KRX_CONTINUOUS","DS002037","SK하이닉스","0197X0","SHORT","5/10","5/20","10","143","137","6","4","30.07","-0.2951","-0.5484","16.60","-4.1202","4.7311","-355366","644634","-35.5366"
"KRX_CONTINUOUS","DS002027","SK하이닉스","0193T0","LONG","5/10","5/20","30","127","121","6","4","29.92","-0.3297","-0.5584","16.45","-8.4474","4.9419","-355486","644514","-35.5486"
"KRX_CONTINUOUS","DS003584","삼성전자","0193W0","LONG","5/20","5/30","5","198","185","13","4","33.84","-0.2085","-0.4680","20.83","-4.9105","7.6623","-355520","644480","-35.5520"
"KRX_CONTINUOUS","DS002541","삼성전자","0193L0","SHORT","5/10","10/20","10","157","147","10","4","33.12","-0.2643","-0.4890","22.01","-4.1914","13.5461","-355547","644453","-35.5547"
"KRX_CONTINUOUS","DS002003","삼성전자","0193W0","LONG","3/10","5/20","30","181","175","6","4","30.39","-0.2294","-0.3768","16.86","-8.0497","6.2249","-355693","644307","-35.5693"
"KRX_CONTINUOUS","DS003247","삼성전자","0193W0","LONG","5/30","3/30","NONE","170","163","7","2","28.24","-0.2531","-0.4863","14.96","-3.7153","5.3840","-357220","642780","-35.7220"
"KRX_CONTINUOUS","DS001713","삼성전자","0193W0","LONG","10/20","3/20","10","157","149","8","2","26.11","-0.2757","-0.4576","12.73","-3.2527","5.0254","-357261","642739","-35.7261"
"KRX_CONTINUOUS","DS003021","삼성전자","0193L0","SHORT","5/10","3/30","10","157","150","7","6","29.94","-0.2696","-0.5045","20.11","-5.7695","13.7559","-357495","642505","-35.7495"
"KRX_CONTINUOUS","DS003982","삼성전자","0193L0","SHORT","5/10","10/30","20","167","153","14","6","28.14","-0.2492","-0.4948","22.22","-4.2992","13.8084","-358132","641868","-35.8132"
"KRX_CONTINUOUS","DS002073","SK하이닉스","0193T0","LONG","3/20","5/20","10","146","137","9","3","30.14","-0.2894","-0.5358","15.81","-4.9790","7.4464","-358140","641860","-35.8140"
"KRX_CONTINUOUS","DS001113","SK하이닉스","0193T0","LONG","3/20","5/10","10","146","141","5","2","34.93","-0.2917","-0.4116","10.14","-6.6536","5.3457","-358365","641635","-35.8365"
"KRX_CONTINUOUS","DS000753","삼성전자","0193W0","LONG","10/20","3/10","10","157","150","7","3","24.84","-0.2794","-0.3278","7.29","-2.5246","4.5643","-359584","640416","-35.9584"
"KRX_CONTINUOUS","DS004655","삼성전자","0193L0","SHORT","3/30","20/30","30","106","98","8","3","23.58","-0.4007","-0.5130","21.08","-8.7521","13.4411","-359730","640270","-35.9730"
"KRX_CONTINUOUS","DS001593","SK하이닉스","0193T0","LONG","3/20","3/20","10","146","140","6","1","27.40","-0.2959","-0.6531","12.89","-3.2832","7.4464","-360075","639925","-36.0075"
"KRX_CONTINUOUS","DS002025","SK하이닉스","0193T0","LONG","5/10","5/20","10","143","137","6","4","29.37","-0.2890","-0.6605","16.27","-4.1528","7.7688","-360508","639492","-36.0508"
"KRX_CONTINUOUS","DS002519","SK하이닉스","0197X0","SHORT","5/10","10/20","30","149","142","7","4","30.20","-0.2817","-0.5226","20.13","-4.9962","7.2792","-360596","639404","-36.0596"
"KRX_CONTINUOUS","DS002251","삼성전자","0193L0","SHORT","3/30","5/20","NONE","206","194","12","4","28.16","-0.2029","-0.3785","18.50","-5.2344","14.4905","-360970","639030","-36.0970"
"KRX_CONTINUOUS","DS000564","삼성전자","0193W0","LONG","3/10","3/10","50","190","186","4","1","25.79","-0.2315","-0.3535","7.26","-2.4610","4.6843","-361197","638803","-36.1197"
"KRX_CONTINUOUS","DS003983","삼성전자","0193L0","SHORT","5/10","10/30","30","180","165","15","7","31.11","-0.2332","-0.4901","26.00","-4.2992","13.8084","-361391","638609","-36.1391"
"KRX_CONTINUOUS","DS001523","삼성전자","0193W0","LONG","3/10","3/20","30","181","176","5","4","25.97","-0.2377","-0.3895","13.46","-6.0040","6.2249","-362449","637551","-36.2449"
"KRX_CONTINUOUS","DS002050","삼성전자","0193W0","LONG","5/10","5/20","20","160","153","7","4","27.50","-0.2714","-0.4290","14.16","-3.7153","5.3687","-362739","637261","-36.2739"
"KRX_CONTINUOUS","DS003465","SK하이닉스","0193T0","LONG","5/10","5/30","10","143","132","11","3","28.67","-0.2918","-0.7169","21.81","-5.1135","7.4332","-363322","636678","-36.3322"
"KRX_CONTINUOUS","DS004604","삼성전자","0193L0","SHORT","10/20","20/30","5","117","105","12","4","32.48","-0.3687","-0.3791","32.84","-8.5459","3.4332","-363873","636127","-36.3873"
"KRX_CONTINUOUS","DS004113","삼성전자","0193W0","LONG","10/20","10/30","10","157","141","16","4","33.76","-0.2745","-0.5450","26.29","-5.2049","7.3307","-363875","636125","-36.3875"
"KRX_CONTINUOUS","DS002685","삼성전자","0193L0","SHORT","10/20","10/20","10","160","153","7","2","31.88","-0.2759","-0.3750","19.37","-4.1914","3.1945","-364011","635989","-36.4011"
"KRX_CONTINUOUS","DS002191","삼성전자","0193W0","LONG","10/20","5/20","NONE","167","158","9","3","26.95","-0.2645","-0.4076","15.19","-3.7153","5.0254","-364043","635957","-36.4043"
"KRX_CONTINUOUS","DS004519","SK하이닉스","0193T0","LONG","5/20","20/30","NONE","162","145","17","7","36.42","-0.2443","-0.6168","33.81","-4.4652","10.1448","-364355","635645","-36.4355"
"KRX_CONTINUOUS","DS003823","삼성전자","0193W0","LONG","20/30","5/30","NONE","122","114","8","3","27.87","-0.3622","-0.4796","18.31","-4.7768","5.5431","-364552","635448","-36.4552"
"KRX_CONTINUOUS","DS003802","SK하이닉스","0193T0","LONG","20/30","5/30","20","89","81","8","3","21.35","-0.4955","-0.6871","20.92","-7.0896","6.2442","-365597","634403","-36.5597"
"KRX_CONTINUOUS","DS004520","SK하이닉스","0193T0","LONG","5/20","20/30","5","161","144","17","7","36.02","-0.2472","-0.6202","33.91","-4.4652","10.1448","-365781","634219","-36.5781"
"KRX_CONTINUOUS","DS004162","삼성전자","0193W0","LONG","3/30","10/30","20","116","107","9","4","27.59","-0.3834","-0.5780","21.07","-4.7328","4.5664","-366584","633416","-36.6584"
"KRX_CONTINUOUS","DS000128","삼성전자","0193W0","LONG","5/10","3/5","5","325","322","3","2","28.00","-0.1368","-0.2432","4.81","-2.2352","6.1114","-367225","632775","-36.7225"
"KRX_CONTINUOUS","DS003560","SK하이닉스","0193T0","LONG","5/20","5/30","5","161","147","14","3","28.57","-0.2683","-0.5784","23.00","-5.7498","9.3323","-367321","632679","-36.7321"
"KRX_CONTINUOUS","DS002827","삼성전자","0193L0","SHORT","10/30","10/20","NONE","130","120","10","3","25.38","-0.3463","-0.4633","17.87","-4.3465","3.1945","-367660","632340","-36.7660"
"KRX_CONTINUOUS","DS001079","SK하이닉스","0197X0","SHORT","5/10","5/10","30","149","147","2","2","31.54","-0.2992","-0.5003","9.51","-4.1202","6.3909","-367682","632318","-36.7682"
"KRX_CONTINUOUS","DS002049","삼성전자","0193W0","LONG","5/10","5/20","10","147","143","4","3","27.89","-0.3013","-0.5030","16.17","-3.7153","5.7067","-368129","631871","-36.8129"
"KRX_CONTINUOUS","DS003456","삼성전자","0193L0","SHORT","3/10","5/30","50","199","191","8","7","27.14","-0.2079","-0.4981","21.41","-5.7771","13.7559","-368448","631552","-36.8448"
"KRX_CONTINUOUS","DS003559","SK하이닉스","0193T0","LONG","5/20","5/30","NONE","162","148","14","3","28.40","-0.2679","-0.5765","23.09","-5.7498","9.3323","-368599","631401","-36.8599"
"KRX_CONTINUOUS","DS004687","삼성전자","0193W0","LONG","5/30","20/30","NONE","170","157","13","4","28.82","-0.2443","-0.4970","24.58","-4.4553","7.3307","-368939","631061","-36.8939"
"KRX_CONTINUOUS","DS001964","삼성전자","0193L0","SHORT","3/5","5/20","5","297","287","10","6","30.64","-0.1379","-0.4156","19.00","-5.5571","14.4905","-368973","631027","-36.8973"
"KRX_CONTINUOUS","DS003153","삼성전자","0193W0","LONG","10/20","3/30","10","157","148","9","3","29.94","-0.2856","-0.4973","18.39","-4.2726","5.3840","-369115","630885","-36.9115"
"KRX_CONTINUOUS","DS004452","삼성전자","0193W0","LONG","5/10","20/30","50","177","169","8","7","33.33","-0.2196","-0.4913","27.23","-4.8729","7.0961","-369247","630753","-36.9247"
"KRX_CONTINUOUS","DS000982","SK하이닉스","0197X0","SHORT","3/5","5/10","20","330","326","4","6","32.42","-0.1244","-0.3782","12.37","-6.8667","16.9177","-369302","630698","-36.9302"
"KRX_CONTINUOUS","DS004413","삼성전자","0193L0","SHORT","3/10","20/30","10","180","162","18","8","36.67","-0.2378","-0.3810","30.67","-8.5459","13.4411","-371350","628650","-37.1350"
"KRX_CONTINUOUS","DS002997","SK하이닉스","0197X0","SHORT","5/10","3/30","10","143","136","7","3","30.77","-0.3074","-0.4715","21.65","-7.8303","6.2205","-371525","628475","-37.1525"
"KRX_CONTINUOUS","DS003727","삼성전자","0193W0","LONG","5/30","5/30","NONE","170","161","9","2","28.24","-0.2660","-0.5038","15.80","-4.1778","7.3307","-372066","627934","-37.2066"
"KRX_CONTINUOUS","DS003319","SK하이닉스","0193T0","LONG","20/30","3/30","NONE","98","91","7","3","21.43","-0.4599","-0.5691","18.71","-6.3297","6.2442","-372203","627797","-37.2203"
"KRX_CONTINUOUS","DS001499","SK하이닉스","0193T0","LONG","3/10","3/20","30","133","129","4","4","28.57","-0.3337","-0.5173","15.05","-9.4028","6.3642","-372273","627727","-37.2273"
"KRX_CONTINUOUS","DS002733","삼성전자","0193L0","SHORT","3/30","10/20","10","147","137","10","3","29.93","-0.3007","-0.4291","20.08","-5.3934","13.5461","-372478","627522","-37.2478"
"KRX_CONTINUOUS","DS001557","SK하이닉스","0197X0","SHORT","5/10","3/20","10","143","138","5","4","27.27","-0.3183","-0.5589","13.66","-3.4437","5.4250","-373016","626984","-37.3016"
"KRX_CONTINUOUS","DS003427","SK하이닉스","0197X0","SHORT","3/10","5/30","NONE","342","322","20","6","38.30","-0.0924","-0.4038","28.23","-13.3283","17.1065","-373134","626866","-37.3134"
"KRX_CONTINUOUS","DS001044","삼성전자","0193W0","LONG","3/10","5/10","50","190","186","4","2","30.53","-0.2384","-0.3419","9.69","-3.8796","5.9947","-374101","625899","-37.4101"
"KRX_CONTINUOUS","DS001051","삼성전자","0193L0","SHORT","3/10","5/10","NONE","402","394","8","4","33.08","-0.1086","-0.2530","10.36","-2.8849","13.6510","-374449","625551","-37.4449"
"KRX_CONTINUOUS","DS004427","SK하이닉스","0193T0","LONG","5/10","20/30","30","127","121","6","9","27.56","-0.3250","-0.7134","27.13","-3.3206","8.3787","-375226","624774","-37.5226"
"KRX_CONTINUOUS","DS002976","삼성전자","0193L0","SHORT","3/10","3/30","50","199","194","5","7","25.63","-0.2187","-0.4751","19.06","-5.6889","13.7559","-375566","624434","-37.5566"
"KRX_CONTINUOUS","DS003428","SK하이닉스","0197X0","SHORT","3/10","5/30","5","284","269","15","5","36.62","-0.1181","-0.4465","28.49","-13.3283","17.1065","-375929","624071","-37.5929"
"KRX_CONTINUOUS","DS000596","SK하이닉스","0197X0","SHORT","5/10","3/10","5","299","294","5","2","32.11","-0.1487","-0.4276","9.02","-4.3451","7.0900","-375994","624006","-37.5994"
"KRX_CONTINUOUS","DS003993","SK하이닉스","0193T0","LONG","3/20","10/30","10","146","132","14","4","30.14","-0.2851","-0.7543","29.27","-6.1417","11.2808","-376495","623505","-37.6495"
"KRX_CONTINUOUS","DS000751","삼성전자","0193W0","LONG","10/20","3/10","NONE","167","159","8","3","25.75","-0.2789","-0.3278","7.89","-2.5246","4.5643","-376861","623139","-37.6861"
"KRX_CONTINUOUS","DS004426","SK하이닉스","0193T0","LONG","5/10","20/30","20","129","119","10","9","27.91","-0.3206","-0.7256","27.85","-3.3206","8.3787","-377490","622510","-37.7490"
"KRX_CONTINUOUS","DS003595","삼성전자","0193L0","SHORT","5/20","5/30","NONE","205","194","11","4","29.27","-0.2125","-0.4263","22.42","-10.0451","13.7559","-377566","622434","-37.7566"
"KRX_CONTINUOUS","DS000012","SK하이닉스","0193T0","LONG","3/5","3/5","50","246","245","1","2","27.64","-0.1874","-0.3532","4.86","-2.9320","7.0780","-378383","621617","-37.8383"
"KRX_CONTINUOUS","DS004428","SK하이닉스","0193T0","LONG","5/10","20/30","50","128","121","7","10","28.13","-0.3229","-0.7429","32.57","-3.3206","8.3787","-378944","621056","-37.8944"
"KRX_CONTINUOUS","DS004749","삼성전자","0193L0","SHORT","10/30","20/30","10","119","109","10","3","28.57","-0.3855","-0.3743","28.93","-8.5459","3.4171","-378959","621041","-37.8959"
"KRX_CONTINUOUS","DS002097","삼성전자","0193W0","LONG","3/20","5/20","10","164","155","9","3","26.83","-0.2819","-0.4118","14.52","-3.7153","5.3498","-379011","620989","-37.9011"
"KRX_CONTINUOUS","DS002683","삼성전자","0193L0","SHORT","10/20","10/20","NONE","171","164","7","2","32.16","-0.2723","-0.3610","18.68","-4.1914","3.1945","-379294","620706","-37.9294"
"KRX_CONTINUOUS","DS004077","삼성전자","0193L0","SHORT","5/20","10/30","10","162","146","16","4","32.72","-0.2713","-0.4552","29.44","-10.4449","13.8084","-379435","620565","-37.9435"
"KRX_CONTINUOUS","DS001711","삼성전자","0193W0","LONG","10/20","3/20","NONE","167","158","9","2","26.35","-0.2801","-0.4556","13.50","-3.2527","5.0254","-379483","620517","-37.9483"
"KRX_CONTINUOUS","DS004689","삼성전자","0193W0","LONG","5/30","20/30","10","130","118","12","3","27.69","-0.3494","-0.5993","26.99","-4.4553","7.3307","-379762","620238","-37.9762"
"KRX_CONTINUOUS","DS001075","SK하이닉스","0197X0","SHORT","5/10","5/10","NONE","321","315","6","2","35.51","-0.1399","-0.4556","10.03","-4.4654","6.7202","-381072","618928","-38.1072"
"KRX_CONTINUOUS","DS003992","SK하이닉스","0193T0","LONG","3/20","10/30","5","167","151","16","6","29.94","-0.2471","-0.6767","30.83","-6.1417","11.2808","-381114","618886","-38.1114"
"KRX_CONTINUOUS","DS003080","SK하이닉스","0193T0","LONG","5/20","3/30","5","161","155","6","3","27.33","-0.2825","-0.5973","18.54","-4.9790","9.3323","-381228","618772","-38.1228"
"KRX_CONTINUOUS","DS002457","SK하이닉스","0193T0","LONG","3/10","10/20","10","145","136","9","4","32.41","-0.3011","-0.5255","20.52","-6.9002","7.2519","-381435","618565","-38.1435"
"KRX_CONTINUOUS","DS001041","삼성전자","0193W0","LONG","3/10","5/10","10","155","153","2","2","27.74","-0.3020","-0.4206","9.97","-3.8796","4.6843","-381462","618538","-38.1462"
"KRX_CONTINUOUS","DS004702","삼성전자","0193L0","SHORT","5/30","20/30","20","112","103","9","3","24.11","-0.4062","-0.4395","26.34","-8.5459","13.4411","-381582","618418","-38.1582"
"KRX_CONTINUOUS","DS004111","삼성전자","0193W0","LONG","10/20","10/30","NONE","167","151","16","4","32.93","-0.2746","-0.5162","26.75","-5.2049","7.3307","-381668","618332","-38.1668"
"KRX_CONTINUOUS","DS003908","SK하이닉스","0197X0","SHORT","3/10","10/30","5","284","268","16","7","42.61","-0.0769","-0.2954","35.06","-13.9197","17.0435","-382003","617997","-38.2003"
"KRX_CONTINUOUS","DS003079","SK하이닉스","0193T0","LONG","5/20","3/30","NONE","162","156","6","3","27.16","-0.2820","-0.5964","18.66","-4.9790","9.3323","-382479","617521","-38.2479"
"KRX_CONTINUOUS","DS000115","SK하이닉스","0197X0","SHORT","5/10","3/5","NONE","321","315","6","2","33.33","-0.1432","-0.2457","5.32","-4.3451","7.4070","-382569","617431","-38.2569"
"KRX_CONTINUOUS","DS003984","삼성전자","0193L0","SHORT","5/10","10/30","50","171","152","19","5","30.99","-0.2647","-0.4433","27.05","-5.3770","13.8084","-382955","617045","-38.2955"
"KRX_CONTINUOUS","DS003679","삼성전자","0193W0","LONG","3/30","5/30","NONE","205","192","13","4","28.78","-0.2265","-0.4281","16.95","-4.1778","7.4410","-383090","616910","-38.3090"
"KRX_CONTINUOUS","DS004569","SK하이닉스","0193T0","LONG","10/20","20/30","10","131","119","12","5","29.77","-0.3460","-0.5747","30.68","-5.0378","9.3607","-383436","616564","-38.3436"
"KRX_CONTINUOUS","DS004762","SK하이닉스","0193T0","LONG","20/30","20/30","20","89","84","5","1","24.72","-0.5227","-0.7109","25.17","-6.3664","9.0080","-383812","616188","-38.3812"
"KRX_CONTINUOUS","DS002635","삼성전자","0193L0","SHORT","5/20","10/20","NONE","205","193","12","3","33.17","-0.2257","-0.3769","19.46","-4.1914","13.5461","-384425","615575","-38.4425"
"KRX_CONTINUOUS","DS000022","SK하이닉스","0197X0","SHORT","3/5","3/5","20","330","325","5","2","29.70","-0.1396","-0.3364","5.23","-3.6571","15.6590","-385135","614865","-38.5135"
"KRX_CONTINUOUS","DS002985","SK하이닉스","0193T0","LONG","5/10","3/30","10","143","138","5","3","27.97","-0.3167","-0.6551","18.72","-5.4485","7.1037","-385339","614661","-38.5339"
"KRX_CONTINUOUS","DS003501","삼성전자","0193L0","SHORT","5/10","5/30","10","157","148","9","6","28.66","-0.2921","-0.5260","22.15","-9.6832","13.7559","-386281","613719","-38.6281"
"KRX_CONTINUOUS","DS003444","삼성전자","0193W0","LONG","3/10","5/30","50","190","176","14","8","27.89","-0.2039","-0.4268","23.45","-4.9105","10.4365","-386935","613065","-38.6935"
"KRX_CONTINUOUS","DS004279","SK하이닉스","0193T0","LONG","20/30","10/30","NONE","98","89","9","3","19.39","-0.4783","-0.7326","26.83","-6.1777","9.8451","-387516","612484","-38.7516"
"KRX_CONTINUOUS","DS001076","SK하이닉스","0197X0","SHORT","5/10","5/10","5","299","293","6","2","35.79","-0.1541","-0.4639","10.28","-4.4654","6.7202","-387600","612400","-38.7600"
"KRX_CONTINUOUS","DS002904","SK하이닉스","0197X0","SHORT","3/5","3/30","50","337","326","11","8","32.94","-0.1154","-0.4974","21.51","-4.6939","17.1065","-388128","611872","-38.8128"
"KRX_CONTINUOUS","DS001005","삼성전자","0193L0","SHORT","3/5","5/10","10","344","337","7","7","32.56","-0.1328","-0.2477","10.43","-2.4654","13.6510","-389104","610896","-38.9104"
"KRX_CONTINUOUS","DS003441","삼성전자","0193W0","LONG","3/10","5/30","10","155","148","7","5","30.32","-0.2914","-0.4634","21.43","-4.9105","10.1536","-389208","610792","-38.9208"
"KRX_CONTINUOUS","DS000492","SK하이닉스","0193T0","LONG","3/5","3/10","50","246","243","3","5","33.74","-0.1884","-0.3559","11.28","-6.2309","5.5449","-389490","610510","-38.9490"
"KRX_CONTINUOUS","DS001485","삼성전자","0193L0","SHORT","3/5","3/20","10","344","335","9","9","29.65","-0.1222","-0.4058","14.60","-3.3642","13.8084","-389549","610451","-38.9549"
"KRX_CONTINUOUS","DS001065","SK하이닉스","0193T0","LONG","5/10","5/10","10","143","140","3","1","30.77","-0.3367","-0.4644","9.71","-3.7368","4.9307","-389746","610254","-38.9746"
"KRX_CONTINUOUS","DS003067","삼성전자","0193L0","SHORT","3/20","3/30","NONE","249","241","8","7","28.51","-0.1866","-0.3898","19.56","-6.1470","13.7559","-389959","610041","-38.9959"
"KRX_CONTINUOUS","DS002577","삼성전자","0193W0","LONG","3/20","10/20","10","164","153","11","3","30.49","-0.2906","-0.4655","17.58","-4.6634","6.5831","-390179","609821","-39.0179"
"KRX_CONTINUOUS","DS003583","삼성전자","0193W0","LONG","5/20","5/30","NONE","205","192","13","4","33.17","-0.2278","-0.4685","20.77","-4.9105","7.6623","-390202","609798","-39.0202"
"KRX_CONTINUOUS","DS003944","SK하이닉스","0193T0","LONG","5/10","10/30","5","264","237","27","7","33.33","-0.1311","-0.5425","32.24","-6.5093","11.2808","-390512","609488","-39.0512"
"KRX_CONTINUOUS","DS003934","삼성전자","0193L0","SHORT","3/10","10/30","20","202","190","12","7","29.21","-0.2256","-0.4797","24.77","-4.2992","13.8084","-391376","608624","-39.1376"
"KRX_CONTINUOUS","DS004173","삼성전자","0193L0","SHORT","3/30","10/30","10","147","133","14","3","28.57","-0.3183","-0.5020","25.54","-5.0225","13.8084","-391491","608509","-39.1491"
"KRX_CONTINUOUS","DS004028","삼성전자","0193L0","SHORT","3/20","10/30","5","198","184","14","6","34.34","-0.2260","-0.3579","30.23","-10.4449","13.8084","-391915","608085","-39.1915"
"KRX_CONTINUOUS","DS004451","삼성전자","0193W0","LONG","5/10","20/30","30","164","156","8","7","31.10","-0.2750","-0.4957","22.40","-4.4553","7.0961","-391921","608079","-39.1921"
"KRX_CONTINUOUS","DS003199","삼성전자","0193W0","LONG","3/30","3/30","NONE","205","197","8","2","27.80","-0.2363","-0.4338","13.55","-3.7153","5.4923","-392261","607739","-39.2261"
"KRX_CONTINUOUS","DS004303","삼성전자","0193W0","LONG","20/30","10/30","NONE","122","113","9","3","24.59","-0.3980","-0.5263","22.53","-4.5115","5.5431","-392491","607509","-39.2491"
"KRX_CONTINUOUS","DS002575","삼성전자","0193W0","LONG","3/20","10/20","NONE","249","232","17","5","32.53","-0.1894","-0.3887","17.93","-4.6634","6.5831","-393007","606993","-39.3007"
"KRX_CONTINUOUS","DS004450","삼성전자","0193W0","LONG","5/10","20/30","20","160","149","11","7","32.50","-0.2808","-0.5607","23.01","-4.4553","7.0961","-393058","606942","-39.3058"
"KRX_CONTINUOUS","DS004020","삼성전자","0193W0","LONG","3/20","10/30","50","126","119","7","6","28.57","-0.3797","-0.5383","25.72","-5.1116","5.9031","-393262","606738","-39.3262"
"KRX_CONTINUOUS","DS000011","SK하이닉스","0193T0","LONG","3/5","3/5","30","242","239","3","2","28.93","-0.2013","-0.3980","4.85","-2.9320","7.0780","-393952","606048","-39.3952"
"KRX_CONTINUOUS","DS000127","삼성전자","0193W0","LONG","5/10","3/5","NONE","354","351","3","2","29.10","-0.1377","-0.2397","5.07","-2.2352","6.1114","-394339","605661","-39.4339"
"KRX_CONTINUOUS","DS003151","삼성전자","0193W0","LONG","10/20","3/30","NONE","167","157","10","3","29.94","-0.2933","-0.4854","18.63","-4.2726","5.3840","-394987","605013","-39.4987"
"KRX_CONTINUOUS","DS003848","SK하이닉스","0193T0","LONG","3/5","10/30","5","251","227","24","8","31.87","-0.1094","-0.5688","32.91","-6.5093","11.7921","-395504","604496","-39.5504"
"KRX_CONTINUOUS","DS000608","삼성전자","0193W0","LONG","5/10","3/10","5","325","316","9","3","30.77","-0.1499","-0.3119","8.19","-2.1196","5.8406","-396028","603972","-39.6028"
"KRX_CONTINUOUS","DS002962","삼성전자","0193W0","LONG","3/10","3/30","20","183","177","6","6","27.32","-0.2586","-0.4659","16.87","-4.1784","6.5920","-396687","603313","-39.6687"
"KRX_CONTINUOUS","DS004016","삼성전자","0193W0","LONG","3/20","10/30","5","205","188","17","5","34.15","-0.2245","-0.4592","28.99","-5.1116","7.6623","-396915","603085","-39.6915"
"KRX_CONTINUOUS","DS002072","SK하이닉스","0193T0","LONG","3/20","5/20","5","167","158","9","3","29.94","-0.2879","-0.4765","16.66","-4.9790","7.4464","-397087","602913","-39.7087"
"KRX_CONTINUOUS","DS002996","SK하이닉스","0197X0","SHORT","5/10","3/30","5","299","283","16","5","35.12","-0.1392","-0.3067","23.76","-11.1982","12.8626","-397301","602699","-39.7301"
"KRX_CONTINUOUS","DS004711","SK하이닉스","0193T0","LONG","10/30","20/30","NONE","104","93","11","4","30.77","-0.4651","-0.6048","27.41","-5.6513","9.5025","-397439","602561","-39.7439"
"KRX_CONTINUOUS","DS002505","SK하이닉스","0193T0","LONG","5/10","10/20","10","143","135","8","5","30.77","-0.3225","-0.5958","20.80","-6.9002","6.9300","-397868","602132","-39.7868"
"KRX_CONTINUOUS","DS001591","SK하이닉스","0193T0","LONG","3/20","3/20","NONE","190","184","6","1","27.37","-0.2586","-0.5369","12.62","-3.2832","7.4464","-398257","601743","-39.8257"
"KRX_CONTINUOUS","DS003969","삼성전자","0193W0","LONG","5/10","10/30","10","147","136","11","5","28.57","-0.3180","-0.5835","27.82","-4.9713","9.4293","-398491","601509","-39.8491"
"KRX_CONTINUOUS","DS004544","삼성전자","0193W0","LONG","5/20","20/30","5","198","181","17","4","35.35","-0.2327","-0.4105","28.54","-5.1068","7.6623","-398547","601453","-39.8547"
"KRX_CONTINUOUS","DS004208","삼성전자","0193W0","LONG","5/30","10/30","5","160","147","13","4","28.13","-0.3076","-0.5084","23.15","-4.7328","7.3307","-398707","601293","-39.8707"
"KRX_CONTINUOUS","DS000045","삼성전자","0193L0","SHORT","3/5","3/5","10","344","340","4","2","28.20","-0.1435","-0.2000","4.99","-3.0413","13.0214","-398892","601108","-39.8892"
"KRX_CONTINUOUS","DS003691","삼성전자","0193L0","SHORT","3/30","5/30","NONE","206","192","14","3","25.73","-0.2355","-0.4184","19.52","-4.5985","13.7559","-398953","601047","-39.8953"
"KRX_CONTINUOUS","DS004713","SK하이닉스","0193T0","LONG","10/30","20/30","10","94","83","11","2","28.72","-0.5178","-0.7635","27.63","-5.6513","9.5025","-399017","600983","-39.9017"
"KRX_CONTINUOUS","DS004747","삼성전자","0193L0","SHORT","10/30","20/30","NONE","130","116","14","3","30.77","-0.3787","-0.3669","29.09","-8.5459","3.4171","-400289","599711","-40.0289"
"KRX_CONTINUOUS","DS002039","SK하이닉스","0197X0","SHORT","5/10","5/20","30","149","145","4","4","28.86","-0.3304","-0.5687","16.52","-5.1400","5.8942","-400377","599623","-40.0377"
"KRX_CONTINUOUS","DS004464","삼성전자","0193L0","SHORT","5/10","20/30","50","171","148","23","6","31.58","-0.2831","-0.4403","24.57","-5.6867","13.4411","-400620","599380","-40.0620"
"KRX_CONTINUOUS","DS002517","SK하이닉스","0197X0","SHORT","5/10","10/20","10","143","136","7","4","32.17","-0.3395","-0.5663","20.10","-4.6741","7.0159","-400653","599347","-40.0653"
"KRX_CONTINUOUS","DS000009","SK하이닉스","0193T0","LONG","3/5","3/5","10","261","256","5","2","31.03","-0.1908","-0.3764","5.04","-2.3610","7.0780","-400903","599097","-40.0903"
"KRX_CONTINUOUS","DS004641","삼성전자","0193W0","LONG","3/30","20/30","10","148","135","13","3","29.05","-0.3260","-0.5604","26.80","-4.4553","7.4410","-401396","598604","-40.1396"
"KRX_CONTINUOUS","DS002004","삼성전자","0193W0","LONG","3/10","5/20","50","190","178","12","4","31.05","-0.2597","-0.3774","17.03","-3.7153","5.1618","-402254","597746","-40.2254"
"KRX_CONTINUOUS","DS004496","삼성전자","0193W0","LONG","3/20","20/30","5","205","188","17","5","34.63","-0.2220","-0.4175","30.50","-5.0134","7.6623","-402730","597270","-40.2730"
"KRX_CONTINUOUS","DS004759","SK하이닉스","0193T0","LONG","20/30","20/30","NONE","98","91","7","1","25.51","-0.5062","-0.6916","23.44","-6.3664","9.0080","-402743","597257","-40.2743"
"KRX_CONTINUOUS","DS001944","SK하이닉스","0197X0","SHORT","3/5","5/20","50","337","328","9","8","31.16","-0.1228","-0.4999","19.21","-4.8198","17.1694","-404254","595746","-40.4254"
"KRX_CONTINUOUS","DS004378","SK하이닉스","0193T0","LONG","3/10","20/30","20","137","128","9","9","28.47","-0.3323","-0.7634","26.62","-4.5653","8.5877","-405883","594117","-40.5883"
"KRX_CONTINUOUS","DS002999","SK하이닉스","0197X0","SHORT","5/10","3/30","30","149","145","4","3","24.16","-0.3402","-0.5605","16.77","-4.1202","6.2205","-406270","593730","-40.6270"
"KRX_CONTINUOUS","DS002551","SK하이닉스","0193T0","LONG","3/20","10/20","NONE","190","180","10","4","33.16","-0.2503","-0.4179","21.13","-6.5341","7.4106","-406502","593498","-40.6502"
"KRX_CONTINUOUS","DS000501","SK하이닉스","0197X0","SHORT","3/5","3/10","10","324","321","3","4","28.40","-0.1468","-0.4283","9.27","-5.3553","18.0505","-406650","593350","-40.6650"
"KRX_CONTINUOUS","DS004567","SK하이닉스","0193T0","LONG","10/20","20/30","NONE","141","126","15","5","31.21","-0.3485","-0.5640","31.64","-5.0378","9.3607","-407484","592516","-40.7484"
"KRX_CONTINUOUS","DS003799","SK하이닉스","0193T0","LONG","20/30","5/30","NONE","98","88","10","3","21.43","-0.5187","-0.6818","21.33","-7.0896","6.2442","-407762","592238","-40.7762"
"KRX_CONTINUOUS","DS000056","SK하이닉스","0193T0","LONG","3/10","3/5","5","263","257","6","2","29.28","-0.1938","-0.3327","5.15","-2.4885","6.2247","-407830","592170","-40.7830"
"KRX_CONTINUOUS","DS002095","삼성전자","0193W0","LONG","3/20","5/20","NONE","249","235","14","4","30.12","-0.2032","-0.3438","15.39","-3.7153","5.3498","-408398","591602","-40.8398"
"KRX_CONTINUOUS","DS001524","삼성전자","0193W0","LONG","3/10","3/20","50","190","179","11","4","26.84","-0.2673","-0.4107","13.41","-3.2527","5.5782","-408505","591495","-40.8505"
"KRX_CONTINUOUS","DS004593","삼성전자","0193W0","LONG","10/20","20/30","10","157","142","15","4","30.57","-0.3134","-0.4829","28.93","-5.1068","7.3307","-408832","591168","-40.8832"
"KRX_CONTINUOUS","DS002589","삼성전자","0193L0","SHORT","3/20","10/20","10","183","173","10","3","33.33","-0.2730","-0.3836","20.69","-5.3934","13.5461","-409229","590771","-40.9229"
"KRX_CONTINUOUS","DS001522","삼성전자","0193W0","LONG","3/10","3/20","20","183","178","5","4","25.14","-0.2804","-0.4393","11.70","-3.2527","4.2730","-409308","590692","-40.9308"
"KRX_CONTINUOUS","DS000971","SK하이닉스","0193T0","LONG","3/5","5/10","30","242","238","4","5","35.54","-0.2036","-0.3191","12.37","-7.6054","5.5449","-409760","590240","-40.9760"
"KRX_CONTINUOUS","DS002972","삼성전자","0193L0","SHORT","3/10","3/30","5","300","292","8","8","31.67","-0.1494","-0.3963","22.96","-10.0659","13.7559","-410119","589881","-41.0119"
"KRX_CONTINUOUS","DS003009","삼성전자","0193W0","LONG","5/10","3/30","10","147","141","6","4","29.25","-0.3470","-0.4912","18.96","-4.0367","6.3190","-410294","589706","-41.0294"
"KRX_CONTINUOUS","DS004161","삼성전자","0193W0","LONG","3/30","10/30","10","148","133","15","3","29.73","-0.3423","-0.6133","24.03","-4.7328","7.4410","-410358","589642","-41.0358"
"KRX_CONTINUOUS","DS001016","SK하이닉스","0193T0","LONG","3/10","5/10","5","263","254","9","2","34.22","-0.1918","-0.3334","10.10","-3.7368","6.2247","-411651","588349","-41.1651"
"KRX_CONTINUOUS","DS003477","SK하이닉스","0197X0","SHORT","5/10","5/30","10","143","136","7","5","32.87","-0.3517","-0.6474","24.29","-9.0710","5.6523","-413659","586341","-41.3659"
"KRX_CONTINUOUS","DS004403","삼성전자","0193W0","LONG","3/10","20/30","30","181","174","7","6","31.49","-0.2618","-0.4609","22.31","-5.0134","6.5920","-414057","585943","-41.4057"
"KRX_CONTINUOUS","DS003896","SK하이닉스","0193T0","LONG","3/10","10/30","5","263","237","26","7","31.94","-0.1458","-0.5712","32.32","-6.5093","11.7921","-414949","585051","-41.4949"
"KRX_CONTINUOUS","DS001521","삼성전자","0193W0","LONG","3/10","3/20","10","155","151","4","4","27.10","-0.3379","-0.4606","13.08","-3.2527","4.2730","-415435","584565","-41.5435"
"KRX_CONTINUOUS","DS001615","삼성전자","0193W0","LONG","3/20","3/20","NONE","249","238","11","2","26.91","-0.2106","-0.3886","11.16","-3.2527","5.3498","-415540","584460","-41.5540"
"KRX_CONTINUOUS","DS004064","삼성전자","0193W0","LONG","5/20","10/30","5","198","180","18","4","34.34","-0.2564","-0.4868","27.15","-5.2049","7.6623","-417222","582778","-41.7222"
"KRX_CONTINUOUS","DS000536","SK하이닉스","0193T0","LONG","3/10","3/10","5","263","256","7","1","30.42","-0.1987","-0.3463","8.68","-3.4415","6.1058","-417254","582746","-41.7254"
"KRX_CONTINUOUS","DS000572","삼성전자","0193L0","SHORT","3/10","3/10","5","300","296","4","2","30.67","-0.1734","-0.3161","8.25","-3.0413","14.0707","-417891","582109","-41.7891"
"KRX_CONTINUOUS","DS001939","SK하이닉스","0197X0","SHORT","3/5","5/20","NONE","643","620","23","11","38.41","-0.0429","-0.3790","22.09","-6.4313","17.1694","-418415","581585","-41.8415"
"KRX_CONTINUOUS","DS001015","SK하이닉스","0193T0","LONG","3/10","5/10","NONE","294","285","9","3","34.01","-0.1727","-0.3394","10.47","-3.7368","6.2247","-419170","580830","-41.9170"
"KRX_CONTINUOUS","DS004500","삼성전자","0193W0","LONG","3/20","20/30","50","126","122","4","5","25.40","-0.4151","-0.4727","25.15","-5.0134","5.1715","-419711","580289","-41.9711"
"KRX_CONTINUOUS","DS000104","SK하이닉스","0193T0","LONG","5/10","3/5","5","264","257","7","2","29.17","-0.2000","-0.3516","5.07","-2.4885","6.9257","-420015","579985","-42.0015"
"KRX_CONTINUOUS","DS002107","삼성전자","0193L0","SHORT","3/20","5/20","NONE","249","239","10","4","30.92","-0.2074","-0.3905","16.38","-5.2344","14.4905","-420045","579955","-42.0045"
"KRX_CONTINUOUS","DS003057","삼성전자","0193W0","LONG","3/20","3/30","10","164","155","9","3","28.05","-0.3202","-0.4534","16.57","-4.1784","5.7096","-420063","579937","-42.0063"
"KRX_CONTINUOUS","DS004639","삼성전자","0193W0","LONG","3/30","20/30","NONE","205","190","15","4","30.24","-0.2377","-0.4829","24.01","-4.4553","7.4410","-420139","579861","-42.0139"
"KRX_CONTINUOUS","DS001488","삼성전자","0193L0","SHORT","3/5","3/20","50","355","339","16","10","25.07","-0.1276","-0.3601","15.88","-3.0506","13.8084","-420175","579825","-42.0175"
"KRX_CONTINUOUS","DS000116","SK하이닉스","0197X0","SHORT","5/10","3/5","5","299","293","6","2","31.77","-0.1766","-0.2619","5.13","-4.3451","7.4070","-420324","579676","-42.0324"
"KRX_CONTINUOUS","DS000032","삼성전자","0193W0","LONG","3/5","3/5","5","283","278","5","2","29.33","-0.1890","-0.3023","5.02","-2.4857","3.9131","-420859","579141","-42.0859"
"KRX_CONTINUOUS","DS001099","삼성전자","0193L0","SHORT","5/10","5/10","NONE","355","348","7","3","31.83","-0.1467","-0.2986","9.51","-3.2568","13.6510","-421092","578908","-42.1092"
"KRX_CONTINUOUS","DS002731","삼성전자","0193L0","SHORT","3/30","10/20","NONE","206","193","13","3","33.01","-0.2514","-0.3758","20.65","-5.3934","13.5461","-421851","578149","-42.1851"
"KRX_CONTINUOUS","DS002011","삼성전자","0193L0","SHORT","3/10","5/20","NONE","402","388","14","6","34.83","-0.1196","-0.3159","19.63","-6.2824","14.4905","-423734","576266","-42.3734"
"KRX_CONTINUOUS","DS000055","SK하이닉스","0193T0","LONG","3/10","3/5","NONE","294","288","6","2","28.91","-0.1822","-0.3353","5.08","-2.4885","7.0780","-424848","575152","-42.4848"
"KRX_CONTINUOUS","DS001496","SK하이닉스","0193T0","LONG","3/10","3/20","5","263","253","10","6","31.56","-0.1907","-0.4765","16.07","-9.4028","8.0933","-425026","574974","-42.5026"
"KRX_CONTINUOUS","DS004557","삼성전자","0193L0","SHORT","5/20","20/30","10","162","144","18","4","33.33","-0.3228","-0.3277","31.54","-8.6147","13.4411","-425972","574028","-42.5972"
"KRX_CONTINUOUS","DS001088","삼성전자","0193W0","LONG","5/10","5/10","5","325","316","9","3","30.15","-0.1646","-0.3282","9.10","-2.2352","5.8528","-426036","573964","-42.6036"
"KRX_CONTINUOUS","DS002060","삼성전자","0193L0","SHORT","5/10","5/20","5","317","305","12","4","32.81","-0.1612","-0.3538","18.47","-5.0327","14.4905","-426324","573676","-42.6324"
"KRX_CONTINUOUS","DS003535","삼성전자","0193W0","LONG","3/20","5/30","NONE","249","232","17","6","31.33","-0.2076","-0.4059","21.49","-4.8169","7.6623","-426435","573565","-42.6435"
"KRX_CONTINUOUS","DS004171","삼성전자","0193L0","SHORT","3/30","10/30","NONE","206","189","17","5","28.64","-0.2521","-0.4250","24.87","-5.0225","13.8084","-426780","573220","-42.6780"
"KRX_CONTINUOUS","DS004207","삼성전자","0193W0","LONG","5/30","10/30","NONE","170","156","14","4","27.65","-0.3174","-0.5084","22.62","-4.7328","7.3307","-427106","572894","-42.7106"
"KRX_CONTINUOUS","DS000524","삼성전자","0193L0","SHORT","3/5","3/10","5","297","292","5","4","30.98","-0.1817","-0.2932","8.63","-3.0413","14.0707","-427850","572150","-42.7850"
"KRX_CONTINUOUS","DS004511","삼성전자","0193L0","SHORT","3/20","20/30","30","124","114","10","4","27.42","-0.4341","-0.5055","23.91","-8.6147","13.4411","-428455","571545","-42.8455"
"KRX_CONTINUOUS","DS004439","SK하이닉스","0197X0","SHORT","5/10","20/30","30","149","136","13","4","32.21","-0.3606","-0.5484","22.52","-4.7392","5.3477","-429185","570815","-42.9185"
"KRX_CONTINUOUS","DS002937","SK하이닉스","0193T0","LONG","3/10","3/30","10","145","138","7","4","28.97","-0.3681","-0.5668","19.39","-5.4485","5.6615","-429240","570760","-42.9240"
"KRX_CONTINUOUS","DS001111","SK하이닉스","0193T0","LONG","3/20","5/10","NONE","190","184","6","2","35.26","-0.2855","-0.3938","10.37","-6.6536","5.3457","-430738","569262","-43.0738"
"KRX_CONTINUOUS","DS000631","SK하이닉스","0193T0","LONG","3/20","3/10","NONE","190","185","5","2","32.63","-0.2888","-0.3996","9.16","-6.8416","5.2277","-431385","568615","-43.1385"
"KRX_CONTINUOUS","DS000607","삼성전자","0193W0","LONG","5/10","3/10","NONE","354","345","9","3","30.51","-0.1545","-0.3029","8.29","-2.1196","5.8406","-431674","568326","-43.1674"
"KRX_CONTINUOUS","DS001544","SK하이닉스","0193T0","LONG","5/10","3/20","5","264","254","10","6","31.44","-0.1963","-0.4659","15.41","-8.1219","7.7688","-431716","568284","-43.1716"
"KRX_CONTINUOUS","DS004076","삼성전자","0193L0","SHORT","5/20","10/30","5","188","171","17","4","30.32","-0.2773","-0.4552","28.05","-10.4449","13.8084","-431769","568231","-43.1769"
"KRX_CONTINUOUS","DS004591","삼성전자","0193W0","LONG","10/20","20/30","NONE","167","151","16","4","29.94","-0.3188","-0.4834","29.80","-5.1068","7.3307","-433025","566975","-43.3025"
"KRX_CONTINUOUS","DS003907","SK하이닉스","0197X0","SHORT","3/10","10/30","NONE","342","320","22","9","43.86","-0.0738","-0.2568","34.63","-13.9197","17.0435","-433901","566099","-43.3901"
"KRX_CONTINUOUS","DS004449","삼성전자","0193W0","LONG","5/10","20/30","10","147","136","11","4","33.33","-0.3613","-0.4908","30.19","-4.8729","6.3190","-434302","565698","-43.4302"
"KRX_CONTINUOUS","DS003104","삼성전자","0193W0","LONG","5/20","3/30","5","198","189","9","4","32.32","-0.2780","-0.4431","17.31","-4.2726","5.7096","-434476","565524","-43.4476"
"KRX_CONTINUOUS","DS003475","SK하이닉스","0197X0","SHORT","5/10","5/30","NONE","321","302","19","7","38.63","-0.1372","-0.3815","27.24","-12.3937","12.7528","-434556","565444","-43.4556"
"KRX_CONTINUOUS","DS001556","SK하이닉스","0197X0","SHORT","5/10","3/20","5","299","289","10","5","32.11","-0.1760","-0.4410","16.84","-5.9382","10.6123","-436380","563620","-43.6380"
"KRX_CONTINUOUS","DS002424","SK하이닉스","0197X0","SHORT","3/5","10/20","50","337","326","11","8","33.83","-0.1269","-0.4138","21.09","-5.2615","17.1694","-437794","562206","-43.7794"
"KRX_CONTINUOUS","DS003056","삼성전자","0193W0","LONG","3/20","3/30","5","205","196","9","5","30.24","-0.2676","-0.4042","18.43","-4.1784","5.7096","-438080","561920","-43.8080"
"KRX_CONTINUOUS","DS002516","SK하이닉스","0197X0","SHORT","5/10","10/20","5","299","284","15","6","36.45","-0.1665","-0.4011","24.08","-6.6555","12.8626","-438824","561176","-43.8824"
"KRX_CONTINUOUS","DS000008","SK하이닉스","0193T0","LONG","3/5","3/5","5","251","245","6","2","31.08","-0.2247","-0.3581","5.41","-2.9320","6.2247","-438964","561036","-43.8964"
"KRX_CONTINUOUS","DS002001","삼성전자","0193W0","LONG","3/10","5/20","10","155","151","4","4","29.03","-0.3592","-0.4576","15.56","-3.7153","5.7616","-438992","561008","-43.8992"
"KRX_CONTINUOUS","DS001487","삼성전자","0193L0","SHORT","3/5","3/20","30","357","343","14","10","25.77","-0.1371","-0.3913","15.30","-3.0506","13.8084","-439287","560713","-43.9287"
"KRX_CONTINUOUS","DS004543","삼성전자","0193W0","LONG","5/20","20/30","NONE","205","188","17","5","34.63","-0.2583","-0.4400","28.45","-5.1068","7.6623","-439511","560489","-43.9511"
"KRX_CONTINUOUS","DS004462","삼성전자","0193L0","SHORT","5/10","20/30","20","167","150","17","6","31.74","-0.3309","-0.5141","25.01","-3.3200","13.4411","-439699","560301","-43.9699"
"KRX_CONTINUOUS","DS004463","삼성전자","0193L0","SHORT","5/10","20/30","30","180","162","18","7","33.89","-0.3067","-0.3885","23.86","-3.3200","13.4411","-439981","560019","-43.9981"
"KRX_CONTINUOUS","DS001100","삼성전자","0193L0","SHORT","5/10","5/10","5","317","311","6","2","30.28","-0.1755","-0.3285","9.70","-3.2568","13.6510","-440349","559651","-44.0349"
"KRX_CONTINUOUS","DS004461","삼성전자","0193L0","SHORT","5/10","20/30","10","157","141","16","7","33.76","-0.3527","-0.4403","29.48","-6.3716","13.4411","-440398","559602","-44.0398"
"KRX_CONTINUOUS","DS000140","삼성전자","0193L0","SHORT","5/10","3/5","5","317","315","2","2","29.34","-0.1779","-0.2459","5.06","-3.2653","13.0214","-440592","559408","-44.0592"
"KRX_CONTINUOUS","DS003392","삼성전자","0193W0","LONG","3/5","5/30","5","283","264","19","7","36.40","-0.1502","-0.3767","25.83","-8.6230","10.4365","-440629","559371","-44.0629"
"KRX_CONTINUOUS","DS000139","삼성전자","0193L0","SHORT","5/10","3/5","NONE","355","352","3","2","31.27","-0.1587","-0.2378","5.26","-3.2653","13.0214","-441005","558995","-44.1005"
"KRX_CONTINUOUS","DS002002","삼성전자","0193W0","LONG","3/10","5/20","20","183","177","6","4","27.32","-0.3094","-0.4301","14.49","-3.7153","4.0857","-441465","558535","-44.1465"
"KRX_CONTINUOUS","DS002492","삼성전자","0193L0","SHORT","3/10","10/20","5","300","286","14","7","36.33","-0.1688","-0.3603","24.45","-7.3839","13.5461","-442113","557887","-44.2113"
"KRX_CONTINUOUS","DS003479","SK하이닉스","0197X0","SHORT","5/10","5/30","30","149","142","7","4","24.83","-0.3815","-0.6058","18.87","-4.1202","5.6523","-442486","557514","-44.2486"
"KRX_CONTINUOUS","DS002964","삼성전자","0193W0","LONG","3/10","3/30","50","190","178","12","6","26.84","-0.2870","-0.4107","18.78","-4.2726","6.5920","-443661","556339","-44.3661"
"KRX_CONTINUOUS","DS002435","삼성전자","0193W0","LONG","3/5","10/20","30","324","306","18","10","33.33","-0.1650","-0.3824","18.94","-3.6419","4.6857","-444660","555340","-44.4660"
"KRX_CONTINUOUS","DS000020","SK하이닉스","0197X0","SHORT","3/5","3/5","5","316","312","4","2","29.43","-0.1786","-0.3541","5.52","-3.6571","15.6590","-446034","553966","-44.6034"
"KRX_CONTINUOUS","DS000535","SK하이닉스","0193T0","LONG","3/10","3/10","NONE","294","287","7","1","29.59","-0.1941","-0.3717","8.40","-3.4415","6.1058","-446035","553965","-44.6035"
"KRX_CONTINUOUS","DS003936","삼성전자","0193L0","SHORT","3/10","10/30","50","199","182","17","8","27.64","-0.2755","-0.4073","26.47","-5.6448","13.8084","-446436","553564","-44.6436"
"KRX_CONTINUOUS","DS001559","SK하이닉스","0197X0","SHORT","5/10","3/20","30","149","146","3","4","22.82","-0.3872","-0.5726","13.74","-4.9482","6.3097","-446627","553373","-44.6627"
"KRX_CONTINUOUS","DS002925","삼성전자","0193L0","SHORT","3/5","3/30","10","344","332","12","10","27.33","-0.1426","-0.4752","19.87","-6.0058","13.7559","-447166","552834","-44.7166"
"KRX_CONTINUOUS","DS000035","삼성전자","0193W0","LONG","3/5","3/5","30","324","319","5","2","25.93","-0.1801","-0.2866","4.27","-2.7116","3.9131","-448219","551781","-44.8219"
"KRX_CONTINUOUS","DS004063","삼성전자","0193W0","LONG","5/20","10/30","NONE","205","187","18","4","33.17","-0.2740","-0.5067","27.00","-5.2049","7.6623","-448450","551550","-44.8450"
"KRX_CONTINUOUS","DS003897","SK하이닉스","0193T0","LONG","3/10","10/30","10","145","133","12","5","26.90","-0.3652","-0.8687","26.74","-6.5093","9.4216","-449450","550550","-44.9450"
"KRX_CONTINUOUS","DS002059","삼성전자","0193L0","SHORT","5/10","5/20","NONE","355","341","14","4","34.93","-0.1547","-0.3139","18.80","-5.4199","14.4905","-451412","548588","-45.1412"
"KRX_CONTINUOUS","DS000968","SK하이닉스","0193T0","LONG","3/5","5/10","5","251","243","8","5","35.06","-0.2308","-0.3086","11.19","-4.8392","6.2247","-453649","546351","-45.3649"
"KRX_CONTINUOUS","DS003103","삼성전자","0193W0","LONG","5/20","3/30","NONE","205","196","9","4","32.20","-0.2851","-0.4338","17.31","-4.2726","5.7096","-453914","546086","-45.3914"
"KRX_CONTINUOUS","DS002924","삼성전자","0193L0","SHORT","3/5","3/30","5","297","290","7","8","29.29","-0.1802","-0.4562","22.76","-9.3699","13.7559","-455245","544755","-45.5245"
"KRX_CONTINUOUS","DS001486","삼성전자","0193L0","SHORT","3/5","3/20","20","350","339","11","10","26.86","-0.1511","-0.3936","14.69","-3.0506","13.8084","-455828","544172","-45.5828"
"KRX_CONTINUOUS","DS004123","삼성전자","0193L0","SHORT","10/20","10/30","NONE","171","159","12","5","32.16","-0.3385","-0.3947","28.99","-10.3101","5.0358","-457190","542810","-45.7190"
"KRX_CONTINUOUS","DS002456","SK하이닉스","0193T0","LONG","3/10","10/20","5","263","247","16","6","36.50","-0.2047","-0.3845","23.89","-6.9002","8.3068","-457277","542723","-45.7277"
"KRX_CONTINUOUS","DS003384","SK하이닉스","0197X0","SHORT","3/5","5/30","50","337","322","15","8","32.34","-0.1439","-0.5499","24.83","-5.1196","17.1065","-457347","542653","-45.7347"
"KRX_CONTINUOUS","DS002071","SK하이닉스","0193T0","LONG","3/20","5/20","NONE","190","181","9","3","29.47","-0.3083","-0.4861","16.19","-4.9790","7.4464","-458449","541551","-45.8449"
"KRX_CONTINUOUS","DS003417","SK하이닉스","0193T0","LONG","3/10","5/30","10","145","133","12","4","31.03","-0.4053","-0.7086","22.21","-5.1135","5.6887","-459602","540398","-45.9602"
"KRX_CONTINUOUS","DS000512","삼성전자","0193W0","LONG","3/5","3/10","5","283","273","10","3","31.45","-0.2114","-0.3216","8.54","-4.3647","4.6843","-459747","540253","-45.9747"
"KRX_CONTINUOUS","DS000046","삼성전자","0193L0","SHORT","3/5","3/5","20","350","343","7","3","26.86","-0.1718","-0.2000","4.76","-3.0413","13.0214","-460420","539580","-46.0420"
"KRX_CONTINUOUS","DS004388","SK하이닉스","0197X0","SHORT","3/10","20/30","5","284","260","24","12","41.20","-0.1357","-0.3783","37.04","-14.0971","16.2254","-461963","538037","-46.1963"
"KRX_CONTINUOUS","DS004029","삼성전자","0193L0","SHORT","3/20","10/30","10","183","168","15","6","33.88","-0.3040","-0.3947","30.38","-10.4449","13.8084","-462153","537847","-46.2153"
"KRX_CONTINUOUS","DS004125","삼성전자","0193L0","SHORT","10/20","10/30","10","160","148","12","5","30.63","-0.3686","-0.4155","28.96","-10.3101","5.0358","-462532","537468","-46.2532"
"KRX_CONTINUOUS","DS002481","삼성전자","0193W0","LONG","3/10","10/20","10","155","146","9","4","32.90","-0.3840","-0.5319","18.43","-4.6634","5.0877","-462893","537107","-46.2893"
"KRX_CONTINUOUS","DS000010","SK하이닉스","0193T0","LONG","3/5","3/5","20","255","252","3","2","26.27","-0.2390","-0.3868","4.69","-2.9320","7.0780","-463160","536840","-46.3160"
"KRX_CONTINUOUS","DS003981","삼성전자","0193L0","SHORT","5/10","10/30","10","157","142","15","6","31.21","-0.3743","-0.4853","27.18","-10.0846","13.8084","-463321","536679","-46.3321"
"KRX_CONTINUOUS","DS004437","SK하이닉스","0197X0","SHORT","5/10","20/30","10","143","128","15","7","36.36","-0.3826","-0.4201","35.13","-10.5284","7.4142","-463328","536672","-46.3328"
"KRX_CONTINUOUS","DS003922","삼성전자","0193W0","LONG","3/10","10/30","20","183","170","13","7","27.87","-0.2991","-0.5456","24.27","-5.1116","9.7103","-463387","536613","-46.3387"
"KRX_CONTINUOUS","DS001965","삼성전자","0193L0","SHORT","3/5","5/20","10","344","330","14","9","30.23","-0.1558","-0.4378","16.71","-5.2344","14.4905","-463953","536047","-46.3953"
"KRX_CONTINUOUS","DS000491","SK하이닉스","0193T0","LONG","3/5","3/10","30","242","239","3","4","31.40","-0.2467","-0.3775","10.26","-6.2309","5.5449","-465464","534536","-46.5464"
"KRX_CONTINUOUS","DS002900","SK하이닉스","0197X0","SHORT","3/5","3/30","5","316","302","14","5","31.96","-0.1623","-0.5024","22.87","-6.2714","17.1065","-465481","534519","-46.5481"
"KRX_CONTINUOUS","DS002892","SK하이닉스","0193T0","LONG","3/5","3/30","50","246","235","11","8","30.89","-0.2217","-0.5176","22.66","-11.6255","7.1037","-466121","533879","-46.6121"
"KRX_CONTINUOUS","DS001448","SK하이닉스","0193T0","LONG","3/5","3/20","5","251","240","11","6","30.28","-0.2289","-0.4654","16.80","-9.5967","9.1447","-466654","533346","-46.6654"
"KRX_CONTINUOUS","DS003513","SK하이닉스","0193T0","LONG","3/20","5/30","10","146","132","14","4","28.08","-0.4148","-0.6878","22.99","-5.7498","8.9445","-466760","533240","-46.6760"
"KRX_CONTINUOUS","DS003488","삼성전자","0193W0","LONG","5/10","5/30","5","325","305","20","9","31.08","-0.1418","-0.4209","24.48","-10.7576","10.9588","-467242","532758","-46.7242"
"KRX_CONTINUOUS","DS004159","삼성전자","0193W0","LONG","3/30","10/30","NONE","205","187","18","4","29.27","-0.2941","-0.5584","22.93","-4.7328","7.4410","-467341","532659","-46.7341"
"KRX_CONTINUOUS","DS001940","SK하이닉스","0197X0","SHORT","3/5","5/20","5","316","305","11","5","32.28","-0.1658","-0.5085","20.13","-4.8198","17.1694","-467586","532414","-46.7586"
"KRX_CONTINUOUS","DS003991","SK하이닉스","0193T0","LONG","3/20","10/30","NONE","190","173","17","6","28.95","-0.2895","-0.6871","29.68","-6.1417","11.2808","-467641","532359","-46.7641"
"KRX_CONTINUOUS","DS004472","SK하이닉스","0193T0","LONG","3/20","20/30","5","167","149","18","6","31.74","-0.3445","-0.6891","33.83","-4.8525","10.4327","-469739","530261","-46.9739"
"KRX_CONTINUOUS","DS001006","삼성전자","0193L0","SHORT","3/5","5/10","20","350","339","11","7","31.14","-0.1702","-0.3088","10.83","-2.4654","13.6510","-469869","530131","-46.9869"
"KRX_CONTINUOUS","DS002412","SK하이닉스","0193T0","LONG","3/5","10/20","50","246","236","10","8","36.18","-0.2263","-0.3818","23.42","-5.7498","6.6040","-470523","529477","-47.0523"
"KRX_CONTINUOUS","DS001967","삼성전자","0193L0","SHORT","3/5","5/20","30","357","340","17","10","28.01","-0.1506","-0.4174","17.69","-3.0506","14.4905","-471641","528359","-47.1641"
"KRX_CONTINUOUS","DS001543","SK하이닉스","0193T0","LONG","5/10","3/20","NONE","278","268","10","6","30.94","-0.2043","-0.4699","15.70","-8.1219","9.3441","-471858","528142","-47.1858"
"KRX_CONTINUOUS","DS000525","삼성전자","0193L0","SHORT","3/5","3/10","10","344","339","5","5","30.81","-0.1795","-0.2450","8.37","-3.0413","14.0707","-472062","527938","-47.2062"
"KRX_CONTINUOUS","DS000091","삼성전자","0193L0","SHORT","3/10","3/5","NONE","402","398","4","2","29.60","-0.1544","-0.2424","4.94","-3.0413","13.0214","-472150","527850","-47.2150"
"KRX_CONTINUOUS","DS002444","삼성전자","0193L0","SHORT","3/5","10/20","5","297","282","15","6","33.67","-0.1919","-0.4354","22.32","-6.6672","13.5461","-472561","527439","-47.2561"
"KRX_CONTINUOUS","DS000981","SK하이닉스","0197X0","SHORT","3/5","5/10","10","324","322","2","6","30.86","-0.1823","-0.4123","11.37","-6.8667","16.9177","-472671","527329","-47.2671"
"KRX_CONTINUOUS","DS001968","삼성전자","0193L0","SHORT","3/5","5/20","50","355","334","21","10","26.76","-0.1513","-0.4294","17.97","-3.0506","14.4905","-473347","526653","-47.3347"
"KRX_CONTINUOUS","DS002432","삼성전자","0193W0","LONG","3/5","10/20","5","283","268","15","7","37.46","-0.2055","-0.2780","21.45","-7.3596","5.0877","-473808","526192","-47.3808"
"KRX_CONTINUOUS","DS004425","SK하이닉스","0193T0","LONG","5/10","20/30","10","143","131","12","6","30.07","-0.3983","-0.9050","31.62","-5.2251","10.4327","-474438","525562","-47.4438"
"KRX_CONTINUOUS","DS004654","삼성전자","0193L0","SHORT","3/30","20/30","20","132","120","12","4","27.27","-0.4673","-0.5130","23.92","-8.5459","13.4411","-475085","524915","-47.5085"
"KRX_CONTINUOUS","DS002927","삼성전자","0193L0","SHORT","3/5","3/30","30","357","344","13","14","26.61","-0.1520","-0.4696","18.74","-3.0413","13.7559","-476527","523473","-47.6527"
"KRX_CONTINUOUS","DS003921","삼성전자","0193W0","LONG","3/10","10/30","10","155","141","14","5","31.61","-0.3863","-0.5620","26.52","-5.2049","9.4293","-477048","522952","-47.7048"
"KRX_CONTINUOUS","DS001941","SK하이닉스","0197X0","SHORT","3/5","5/20","10","324","313","11","6","31.79","-0.1764","-0.5206","17.01","-4.5898","17.1694","-477320","522680","-47.7320"
"KRX_CONTINUOUS","DS003924","삼성전자","0193W0","LONG","3/10","10/30","50","190","174","16","8","27.89","-0.2922","-0.5737","27.52","-5.2049","9.7103","-477783","522217","-47.7783"
"KRX_CONTINUOUS","DS000970","SK하이닉스","0193T0","LONG","3/5","5/10","20","255","250","5","6","32.94","-0.2403","-0.3921","11.89","-6.6536","5.5449","-477944","522056","-47.7944"
"KRX_CONTINUOUS","DS000984","SK하이닉스","0197X0","SHORT","3/5","5/10","50","337","334","3","5","30.86","-0.1745","-0.4460","12.06","-6.8667","16.9177","-478230","521770","-47.8230"
"KRX_CONTINUOUS","DS003851","SK하이닉스","0193T0","LONG","3/5","10/30","30","242","233","9","16","28.10","-0.1528","-0.6478","26.73","-5.5970","10.2719","-478233","521767","-47.8233"
"KRX_CONTINUOUS","DS000992","삼성전자","0193W0","LONG","3/5","5/10","5","283","273","10","4","32.51","-0.2217","-0.3225","10.13","-4.9263","4.6843","-478874","521126","-47.8874"
"KRX_CONTINUOUS","DS000103","SK하이닉스","0193T0","LONG","5/10","3/5","NONE","278","271","7","2","29.50","-0.2278","-0.3553","5.21","-4.1533","6.9257","-479110","520890","-47.9110"
"KRX_CONTINUOUS","DS000023","SK하이닉스","0197X0","SHORT","3/5","3/5","30","345","340","5","2","27.54","-0.1821","-0.3807","4.95","-3.6571","15.6590","-480857","519143","-48.0857"
"KRX_CONTINUOUS","DS003407","삼성전자","0193L0","SHORT","3/5","5/30","30","357","338","19","14","27.17","-0.1420","-0.4847","20.94","-2.4868","13.7559","-481251","518749","-48.1251"
"KRX_CONTINUOUS","DS003033","SK하이닉스","0193T0","LONG","3/20","3/30","10","146","139","7","3","26.71","-0.4352","-0.6550","17.75","-5.0767","8.9445","-481810","518190","-48.1810"
"KRX_CONTINUOUS","DS001087","삼성전자","0193W0","LONG","5/10","5/10","NONE","354","345","9","3","28.81","-0.1801","-0.3297","8.59","-2.2352","5.8528","-482221","517779","-48.2221"
"KRX_CONTINUOUS","DS003476","SK하이닉스","0197X0","SHORT","5/10","5/30","5","299","280","19","6","36.79","-0.1797","-0.4098","26.72","-12.3937","12.7528","-483793","516207","-48.3793"
"KRX_CONTINUOUS","DS000500","SK하이닉스","0197X0","SHORT","3/5","3/10","5","316","312","4","4","29.11","-0.1957","-0.4505","9.73","-3.0024","18.0505","-484448","515552","-48.4448"
"KRX_CONTINUOUS","DS003512","SK하이닉스","0193T0","LONG","3/20","5/30","5","167","153","14","4","28.74","-0.3812","-0.6237","24.34","-5.7498","8.9445","-484906","515094","-48.4906"
"KRX_CONTINUOUS","DS000488","SK하이닉스","0193T0","LONG","3/5","3/10","5","251","243","8","4","32.67","-0.2561","-0.3987","9.75","-6.2309","6.1058","-485241","514759","-48.5241"
"KRX_CONTINUOUS","DS000983","SK하이닉스","0197X0","SHORT","3/5","5/10","30","345","341","4","6","30.14","-0.1754","-0.4141","12.00","-6.8667","16.9177","-485438","514562","-48.5438"
"KRX_CONTINUOUS","DS001495","SK하이닉스","0193T0","LONG","3/10","3/20","NONE","294","284","10","6","30.27","-0.1991","-0.4808","16.30","-9.4028","9.3441","-485577","514423","-48.5577"
"KRX_CONTINUOUS","DS002447","삼성전자","0193L0","SHORT","3/5","10/20","30","357","337","20","13","29.69","-0.1387","-0.4271","20.53","-4.1914","13.5461","-485851","514149","-48.5851"
"KRX_CONTINUOUS","DS000503","SK하이닉스","0197X0","SHORT","3/5","3/10","30","345","339","6","5","28.41","-0.1773","-0.4541","10.32","-3.0024","18.0505","-485885","514115","-48.5885"
"KRX_CONTINUOUS","DS004473","SK하이닉스","0193T0","LONG","3/20","20/30","10","146","131","15","5","31.51","-0.4203","-0.7815","32.72","-4.8525","10.4327","-486545","513455","-48.6545"
"KRX_CONTINUOUS","DS003395","삼성전자","0193W0","LONG","3/5","5/30","30","324","302","22","14","28.70","-0.1541","-0.4276","21.75","-4.8637","10.4365","-488851","511149","-48.8851"
"KRX_CONTINUOUS","DS001976","SK하이닉스","0193T0","LONG","3/10","5/20","5","263","249","14","6","32.32","-0.2290","-0.4488","19.33","-9.7238","8.0933","-488941","511059","-48.8941"
"KRX_CONTINUOUS","DS004075","삼성전자","0193L0","SHORT","5/20","10/30","NONE","205","188","17","4","29.76","-0.3033","-0.4403","29.01","-10.4449","13.8084","-489357","510643","-48.9357"
"KRX_CONTINUOUS","DS003372","SK하이닉스","0193T0","LONG","3/5","5/30","50","246","230","16","8","30.08","-0.2324","-0.4668","25.94","-10.2374","7.4332","-489684","510316","-48.9684"
"KRX_CONTINUOUS","DS000504","SK하이닉스","0197X0","SHORT","3/5","3/10","50","337","332","5","5","29.08","-0.1819","-0.5073","10.35","-2.7968","18.0505","-489794","510206","-48.9794"
"KRX_CONTINUOUS","DS002971","삼성전자","0193L0","SHORT","3/10","3/30","NONE","402","390","12","9","31.34","-0.1448","-0.3172","22.08","-10.0659","13.7559","-490900","509100","-49.0900"
"KRX_CONTINUOUS","DS000047","삼성전자","0193L0","SHORT","3/5","3/5","30","357","351","6","3","24.65","-0.1849","-0.2417","4.67","-3.0413","13.0214","-491102","508898","-49.1102"
"KRX_CONTINUOUS","DS003957","SK하이닉스","0197X0","SHORT","5/10","10/30","10","143","134","9","7","37.76","-0.4213","-0.4201","31.66","-10.8140","6.7199","-493761","506239","-49.3761"
"KRX_CONTINUOUS","DS004701","삼성전자","0193L0","SHORT","5/30","20/30","10","139","126","13","4","29.50","-0.4342","-0.4487","30.77","-9.1959","13.4411","-493885","506115","-49.3885"
"KRX_CONTINUOUS","DS001064","SK하이닉스","0193T0","LONG","5/10","5/10","5","264","256","8","2","31.44","-0.2501","-0.4016","9.34","-3.7368","6.9257","-493958","506042","-49.3958"
"KRX_CONTINUOUS","DS002961","삼성전자","0193W0","LONG","3/10","3/30","10","155","149","6","5","27.74","-0.4248","-0.4738","18.40","-4.2726","6.3190","-494982","505018","-49.4982"
"KRX_CONTINUOUS","DS001472","삼성전자","0193W0","LONG","3/5","3/20","5","283","271","12","5","34.28","-0.2293","-0.3809","15.47","-6.2833","4.2730","-495163","504837","-49.5163"
"KRX_CONTINUOUS","DS004402","삼성전자","0193W0","LONG","3/10","20/30","20","183","173","10","6","29.51","-0.3425","-0.5620","23.66","-5.0134","6.6550","-495294","504706","-49.5294"
"KRX_CONTINUOUS","DS000034","삼성전자","0193W0","LONG","3/5","3/5","20","315","311","4","2","23.17","-0.2139","-0.3130","4.31","-2.7116","3.9131","-495454","504546","-49.5454"
"KRX_CONTINUOUS","DS003464","SK하이닉스","0193T0","LONG","5/10","5/30","5","264","240","24","6","31.82","-0.2336","-0.4959","25.80","-8.7730","10.5784","-496315","503685","-49.6315"
"KRX_CONTINUOUS","DS004416","삼성전자","0193L0","SHORT","3/10","20/30","50","199","179","20","8","28.14","-0.3230","-0.4203","25.27","-5.9536","13.4411","-496894","503106","-49.6894"
"KRX_CONTINUOUS","DS003547","삼성전자","0193L0","SHORT","3/20","5/30","NONE","249","238","11","7","30.12","-0.2532","-0.4285","22.65","-10.0451","13.7559","-497497","502503","-49.7497"
"KRX_CONTINUOUS","DS001007","삼성전자","0193L0","SHORT","3/5","5/10","30","357","342","15","7","29.13","-0.1811","-0.3040","10.72","-2.4654","13.6510","-497841","502159","-49.7841"
"KRX_CONTINUOUS","DS000024","SK하이닉스","0197X0","SHORT","3/5","3/5","50","337","333","4","2","27.30","-0.1967","-0.4013","4.83","-3.6571","15.6590","-497955","502045","-49.7955"
"KRX_CONTINUOUS","DS000584","SK하이닉스","0193T0","LONG","5/10","3/10","5","264","256","8","2","28.41","-0.2544","-0.4310","8.54","-3.4415","6.8060","-498978","501022","-49.8978"
"KRX_CONTINUOUS","DS001942","SK하이닉스","0197X0","SHORT","3/5","5/20","20","330","313","17","7","31.82","-0.1881","-0.5124","17.12","-4.6206","17.1694","-499333","500667","-49.9333"
"KRX_CONTINUOUS","DS002422","SK하이닉스","0197X0","SHORT","3/5","10/20","20","330","312","18","7","34.55","-0.1833","-0.4493","17.82","-4.9138","17.1694","-500585","499415","-50.0585"
"KRX_CONTINUOUS","DS001952","삼성전자","0193W0","LONG","3/5","5/20","5","283","269","14","5","36.04","-0.2272","-0.3142","18.86","-7.3596","5.7616","-500987","499013","-50.0987"
"KRX_CONTINUOUS","DS002408","SK하이닉스","0193T0","LONG","3/5","10/20","5","251","237","14","6","36.65","-0.2437","-0.3877","23.44","-6.9002","8.3068","-500999","499001","-50.0999"
"KRX_CONTINUOUS","DS002587","삼성전자","0193L0","SHORT","3/20","10/20","NONE","249","236","13","4","33.33","-0.2660","-0.3835","20.10","-5.3934","13.5461","-501154","498846","-50.1154"
"KRX_CONTINUOUS","DS004415","삼성전자","0193L0","SHORT","3/10","20/30","30","211","195","16","8","29.86","-0.3099","-0.4639","23.19","-3.3200","13.4411","-501326","498674","-50.1326"
"KRX_CONTINUOUS","DS004603","삼성전자","0193L0","SHORT","10/20","20/30","NONE","171","153","18","5","32.16","-0.3795","-0.3293","32.55","-9.1959","3.4332","-501870","498130","-50.1870"
"KRX_CONTINUOUS","DS001008","삼성전자","0193L0","SHORT","3/5","5/10","50","355","341","14","7","28.17","-0.1836","-0.3213","10.81","-2.4654","13.6510","-502316","497684","-50.2316"
"KRX_CONTINUOUS","DS003032","SK하이닉스","0193T0","LONG","3/20","3/30","5","167","160","7","3","26.35","-0.4025","-0.6202","19.11","-5.0767","8.9445","-502680","497320","-50.2680"
"KRX_CONTINUOUS","DS004404","삼성전자","0193W0","LONG","3/10","20/30","50","190","180","10","6","31.05","-0.3309","-0.4798","25.53","-5.1068","6.5920","-503094","496906","-50.3094"
"KRX_CONTINUOUS","DS004401","삼성전자","0193W0","LONG","3/10","20/30","10","155","144","11","5","32.90","-0.4234","-0.4623","28.61","-5.1068","6.3190","-505258","494742","-50.5258"
"KRX_CONTINUOUS","DS001461","SK하이닉스","0197X0","SHORT","3/5","3/20","10","324","316","8","6","26.54","-0.2006","-0.5610","14.38","-4.3968","17.4211","-507236","492764","-50.7236"
"KRX_CONTINUOUS","DS003487","삼성전자","0193W0","LONG","5/10","5/30","NONE","354","333","21","9","31.07","-0.1473","-0.4001","24.62","-10.7576","10.9588","-508183","491817","-50.8183"
"KRX_CONTINUOUS","DS000526","삼성전자","0193L0","SHORT","3/5","3/10","20","350","341","9","5","29.71","-0.1968","-0.2916","9.00","-3.0413","14.0707","-508620","491380","-50.8620"
"KRX_CONTINUOUS","DS000048","삼성전자","0193L0","SHORT","3/5","3/5","50","355","348","7","2","24.51","-0.1960","-0.2747","4.71","-3.0413","13.0214","-509026","490974","-50.9026"
"KRX_CONTINUOUS","DS001464","SK하이닉스","0197X0","SHORT","3/5","3/20","50","337","329","8","8","26.11","-0.1893","-0.5129","15.93","-4.6273","17.4211","-509311","490689","-50.9311"
"KRX_CONTINUOUS","DS000571","삼성전자","0193L0","SHORT","3/10","3/10","NONE","402","396","6","2","30.35","-0.1718","-0.3049","7.92","-3.0413","14.0707","-509993","490007","-50.9993"
"KRX_CONTINUOUS","DS000080","삼성전자","0193W0","LONG","3/10","3/5","5","314","310","4","2","27.39","-0.2237","-0.3034","4.69","-2.5754","6.1114","-511035","488965","-51.1035"
"KRX_CONTINUOUS","DS002504","SK하이닉스","0193T0","LONG","5/10","10/20","5","264","246","18","6","35.23","-0.2467","-0.4003","23.38","-6.9002","9.0216","-511201","488799","-51.1201"
"KRX_CONTINUOUS","DS000036","삼성전자","0193W0","LONG","3/5","3/5","50","332","328","4","2","24.40","-0.2134","-0.3026","4.33","-2.7116","3.9131","-513042","486958","-51.3042"
"KRX_CONTINUOUS","DS004015","삼성전자","0193W0","LONG","3/20","10/30","NONE","249","225","24","6","31.73","-0.2692","-0.4643","27.22","-5.1116","7.6623","-513100","486900","-51.3100"
"KRX_CONTINUOUS","DS000515","삼성전자","0193W0","LONG","3/5","3/10","30","324","315","9","4","29.32","-0.2166","-0.3449","8.60","-3.2762","4.6843","-513323","486677","-51.3323"
"KRX_CONTINUOUS","DS004605","삼성전자","0193L0","SHORT","10/20","20/30","10","160","143","17","5","31.25","-0.4215","-0.3564","32.28","-9.1959","3.4332","-513667","486333","-51.3667"
"KRX_CONTINUOUS","DS003020","삼성전자","0193L0","SHORT","5/10","3/30","5","317","308","9","8","30.60","-0.2110","-0.3905","21.24","-5.7695","13.7559","-514352","485648","-51.4352"
"KRX_CONTINUOUS","DS003955","SK하이닉스","0197X0","SHORT","5/10","10/30","NONE","321","299","22","10","42.68","-0.1350","-0.2543","34.09","-12.9914","14.2347","-514490","485510","-51.4490"
"KRX_CONTINUOUS","DS001063","SK하이닉스","0193T0","LONG","5/10","5/10","NONE","278","270","8","2","30.58","-0.2526","-0.4004","9.01","-3.7368","6.9257","-514925","485075","-51.4925"
"KRX_CONTINUOUS","DS004340","SK하이닉스","0197X0","SHORT","3/5","20/30","5","316","293","23","9","37.66","-0.1734","-0.4310","32.34","-7.0013","16.2254","-515429","484571","-51.5429"
"KRX_CONTINUOUS","DS003055","삼성전자","0193W0","LONG","3/20","3/30","NONE","249","237","12","6","27.71","-0.2795","-0.4163","17.56","-4.1784","5.7096","-516048","483952","-51.6048"
"KRX_CONTINUOUS","DS000980","SK하이닉스","0197X0","SHORT","3/5","5/10","5","316","312","4","5","30.06","-0.2161","-0.5232","11.51","-4.1202","16.9177","-517472","482528","-51.7472"
"KRX_CONTINUOUS","DS003943","SK하이닉스","0193T0","LONG","5/10","10/30","NONE","278","251","27","7","32.37","-0.1927","-0.5709","32.31","-9.9849","11.2808","-518122","481878","-51.8122"
"KRX_CONTINUOUS","DS004508","삼성전자","0193L0","SHORT","3/20","20/30","5","198","180","18","6","33.84","-0.3410","-0.3461","31.13","-9.4331","13.4411","-518385","481615","-51.8385"
"KRX_CONTINUOUS","DS001483","삼성전자","0193L0","SHORT","3/5","3/20","NONE","712","685","27","14","33.43","-0.0802","-0.2527","17.66","-5.2651","13.8084","-518874","481126","-51.8874"
"KRX_CONTINUOUS","DS002901","SK하이닉스","0197X0","SHORT","3/5","3/30","10","324","311","13","7","31.79","-0.1969","-0.5203","20.70","-7.7155","17.1065","-520296","479704","-52.0296"
"KRX_CONTINUOUS","DS004495","삼성전자","0193W0","LONG","3/20","20/30","NONE","249","228","21","6","32.53","-0.2693","-0.4087","27.92","-5.0134","7.6623","-520719","479281","-52.0719"
"KRX_CONTINUOUS","DS004435","SK하이닉스","0197X0","SHORT","5/10","20/30","NONE","321","291","30","12","42.37","-0.1461","-0.2905","36.36","-13.1707","12.4235","-520884","479116","-52.0884"
"KRX_CONTINUOUS","DS003404","삼성전자","0193L0","SHORT","3/5","5/30","5","297","282","15","9","30.30","-0.2088","-0.4847","26.21","-13.1344","13.7559","-521358","478642","-52.1358"
"KRX_CONTINUOUS","DS002984","SK하이닉스","0193T0","LONG","5/10","3/30","5","264","252","12","6","30.68","-0.2532","-0.4729","20.80","-10.1837","10.5784","-521841","478159","-52.1841"
"KRX_CONTINUOUS","DS002436","삼성전자","0193W0","LONG","3/5","10/20","50","332","310","22","10","34.34","-0.2074","-0.4038","20.24","-3.6419","4.0918","-523098","476902","-52.3098"
"KRX_CONTINUOUS","DS000560","삼성전자","0193W0","LONG","3/10","3/10","5","314","305","9","2","27.71","-0.2310","-0.3523","7.81","-2.8641","5.5941","-523189","476811","-52.3189"
"KRX_CONTINUOUS","DS000969","SK하이닉스","0193T0","LONG","3/5","5/10","10","261","255","6","5","34.10","-0.2719","-0.3334","10.74","-7.6054","5.1857","-524129","475871","-52.4129"
"KRX_CONTINUOUS","DS004556","삼성전자","0193L0","SHORT","5/20","20/30","5","188","168","20","4","31.91","-0.3667","-0.3451","29.79","-9.4331","13.4411","-524413","475587","-52.4413"
"KRX_CONTINUOUS","DS004436","SK하이닉스","0197X0","SHORT","5/10","20/30","5","299","270","29","11","40.80","-0.1764","-0.3549","35.14","-13.1707","12.4235","-524727","475273","-52.4727"
"KRX_CONTINUOUS","DS003031","SK하이닉스","0193T0","LONG","3/20","3/30","NONE","190","183","7","3","26.32","-0.3750","-0.5957","18.93","-5.0767","8.9445","-525616","474384","-52.5616"
"KRX_CONTINUOUS","DS002926","삼성전자","0193L0","SHORT","3/5","3/30","20","350","334","16","14","26.57","-0.1828","-0.5033","19.06","-4.0623","13.7559","-525776","474224","-52.5776"
"KRX_CONTINUOUS","DS003511","SK하이닉스","0193T0","LONG","3/20","5/30","NONE","190","175","15","4","27.89","-0.3739","-0.6251","23.83","-5.7498","8.9445","-525819","474181","-52.5819"
"KRX_CONTINUOUS","DS001928","SK하이닉스","0193T0","LONG","3/5","5/20","5","251","238","13","6","32.27","-0.2714","-0.4525","19.58","-9.9170","9.1447","-526736","473264","-52.6736"
"KRX_CONTINUOUS","DS004509","삼성전자","0193L0","SHORT","3/20","20/30","10","183","165","18","6","32.79","-0.3764","-0.4011","32.07","-9.4331","13.4411","-526834","473166","-52.6834"
"KRX_CONTINUOUS","DS003956","SK하이닉스","0197X0","SHORT","5/10","10/30","5","299","277","22","8","41.47","-0.1734","-0.2698","33.23","-12.9914","14.2347","-528216","471784","-52.8216"
"KRX_CONTINUOUS","DS000620","삼성전자","0193L0","SHORT","5/10","3/10","5","317","313","4","2","28.39","-0.2308","-0.3135","8.01","-3.3492","14.0707","-528779","471221","-52.8779"
"KRX_CONTINUOUS","DS004414","삼성전자","0193L0","SHORT","3/10","20/30","20","202","186","16","7","30.20","-0.3500","-0.5480","25.34","-8.5459","13.4411","-529330","470670","-52.9330"
"KRX_CONTINUOUS","DS001966","삼성전자","0193L0","SHORT","3/5","5/20","20","350","335","15","10","27.43","-0.1880","-0.4330","17.16","-5.2344","14.4905","-529668","470332","-52.9668"
"KRX_CONTINUOUS","DS003416","SK하이닉스","0193T0","LONG","3/10","5/30","5","263","239","24","6","32.70","-0.2582","-0.5313","26.21","-10.0448","9.8535","-530009","469991","-53.0009"
"KRX_CONTINUOUS","DS004387","SK하이닉스","0197X0","SHORT","3/10","20/30","NONE","342","311","31","12","41.52","-0.1332","-0.3213","36.60","-14.0971","16.2254","-530356","469644","-53.0356"
"KRX_CONTINUOUS","DS000619","삼성전자","0193L0","SHORT","5/10","3/10","NONE","355","350","5","3","30.70","-0.2077","-0.2870","8.19","-3.3492","14.0707","-532533","467467","-53.2533"
"KRX_CONTINUOUS","DS002936","SK하이닉스","0193T0","LONG","3/10","3/30","5","263","251","12","6","30.42","-0.2625","-0.4999","21.30","-11.4360","9.8535","-533405","466595","-53.3405"
"KRX_CONTINUOUS","DS001462","SK하이닉스","0197X0","SHORT","3/5","3/20","20","330","318","12","6","26.97","-0.2165","-0.5129","14.39","-4.1518","17.4211","-533795","466205","-53.3795"
"KRX_CONTINUOUS","DS002448","삼성전자","0193L0","SHORT","3/5","10/20","50","355","331","24","13","29.58","-0.1649","-0.4890","20.65","-4.1914","13.5461","-534480","465520","-53.4480"
"KRX_CONTINUOUS","DS000489","SK하이닉스","0193T0","LONG","3/5","3/10","10","261","256","5","5","29.89","-0.2861","-0.3574","8.73","-6.8416","5.1857","-535127","464873","-53.5127"
"KRX_CONTINUOUS","DS003380","SK하이닉스","0197X0","SHORT","3/5","5/30","5","316","299","17","6","32.91","-0.2022","-0.5241","26.37","-7.2000","17.1065","-535144","464856","-53.5144"
"KRX_CONTINUOUS","DS003019","삼성전자","0193L0","SHORT","5/10","3/30","NONE","355","344","11","9","33.52","-0.1925","-0.3285","21.79","-9.2382","13.7559","-537170","462830","-53.7170"
"KRX_CONTINUOUS","DS002445","삼성전자","0193L0","SHORT","3/5","10/20","10","344","323","21","10","31.98","-0.1844","-0.4634","20.11","-5.3934","13.5461","-538504","461496","-53.8504"
"KRX_CONTINUOUS","DS001568","삼성전자","0193W0","LONG","5/10","3/20","5","325","312","13","4","29.54","-0.2266","-0.3884","14.15","-8.4724","6.0597","-538738","461262","-53.8738"
"KRX_CONTINUOUS","DS000527","삼성전자","0193L0","SHORT","3/5","3/10","30","357","345","12","5","28.57","-0.2110","-0.2932","8.64","-3.0413","14.0707","-538928","461072","-53.8928"
"KRX_CONTINUOUS","DS004424","SK하이닉스","0193T0","LONG","5/10","20/30","5","264","236","28","10","34.09","-0.2467","-0.5304","33.97","-5.2251","10.5784","-538987","461013","-53.8987"
"KRX_CONTINUOUS","DS003850","SK하이닉스","0193T0","LONG","3/5","10/30","20","255","242","13","13","25.49","-0.2268","-0.6204","23.95","-4.8249","9.8451","-539492","460508","-53.9492"
"KRX_CONTINUOUS","DS000583","SK하이닉스","0193T0","LONG","5/10","3/10","NONE","278","270","8","3","28.42","-0.2718","-0.4310","8.53","-3.4794","6.8060","-540180","459820","-54.0180"
"KRX_CONTINUOUS","DS002928","삼성전자","0193L0","SHORT","3/5","3/30","50","355","342","13","14","24.23","-0.1825","-0.4655","20.25","-5.6889","13.7559","-540407","459593","-54.0407"
"KRX_CONTINUOUS","DS003408","삼성전자","0193L0","SHORT","3/5","5/30","50","355","335","20","14","26.20","-0.1711","-0.4755","22.76","-5.7771","13.7559","-541675","458325","-54.1675"
"KRX_CONTINUOUS","DS000033","삼성전자","0193W0","LONG","3/5","3/5","10","311","307","4","2","26.05","-0.2478","-0.3029","4.28","-3.0298","3.9131","-541747","458253","-54.1747"
"KRX_CONTINUOUS","DS004471","SK하이닉스","0193T0","LONG","3/20","20/30","NONE","190","171","19","8","31.58","-0.3748","-0.7028","32.94","-4.8525","10.4327","-543698","456302","-54.3698"
"KRX_CONTINUOUS","DS001040","삼성전자","0193W0","LONG","3/10","5/10","5","314","304","10","3","30.57","-0.2428","-0.3328","9.90","-3.8796","5.9947","-545308","454692","-54.5308"
"KRX_CONTINUOUS","DS000528","삼성전자","0193L0","SHORT","3/5","3/10","50","355","343","12","5","28.73","-0.2156","-0.3199","9.06","-3.0413","14.0707","-546166","453834","-54.6166"
"KRX_CONTINUOUS","DS001460","SK하이닉스","0197X0","SHORT","3/5","3/20","5","316","307","9","5","27.85","-0.2255","-0.5638","17.15","-4.6506","17.4211","-546874","453126","-54.6874"
"KRX_CONTINUOUS","DS003862","SK하이닉스","0197X0","SHORT","3/5","10/30","20","330","311","19","8","33.33","-0.2007","-0.5168","21.89","-5.7219","17.0435","-547239","452761","-54.7239"
"KRX_CONTINUOUS","DS004332","SK하이닉스","0193T0","LONG","3/5","20/30","50","246","230","16","16","30.89","-0.2189","-0.7103","32.33","-4.5653","10.9402","-548234","451766","-54.8234"
"KRX_CONTINUOUS","DS002411","SK하이닉스","0193T0","LONG","3/5","10/20","30","242","237","5","8","34.30","-0.2973","-0.4371","20.48","-5.7498","7.1573","-549998","450002","-54.9998"
"KRX_CONTINUOUS","DS002421","SK하이닉스","0197X0","SHORT","3/5","10/20","10","324","312","12","7","32.41","-0.2127","-0.5232","20.16","-4.9138","17.1694","-550939","449061","-55.0939"
"KRX_CONTINUOUS","DS002540","삼성전자","0193L0","SHORT","5/10","10/20","5","317","301","16","5","34.38","-0.2350","-0.4179","23.11","-5.1920","13.5461","-551543","448457","-55.1543"
"KRX_CONTINUOUS","DS000490","SK하이닉스","0193T0","LONG","3/5","3/10","20","255","252","3","4","28.63","-0.3053","-0.4111","9.65","-6.8416","5.5449","-553054","446946","-55.3054"
"KRX_CONTINUOUS","DS003864","SK하이닉스","0197X0","SHORT","3/5","10/30","50","337","321","16","9","36.20","-0.1616","-0.4894","27.36","-11.3637","17.0435","-553134","446866","-55.3134"
"KRX_CONTINUOUS","DS002915","삼성전자","0193W0","LONG","3/5","3/30","30","324","308","16","11","30.25","-0.2323","-0.4201","17.94","-4.2255","6.5920","-554081","445919","-55.4081"
"KRX_CONTINUOUS","DS004700","삼성전자","0193L0","SHORT","5/30","20/30","5","160","147","13","4","27.50","-0.4574","-0.4210","27.51","-9.1959","13.4411","-555203","444797","-55.5203"
"KRX_CONTINUOUS","DS004652","삼성전자","0193L0","SHORT","3/30","20/30","5","166","151","15","4","30.12","-0.4394","-0.4521","27.48","-9.4331","13.4411","-555381","444619","-55.5381"
"KRX_CONTINUOUS","DS004376","SK하이닉스","0193T0","LONG","3/10","20/30","5","263","235","28","10","33.08","-0.2605","-0.4904","34.06","-5.2251","10.9402","-555978","444022","-55.5978"
"KRX_CONTINUOUS","DS004653","삼성전자","0193L0","SHORT","3/30","20/30","10","147","131","16","4","29.25","-0.4998","-0.5014","29.44","-9.4331","13.4411","-557981","442019","-55.7981"
"KRX_CONTINUOUS","DS001955","삼성전자","0193W0","LONG","3/5","5/20","30","324","307","17","6","29.63","-0.2410","-0.4286","16.85","-3.1767","4.9975","-558881","441119","-55.8881"
"KRX_CONTINUOUS","DS002446","삼성전자","0193L0","SHORT","3/5","10/20","20","350","331","19","13","27.71","-0.1871","-0.4634","19.23","-5.3934","13.5461","-559586","440414","-55.9586"
"KRX_CONTINUOUS","DS002434","삼성전자","0193W0","LONG","3/5","10/20","20","315","302","13","9","31.11","-0.2473","-0.4188","17.16","-6.8792","4.6857","-559658","440342","-55.9658"
"KRX_CONTINUOUS","DS002902","SK하이닉스","0197X0","SHORT","3/5","3/30","20","330","313","17","7","30.30","-0.2269","-0.5826","17.84","-4.1202","17.1065","-559679","440321","-55.9679"
"KRX_CONTINUOUS","DS002455","SK하이닉스","0193T0","LONG","3/10","10/20","NONE","294","278","16","7","35.71","-0.2379","-0.3919","24.28","-10.3613","8.4930","-559973","440027","-55.9973"
"KRX_CONTINUOUS","DS002423","SK하이닉스","0197X0","SHORT","3/5","10/20","30","345","329","16","7","31.88","-0.2061","-0.4788","19.88","-5.2615","17.1694","-560174","439826","-56.0174"
"KRX_CONTINUOUS","DS002024","SK하이닉스","0193T0","LONG","5/10","5/20","5","264","251","13","6","31.82","-0.2899","-0.4527","18.03","-8.4474","7.7688","-560213","439787","-56.0213"
"KRX_CONTINUOUS","DS003872","삼성전자","0193W0","LONG","3/5","10/30","5","283","261","22","7","35.69","-0.2303","-0.4051","30.75","-9.8210","9.7103","-560464","439536","-56.0464"
"KRX_CONTINUOUS","DS004027","삼성전자","0193L0","SHORT","3/20","10/30","NONE","249","229","20","7","33.33","-0.3017","-0.3836","29.40","-10.4449","13.8084","-562051","437949","-56.2051"
"KRX_CONTINUOUS","DS003863","SK하이닉스","0197X0","SHORT","3/5","10/30","30","345","325","20","9","34.49","-0.1964","-0.5127","23.60","-11.3637","17.0435","-562211","437789","-56.2211"
"KRX_CONTINUOUS","DS004377","SK하이닉스","0193T0","LONG","3/10","20/30","10","145","132","13","5","28.97","-0.5359","-0.8510","31.13","-5.2251","8.5877","-562779","437221","-56.2779"
"KRX_CONTINUOUS","DS004699","삼성전자","0193L0","SHORT","5/30","20/30","NONE","170","156","14","4","27.65","-0.4402","-0.4210","27.54","-9.1959","13.4411","-562781","437219","-56.2781"
"KRX_CONTINUOUS","DS003405","삼성전자","0193L0","SHORT","3/5","5/30","10","344","326","18","10","28.20","-0.1964","-0.5222","22.40","-9.9097","13.7559","-564114","435886","-56.4114"
"KRX_CONTINUOUS","DS004555","삼성전자","0193L0","SHORT","5/20","20/30","NONE","205","184","21","5","33.17","-0.3767","-0.3297","30.69","-9.4331","13.4411","-564933","435067","-56.4933"
"KRX_CONTINUOUS","DS002912","삼성전자","0193W0","LONG","3/5","3/30","5","283","268","15","7","33.57","-0.2614","-0.3326","21.70","-9.5121","6.5920","-566755","433245","-56.6755"
"KRX_CONTINUOUS","DS002539","삼성전자","0193L0","SHORT","5/10","10/20","NONE","355","336","19","6","36.34","-0.2173","-0.3285","23.35","-6.5316","13.5461","-567896","432104","-56.7896"
"KRX_CONTINUOUS","DS001567","삼성전자","0193W0","LONG","5/10","3/20","NONE","354","339","15","5","29.66","-0.2242","-0.3770","15.24","-8.4724","6.0597","-568295","431705","-56.8295"
"KRX_CONTINUOUS","DS003396","삼성전자","0193W0","LONG","3/5","5/30","50","332","307","25","14","30.12","-0.1921","-0.4718","23.54","-4.9105","10.4365","-568464","431536","-56.8464"
"KRX_CONTINUOUS","DS003887","삼성전자","0193L0","SHORT","3/5","10/30","30","357","327","30","15","28.57","-0.2014","-0.3968","23.59","-4.3299","13.8084","-569006","430994","-56.9006"
"KRX_CONTINUOUS","DS003406","삼성전자","0193L0","SHORT","3/5","5/30","20","350","333","17","14","24.57","-0.1967","-0.5085","21.29","-4.5985","13.7559","-569051","430949","-56.9051"
"KRX_CONTINUOUS","DS001975","SK하이닉스","0193T0","LONG","3/10","5/20","NONE","294","280","14","6","31.29","-0.2523","-0.4630","19.59","-9.7238","9.3441","-569324","430676","-56.9324"
"KRX_CONTINUOUS","DS001459","SK하이닉스","0197X0","SHORT","3/5","3/20","NONE","643","625","18","9","33.28","-0.1014","-0.4332","18.63","-5.7123","17.4211","-569509","430491","-56.9509"
"KRX_CONTINUOUS","DS000499","SK하이닉스","0197X0","SHORT","3/5","3/10","NONE","643","634","9","6","33.13","-0.1139","-0.4130","11.07","-5.3553","18.0505","-570394","429606","-57.0394"
"KRX_CONTINUOUS","DS002420","SK하이닉스","0197X0","SHORT","3/5","10/20","5","316","304","12","5","31.33","-0.2280","-0.5288","22.67","-5.3034","17.1694","-571836","428164","-57.1836"
"KRX_CONTINUOUS","DS003895","SK하이닉스","0193T0","LONG","3/10","10/30","NONE","294","268","26","7","30.27","-0.2194","-0.6512","32.31","-9.9849","11.7921","-572214","427786","-57.2214"
"KRX_CONTINUOUS","DS001943","SK하이닉스","0197X0","SHORT","3/5","5/20","30","345","331","14","7","28.41","-0.2232","-0.5231","18.14","-4.8198","17.1694","-574302","425698","-57.4302"
"KRX_CONTINUOUS","DS003382","SK하이닉스","0197X0","SHORT","3/5","5/30","20","330","312","18","7","31.52","-0.2354","-0.6125","20.15","-4.9138","17.1065","-576055","423945","-57.6055"
"KRX_CONTINUOUS","DS002048","삼성전자","0193W0","LONG","5/10","5/20","5","325","311","14","5","31.08","-0.2484","-0.3885","17.13","-9.5236","6.0597","-577371","422629","-57.7371"
"KRX_CONTINUOUS","DS004344","SK하이닉스","0197X0","SHORT","3/5","20/30","50","337","312","25","11","36.50","-0.2026","-0.3970","26.61","-10.5284","16.2254","-577544","422456","-57.7544"
"KRX_CONTINUOUS","DS002491","삼성전자","0193L0","SHORT","3/10","10/20","NONE","402","382","20","8","35.82","-0.1915","-0.3567","23.63","-7.3839","13.5461","-578644","421356","-57.8644"
"KRX_CONTINUOUS","DS002903","SK하이닉스","0197X0","SHORT","3/5","3/30","30","345","331","14","9","29.86","-0.2284","-0.5708","19.50","-7.0697","17.1065","-580014","419986","-58.0014"
"KRX_CONTINUOUS","DS003861","SK하이닉스","0197X0","SHORT","3/5","10/30","10","324","304","20","7","34.26","-0.2106","-0.6022","26.94","-9.5789","17.0435","-580138","419862","-58.0138"
"KRX_CONTINUOUS","DS003452","삼성전자","0193L0","SHORT","3/10","5/30","5","300","286","14","9","32.33","-0.2206","-0.4663","27.32","-13.8015","13.7559","-581601","418399","-58.1601"
"KRX_CONTINUOUS","DS001452","SK하이닉스","0193T0","LONG","3/5","3/20","50","246","239","7","8","29.67","-0.3423","-0.4684","18.14","-9.5967","4.7005","-582133","417867","-58.2133"
"KRX_CONTINUOUS","DS003394","삼성전자","0193W0","LONG","3/5","5/30","20","315","296","19","13","27.62","-0.2284","-0.5091","20.05","-8.1492","10.4365","-582305","417695","-58.2305"
"KRX_CONTINUOUS","DS000979","SK하이닉스","0197X0","SHORT","3/5","5/10","NONE","643","635","8","7","34.68","-0.1175","-0.4078","13.11","-6.8667","16.9177","-583458","416542","-58.3458"
"KRX_CONTINUOUS","DS002410","SK하이닉스","0193T0","LONG","3/5","10/20","20","255","247","8","7","30.59","-0.3176","-0.4633","18.07","-5.7498","7.1573","-583744","416256","-58.3744"
"KRX_CONTINUOUS","DS000514","삼성전자","0193W0","LONG","3/5","3/10","20","315","308","7","5","25.71","-0.2757","-0.3880","8.16","-3.8689","4.6843","-587135","412865","-58.7135"
"KRX_CONTINUOUS","DS002890","SK하이닉스","0193T0","LONG","3/5","3/30","20","255","248","7","7","22.75","-0.3255","-0.5474","16.63","-4.9790","7.1037","-589920","410080","-58.9920"
"KRX_CONTINUOUS","DS000995","삼성전자","0193W0","LONG","3/5","5/10","30","324","315","9","5","28.70","-0.2659","-0.3806","10.59","-4.5286","5.8291","-590226","409774","-59.0226"
"KRX_CONTINUOUS","DS003393","삼성전자","0193W0","LONG","3/5","5/30","10","311","291","20","8","28.94","-0.2657","-0.5038","21.00","-4.9105","10.1536","-591461","408539","-59.1461"
"KRX_CONTINUOUS","DS002047","삼성전자","0193W0","LONG","5/10","5/20","NONE","354","338","16","5","31.07","-0.2343","-0.3750","17.82","-9.5236","7.3224","-592494","407506","-59.2494"
"KRX_CONTINUOUS","DS001932","SK하이닉스","0193T0","LONG","3/5","5/20","50","246","235","11","6","31.71","-0.3454","-0.4758","20.54","-9.9170","5.0580","-592571","407429","-59.2571"
"KRX_CONTINUOUS","DS003968","삼성전자","0193W0","LONG","5/10","10/30","5","325","293","32","9","32.00","-0.2161","-0.4863","30.65","-11.9276","10.2292","-593528","406472","-59.3528"
"KRX_CONTINUOUS","DS003383","SK하이닉스","0197X0","SHORT","3/5","5/30","30","345","327","18","9","30.14","-0.2312","-0.5901","22.43","-7.9904","17.1065","-593643","406357","-59.3643"
"KRX_CONTINUOUS","DS000079","삼성전자","0193W0","LONG","3/10","3/5","NONE","401","396","5","2","26.43","-0.2214","-0.3028","4.50","-3.0298","6.1114","-594770","405230","-59.4770"
"KRX_CONTINUOUS","DS002891","SK하이닉스","0193T0","LONG","3/5","3/30","30","242","236","6","8","26.45","-0.3305","-0.5354","19.00","-11.6255","7.1037","-594916","405084","-59.4916"
"KRX_CONTINUOUS","DS002528","삼성전자","0193W0","LONG","5/10","10/20","5","325","305","20","5","32.62","-0.2578","-0.4585","21.23","-9.5236","7.3013","-596964","403036","-59.6964"
"KRX_CONTINUOUS","DS003368","SK하이닉스","0193T0","LONG","3/5","5/30","5","251","230","21","6","31.87","-0.3343","-0.5041","26.06","-10.2374","9.8535","-598911","401089","-59.8911"
"KRX_CONTINUOUS","DS002888","SK하이닉스","0193T0","LONG","3/5","3/30","5","251","238","13","6","31.87","-0.3375","-0.4999","22.78","-11.6255","9.8535","-599957","400043","-59.9957"
"KRX_CONTINUOUS","DS003884","삼성전자","0193L0","SHORT","3/5","10/30","5","297","273","24","8","34.01","-0.2666","-0.3528","30.46","-13.5205","13.8084","-601597","398403","-60.1597"
"KRX_CONTINUOUS","DS000559","삼성전자","0193W0","LONG","3/10","3/10","NONE","401","391","10","2","24.94","-0.2256","-0.3515","7.21","-2.8641","5.5941","-602482","397518","-60.2482"
"KRX_CONTINUOUS","DS003463","SK하이닉스","0193T0","LONG","5/10","5/30","NONE","278","254","24","6","30.58","-0.3019","-0.5016","25.81","-8.7730","10.5784","-603385","396615","-60.3385"
"KRX_CONTINUOUS","DS000516","삼성전자","0193W0","LONG","3/5","3/10","50","332","325","7","5","26.51","-0.2745","-0.3814","8.27","-3.2762","4.6843","-606122","393878","-60.6122"
"KRX_CONTINUOUS","DS002023","SK하이닉스","0193T0","LONG","5/10","5/20","NONE","278","265","13","6","31.65","-0.3049","-0.4527","18.33","-8.4474","9.3441","-606212","393788","-60.6212"
"KRX_CONTINUOUS","DS002503","SK하이닉스","0193T0","LONG","5/10","10/20","NONE","278","260","18","7","34.17","-0.2979","-0.4060","23.59","-10.3613","9.0216","-607735","392265","-60.7735"
"KRX_CONTINUOUS","DS001956","삼성전자","0193W0","LONG","3/5","5/20","50","332","312","20","6","30.72","-0.2718","-0.4253","17.89","-3.1767","3.8617","-608617","391383","-60.8617"
"KRX_CONTINUOUS","DS001475","삼성전자","0193W0","LONG","3/5","3/20","30","324","310","14","6","26.54","-0.2810","-0.4583","13.77","-2.7116","5.4133","-608870","391130","-60.8870"
"KRX_CONTINUOUS","DS002409","SK하이닉스","0193T0","LONG","3/5","10/20","10","261","249","12","7","32.95","-0.3318","-0.4345","20.15","-6.9002","7.1573","-611449","388551","-61.1449"
"KRX_CONTINUOUS","DS001449","SK하이닉스","0193T0","LONG","3/5","3/20","10","261","254","7","6","27.20","-0.3435","-0.5298","13.94","-8.4703","7.8984","-612268","387732","-61.2268"
"KRX_CONTINUOUS","DS003381","SK하이닉스","0197X0","SHORT","3/5","5/30","10","324","309","15","7","32.41","-0.2590","-0.5926","23.22","-8.9578","17.1065","-614636","385364","-61.4636"
"KRX_CONTINUOUS","DS003875","삼성전자","0193W0","LONG","3/5","10/30","30","324","300","24","14","29.32","-0.2480","-0.4671","24.47","-5.1583","9.7103","-614904","385096","-61.4904"
"KRX_CONTINUOUS","DS004331","SK하이닉스","0193T0","LONG","3/5","20/30","30","242","234","8","15","28.93","-0.3075","-0.7288","27.35","-5.2811","9.0080","-615249","384751","-61.5249"
"KRX_CONTINUOUS","DS003885","삼성전자","0193L0","SHORT","3/5","10/30","10","344","312","32","10","32.85","-0.2359","-0.4271","26.98","-10.3101","13.8084","-615699","384301","-61.5699"
"KRX_CONTINUOUS","DS004412","삼성전자","0193L0","SHORT","3/10","20/30","5","300","276","24","10","33.33","-0.2840","-0.4048","31.09","-10.6406","13.4411","-615912","384088","-61.5912"
"KRX_CONTINUOUS","DS003888","삼성전자","0193L0","SHORT","3/5","10/30","50","355","321","34","15","28.73","-0.2282","-0.4073","26.03","-5.6448","13.8084","-616089","383911","-61.6089"
"KRX_CONTINUOUS","DS002916","삼성전자","0193W0","LONG","3/5","3/30","50","332","312","20","11","29.52","-0.2645","-0.4510","19.63","-4.2726","6.5920","-616129","383871","-61.6129"
"KRX_CONTINUOUS","DS003008","삼성전자","0193W0","LONG","5/10","3/30","5","325","311","14","7","31.38","-0.2652","-0.3845","20.38","-11.6260","7.0961","-621291","378709","-62.1291"
"KRX_CONTINUOUS","DS002983","SK하이닉스","0193T0","LONG","5/10","3/30","NONE","278","266","12","6","29.86","-0.3188","-0.4791","21.01","-10.1837","10.5784","-621816","378184","-62.1816"
"KRX_CONTINUOUS","DS001520","삼성전자","0193W0","LONG","3/10","3/20","5","314","299","15","4","29.30","-0.2974","-0.3919","14.26","-8.8897","6.0597","-622133","377867","-62.2133"
"KRX_CONTINUOUS","DS001039","삼성전자","0193W0","LONG","3/10","5/10","NONE","401","390","11","4","30.42","-0.2343","-0.3136","9.80","-5.4583","5.9947","-624153","375847","-62.4153"
"KRX_CONTINUOUS","DS001963","삼성전자","0193L0","SHORT","3/5","5/20","NONE","712","675","37","14","34.41","-0.1111","-0.3183","20.84","-5.6028","14.4905","-625169","374831","-62.5169"
"KRX_CONTINUOUS","DS003415","SK하이닉스","0193T0","LONG","3/10","5/30","NONE","294","270","24","7","31.63","-0.3023","-0.5313","26.40","-10.0448","9.8535","-625969","374031","-62.5969"
"KRX_CONTINUOUS","DS000513","삼성전자","0193W0","LONG","3/5","3/10","10","311","304","7","4","22.83","-0.3147","-0.3928","7.32","-2.7974","4.6843","-629154","370846","-62.9154"
"KRX_CONTINUOUS","DS001463","SK하이닉스","0197X0","SHORT","3/5","3/20","30","345","334","11","6","24.64","-0.2697","-0.5490","15.15","-4.6273","17.4211","-629444","370556","-62.9444"
"KRX_CONTINUOUS","DS002527","삼성전자","0193W0","LONG","5/10","10/20","NONE","354","332","22","5","32.77","-0.2553","-0.4120","22.20","-9.5236","7.3013","-629526","370474","-62.9526"
"KRX_CONTINUOUS","DS002935","SK하이닉스","0193T0","LONG","3/10","3/30","NONE","294","282","12","6","29.59","-0.3070","-0.5002","21.87","-11.4360","9.8535","-631101","368899","-63.1101"
"KRX_CONTINUOUS","DS003849","SK하이닉스","0193T0","LONG","3/5","10/30","10","261","243","18","10","28.35","-0.3043","-0.7337","28.18","-6.5093","9.8451","-631289","368711","-63.1289"
"KRX_CONTINUOUS","DS004423","SK하이닉스","0193T0","LONG","5/10","20/30","NONE","278","249","29","10","33.09","-0.3036","-0.5663","34.10","-8.7484","10.5784","-631513","368487","-63.1513"
"KRX_CONTINUOUS","DS003370","SK하이닉스","0193T0","LONG","3/5","5/30","20","255","242","13","10","25.10","-0.3631","-0.5841","19.72","-5.7498","7.4332","-632455","367545","-63.2455"
"KRX_CONTINUOUS","DS003886","삼성전자","0193L0","SHORT","3/5","10/30","20","350","321","29","14","27.14","-0.2505","-0.4644","22.91","-5.0225","13.8084","-632858","367142","-63.2858"
"KRX_CONTINUOUS","DS004651","삼성전자","0193L0","SHORT","3/30","20/30","NONE","206","187","19","4","29.13","-0.4462","-0.4565","25.77","-9.4331","13.4411","-634025","365975","-63.4025"
"KRX_CONTINUOUS","DS001954","삼성전자","0193W0","LONG","3/5","5/20","20","315","305","10","6","27.62","-0.3094","-0.4730","15.18","-6.8792","4.9975","-634340","365660","-63.4340"
"KRX_CONTINUOUS","DS003932","삼성전자","0193L0","SHORT","3/10","10/30","5","300","280","20","9","33.67","-0.2548","-0.3606","32.96","-14.1847","13.8084","-635670","364330","-63.5670"
"KRX_CONTINUOUS","DS003440","삼성전자","0193W0","LONG","3/10","5/30","5","314","296","18","7","31.53","-0.2844","-0.4046","24.04","-11.1645","10.4365","-635985","364015","-63.5985"
"KRX_CONTINUOUS","DS001930","SK하이닉스","0193T0","LONG","3/5","5/20","20","255","246","9","6","25.10","-0.3781","-0.5671","16.66","-4.9790","6.4903","-637560","362440","-63.7560"
"KRX_CONTINUOUS","DS004352","삼성전자","0193W0","LONG","3/5","20/30","5","283","262","21","6","37.46","-0.3049","-0.3767","31.46","-9.5121","6.8792","-639718","360282","-63.9718"
"KRX_CONTINUOUS","DS003967","삼성전자","0193W0","LONG","5/10","10/30","NONE","354","321","33","9","31.64","-0.2255","-0.4844","30.88","-11.9276","10.2292","-640663","359337","-64.0663"
"KRX_CONTINUOUS","DS000994","삼성전자","0193W0","LONG","3/5","5/10","20","315","307","8","5","26.67","-0.3166","-0.4497","10.39","-4.5286","5.8291","-640950","359050","-64.0950"
"KRX_CONTINUOUS","DS003371","SK하이닉스","0193T0","LONG","3/5","5/30","30","242","232","10","8","26.86","-0.3759","-0.5489","22.41","-10.2374","7.4332","-641573","358427","-64.1573"
"KRX_CONTINUOUS","DS001929","SK하이닉스","0193T0","LONG","3/5","5/20","10","261","250","11","7","29.50","-0.3731","-0.5584","16.14","-8.7946","7.8984","-643620","356380","-64.3620"
"KRX_CONTINUOUS","DS001003","삼성전자","0193L0","SHORT","3/5","5/10","NONE","712","690","22","7","33.85","-0.1346","-0.2533","11.64","-3.9671","13.6510","-645584","354416","-64.5584"
"KRX_CONTINUOUS","DS003007","삼성전자","0193W0","LONG","5/10","3/30","NONE","354","338","16","7","32.20","-0.2608","-0.3730","20.83","-11.6260","7.0961","-646339","353661","-64.6339"
"KRX_CONTINUOUS","DS001476","삼성전자","0193W0","LONG","3/5","3/20","50","332","314","18","5","26.81","-0.3071","-0.4410","14.28","-2.7116","4.2730","-648115","351885","-64.8115"
"KRX_CONTINUOUS","DS004343","SK하이닉스","0197X0","SHORT","3/5","20/30","30","345","317","28","10","34.78","-0.2717","-0.4877","23.28","-7.0013","16.2254","-651623","348377","-65.1623"
"KRX_CONTINUOUS","DS003451","삼성전자","0193L0","SHORT","3/10","5/30","NONE","402","381","21","9","32.34","-0.2064","-0.3905","26.00","-13.8015","13.7559","-652785","347215","-65.2785"
"KRX_CONTINUOUS","DS004507","삼성전자","0193L0","SHORT","3/20","20/30","NONE","249","225","24","7","32.13","-0.3975","-0.4161","30.04","-9.4331","13.4411","-652815","347185","-65.2815"
"KRX_CONTINUOUS","DS004448","삼성전자","0193W0","LONG","5/10","20/30","5","325","297","28","8","33.85","-0.2718","-0.4768","29.05","-11.6260","8.3877","-652888","347112","-65.2888"
"KRX_CONTINUOUS","DS003439","삼성전자","0193W0","LONG","3/10","5/30","NONE","401","374","27","10","31.67","-0.2014","-0.3728","24.98","-11.1645","10.4365","-653574","346426","-65.3574"
"KRX_CONTINUOUS","DS004328","SK하이닉스","0193T0","LONG","3/5","20/30","5","251","227","24","9","30.28","-0.3359","-0.6739","35.43","-5.2251","10.9402","-653936","346064","-65.3936"
"KRX_CONTINUOUS","DS004375","SK하이닉스","0193T0","LONG","3/10","20/30","NONE","294","264","30","10","32.99","-0.3072","-0.5436","34.01","-8.7484","10.9402","-657177","342823","-65.7177"
"KRX_CONTINUOUS","DS001450","SK하이닉스","0193T0","LONG","3/5","3/20","20","255","251","4","6","22.75","-0.4057","-0.5474","14.15","-4.3423","6.4903","-657467","342533","-65.7467"
"KRX_CONTINUOUS","DS001519","삼성전자","0193W0","LONG","3/10","3/20","NONE","401","382","19","5","28.68","-0.2495","-0.3816","15.29","-8.8897","6.2249","-658411","341589","-65.8411"
"KRX_CONTINUOUS","DS001474","삼성전자","0193W0","LONG","3/5","3/20","20","315","306","9","6","24.76","-0.3345","-0.5046","12.10","-5.7974","5.4133","-659690","340310","-65.9690"
"KRX_CONTINUOUS","DS002000","삼성전자","0193W0","LONG","3/10","5/20","5","314","299","15","4","30.57","-0.3239","-0.3825","17.73","-9.9361","6.0597","-660496","339504","-66.0496"
"KRX_CONTINUOUS","DS004341","SK하이닉스","0197X0","SHORT","3/5","20/30","10","324","299","25","8","37.35","-0.2817","-0.4848","31.29","-9.7652","16.2254","-661754","338246","-66.1754"
"KRX_CONTINUOUS","DS002419","SK하이닉스","0197X0","SHORT","3/5","10/20","NONE","643","618","25","9","37.79","-0.1163","-0.3815","23.85","-6.4313","17.1694","-662062","337938","-66.2062"
"KRX_CONTINUOUS","DS003500","삼성전자","0193L0","SHORT","5/10","5/30","5","317","302","15","9","31.23","-0.2864","-0.4563","25.14","-9.6832","13.7559","-663105","336895","-66.3105"
"KRX_CONTINUOUS","DS002899","SK하이닉스","0197X0","SHORT","3/5","3/30","NONE","643","614","29","10","38.10","-0.1180","-0.3629","24.47","-10.9849","17.1065","-665246","334754","-66.5246"
"KRX_CONTINUOUS","DS001473","삼성전자","0193W0","LONG","3/5","3/20","10","311","300","11","6","24.76","-0.3439","-0.5026","12.49","-4.4553","4.4852","-665593","334407","-66.5593"
"KRX_CONTINUOUS","DS000019","SK하이닉스","0197X0","SHORT","3/5","3/5","NONE","643","635","8","2","29.08","-0.1647","-0.3531","4.98","-3.6571","15.6590","-667382","332618","-66.7382"
"KRX_CONTINUOUS","DS002433","삼성전자","0193W0","LONG","3/5","10/20","10","311","293","18","6","30.23","-0.3366","-0.5166","18.19","-8.0820","5.0877","-667645","332355","-66.7645"
"KRX_CONTINUOUS","DS004364","삼성전자","0193L0","SHORT","3/5","20/30","5","297","268","29","8","35.35","-0.3381","-0.3953","31.03","-9.9490","13.4411","-668320","331680","-66.8320"
"KRX_CONTINUOUS","DS001953","삼성전자","0193W0","LONG","3/5","5/20","10","311","299","12","6","27.01","-0.3430","-0.4797","14.79","-6.5346","5.7616","-669435","330565","-66.9435"
"KRX_CONTINUOUS","DS001451","SK하이닉스","0193T0","LONG","3/5","3/20","30","242","239","3","6","26.86","-0.4382","-0.5389","15.65","-9.5967","6.3642","-670761","329239","-67.0761"
"KRX_CONTINUOUS","DS004355","삼성전자","0193W0","LONG","3/5","20/30","30","324","304","20","10","32.41","-0.3078","-0.5208","22.49","-5.0134","6.5920","-673603","326397","-67.3603"
"KRX_CONTINUOUS","DS002914","삼성전자","0193W0","LONG","3/5","3/30","20","315","304","11","9","27.30","-0.3416","-0.5111","16.76","-9.0429","6.5920","-676760","323240","-67.6760"
"KRX_CONTINUOUS","DS002480","삼성전자","0193W0","LONG","3/10","10/20","5","314","295","19","6","32.80","-0.3348","-0.4259","21.16","-9.9361","7.3013","-678757","321243","-67.8757"
"KRX_CONTINUOUS","DS001931","SK하이닉스","0193T0","LONG","3/5","5/20","30","242","236","6","5","27.27","-0.4438","-0.5449","18.19","-9.9170","6.3642","-681246","318754","-68.1246"
"KRX_CONTINUOUS","DS001999","삼성전자","0193W0","LONG","3/10","5/20","NONE","401","381","20","5","31.67","-0.2618","-0.3547","18.80","-9.9361","7.3224","-688520","311480","-68.8520"
"KRX_CONTINUOUS","DS003874","삼성전자","0193W0","LONG","3/5","10/30","20","315","291","24","13","27.94","-0.3278","-0.5111","23.25","-9.3533","9.7103","-692332","307668","-69.2332"
"KRX_CONTINUOUS","DS003873","삼성전자","0193W0","LONG","3/5","10/30","10","311","285","26","9","29.58","-0.3517","-0.5433","25.56","-5.2049","9.4293","-692447","307553","-69.2447"
"KRX_CONTINUOUS","DS004342","SK하이닉스","0197X0","SHORT","3/5","20/30","20","330","301","29","8","33.03","-0.3199","-0.6130","24.49","-7.0013","16.2254","-693152","306848","-69.3152"
"KRX_CONTINUOUS","DS003876","삼성전자","0193W0","LONG","3/5","10/30","50","332","304","28","14","29.52","-0.2996","-0.5512","26.57","-5.2049","9.7103","-693204","306796","-69.3204"
"KRX_CONTINUOUS","DS000996","삼성전자","0193W0","LONG","3/5","5/10","50","332","325","7","5","26.51","-0.3490","-0.4264","10.53","-4.5286","4.6843","-694276","305724","-69.4276"
"KRX_CONTINUOUS","DS002479","삼성전자","0193W0","LONG","3/10","10/20","NONE","401","376","25","7","33.42","-0.2604","-0.3887","21.82","-9.9361","7.4684","-696571","303429","-69.6571"
"KRX_CONTINUOUS","DS000993","삼성전자","0193W0","LONG","3/5","5/10","10","311","303","8","5","25.40","-0.3744","-0.4606","9.61","-6.5346","4.6843","-696669","303331","-69.6669"
"KRX_CONTINUOUS","DS002889","SK하이닉스","0193T0","LONG","3/5","3/30","10","261","252","9","6","29.12","-0.4361","-0.5714","18.87","-10.5243","5.6615","-698557","301443","-69.8557"
"KRX_CONTINUOUS","DS002913","삼성전자","0193W0","LONG","3/5","3/30","10","311","296","15","7","26.69","-0.3692","-0.5011","18.18","-6.8731","6.3190","-699238","300762","-69.9238"
"KRX_CONTINUOUS","DS004330","SK하이닉스","0193T0","LONG","3/5","20/30","20","255","246","9","13","27.84","-0.4007","-0.7609","27.36","-4.6748","9.0080","-700031","299969","-70.0031"
"KRX_CONTINUOUS","DS004460","삼성전자","0193L0","SHORT","5/10","20/30","5","317","289","28","8","36.59","-0.3527","-0.3539","30.17","-7.9563","13.4411","-700814","299186","-70.0814"
"KRX_CONTINUOUS","DS004447","삼성전자","0193W0","LONG","5/10","20/30","NONE","354","326","28","8","33.62","-0.2845","-0.4798","29.59","-11.6260","8.3877","-702836","297164","-70.2836"
"KRX_CONTINUOUS","DS003369","SK하이닉스","0193T0","LONG","3/5","5/30","10","261","244","17","8","29.12","-0.4514","-0.5714","22.38","-9.1189","5.7443","-712396","287604","-71.2396"
"KRX_CONTINUOUS","DS004368","삼성전자","0193L0","SHORT","3/5","20/30","50","355","319","36","15","28.45","-0.3152","-0.4589","26.59","-5.9536","13.4411","-719811","280189","-71.9811"
"KRX_CONTINUOUS","DS002960","삼성전자","0193W0","LONG","3/10","3/30","5","314","300","14","6","29.94","-0.3768","-0.3620","20.04","-12.0289","6.5920","-724621","275379","-72.4621"
"KRX_CONTINUOUS","DS000523","삼성전자","0193L0","SHORT","3/5","3/10","NONE","712","693","19","6","33.01","-0.1751","-0.2538","9.48","-3.2822","14.0707","-725538","274462","-72.5538"
"KRX_CONTINUOUS","DS003980","삼성전자","0193L0","SHORT","5/10","10/30","5","317","292","25","9","33.75","-0.3413","-0.4118","31.47","-10.0846","13.8084","-727622","272378","-72.7622"
"KRX_CONTINUOUS","DS003499","삼성전자","0193L0","SHORT","5/10","5/30","NONE","355","338","17","9","32.96","-0.2787","-0.3836","25.60","-13.0081","13.7559","-729131","270869","-72.9131"
"KRX_CONTINUOUS","DS000043","삼성전자","0193L0","SHORT","3/5","3/5","NONE","712","702","10","3","27.11","-0.1806","-0.2435","4.61","-3.0413","13.0214","-730179","269821","-73.0179"
"KRX_CONTINUOUS","DS004365","삼성전자","0193L0","SHORT","3/5","20/30","10","344","304","40","10","31.40","-0.3424","-0.5078","29.56","-8.5459","13.4411","-732620","267380","-73.2620"
"KRX_CONTINUOUS","DS004367","삼성전자","0193L0","SHORT","3/5","20/30","30","357","325","32","15","28.29","-0.3294","-0.4558","23.38","-3.3200","13.4411","-733008","266992","-73.3008"
"KRX_CONTINUOUS","DS004459","삼성전자","0193L0","SHORT","5/10","20/30","NONE","355","320","35","9","37.75","-0.3344","-0.3466","30.92","-9.8182","13.4411","-733136","266864","-73.3136"
"KRX_CONTINUOUS","DS000007","SK하이닉스","0193T0","LONG","3/5","3/5","NONE","553","546","7","2","28.39","-0.2376","-0.3820","4.57","-2.9320","7.0780","-738217","261783","-73.8217"
"KRX_CONTINUOUS","DS003920","삼성전자","0193W0","LONG","3/10","10/30","5","314","287","27","7","30.89","-0.3781","-0.5217","30.21","-12.3292","9.7103","-739518","260482","-73.9518"
"KRX_CONTINUOUS","DS003931","삼성전자","0193L0","SHORT","3/10","10/30","NONE","402","370","32","10","34.08","-0.2661","-0.3539","31.84","-14.1847","13.8084","-740348","259652","-74.0348"
"KRX_CONTINUOUS","DS004411","삼성전자","0193L0","SHORT","3/10","20/30","NONE","402","365","37","11","34.08","-0.3018","-0.3621","30.71","-10.6406","13.4411","-741773","258227","-74.1773"
"KRX_CONTINUOUS","DS004400","삼성전자","0193W0","LONG","3/10","20/30","5","314","290","24","7","32.48","-0.3777","-0.4645","29.72","-12.0289","8.3877","-743867","256133","-74.3867"
"KRX_CONTINUOUS","DS003379","SK하이닉스","0197X0","SHORT","3/5","5/30","NONE","643","610","33","12","38.26","-0.1432","-0.4546","28.31","-12.1832","17.1065","-745356","254644","-74.5356"
"KRX_CONTINUOUS","DS004353","삼성전자","0193W0","LONG","3/5","20/30","10","311","288","23","9","32.80","-0.4067","-0.5472","28.02","-5.1068","6.8792","-747020","252980","-74.7020"
"KRX_CONTINUOUS","DS002923","삼성전자","0193L0","SHORT","3/5","3/30","NONE","712","684","28","15","31.32","-0.1469","-0.3162","23.29","-9.4137","13.7559","-749313","250687","-74.9313"
"KRX_CONTINUOUS","DS004354","삼성전자","0193W0","LONG","3/5","20/30","20","315","293","22","11","31.11","-0.4034","-0.5610","23.81","-9.0429","6.5920","-750982","249018","-75.0982"
"KRX_CONTINUOUS","DS000967","SK하이닉스","0193T0","LONG","3/5","5/10","NONE","553","539","14","7","35.80","-0.2436","-0.3352","12.93","-7.6054","6.4786","-767426","232574","-76.7426"
"KRX_CONTINUOUS","DS004366","삼성전자","0193L0","SHORT","3/5","20/30","20","350","315","35","14","27.43","-0.3754","-0.5424","24.78","-8.5459","13.4411","-767828","232172","-76.7828"
"KRX_CONTINUOUS","DS002443","삼성전자","0193L0","SHORT","3/5","10/20","NONE","712","662","50","14","35.67","-0.1686","-0.3586","23.38","-6.7123","13.5461","-771363","228637","-77.1363"
"KRX_CONTINUOUS","DS002959","삼성전자","0193W0","LONG","3/10","3/30","NONE","401","382","19","8","29.43","-0.3170","-0.3679","20.69","-12.0289","6.5920","-771364","228636","-77.1364"
"KRX_CONTINUOUS","DS004356","삼성전자","0193W0","LONG","3/5","20/30","50","332","311","21","10","30.72","-0.4018","-0.5733","25.47","-5.1068","6.5920","-771653","228347","-77.1653"
"KRX_CONTINUOUS","DS000031","삼성전자","0193W0","LONG","3/5","3/5","NONE","704","695","9","2","25.43","-0.2086","-0.2785","4.27","-3.0298","6.1114","-774670","225330","-77.4670"
"KRX_CONTINUOUS","DS000487","SK하이닉스","0193T0","LONG","3/5","3/10","NONE","553","541","12","7","33.82","-0.2545","-0.3856","11.09","-6.8416","6.3593","-775260","224740","-77.5260"
"KRX_CONTINUOUS","DS003919","삼성전자","0193W0","LONG","3/10","10/30","NONE","401","361","40","10","31.42","-0.2885","-0.4685","30.77","-12.3292","9.7103","-777879","222121","-77.7879"
"KRX_CONTINUOUS","DS004329","SK하이닉스","0193T0","LONG","3/5","20/30","10","261","245","16","10","28.74","-0.5233","-0.8721","32.27","-5.2811","9.0080","-788902","211098","-78.8902"
"KRX_CONTINUOUS","DS003979","삼성전자","0193L0","SHORT","5/10","10/30","NONE","355","324","31","9","35.49","-0.3362","-0.3834","32.19","-13.3948","13.8084","-794052","205948","-79.4052"
"KRX_CONTINUOUS","DS004399","삼성전자","0193W0","LONG","3/10","20/30","NONE","401","369","32","10","32.67","-0.3285","-0.4577","29.83","-12.0289","8.3877","-808606","191394","-80.8606"
"KRX_CONTINUOUS","DS003847","SK하이닉스","0193T0","LONG","3/5","10/30","NONE","553","507","46","19","32.37","-0.1533","-0.5041","33.40","-10.8496","11.8656","-824379","175621","-82.4379"
"KRX_CONTINUOUS","DS000511","삼성전자","0193W0","LONG","3/5","3/10","NONE","704","682","22","6","28.55","-0.2425","-0.3264","8.86","-4.3647","5.5941","-827780","172220","-82.7780"
"KRX_CONTINUOUS","DS001447","SK하이닉스","0193T0","LONG","3/5","3/20","NONE","553","534","19","10","29.29","-0.2893","-0.4505","17.93","-9.5967","9.6111","-832613","167387","-83.2613"
"KRX_CONTINUOUS","DS001927","SK하이닉스","0193T0","LONG","3/5","5/20","NONE","553","528","25","10","31.28","-0.3370","-0.4721","20.57","-9.9170","9.6111","-878485","121515","-87.8485"
"KRX_CONTINUOUS","DS001471","삼성전자","0193W0","LONG","3/5","3/20","NONE","704","668","36","11","29.69","-0.2636","-0.3595","16.69","-8.4305","6.0597","-879151","120849","-87.9151"
"KRX_CONTINUOUS","DS003403","삼성전자","0193L0","SHORT","3/5","5/30","NONE","712","662","50","16","33.85","-0.1901","-0.3552","27.19","-13.1764","13.7559","-882242","117758","-88.2242"
"KRX_CONTINUOUS","DS002407","SK하이닉스","0193T0","LONG","3/5","10/20","NONE","553","525","28","11","35.26","-0.2933","-0.3795","24.46","-11.2224","8.7580","-883232","116768","-88.3232"
"KRX_CONTINUOUS","DS000991","삼성전자","0193W0","LONG","3/5","5/10","NONE","704","681","23","7","30.26","-0.2949","-0.3471","11.18","-6.5346","5.8528","-888653","111347","-88.8653"
"KRX_CONTINUOUS","DS003367","SK하이닉스","0193T0","LONG","3/5","5/30","NONE","553","508","45","16","30.20","-0.3535","-0.4686","27.60","-10.2374","10.1160","-900092","99908","-90.0092"
"KRX_CONTINUOUS","DS002887","SK하이닉스","0193T0","LONG","3/5","3/30","NONE","553","528","25","10","30.20","-0.3547","-0.4660","23.04","-11.6255","10.1160","-901739","98261","-90.1739"
"KRX_CONTINUOUS","DS001951","삼성전자","0193W0","LONG","3/5","5/20","NONE","704","665","39","11","32.39","-0.2692","-0.3657","20.08","-9.4821","7.3224","-903822","96178","-90.3822"
"KRX_CONTINUOUS","DS003391","삼성전자","0193W0","LONG","3/5","5/30","NONE","704","650","54","16","33.24","-0.2069","-0.3445","26.52","-10.7167","10.4365","-905887","94113","-90.5887"
"KRX_CONTINUOUS","DS002431","삼성전자","0193W0","LONG","3/5","10/20","NONE","704","662","42","11","33.38","-0.2660","-0.3436","22.02","-9.4821","7.3013","-908301","91699","-90.8301"
"KRX_CONTINUOUS","DS004327","SK하이닉스","0193T0","LONG","3/5","20/30","NONE","553","503","50","18","33.09","-0.3071","-0.5296","35.29","-9.6249","11.0131","-911925","88075","-91.1925"
"KRX_CONTINUOUS","DS004339","SK하이닉스","0197X0","SHORT","3/5","20/30","NONE","643","595","48","20","39.81","-0.2415","-0.3710","33.19","-12.9621","16.2254","-920486","79514","-92.0486"
"KRX_CONTINUOUS","DS003859","SK하이닉스","0197X0","SHORT","3/5","10/30","NONE","643","604","39","19","40.12","-0.1826","-0.3821","32.12","-12.7824","17.0435","-932805","67195","-93.2805"
"KRX_CONTINUOUS","DS004363","삼성전자","0193L0","SHORT","3/5","20/30","NONE","712","633","79","15","34.69","-0.3206","-0.3531","30.82","-9.9926","13.4411","-938231","61769","-93.8231"
"KRX_CONTINUOUS","DS003883","삼성전자","0193L0","SHORT","3/5","10/30","NONE","712","638","74","15","35.25","-0.2673","-0.3213","30.88","-13.5623","13.8084","-942025","57975","-94.2025"
"KRX_CONTINUOUS","DS002911","삼성전자","0193W0","LONG","3/5","3/30","NONE","704","668","36","14","32.53","-0.3252","-0.3777","22.44","-11.5855","6.5920","-967869","32131","-96.7869"
"KRX_CONTINUOUS","DS003871","삼성전자","0193W0","LONG","3/5","10/30","NONE","704","634","70","16","31.68","-0.3001","-0.4265","30.66","-11.8872","9.7103","-980398","19602","-98.0398"
"KRX_CONTINUOUS","DS004351","삼성전자","0193W0","LONG","3/5","20/30","NONE","704","644","60","17","32.39","-0.3580","-0.4253","30.06","-11.5855","8.3877","-982046","17954","-98.2046"
