계산방식,전략id,신호종목,실행상품코드,방향,진입ma,청산ma,추세ma,거래수,정상청산수,마감1519청산수,최대동시open,승률_pct,평균순수익률_pct,중앙순수익률_pct,평균보유분,최악거래_pct,최고거래_pct,누적복리손익,최종복리자본,누적복리수익률_pct,mdd_pct
KRX_CONTINUOUS_AFTERNOON,DS004054,SK하이닉스,0197X0,SHORT,5/20,10/30,20,83,48,35,6,42.17,0.3269,-0.2000,22.47,-3.9998,10.7885,243963,1243963,24.3963,-14.0573
KRX_CONTINUOUS_AFTERNOON,DS004007,SK하이닉스,0197X0,SHORT,3/20,10/30,30,106,63,43,7,39.62,0.2262,-0.2191,19.15,-3.2091,10.7885,200853,1200853,20.0853,-14.9716
KRX_CONTINUOUS_AFTERNOON,DS001020,SK하이닉스,0193T0,LONG,3/10,5/10,50,113,94,19,2,42.48,0.1751,-0.2000,10.64,-4.2532,6.1932,197814,1197814,19.7814,-8.4121
KRX_CONTINUOUS_AFTERNOON,DS002711,SK하이닉스,0197X0,SHORT,3/30,10/20,30,79,55,24,3,40.51,0.2306,-0.2000,16.86,-4.7013,10.8453,173226,1173226,17.3226,-16.9012
KRX_CONTINUOUS_AFTERNOON,DS004151,SK하이닉스,0197X0,SHORT,3/30,10/30,30,79,48,31,3,40.51,0.2435,-0.2000,19.68,-4.7426,10.7885,167085,1167085,16.7085,-13.4615
KRX_CONTINUOUS_AFTERNOON,DS004198,SK하이닉스,0197X0,SHORT,5/30,10/30,20,81,51,30,3,45.68,0.2362,-0.1307,23.49,-4.7426,10.5067,162341,1162341,16.2341,-11.4358
KRX_CONTINUOUS_AFTERNOON,DS001404,SK하이닉스,0193T0,LONG,20/30,5/10,50,42,36,6,2,50.00,0.3638,-0.0406,12.98,-3.2643,6.2189,154959,1154959,15.4959,-8.4599
KRX_CONTINUOUS_AFTERNOON,DS001883,SK하이닉스,0193T0,LONG,20/30,3/20,30,43,36,7,2,41.86,0.3513,-0.4104,16.98,-2.2919,8.1426,145782,1145782,14.5782,-11.9341
KRX_CONTINUOUS_AFTERNOON,DS000540,SK하이닉스,0193T0,LONG,3/10,3/10,50,113,97,16,1,36.28,0.1295,-0.3238,8.55,-3.4750,6.2656,141452,1141452,14.1452,-9.5663
KRX_CONTINUOUS_AFTERNOON,DS001068,SK하이닉스,0193T0,LONG,5/10,5/10,50,103,87,16,2,42.72,0.1293,-0.1654,9.25,-3.0237,5.6894,129045,1129045,12.9045,-7.3958
KRX_CONTINUOUS_AFTERNOON,DS000588,SK하이닉스,0193T0,LONG,5/10,3/10,50,103,86,17,2,38.83,0.1278,-0.2366,9.06,-3.7958,5.6894,125300,1125300,12.5300,-9.5273
KRX_CONTINUOUS_AFTERNOON,DS004006,SK하이닉스,0197X0,SHORT,3/20,10/30,20,106,66,40,8,39.62,0.1703,-0.2418,20.60,-3.7884,10.7885,124212,1124212,12.4212,-15.6158
KRX_CONTINUOUS_AFTERNOON,DS002639,삼성전자,0193L0,SHORT,5/20,10/20,30,71,51,20,3,38.03,0.1783,-0.2000,17.75,-2.9988,8.5505,118625,1118625,11.8625,-10.2747
KRX_CONTINUOUS_AFTERNOON,DS001881,SK하이닉스,0193T0,LONG,20/30,3/20,10,59,49,10,2,37.29,0.2153,-0.4105,14.78,-2.2919,8.1426,117154,1117154,11.7154,-14.2389
KRX_CONTINUOUS_AFTERNOON,DS001316,SK하이닉스,0197X0,SHORT,5/30,5/10,5,114,96,18,2,40.35,0.1074,-0.2000,10.26,-3.9745,8.2638,115076,1115076,11.5076,-8.7041
KRX_CONTINUOUS_AFTERNOON,DS004032,삼성전자,0193L0,SHORT,3/20,10/30,50,92,56,36,4,36.96,0.1453,-0.2652,24.37,-3.5708,8.6326,112315,1112315,11.2315,-12.4709
KRX_CONTINUOUS_AFTERNOON,DS001315,SK하이닉스,0197X0,SHORT,5/30,5/10,NONE,115,97,18,2,40.00,0.1035,-0.2000,10.33,-3.9745,8.2638,111208,1111208,11.1208,-8.7041
KRX_CONTINUOUS_AFTERNOON,DS001401,SK하이닉스,0193T0,LONG,20/30,5/10,10,59,53,6,2,44.07,0.1950,-0.3150,10.64,-3.1646,6.2189,109703,1109703,10.9703,-8.0183
KRX_CONTINUOUS_AFTERNOON,DS001271,SK하이닉스,0197X0,SHORT,3/30,5/10,30,79,63,16,3,37.97,0.1422,-0.2000,11.38,-3.1659,8.2638,102062,1102062,10.2062,-15.9639
KRX_CONTINUOUS_AFTERNOON,DS004080,삼성전자,0193L0,SHORT,5/20,10/30,50,79,46,33,4,40.51,0.1351,-0.3185,22.47,-2.9988,8.0919,92536,1092536,9.2536,-9.0572
KRX_CONTINUOUS_AFTERNOON,DS004199,SK하이닉스,0197X0,SHORT,5/30,10/30,30,55,31,24,3,41.82,0.2099,-0.2000,19.76,-4.7426,10.5067,91859,1091859,9.1859,-11.3635
KRX_CONTINUOUS_AFTERNOON,DS004195,SK하이닉스,0197X0,SHORT,5/30,10/30,NONE,115,72,43,3,40.87,0.1181,-0.2000,21.83,-4.7426,10.5067,90914,1090914,9.0914,-14.7011
KRX_CONTINUOUS_AFTERNOON,DS003323,SK하이닉스,0193T0,LONG,20/30,3/30,30,43,31,12,2,37.21,0.2323,-0.5098,19.37,-2.5614,6.7310,89938,1089938,8.9938,-11.6764
KRX_CONTINUOUS_AFTERNOON,DS001884,SK하이닉스,0193T0,LONG,20/30,3/20,50,42,31,11,2,42.86,0.2234,-0.1834,16.19,-3.2643,6.6292,89349,1089349,8.9349,-13.2167
KRX_CONTINUOUS_AFTERNOON,DS002640,삼성전자,0193L0,SHORT,5/20,10/20,50,79,57,22,4,34.18,0.1272,-0.2458,17.96,-2.9988,8.5505,86497,1086497,8.6497,-8.5295
KRX_CONTINUOUS_AFTERNOON,DS002363,SK하이닉스,0193T0,LONG,20/30,5/20,30,43,35,8,2,44.19,0.2156,-0.3720,17.23,-2.2919,6.7310,85054,1085054,8.5054,-11.9556
KRX_CONTINUOUS_AFTERNOON,DS001317,SK하이닉스,0197X0,SHORT,5/30,5/10,10,87,72,15,1,43.68,0.1042,-0.2000,10.40,-3.9745,4.4312,84702,1084702,8.4702,-8.8925
KRX_CONTINUOUS_AFTERNOON,DS000924,SK하이닉스,0193T0,LONG,20/30,3/10,50,42,36,6,2,50.00,0.2001,-0.0609,11.00,-3.2643,6.2913,81471,1081471,8.1471,-9.0661
KRX_CONTINUOUS_AFTERNOON,DS002361,SK하이닉스,0193T0,LONG,20/30,5/20,10,59,48,11,2,44.07,0.1521,-0.3053,15.85,-2.8800,6.7310,79677,1079677,7.9677,-11.8162
KRX_CONTINUOUS_AFTERNOON,DS002364,SK하이닉스,0193T0,LONG,20/30,5/20,50,42,32,10,2,50.00,0.1918,-0.0663,17.71,-3.2643,6.2189,75820,1075820,7.5820,-13.6367
KRX_CONTINUOUS_AFTERNOON,DS003072,삼성전자,0193L0,SHORT,3/20,3/30,50,92,70,22,3,38.04,0.0931,-0.3500,17.52,-2.7333,8.0181,75138,1075138,7.5138,-7.9941
KRX_CONTINUOUS_AFTERNOON,DS004690,삼성전자,0193W0,LONG,5/30,20/30,20,75,51,24,3,40.00,0.1121,-0.2453,19.88,-4.6723,7.3307,73275,1073275,7.3275,-12.6959
KRX_CONTINUOUS_AFTERNOON,DS002543,삼성전자,0193L0,SHORT,5/10,10/20,30,137,97,40,5,37.23,0.0987,-0.2582,18.79,-4.4586,9.0934,72736,1072736,7.2736,-20.3529
KRX_CONTINUOUS_AFTERNOON,DS003804,SK하이닉스,0193T0,LONG,20/30,5/30,50,42,28,14,2,45.24,0.1859,-0.1007,20.26,-3.2643,6.2442,70528,1070528,7.0528,-13.8342
KRX_CONTINUOUS_AFTERNOON,DS000921,SK하이닉스,0193T0,LONG,20/30,3/10,10,59,53,6,2,42.37,0.1264,-0.3302,9.51,-1.8902,6.2913,70389,1070389,7.0389,-10.4676
KRX_CONTINUOUS_AFTERNOON,DS003600,삼성전자,0193L0,SHORT,5/20,5/30,50,79,54,25,2,40.51,0.0996,-0.3188,18.32,-2.8689,7.2513,68739,1068739,6.8739,-9.3625
KRX_CONTINUOUS_AFTERNOON,DS003120,삼성전자,0193L0,SHORT,5/20,3/30,50,79,58,21,2,35.44,0.0964,-0.3297,16.91,-2.4157,7.4806,67336,1067336,6.7336,-7.6060
KRX_CONTINUOUS_AFTERNOON,DS003803,SK하이닉스,0193T0,LONG,20/30,5/30,30,43,30,13,2,37.21,0.1893,-0.5724,20.09,-3.1880,7.9681,67204,1067204,6.7204,-13.1036
KRX_CONTINUOUS_AFTERNOON,DS003552,삼성전자,0193L0,SHORT,3/20,5/30,50,92,66,26,3,38.04,0.0859,-0.3292,20.00,-3.5708,7.7877,65843,1065843,6.5843,-11.3210
KRX_CONTINUOUS_AFTERNOON,DS002592,삼성전자,0193L0,SHORT,3/20,10/20,50,92,68,24,4,38.04,0.0900,-0.2215,18.64,-3.5708,9.0934,63570,1063570,6.3570,-13.5736
KRX_CONTINUOUS_AFTERNOON,DS001835,SK하이닉스,0193T0,LONG,10/30,3/20,30,44,34,10,1,40.91,0.1631,-0.4081,15.98,-3.7543,8.0396,62822,1062822,6.2822,-16.5801
KRX_CONTINUOUS_AFTERNOON,DS002843,SK하이닉스,0193T0,LONG,20/30,10/20,30,43,32,11,2,41.86,0.1730,-0.4027,18.65,-3.1880,7.9681,62069,1062069,6.2069,-11.8050
KRX_CONTINUOUS_AFTERNOON,DS004055,SK하이닉스,0197X0,SHORT,5/20,10/30,30,84,50,34,4,36.90,0.1199,-0.2000,19.92,-3.9745,10.7885,61996,1061996,6.1996,-12.0573
KRX_CONTINUOUS_AFTERNOON,DS001319,SK하이닉스,0197X0,SHORT,5/30,5/10,30,55,42,13,2,34.55,0.1139,-0.2000,9.96,-3.9745,8.2638,55273,1055273,5.5273,-13.2736
KRX_CONTINUOUS_AFTERNOON,DS001500,SK하이닉스,0193T0,LONG,3/10,3/20,50,113,81,32,3,38.05,0.0590,-0.2942,15.67,-3.4817,6.6034,52440,1052440,5.2440,-14.1219
KRX_CONTINUOUS_AFTERNOON,DS003324,SK하이닉스,0193T0,LONG,20/30,3/30,50,42,27,15,2,40.48,0.1392,-0.1834,18.98,-3.2643,6.2442,50472,1050472,5.0472,-13.8370
KRX_CONTINUOUS_AFTERNOON,DS004196,SK하이닉스,0197X0,SHORT,5/30,10/30,5,114,72,42,3,40.35,0.0789,-0.2000,21.39,-4.7426,10.5067,46758,1046758,4.6758,-14.7011
KRX_CONTINUOUS_AFTERNOON,DS000923,SK하이닉스,0193T0,LONG,20/30,3/10,30,43,39,4,2,37.21,0.1172,-0.4182,10.19,-1.8902,6.2913,46261,1046261,4.6261,-9.5378
KRX_CONTINUOUS_AFTERNOON,DS002708,SK하이닉스,0197X0,SHORT,3/30,10/20,5,122,86,36,3,41.80,0.0624,-0.2341,18.20,-4.7013,10.8453,45128,1045128,4.5128,-17.3953
KRX_CONTINUOUS_AFTERNOON,DS003800,SK하이닉스,0193T0,LONG,20/30,5/30,5,54,36,18,2,38.89,0.1258,-0.3511,19.98,-8.2037,7.9681,44667,1044667,4.4667,-9.8960
KRX_CONTINUOUS_AFTERNOON,DS001268,SK하이닉스,0197X0,SHORT,3/30,5/10,5,122,101,21,2,40.98,0.0477,-0.1559,10.52,-3.1659,8.2638,43888,1043888,4.3888,-11.8639
KRX_CONTINUOUS_AFTERNOON,DS003801,SK하이닉스,0193T0,LONG,20/30,5/30,10,59,42,17,2,37.29,0.1037,-0.4380,19.19,-3.1880,7.9681,43290,1043290,4.3290,-15.4486
KRX_CONTINUOUS_AFTERNOON,DS001403,SK하이닉스,0193T0,LONG,20/30,5/10,30,43,39,4,2,41.86,0.1126,-0.3340,11.37,-3.1646,6.2189,42577,1042577,4.2577,-10.8274
KRX_CONTINUOUS_AFTERNOON,DS002241,삼성전자,0193W0,LONG,3/30,5/20,10,104,83,21,2,33.65,0.0556,-0.4382,15.32,-2.2517,6.2870,40948,1040948,4.0948,-13.4110
KRX_CONTINUOUS_AFTERNOON,DS003321,SK하이닉스,0193T0,LONG,20/30,3/30,10,59,43,16,2,33.90,0.0922,-0.5460,17.66,-2.7223,6.7310,39495,1039495,3.9495,-15.1076
KRX_CONTINUOUS_AFTERNOON,DS002290,삼성전자,0193W0,LONG,5/30,5/20,20,75,59,16,2,30.67,0.0638,-0.3498,15.79,-2.0902,6.2870,37511,1037511,3.7511,-10.5380
KRX_CONTINUOUS_AFTERNOON,DS002616,SK하이닉스,0197X0,SHORT,5/20,10/20,50,93,68,25,3,41.94,0.0576,-0.2000,14.62,-3.6804,10.4239,37383,1037383,3.7383,-14.4355
KRX_CONTINUOUS_AFTERNOON,DS002243,삼성전자,0193W0,LONG,3/30,5/20,30,63,43,20,3,38.10,0.0772,-0.4649,15.78,-2.2517,6.2870,36841,1036841,3.6841,-11.3677
KRX_CONTINUOUS_AFTERNOON,DS003119,삼성전자,0193L0,SHORT,5/20,3/30,30,71,53,18,2,35.21,0.0629,-0.3372,16.06,-2.4157,7.4806,36501,1036501,3.6501,-8.4473
KRX_CONTINUOUS_AFTERNOON,DS004784,삼성전자,0193W0,LONG,20/30,20/30,5,47,29,18,1,29.79,0.0949,-0.3881,23.21,-3.6738,5.5431,36238,1036238,3.6238,-12.7620
KRX_CONTINUOUS_AFTERNOON,DS004079,삼성전자,0193L0,SHORT,5/20,10/30,30,71,44,27,3,40.85,0.0703,-0.3972,21.77,-2.9988,8.0919,35457,1035457,3.5457,-12.5630
KRX_CONTINUOUS_AFTERNOON,DS004148,SK하이닉스,0197X0,SHORT,3/30,10/30,5,122,77,45,4,41.80,0.0701,-0.2000,22.25,-4.7426,10.7885,34446,1034446,3.4446,-18.9209
KRX_CONTINUOUS_AFTERNOON,DS001642,SK하이닉스,0193T0,LONG,5/20,3/20,20,70,56,14,2,32.86,0.0602,-0.4787,12.94,-2.9970,5.8867,32560,1032560,3.2560,-12.2835
KRX_CONTINUOUS_AFTERNOON,DS002712,SK하이닉스,0197X0,SHORT,3/30,10/20,50,79,54,25,3,35.44,0.0659,-0.2411,14.30,-4.7013,10.8453,31833,1031833,3.1833,-18.5049
KRX_CONTINUOUS_AFTERNOON,DS004283,SK하이닉스,0193T0,LONG,20/30,10/30,30,43,29,14,2,32.56,0.0990,-0.6231,21.58,-2.6406,6.6041,30855,1030855,3.0855,-11.7690
KRX_CONTINUOUS_AFTERNOON,DS003320,SK하이닉스,0193T0,LONG,20/30,3/30,5,54,36,18,2,35.19,0.0939,-0.3922,18.50,-8.2037,6.7310,30152,1030152,3.0152,-9.9359
KRX_CONTINUOUS_AFTERNOON,DS004150,SK하이닉스,0197X0,SHORT,3/30,10/30,20,99,63,36,3,38.38,0.0701,-0.2519,20.71,-4.7426,10.7885,27942,1027942,2.7942,-13.7128
KRX_CONTINUOUS_AFTERNOON,DS001116,SK하이닉스,0193T0,LONG,3/20,5/10,50,68,60,8,3,39.71,0.0546,-0.2936,11.00,-3.2538,6.1932,27706,1027706,2.7706,-9.0514
KRX_CONTINUOUS_AFTERNOON,DS003275,SK하이닉스,0193T0,LONG,10/30,3/30,30,44,30,14,2,40.91,0.0871,-0.4422,18.43,-3.7543,6.6293,27078,1027078,2.7078,-18.7766
KRX_CONTINUOUS_AFTERNOON,DS002880,삼성전자,0193L0,SHORT,20/30,10/20,50,39,29,10,2,30.77,0.0826,-0.3962,18.26,-1.8022,6.8327,26411,1026411,2.6411,-4.9330
KRX_CONTINUOUS_AFTERNOON,DS000636,SK하이닉스,0193T0,LONG,3/20,3/10,50,68,60,8,2,35.29,0.0500,-0.3956,9.15,-3.2538,6.2656,25875,1025875,2.5875,-9.3284
KRX_CONTINUOUS_AFTERNOON,DS001318,SK하이닉스,0197X0,SHORT,5/30,5/10,20,81,72,9,2,39.51,0.0409,-0.2000,11.36,-3.9745,8.2638,23365,1023365,2.3365,-9.3958
KRX_CONTINUOUS_AFTERNOON,DS002760,SK하이닉스,0197X0,SHORT,5/30,10/20,50,58,40,18,2,37.93,0.0671,-0.2213,15.53,-4.4319,10.8453,22714,1022714,2.2714,-13.9470
KRX_CONTINUOUS_AFTERNOON,DS002231,SK하이닉스,0197X0,SHORT,3/30,5/20,30,79,58,21,2,36.71,0.0521,-0.4644,15.38,-3.8061,9.1102,22027,1022027,2.2027,-18.9526
KRX_CONTINUOUS_AFTERNOON,DS003420,SK하이닉스,0193T0,LONG,3/10,5/30,50,113,75,38,4,41.59,0.0350,-0.2460,18.95,-4.1883,5.9089,18336,1018336,1.8336,-16.6610
KRX_CONTINUOUS_AFTERNOON,DS000719,삼성전자,0193L0,SHORT,5/20,3/10,30,71,61,10,1,42.25,0.0340,-0.2473,9.38,-2.3180,6.1504,17850,1017850,1.7850,-6.6778
KRX_CONTINUOUS_AFTERNOON,DS003755,SK하이닉스,0193T0,LONG,10/30,5/30,30,44,29,15,2,43.18,0.0652,-0.4454,19.25,-3.9594,7.8653,16415,1016415,1.6415,-19.2041
KRX_CONTINUOUS_AFTERNOON,DS004641,삼성전자,0193W0,LONG,3/30,20/30,10,104,60,44,3,38.46,0.0365,-0.2969,23.88,-3.8997,7.4410,14234,1014234,1.4234,-17.4962
KRX_CONTINUOUS_AFTERNOON,DS000108,SK하이닉스,0193T0,LONG,5/10,3/5,50,103,93,10,2,42.72,0.0164,-0.1368,5.34,-2.7110,5.6894,10759,1010759,1.0759,-6.5682
KRX_CONTINUOUS_AFTERNOON,DS002289,삼성전자,0193W0,LONG,5/30,5/20,10,92,72,20,2,30.43,0.0267,-0.4369,15.39,-2.0902,6.2870,10694,1010694,1.0694,-12.4981
KRX_CONTINUOUS_AFTERNOON,DS002770,삼성전자,0193W0,LONG,5/30,10/20,20,75,55,20,2,36.00,0.0283,-0.3032,17.52,-2.6608,6.2549,9789,1009789,0.9789,-10.7875
KRX_CONTINUOUS_AFTERNOON,DS001548,SK하이닉스,0193T0,LONG,5/10,3/20,50,103,75,28,3,38.83,0.0215,-0.3025,15.67,-3.3618,5.6894,9390,1009390,0.9390,-18.9466
KRX_CONTINUOUS_AFTERNOON,DS000791,SK하이닉스,0197X0,SHORT,3/30,3/10,30,79,65,14,2,40.51,0.0257,-0.2000,9.99,-2.8693,7.5444,9279,1009279,0.9279,-16.0113
KRX_CONTINUOUS_AFTERNOON,DS003863,SK하이닉스,0197X0,SHORT,3/5,10/30,30,267,166,101,10,36.70,0.0905,-0.2629,20.20,-5.7219,11.5618,8076,1008076,0.8076,-36.5042
KRX_CONTINUOUS_AFTERNOON,DS002315,SK하이닉스,0193T0,LONG,10/30,5/20,30,44,33,11,1,38.64,0.0359,-0.3200,16.27,-3.9594,6.6293,6935,1006935,0.6935,-16.0409
KRX_CONTINUOUS_AFTERNOON,DS002844,SK하이닉스,0193T0,LONG,20/30,10/20,50,42,27,15,2,45.24,0.0362,-0.1287,18.52,-3.2643,5.9809,6876,1006876,0.6876,-15.1082
KRX_CONTINUOUS_AFTERNOON,DS003468,SK하이닉스,0193T0,LONG,5/10,5/30,50,103,68,35,3,41.75,0.0223,-0.2000,18.53,-3.3770,5.6894,5689,1005689,0.5689,-22.8591
KRX_CONTINUOUS_AFTERNOON,DS000839,SK하이닉스,0197X0,SHORT,5/30,3/10,30,55,43,12,2,34.55,0.0238,-0.2000,8.95,-3.6804,7.5444,5475,1005475,0.5475,-14.6754
KRX_CONTINUOUS_AFTERNOON,DS003671,SK하이닉스,0197X0,SHORT,3/30,5/30,30,79,51,28,2,34.18,0.0259,-0.3324,16.63,-3.8092,10.7183,4517,1004517,0.4517,-13.1634
KRX_CONTINUOUS_AFTERNOON,DS002614,SK하이닉스,0197X0,SHORT,5/20,10/20,20,83,60,23,3,40.96,0.0238,-0.2000,16.31,-3.6804,10.4239,4329,1004329,0.4329,-9.6583
KRX_CONTINUOUS_AFTERNOON,DS000682,SK하이닉스,0193T0,LONG,5/20,3/10,20,70,60,10,3,37.14,0.0168,-0.3716,9.39,-2.3300,5.5513,4299,1004299,0.4299,-9.0535
KRX_CONTINUOUS_AFTERNOON,DS000720,삼성전자,0193L0,SHORT,5/20,3/10,50,79,69,10,1,39.24,0.0137,-0.2433,9.78,-2.3180,6.1504,3847,1003847,0.3847,-6.5351
KRX_CONTINUOUS_AFTERNOON,DS002841,SK하이닉스,0193T0,LONG,20/30,10/20,10,59,42,17,2,35.59,0.0315,-0.4380,17.36,-3.1880,7.9681,2789,1002789,0.2789,-15.0124
KRX_CONTINUOUS_AFTERNOON,DS003960,SK하이닉스,0197X0,SHORT,5/10,10/30,50,134,83,51,5,41.79,0.0391,-0.2307,21.81,-3.2908,10.5067,2438,1002438,0.2438,-15.0829
KRX_CONTINUOUS_AFTERNOON,DS001678,삼성전자,0193L0,SHORT,5/20,3/20,20,71,56,15,1,38.03,0.0170,-0.3420,14.37,-5.2087,7.0984,1975,1001975,0.1975,-9.9454
KRX_CONTINUOUS_AFTERNOON,DS002758,SK하이닉스,0197X0,SHORT,5/30,10/20,20,81,62,19,3,41.98,0.0257,-0.2256,18.90,-4.4319,10.8453,1677,1001677,0.1677,-12.0347
KRX_CONTINUOUS_AFTERNOON,DS004764,SK하이닉스,0193T0,LONG,20/30,20/30,50,42,29,13,1,40.48,0.0264,-0.2676,18.31,-4.1620,6.2442,1196,1001196,0.1196,-13.4171
KRX_CONTINUOUS_AFTERNOON,DS001596,SK하이닉스,0193T0,LONG,3/20,3/20,50,68,56,12,1,33.82,0.0161,-0.5403,12.01,-3.0237,6.6034,1122,1001122,0.1122,-10.0585
KRX_CONTINUOUS_AFTERNOON,DS002242,삼성전자,0193W0,LONG,3/30,5/20,20,83,66,17,2,38.55,0.0151,-0.4246,15.75,-2.2517,6.2870,482,1000482,0.0482,-13.2204
KRX_CONTINUOUS_AFTERNOON,DS003730,삼성전자,0193W0,LONG,5/30,5/30,20,75,53,22,1,30.67,0.0166,-0.4872,16.84,-1.9832,7.3307,-362,999638,-0.0362,-13.0058
KRX_CONTINUOUS_AFTERNOON,DS002385,삼성전자,0193W0,LONG,20/30,5/20,10,59,47,12,2,35.59,0.0121,-0.2952,16.75,-3.6169,6.2870,-817,999183,-0.0817,-14.2515
KRX_CONTINUOUS_AFTERNOON,DS000718,삼성전자,0193L0,SHORT,5/20,3/10,20,71,62,9,2,45.07,0.0090,-0.1787,10.80,-5.2087,6.1504,-1619,998381,-0.1619,-8.9785
KRX_CONTINUOUS_AFTERNOON,DS001763,삼성전자,0193W0,LONG,3/30,3/20,30,63,49,14,3,34.92,0.0120,-0.3811,13.25,-2.2034,5.9382,-1993,998007,-0.1993,-10.4050
KRX_CONTINUOUS_AFTERNOON,DS002756,SK하이닉스,0197X0,SHORT,5/30,10/20,5,114,84,30,3,39.47,0.0209,-0.2000,17.64,-4.4319,10.8453,-2808,997192,-0.2808,-14.6867
KRX_CONTINUOUS_AFTERNOON,DS002122,SK하이닉스,0193T0,LONG,5/20,5/20,20,70,55,15,2,34.29,0.0080,-0.4560,13.81,-3.0531,5.4794,-3738,996262,-0.3738,-9.4397
KRX_CONTINUOUS_AFTERNOON,DS002147,삼성전자,0193W0,LONG,5/20,5/20,30,71,57,14,2,32.39,0.0071,-0.2832,13.13,-2.2517,6.2870,-3910,996090,-0.3910,-10.8683
KRX_CONTINUOUS_AFTERNOON,DS001680,삼성전자,0193L0,SHORT,5/20,3/20,50,79,62,17,1,35.44,0.0039,-0.3831,13.52,-2.4157,7.0984,-6052,993948,-0.6052,-8.5096
KRX_CONTINUOUS_AFTERNOON,DS003344,삼성전자,0193W0,LONG,20/30,3/30,5,47,32,15,1,29.79,0.0073,-0.4715,19.53,-5.9234,6.2870,-6796,993204,-0.6796,-12.6865
KRX_CONTINUOUS_AFTERNOON,DS004280,SK하이닉스,0193T0,LONG,20/30,10/30,5,54,30,24,2,35.19,0.0298,-0.4254,22.74,-7.9425,6.6041,-7164,992836,-0.7164,-12.6189
KRX_CONTINUOUS_AFTERNOON,DS004103,SK하이닉스,0197X0,SHORT,10/20,10/30,30,75,45,30,4,41.33,0.0142,-0.2000,21.03,-5.9160,10.4131,-7838,992162,-0.7838,-13.4630
KRX_CONTINUOUS_AFTERNOON,DS002755,SK하이닉스,0197X0,SHORT,5/30,10/20,NONE,115,85,30,3,39.13,0.0158,-0.2000,17.51,-4.4319,10.8453,-8415,991585,-0.8415,-14.6867
KRX_CONTINUOUS_AFTERNOON,DS000408,SK하이닉스,0197X0,SHORT,10/30,3/5,50,45,42,3,2,46.67,-0.0141,-0.1542,6.58,-2.2800,2.8835,-8633,991367,-0.8633,-4.9743
KRX_CONTINUOUS_AFTERNOON,DS004008,SK하이닉스,0197X0,SHORT,3/20,10/30,50,118,74,44,5,38.14,0.0227,-0.2000,18.76,-3.2091,10.4599,-9214,990786,-0.9214,-21.3813
KRX_CONTINUOUS_AFTERNOON,DS002098,삼성전자,0193W0,LONG,3/20,5/20,20,85,67,18,2,38.82,0.0025,-0.2370,15.58,-2.1316,6.2870,-9450,990550,-0.9450,-17.4045
KRX_CONTINUOUS_AFTERNOON,DS004056,SK하이닉스,0197X0,SHORT,5/20,10/30,50,93,57,36,3,37.63,0.0169,-0.2000,20.14,-3.9745,10.0867,-10929,989071,-1.0929,-14.4021
KRX_CONTINUOUS_AFTERNOON,DS002194,삼성전자,0193W0,LONG,10/20,5/20,20,67,49,18,1,32.84,-0.0060,-0.3245,15.01,-2.7027,5.2362,-11075,988925,-1.1075,-13.0189
KRX_CONTINUOUS_AFTERNOON,DS003802,SK하이닉스,0193T0,LONG,20/30,5/30,20,79,57,22,2,36.71,0.0223,-0.4733,19.96,-8.2037,7.9681,-12247,987753,-1.2247,-19.1931
KRX_CONTINUOUS_AFTERNOON,DS001199,삼성전자,0193L0,SHORT,5/20,5/10,30,71,61,10,1,40.85,-0.0077,-0.2000,10.54,-3.1977,6.1814,-12498,987502,-1.2498,-6.0523
KRX_CONTINUOUS_AFTERNOON,DS001632,삼성전자,0193L0,SHORT,3/20,3/20,50,92,76,16,2,34.78,-0.0018,-0.3507,13.33,-2.7333,7.6341,-12591,987409,-1.2591,-13.3908
KRX_CONTINUOUS_AFTERNOON,DS002879,삼성전자,0193L0,SHORT,20/30,10/20,30,40,31,9,1,42.50,-0.0223,-0.2838,18.35,-2.0288,6.8327,-13080,986920,-1.3080,-4.9276
KRX_CONTINUOUS_AFTERNOON,DS000837,SK하이닉스,0197X0,SHORT,5/30,3/10,10,87,73,14,1,41.38,-0.0074,-0.2000,9.23,-3.6804,4.2674,-13930,986070,-1.3930,-11.5316
KRX_CONTINUOUS_AFTERNOON,DS002387,삼성전자,0193W0,LONG,20/30,5/20,30,44,34,10,2,31.82,-0.0173,-0.3656,19.00,-3.6169,6.2870,-14179,985821,-1.4179,-13.9665
KRX_CONTINUOUS_AFTERNOON,DS000444,SK하이닉스,0193T0,LONG,20/30,3/5,50,42,39,3,2,33.33,-0.0263,-0.1459,5.83,-1.9383,5.2295,-14415,985585,-1.4415,-5.9850
KRX_CONTINUOUS_AFTERNOON,DS003191,SK하이닉스,0197X0,SHORT,3/30,3/30,30,79,58,21,1,35.44,-0.0022,-0.3804,13.92,-3.7470,9.0256,-14805,985195,-1.4805,-12.3419
KRX_CONTINUOUS_AFTERNOON,DS001692,SK하이닉스,0193T0,LONG,10/20,3/20,50,52,39,13,1,42.31,-0.0154,-0.4572,13.06,-3.4236,6.6034,-15142,984858,-1.5142,-14.3007
KRX_CONTINUOUS_AFTERNOON,DS003322,SK하이닉스,0193T0,LONG,20/30,3/30,20,79,57,22,2,31.65,0.0127,-0.4856,17.84,-8.2037,6.7310,-16283,983717,-1.6283,-18.7932
KRX_CONTINUOUS_AFTERNOON,DS003824,삼성전자,0193W0,LONG,20/30,5/30,5,47,31,16,1,29.79,-0.0108,-0.4710,20.57,-6.0029,5.7796,-16330,983670,-1.6330,-11.2935
KRX_CONTINUOUS_AFTERNOON,DS003527,SK하이닉스,0197X0,SHORT,3/20,5/30,30,106,69,37,6,37.74,0.0120,-0.3819,15.33,-3.6848,10.6714,-16789,983211,-1.6789,-15.2593
KRX_CONTINUOUS_AFTERNOON,DS000420,삼성전자,0193W0,LONG,10/30,3/5,50,39,34,5,1,28.21,-0.0371,-0.2736,5.41,-1.3594,4.2738,-16800,983200,-1.6800,-5.9767
KRX_CONTINUOUS_AFTERNOON,DS001363,SK하이닉스,0197X0,SHORT,10/30,5/10,NONE,90,82,8,2,46.67,-0.0086,-0.0604,9.38,-3.4648,3.6874,-17181,982819,-1.7181,-10.9450
KRX_CONTINUOUS_AFTERNOON,DS002808,SK하이닉스,0197X0,SHORT,10/30,10/20,50,45,36,9,2,42.22,-0.0236,-0.4757,16.07,-3.0378,6.1305,-17571,982429,-1.7571,-8.8745
KRX_CONTINUOUS_AFTERNOON,DS004547,삼성전자,0193W0,LONG,5/20,20/30,30,71,51,20,3,42.25,-0.0064,-0.2453,18.46,-5.4456,7.6623,-18114,981886,-1.8114,-16.2478
KRX_CONTINUOUS_AFTERNOON,DS002759,SK하이닉스,0197X0,SHORT,5/30,10/20,30,55,37,18,3,36.36,-0.0076,-0.2000,16.76,-4.4319,10.8453,-18240,981760,-1.8240,-15.0074
KRX_CONTINUOUS_AFTERNOON,DS001751,SK하이닉스,0197X0,SHORT,3/30,3/20,30,79,62,17,2,35.44,-0.0059,-0.3225,12.38,-2.8693,8.2638,-18369,981631,-1.8369,-16.8354
KRX_CONTINUOUS_AFTERNOON,DS003023,삼성전자,0193L0,SHORT,5/10,3/30,30,137,98,39,6,35.04,0.0109,-0.3538,16.96,-4.3973,8.0181,-18387,981613,-1.8387,-19.3921
KRX_CONTINUOUS_AFTERNOON,DS000836,SK하이닉스,0197X0,SHORT,5/30,3/10,5,114,98,16,2,37.72,-0.0068,-0.2160,8.93,-3.6804,7.5444,-18728,981272,-1.8728,-12.2572
KRX_CONTINUOUS_AFTERNOON,DS002384,삼성전자,0193W0,LONG,20/30,5/20,5,47,38,9,1,31.91,-0.0212,-0.2952,17.51,-6.2016,6.2870,-19104,980896,-1.9104,-11.8964
KRX_CONTINUOUS_AFTERNOON,DS003347,삼성전자,0193W0,LONG,20/30,3/30,30,44,29,15,2,29.55,-0.0288,-0.4768,21.36,-3.6169,6.2870,-20264,979736,-2.0264,-16.0609
KRX_CONTINUOUS_AFTERNOON,DS002291,삼성전자,0193W0,LONG,5/30,5/20,30,49,37,12,2,30.61,-0.0301,-0.4650,15.24,-2.0902,6.2870,-20972,979028,-2.0972,-9.4498
KRX_CONTINUOUS_AFTERNOON,DS001796,SK하이닉스,0197X0,SHORT,5/30,3/20,5,114,89,25,2,35.96,-0.0059,-0.3737,13.32,-3.6804,8.2638,-21630,978370,-2.1630,-13.2533
KRX_CONTINUOUS_AFTERNOON,DS001799,SK하이닉스,0197X0,SHORT,5/30,3/20,30,55,41,14,2,32.73,-0.0246,-0.4245,12.05,-3.6804,8.2638,-21897,978103,-2.1897,-16.3741
KRX_CONTINUOUS_AFTERNOON,DS000835,SK하이닉스,0197X0,SHORT,5/30,3/10,NONE,115,99,16,2,37.39,-0.0098,-0.2321,8.91,-3.6804,7.5444,-22132,977868,-2.2132,-12.2572
KRX_CONTINUOUS_AFTERNOON,DS003719,SK하이닉스,0197X0,SHORT,5/30,5/30,30,55,35,20,1,36.36,-0.0183,-0.2000,15.25,-3.9745,10.7183,-22142,977858,-2.2142,-18.3770
KRX_CONTINUOUS_AFTERNOON,DS001904,삼성전자,0193W0,LONG,20/30,3/20,5,47,41,6,1,29.79,-0.0319,-0.3376,14.96,-6.3606,5.9382,-22332,977668,-2.2332,-8.8759
KRX_CONTINUOUS_AFTERNOON,DS001200,삼성전자,0193L0,SHORT,5/20,5/10,50,79,69,10,1,41.77,-0.0187,-0.2000,10.75,-3.1977,6.1814,-22348,977652,-2.2348,-8.8382
KRX_CONTINUOUS_AFTERNOON,DS003681,삼성전자,0193W0,LONG,3/30,5/30,10,104,73,31,2,30.77,-0.0030,-0.5239,16.94,-2.7612,7.4410,-22681,977319,-2.2681,-16.4216
KRX_CONTINUOUS_AFTERNOON,DS001162,SK하이닉스,0193T0,LONG,5/20,5/10,20,70,59,11,3,35.71,-0.0222,-0.3560,9.99,-2.7725,5.4794,-23166,976834,-2.3166,-10.1680
KRX_CONTINUOUS_AFTERNOON,DS004152,SK하이닉스,0197X0,SHORT,3/30,10/30,50,79,48,31,4,36.71,0.0039,-0.2000,17.84,-4.7426,10.5067,-24012,975988,-2.4012,-19.5456
KRX_CONTINUOUS_AFTERNOON,DS000403,SK하이닉스,0197X0,SHORT,10/30,3/5,NONE,90,85,5,2,44.44,-0.0224,-0.1189,6.13,-2.2800,2.9481,-24817,975183,-2.4817,-8.4140
KRX_CONTINUOUS_AFTERNOON,DS003250,삼성전자,0193W0,LONG,5/30,3/30,20,75,55,20,1,29.33,-0.0209,-0.4650,15.13,-1.9333,6.2870,-25229,974771,-2.5229,-11.8187
KRX_CONTINUOUS_AFTERNOON,DS003864,SK하이닉스,0197X0,SHORT,3/5,10/30,50,246,152,94,10,38.62,0.0711,-0.2622,21.55,-7.0294,11.5618,-25685,974315,-2.5685,-32.1795
KRX_CONTINUOUS_AFTERNOON,DS001905,삼성전자,0193W0,LONG,20/30,3/20,10,59,52,7,2,30.51,-0.0341,-0.3376,14.64,-2.8765,5.9382,-26054,973946,-2.6054,-13.7854
KRX_CONTINUOUS_AFTERNOON,DS002638,삼성전자,0193L0,SHORT,5/20,10/20,20,71,50,21,2,36.62,-0.0123,-0.3188,17.35,-8.5885,8.5505,-26715,973285,-2.6715,-12.4262
KRX_CONTINUOUS_AFTERNOON,DS000405,SK하이닉스,0197X0,SHORT,10/30,3/5,10,87,82,5,1,44.83,-0.0258,-0.1552,6.15,-2.2800,2.9481,-27014,972986,-2.7014,-8.4140
KRX_CONTINUOUS_AFTERNOON,DS003827,삼성전자,0193W0,LONG,20/30,5/30,30,44,29,15,2,29.55,-0.0443,-0.4603,21.05,-4.3002,5.7796,-27958,972042,-2.7958,-16.1714
KRX_CONTINUOUS_AFTERNOON,DS004197,SK하이닉스,0197X0,SHORT,5/30,10/30,10,87,53,34,2,42.53,-0.0076,-0.2000,21.26,-4.7426,10.3664,-28722,971278,-2.8722,-12.4437
KRX_CONTINUOUS_AFTERNOON,DS004631,SK하이닉스,0197X0,SHORT,3/30,20/30,30,79,55,24,3,41.77,-0.0204,-0.1154,16.49,-5.6138,6.2231,-28823,971177,-2.8823,-14.0104
KRX_CONTINUOUS_AFTERNOON,DS003911,SK하이닉스,0197X0,SHORT,3/10,10/30,30,137,86,51,6,34.31,0.0304,-0.3642,20.10,-3.3585,10.7885,-28879,971121,-2.8879,-25.8030
KRX_CONTINUOUS_AFTERNOON,DS001795,SK하이닉스,0197X0,SHORT,5/30,3/20,NONE,115,90,25,2,35.65,-0.0126,-0.4237,13.23,-3.6804,8.2638,-29258,970742,-2.9258,-13.2533
KRX_CONTINUOUS_AFTERNOON,DS002864,삼성전자,0193W0,LONG,20/30,10/20,5,47,35,12,2,27.66,-0.0445,-0.3376,19.53,-6.0029,6.0288,-29647,970353,-2.9647,-12.2273
KRX_CONTINUOUS_AFTERNOON,DS001907,삼성전자,0193W0,LONG,20/30,3/20,30,44,37,7,2,31.82,-0.0580,-0.3462,17.18,-2.8765,5.9382,-29875,970125,-2.9875,-11.7898
KRX_CONTINUOUS_AFTERNOON,DS002362,SK하이닉스,0193T0,LONG,20/30,5/20,20,79,65,14,2,39.24,-0.0119,-0.4052,16.09,-7.3828,6.7310,-30043,969957,-3.0043,-16.1929
KRX_CONTINUOUS_AFTERNOON,DS003118,삼성전자,0193L0,SHORT,5/20,3/30,20,71,54,17,2,35.21,-0.0285,-0.3297,17.63,-4.9474,7.4806,-30093,969907,-3.0093,-9.7770
KRX_CONTINUOUS_AFTERNOON,DS000443,SK하이닉스,0193T0,LONG,20/30,3/5,30,43,42,1,2,27.91,-0.0635,-0.3401,6.19,-1.9383,5.2295,-30180,969820,-3.0180,-7.0269
KRX_CONTINUOUS_AFTERNOON,DS003516,SK하이닉스,0193T0,LONG,3/20,5/30,50,68,50,18,2,35.29,-0.0275,-0.4249,16.82,-3.2303,6.1915,-30516,969484,-3.0516,-12.8989
KRX_CONTINUOUS_AFTERNOON,DS002172,SK하이닉스,0193T0,LONG,10/20,5/20,50,52,39,13,2,44.23,-0.0465,-0.4073,14.19,-3.6294,6.1932,-30928,969072,-3.0928,-12.4199
KRX_CONTINUOUS_AFTERNOON,DS004200,SK하이닉스,0197X0,SHORT,5/30,10/30,50,58,35,23,2,39.66,-0.0244,-0.2000,18.66,-4.7426,10.5067,-31894,968106,-3.1894,-19.7813
KRX_CONTINUOUS_AFTERNOON,DS004147,SK하이닉스,0197X0,SHORT,3/30,10/30,NONE,145,95,50,4,39.31,0.0213,-0.2353,21.36,-4.7426,10.7885,-32180,967820,-3.2180,-24.5010
KRX_CONTINUOUS_AFTERNOON,DS000357,SK하이닉스,0197X0,SHORT,5/30,3/5,10,87,77,10,2,39.08,-0.0320,-0.2000,5.24,-3.6804,4.2674,-32696,967304,-3.2696,-9.8626
KRX_CONTINUOUS_AFTERNOON,DS001424,삼성전자,0193W0,LONG,20/30,5/10,5,47,44,3,1,25.53,-0.0652,-0.2952,9.32,-2.8196,3.0746,-32922,967078,-3.2922,-7.1422
KRX_CONTINUOUS_AFTERNOON,DS002867,삼성전자,0193W0,LONG,20/30,10/20,30,44,34,10,2,27.27,-0.0603,-0.3605,19.70,-3.6738,6.0288,-33021,966979,-3.3021,-15.8797
KRX_CONTINUOUS_AFTERNOON,DS000060,SK하이닉스,0193T0,LONG,3/10,3/5,50,113,103,10,1,38.05,-0.0239,-0.2204,5.11,-3.4750,5.6894,-33909,966091,-3.3909,-7.7932
KRX_CONTINUOUS_AFTERNOON,DS001402,SK하이닉스,0193T0,LONG,20/30,5/10,20,79,71,8,2,39.24,-0.0197,-0.3302,10.87,-8.8940,6.2189,-34245,965755,-3.4245,-16.0707
KRX_CONTINUOUS_AFTERNOON,DS004281,SK하이닉스,0193T0,LONG,20/30,10/30,10,59,39,20,2,33.90,-0.0346,-0.6054,19.92,-2.8800,6.6041,-34649,965351,-3.4649,-16.6503
KRX_CONTINUOUS_AFTERNOON,DS001018,SK하이닉스,0193T0,LONG,3/10,5/10,20,117,101,16,2,36.75,-0.0122,-0.3574,10.46,-5.3761,6.1932,-34724,965276,-3.4724,-17.6947
KRX_CONTINUOUS_AFTERNOON,DS002865,삼성전자,0193W0,LONG,20/30,10/20,10,59,45,14,2,33.90,-0.0467,-0.3376,18.37,-3.6738,6.0288,-35173,964827,-3.5173,-17.4617
KRX_CONTINUOUS_AFTERNOON,DS002520,SK하이닉스,0197X0,SHORT,5/10,10/20,50,134,99,35,3,39.55,-0.0026,-0.3348,16.55,-4.7013,10.8453,-35444,964556,-3.5444,-23.2489
KRX_CONTINUOUS_AFTERNOON,DS002590,삼성전자,0193L0,SHORT,3/20,10/20,20,75,57,18,3,32.00,-0.0288,-0.3769,17.37,-3.5708,6.5217,-35844,964156,-3.5844,-12.4110
KRX_CONTINUOUS_AFTERNOON,DS003345,삼성전자,0193W0,LONG,20/30,3/30,10,59,41,18,2,32.20,-0.0479,-0.4531,18.03,-3.6169,6.2870,-35975,964025,-3.5975,-15.7885
KRX_CONTINUOUS_AFTERNOON,DS003526,SK하이닉스,0197X0,SHORT,3/20,5/30,20,106,73,33,5,36.79,-0.0099,-0.3904,16.56,-3.6848,10.6714,-36031,963969,-3.6031,-13.4671
KRX_CONTINUOUS_AFTERNOON,DS002664,SK하이닉스,0197X0,SHORT,10/20,10/20,50,75,57,18,2,34.67,-0.0319,-0.4226,14.19,-3.3961,10.7514,-36340,963660,-3.6340,-15.6517
KRX_CONTINUOUS_AFTERNOON,DS003587,삼성전자,0193W0,LONG,5/20,5/30,30,71,52,19,3,33.80,-0.0344,-0.4714,15.85,-2.6181,7.6623,-36787,963213,-3.6787,-14.1379
KRX_CONTINUOUS_AFTERNOON,DS000900,삼성전자,0193W0,LONG,10/30,3/10,50,39,33,6,1,28.21,-0.0907,-0.2876,6.69,-1.5280,3.7654,-37089,962911,-3.7089,-6.9874
KRX_CONTINUOUS_AFTERNOON,DS001320,SK하이닉스,0197X0,SHORT,5/30,5/10,50,58,47,11,2,29.31,-0.0500,-0.3998,9.97,-3.9745,8.2638,-37156,962844,-3.7156,-15.2695
KRX_CONTINUOUS_AFTERNOON,DS001882,SK하이닉스,0193T0,LONG,20/30,3/20,20,79,66,13,2,31.65,-0.0198,-0.4128,14.56,-7.7187,8.1426,-37942,962058,-3.7942,-18.2991
KRX_CONTINUOUS_AFTERNOON,DS002721,삼성전자,0193W0,LONG,3/30,10/20,10,104,75,29,2,36.54,-0.0187,-0.3077,18.04,-4.1207,6.3641,-38092,961908,-3.8092,-13.8825
KRX_CONTINUOUS_AFTERNOON,DS002400,삼성전자,0193L0,SHORT,20/30,5/20,50,39,30,9,2,38.46,-0.0810,-0.2791,17.54,-6.4382,6.1558,-38156,961844,-3.8156,-8.8222
KRX_CONTINUOUS_AFTERNOON,DS001880,SK하이닉스,0193T0,LONG,20/30,3/20,5,54,44,10,2,35.19,-0.0412,-0.4782,15.30,-7.7187,8.1426,-38642,961358,-3.8642,-17.1206
KRX_CONTINUOUS_AFTERNOON,DS001368,SK하이닉스,0197X0,SHORT,10/30,5/10,50,45,40,5,2,40.00,-0.0795,-0.1099,9.44,-2.9200,3.3974,-39153,960847,-3.9153,-10.0623
KRX_CONTINUOUS_AFTERNOON,DS000875,SK하이닉스,0193T0,LONG,10/30,3/10,30,44,40,4,1,31.82,-0.0775,-0.4101,9.48,-3.1970,5.5513,-39392,960608,-3.9392,-12.1561
KRX_CONTINUOUS_AFTERNOON,DS002940,SK하이닉스,0193T0,LONG,3/10,3/30,50,113,79,34,4,37.17,-0.0199,-0.3200,16.58,-4.7071,6.1932,-39434,960566,-3.9434,-17.7102
KRX_CONTINUOUS_AFTERNOON,DS000480,삼성전자,0193L0,SHORT,20/30,3/5,50,39,37,2,1,35.90,-0.1006,-0.2382,6.23,-2.0950,1.5819,-39639,960361,-3.9639,-5.4679
KRX_CONTINUOUS_AFTERNOON,DS000477,삼성전자,0193L0,SHORT,20/30,3/5,10,58,55,3,1,41.38,-0.0672,-0.1259,5.53,-1.7420,1.6276,-39695,960305,-3.9695,-5.8864
KRX_CONTINUOUS_AFTERNOON,DS002160,삼성전자,0193L0,SHORT,5/20,5/20,50,79,61,18,2,35.44,-0.0371,-0.2820,15.52,-2.3180,7.8627,-39923,960077,-3.9923,-11.0425
KRX_CONTINUOUS_AFTERNOON,DS003599,삼성전자,0193L0,SHORT,5/20,5/30,30,71,50,21,2,38.03,-0.0416,-0.3285,18.42,-5.7598,7.2513,-40261,959739,-4.0261,-12.9928
KRX_CONTINUOUS_AFTERNOON,DS001810,삼성전자,0193W0,LONG,5/30,3/20,20,75,64,11,2,30.67,-0.0446,-0.2849,13.15,-1.9832,5.9382,-40416,959584,-4.0416,-11.3598
KRX_CONTINUOUS_AFTERNOON,DS000730,SK하이닉스,0193T0,LONG,10/20,3/10,20,61,53,8,1,31.15,-0.0566,-0.3986,9.61,-2.5555,6.2656,-40854,959146,-4.0854,-13.4563
KRX_CONTINUOUS_AFTERNOON,DS001980,SK하이닉스,0193T0,LONG,3/10,5/20,50,113,81,32,3,38.94,-0.0227,-0.2660,17.32,-4.2532,6.1932,-41745,958255,-4.1745,-17.8894
KRX_CONTINUOUS_AFTERNOON,DS002279,SK하이닉스,0197X0,SHORT,5/30,5/20,30,55,39,16,2,34.55,-0.0578,-0.5040,15.25,-3.9745,9.1102,-42005,957995,-4.2005,-15.5488
KRX_CONTINUOUS_AFTERNOON,DS003756,SK하이닉스,0193T0,LONG,10/30,5/30,50,43,29,14,1,39.53,-0.0783,-0.3833,16.05,-3.9594,8.4957,-42372,957628,-4.2372,-12.8220
KRX_CONTINUOUS_AFTERNOON,DS000671,삼성전자,0193L0,SHORT,3/20,3/10,30,84,70,14,2,33.33,-0.0421,-0.3109,9.63,-2.6515,6.7095,-42616,957384,-4.2616,-11.3516
KRX_CONTINUOUS_AFTERNOON,DS003297,삼성전자,0193W0,LONG,10/30,3/30,10,83,62,21,1,27.71,-0.0385,-0.5625,14.87,-2.4206,5.9207,-42645,957355,-4.2645,-16.3987
KRX_CONTINUOUS_AFTERNOON,DS004512,삼성전자,0193L0,SHORT,3/20,20/30,50,92,55,37,4,39.13,-0.0225,-0.2000,21.61,-4.3319,6.5217,-42727,957273,-4.2727,-20.2577
KRX_CONTINUOUS_AFTERNOON,DS002360,SK하이닉스,0193T0,LONG,20/30,5/20,5,54,41,13,2,38.89,-0.0533,-0.5336,16.48,-7.3828,6.7310,-43397,956603,-4.3397,-15.7664
KRX_CONTINUOUS_AFTERNOON,DS004728,SK하이닉스,0197X0,SHORT,10/30,20/30,50,45,30,15,4,40.00,-0.0751,-0.2516,22.07,-6.4307,6.1305,-43665,956335,-4.3665,-14.1054
KRX_CONTINUOUS_AFTERNOON,DS004800,삼성전자,0193L0,SHORT,20/30,20/30,50,39,23,16,1,35.90,-0.0965,-0.4342,21.74,-2.8087,6.3438,-43946,956054,-4.3946,-13.6571
KRX_CONTINUOUS_AFTERNOON,DS004320,삼성전자,0193L0,SHORT,20/30,10/30,50,39,25,14,2,25.64,-0.0838,-0.5211,24.21,-3.0729,6.7725,-44436,955564,-4.4436,-10.2669
KRX_CONTINUOUS_AFTERNOON,DS001691,SK하이닉스,0193T0,LONG,10/20,3/20,30,63,49,14,2,31.75,-0.0550,-0.5263,13.35,-3.4236,8.0396,-44773,955227,-4.4773,-18.8309
KRX_CONTINUOUS_AFTERNOON,DS001330,삼성전자,0193W0,LONG,5/30,5/10,20,75,67,8,2,32.00,-0.0531,-0.2779,9.08,-1.9832,4.9091,-44777,955223,-4.4777,-9.5850
KRX_CONTINUOUS_AFTERNOON,DS001267,SK하이닉스,0197X0,SHORT,3/30,5/10,NONE,145,124,21,4,40.00,-0.0157,-0.2000,10.79,-8.7366,8.2638,-45248,954752,-4.5248,-18.6439
KRX_CONTINUOUS_AFTERNOON,DS001761,삼성전자,0193W0,LONG,3/30,3/20,10,104,90,14,2,30.77,-0.0318,-0.4233,12.99,-2.2219,5.9382,-45291,954709,-4.5291,-13.7188
KRX_CONTINUOUS_AFTERNOON,DS001210,SK하이닉스,0193T0,LONG,10/20,5/10,20,61,53,8,1,32.79,-0.0637,-0.3904,10.43,-3.4236,6.1932,-45387,954613,-4.5387,-15.0102
KRX_CONTINUOUS_AFTERNOON,DS003154,삼성전자,0193W0,LONG,10/20,3/30,20,67,44,23,2,34.33,-0.0587,-0.4072,16.15,-2.5954,5.3840,-45644,954356,-4.5644,-13.8936
KRX_CONTINUOUS_AFTERNOON,DS002337,삼성전자,0193W0,LONG,10/30,5/20,10,83,67,16,2,30.12,-0.0438,-0.4260,15.00,-2.1130,5.7770,-45830,954170,-4.5830,-14.6983
KRX_CONTINUOUS_AFTERNOON,DS000430,삼성전자,0193L0,SHORT,10/30,3/5,20,66,63,3,3,43.94,-0.0692,-0.0586,5.36,-2.0717,2.4162,-46332,953668,-4.6332,-7.8943
KRX_CONTINUOUS_AFTERNOON,DS002687,삼성전자,0193L0,SHORT,10/20,10/20,30,64,53,11,2,39.06,-0.0599,-0.3528,17.89,-3.4744,9.0934,-46718,953282,-4.6718,-13.1921
KRX_CONTINUOUS_AFTERNOON,DS001365,SK하이닉스,0197X0,SHORT,10/30,5/10,10,87,79,8,1,45.98,-0.0469,-0.0700,9.14,-3.4648,3.6874,-47676,952324,-4.7676,-10.9450
KRX_CONTINUOUS_AFTERNOON,DS002328,SK하이닉스,0197X0,SHORT,10/30,5/20,50,45,35,10,2,42.22,-0.0936,-0.5587,15.00,-2.6676,6.1305,-47944,952056,-4.7944,-10.9100
KRX_CONTINUOUS_AFTERNOON,DS000360,SK하이닉스,0197X0,SHORT,5/30,3/5,50,58,51,7,2,29.31,-0.0802,-0.2000,5.10,-3.6804,3.0176,-48152,951848,-4.8152,-11.7958
KRX_CONTINUOUS_AFTERNOON,DS000956,삼성전자,0193L0,SHORT,20/30,3/10,5,53,48,5,2,43.40,-0.0898,-0.1711,9.17,-2.3401,3.4480,-48182,951818,-4.8182,-6.8363
KRX_CONTINUOUS_AFTERNOON,DS004292,SK하이닉스,0197X0,SHORT,20/30,10/30,5,63,39,24,3,38.10,-0.0278,-0.4743,23.43,-4.3038,10.9772,-48314,951686,-4.8314,-13.4647
KRX_CONTINUOUS_AFTERNOON,DS001212,SK하이닉스,0193T0,LONG,10/20,5/10,50,52,45,7,1,34.62,-0.0828,-0.3115,9.62,-3.4236,6.1932,-48385,951615,-4.8385,-11.8080
KRX_CONTINUOUS_AFTERNOON,DS003612,SK하이닉스,0193T0,LONG,10/20,5/30,50,52,36,16,2,42.31,-0.0813,-0.3346,15.31,-3.6294,5.3247,-48411,951589,-4.8411,-14.4186
KRX_CONTINUOUS_AFTERNOON,DS003825,삼성전자,0193W0,LONG,20/30,5/30,10,59,38,21,2,32.20,-0.0688,-0.3913,19.00,-4.3002,5.7796,-48940,951060,-4.8940,-16.2082
KRX_CONTINUOUS_AFTERNOON,DS004548,삼성전자,0193W0,LONG,5/20,20/30,50,64,39,25,3,43.75,-0.0700,-0.2411,17.98,-3.3378,5.3151,-48968,951032,-4.8968,-10.8251
KRX_CONTINUOUS_AFTERNOON,DS001412,SK하이닉스,0197X0,SHORT,20/30,5/10,5,63,56,7,2,41.27,-0.0677,-0.2000,10.19,-3.3472,6.3696,-49429,950571,-4.9429,-13.5117
KRX_CONTINUOUS_AFTERNOON,DS002159,삼성전자,0193L0,SHORT,5/20,5/20,30,71,53,18,1,36.62,-0.0549,-0.2820,16.75,-5.7598,7.8627,-49648,950352,-4.9648,-12.7155
KRX_CONTINUOUS_AFTERNOON,DS002112,삼성전자,0193L0,SHORT,3/20,5/20,50,92,69,23,3,36.96,-0.0399,-0.3628,16.76,-3.5708,8.4022,-49736,950264,-4.9736,-17.7340
KRX_CONTINUOUS_AFTERNOON,DS003983,삼성전자,0193L0,SHORT,5/10,10/30,30,137,85,52,6,37.23,0.0072,-0.3972,22.94,-4.3973,8.6326,-49834,950166,-4.9834,-26.1150
KRX_CONTINUOUS_AFTERNOON,DS002099,삼성전자,0193W0,LONG,3/20,5/20,30,93,72,21,3,31.18,-0.0445,-0.2884,14.23,-2.5875,6.2870,-51404,948596,-5.1404,-14.0774
KRX_CONTINUOUS_AFTERNOON,DS001787,SK하이닉스,0193T0,LONG,5/30,3/20,30,49,36,13,2,28.57,-0.0827,-0.5661,13.24,-4.4879,7.4596,-51452,948548,-5.1452,-15.4143
KRX_CONTINUOUS_AFTERNOON,DS004560,삼성전자,0193L0,SHORT,5/20,20/30,50,79,45,34,3,37.97,-0.0439,-0.2395,21.94,-3.7842,5.9636,-51748,948252,-5.1748,-17.7247
KRX_CONTINUOUS_AFTERNOON,DS001667,삼성전자,0193W0,LONG,5/20,3/20,30,71,60,11,2,30.99,-0.0645,-0.2711,11.30,-2.2034,5.9382,-51816,948184,-5.1816,-11.0990
KRX_CONTINUOUS_AFTERNOON,DS000922,SK하이닉스,0193T0,LONG,20/30,3/10,20,79,71,8,2,37.97,-0.0487,-0.3342,9.70,-8.4276,6.2913,-51844,948156,-5.1844,-14.8565
KRX_CONTINUOUS_AFTERNOON,DS002158,삼성전자,0193L0,SHORT,5/20,5/20,20,71,53,18,1,38.03,-0.0553,-0.2000,16.20,-8.6059,7.8627,-51863,948137,-5.1863,-11.5652
KRX_CONTINUOUS_AFTERNOON,DS001270,SK하이닉스,0197X0,SHORT,3/30,5/10,20,99,83,16,2,39.39,-0.0379,-0.1576,11.03,-8.7366,8.2638,-51917,948083,-5.1917,-15.2599
KRX_CONTINUOUS_AFTERNOON,DS003071,삼성전자,0193L0,SHORT,3/20,3/30,30,84,65,19,3,29.76,-0.0524,-0.4436,16.57,-2.6515,8.0181,-52311,947689,-5.2311,-15.1017
KRX_CONTINUOUS_AFTERNOON,DS000428,삼성전자,0193L0,SHORT,10/30,3/5,5,63,60,3,2,39.68,-0.0831,-0.1407,5.02,-1.6786,2.4162,-52370,947630,-5.2370,-7.5189
KRX_CONTINUOUS_AFTERNOON,DS002110,삼성전자,0193L0,SHORT,3/20,5/20,20,75,59,16,3,34.67,-0.0597,-0.4156,17.09,-3.5708,6.5217,-52389,947611,-5.2389,-13.2120
KRX_CONTINUOUS_AFTERNOON,DS004534,SK하이닉스,0197X0,SHORT,5/20,20/30,20,83,55,28,4,43.37,-0.0464,-0.1085,17.99,-5.0348,6.7617,-52945,947055,-5.2945,-11.8750
KRX_CONTINUOUS_AFTERNOON,DS002840,SK하이닉스,0193T0,LONG,20/30,10/20,5,54,36,18,2,38.89,-0.0633,-0.4254,18.80,-7.9425,7.9681,-53005,946995,-5.3005,-17.3210
KRX_CONTINUOUS_AFTERNOON,DS000960,삼성전자,0193L0,SHORT,20/30,3/10,50,39,35,4,2,41.03,-0.1351,-0.2000,9.46,-2.9240,3.4480,-53056,946944,-5.3056,-7.7606
KRX_CONTINUOUS_AFTERNOON,DS001920,삼성전자,0193L0,SHORT,20/30,3/20,50,39,30,9,2,38.46,-0.1224,-0.3171,17.82,-6.2870,6.0280,-53322,946678,-5.3322,-8.2682
KRX_CONTINUOUS_AFTERNOON,DS001797,SK하이닉스,0197X0,SHORT,5/30,3/20,10,87,65,22,2,39.08,-0.0504,-0.4420,14.20,-3.6804,6.4165,-53461,946539,-5.3461,-12.7688
KRX_CONTINUOUS_AFTERNOON,DS000732,SK하이닉스,0193T0,LONG,10/20,3/10,50,52,45,7,1,30.77,-0.0948,-0.3360,8.85,-3.3127,6.2656,-53739,946261,-5.3739,-11.0191
KRX_CONTINUOUS_AFTERNOON,DS002707,SK하이닉스,0197X0,SHORT,3/30,10/20,NONE,145,108,37,3,39.31,-0.0131,-0.3109,17.34,-4.7013,10.8453,-53909,946091,-5.3909,-21.9860
KRX_CONTINUOUS_AFTERNOON,DS000456,SK하이닉스,0197X0,SHORT,20/30,3/5,50,46,45,1,2,36.96,-0.1166,-0.2000,5.28,-1.8751,3.5838,-54040,945960,-5.4040,-10.7872
KRX_CONTINUOUS_AFTERNOON,DS004304,삼성전자,0193W0,LONG,20/30,10/30,5,47,28,19,1,29.79,-0.0971,-0.4715,22.57,-6.0029,5.5431,-54440,945560,-5.4440,-12.5383
KRX_CONTINUOUS_AFTERNOON,DS003000,SK하이닉스,0197X0,SHORT,5/10,3/30,50,134,98,36,5,34.33,-0.0176,-0.3532,16.49,-3.6688,10.3109,-54456,945544,-5.4456,-17.2937
KRX_CONTINUOUS_AFTERNOON,DS002087,SK하이닉스,0197X0,SHORT,3/20,5/20,30,106,76,30,4,34.91,-0.0277,-0.5104,13.31,-3.5342,9.0640,-54483,945517,-5.4483,-23.3838
KRX_CONTINUOUS_AFTERNOON,DS002239,삼성전자,0193W0,LONG,3/30,5/20,NONE,140,105,35,3,34.29,-0.0245,-0.4299,14.94,-2.2517,6.2870,-54547,945453,-5.4547,-15.9483
KRX_CONTINUOUS_AFTERNOON,DS003239,SK하이닉스,0197X0,SHORT,5/30,3/30,30,55,38,17,1,32.73,-0.0833,-0.4566,14.47,-3.9745,9.0256,-54788,945212,-5.4788,-18.6789
KRX_CONTINUOUS_AFTERNOON,DS004787,삼성전자,0193W0,LONG,20/30,20/30,30,44,29,15,2,29.55,-0.1088,-0.6012,24.07,-3.6738,5.5431,-54875,945125,-5.4875,-15.4611
KRX_CONTINUOUS_AFTERNOON,DS000959,삼성전자,0193L0,SHORT,20/30,3/10,30,40,35,5,1,37.50,-0.1377,-0.2000,8.13,-2.3401,3.4480,-55134,944866,-5.5134,-7.4829
KRX_CONTINUOUS_AFTERNOON,DS002856,SK하이닉스,0197X0,SHORT,20/30,10/20,50,46,38,8,2,30.43,-0.0988,-0.5646,17.30,-3.7607,8.9060,-55166,944834,-5.5166,-8.4979
KRX_CONTINUOUS_AFTERNOON,DS003598,삼성전자,0193L0,SHORT,5/20,5/30,20,71,51,20,2,40.85,-0.0620,-0.3297,19.24,-7.2993,7.2513,-55742,944258,-5.5742,-13.5308
KRX_CONTINUOUS_AFTERNOON,DS000465,삼성전자,0193W0,LONG,20/30,3/5,10,59,56,3,1,32.20,-0.0940,-0.1803,4.85,-2.0793,3.3264,-56244,943756,-5.6244,-5.6244
KRX_CONTINUOUS_AFTERNOON,DS002578,삼성전자,0193W0,LONG,3/20,10/20,20,85,64,21,4,38.82,-0.0551,-0.2382,15.44,-3.3882,6.0288,-56401,943599,-5.6401,-19.1663
KRX_CONTINUOUS_AFTERNOON,DS000672,삼성전자,0193L0,SHORT,3/20,3/10,50,92,79,13,3,34.78,-0.0530,-0.2625,10.07,-2.6515,6.7095,-56459,943541,-5.6459,-16.6788
KRX_CONTINUOUS_AFTERNOON,DS002591,삼성전자,0193L0,SHORT,3/20,10/20,30,84,63,21,3,33.33,-0.0524,-0.2882,16.85,-3.5708,9.0934,-56525,943475,-5.6525,-17.8675
KRX_CONTINUOUS_AFTERNOON,DS000452,SK하이닉스,0197X0,SHORT,20/30,3/5,5,63,60,3,2,36.51,-0.0880,-0.2000,5.11,-1.8751,3.5838,-56526,943474,-5.6526,-11.6841
KRX_CONTINUOUS_AFTERNOON,DS003295,삼성전자,0193W0,LONG,10/30,3/30,NONE,87,64,23,2,26.44,-0.0535,-0.5390,14.22,-2.4206,5.9207,-56566,943434,-5.6566,-16.7328
KRX_CONTINUOUS_AFTERNOON,DS002876,삼성전자,0193L0,SHORT,20/30,10/20,5,53,41,12,2,33.96,-0.1001,-0.2458,19.42,-3.7722,6.8327,-56879,943121,-5.6879,-10.1737
KRX_CONTINUOUS_AFTERNOON,DS004307,삼성전자,0193W0,LONG,20/30,10/30,30,44,28,16,2,29.55,-0.1159,-0.4298,22.82,-3.6738,5.5431,-57379,942621,-5.7379,-17.6423
KRX_CONTINUOUS_AFTERNOON,DS003480,SK하이닉스,0197X0,SHORT,5/10,5/30,50,134,91,43,5,39.55,-0.0156,-0.3206,18.68,-3.2625,10.7183,-57591,942409,-5.7591,-18.2004
KRX_CONTINUOUS_AFTERNOON,DS001416,SK하이닉스,0197X0,SHORT,20/30,5/10,50,46,41,5,2,36.96,-0.1126,-0.2405,11.00,-5.0428,6.3696,-57784,942216,-5.7784,-12.8847
KRX_CONTINUOUS_AFTERNOON,DS001355,SK하이닉스,0193T0,LONG,10/30,5/10,30,44,40,4,1,34.09,-0.1194,-0.2977,10.98,-3.7543,5.4794,-57804,942196,-5.7804,-14.9210
KRX_CONTINUOUS_AFTERNOON,DS002663,SK하이닉스,0197X0,SHORT,10/20,10/20,30,75,56,19,1,36.00,-0.0649,-0.3280,15.32,-3.3961,10.7514,-58806,941194,-5.8806,-14.7463
KRX_CONTINUOUS_AFTERNOON,DS004640,삼성전자,0193W0,LONG,3/30,20/30,5,122,73,49,4,40.98,-0.0313,-0.2613,21.54,-3.8997,7.4410,-58911,941089,-5.8911,-20.6890
KRX_CONTINUOUS_AFTERNOON,DS001679,삼성전자,0193L0,SHORT,5/20,3/20,30,71,54,17,1,33.80,-0.0713,-0.3980,13.68,-5.6075,7.0984,-59074,940926,-5.9074,-10.3650
KRX_CONTINUOUS_AFTERNOON,DS001198,삼성전자,0193L0,SHORT,5/20,5/10,20,71,62,9,2,45.07,-0.0720,-0.1787,11.46,-7.2993,6.1814,-59296,940704,-5.9296,-14.1292
KRX_CONTINUOUS_AFTERNOON,DS001380,삼성전자,0193W0,LONG,10/30,5/10,50,39,33,6,1,25.64,-0.1505,-0.5139,7.87,-1.9192,4.0196,-59564,940436,-5.9564,-7.8950
KRX_CONTINUOUS_AFTERNOON,DS000475,삼성전자,0193L0,SHORT,20/30,3/5,NONE,85,80,5,2,44.71,-0.0695,-0.0868,6.56,-2.0950,1.9583,-59858,940142,-5.9858,-8.8277
KRX_CONTINUOUS_AFTERNOON,DS003276,SK하이닉스,0193T0,LONG,10/30,3/30,50,43,29,14,2,34.88,-0.1223,-0.4989,16.47,-3.7543,8.4957,-60178,939822,-6.0178,-13.5343
KRX_CONTINUOUS_AFTERNOON,DS001439,삼성전자,0193L0,SHORT,20/30,5/10,30,40,36,4,1,35.00,-0.1496,-0.2437,9.70,-2.2233,4.5010,-60195,939805,-6.0195,-9.1501
KRX_CONTINUOUS_AFTERNOON,DS003959,SK하이닉스,0197X0,SHORT,5/10,10/30,30,128,84,44,5,38.28,-0.0045,-0.4170,20.33,-3.8340,10.5067,-60335,939665,-6.0335,-18.9400
KRX_CONTINUOUS_AFTERNOON,DS002335,삼성전자,0193W0,LONG,10/30,5/20,NONE,87,69,18,2,28.74,-0.0594,-0.4260,14.36,-2.1130,5.7770,-60500,939500,-6.0500,-15.0391
KRX_CONTINUOUS_AFTERNOON,DS001618,삼성전자,0193W0,LONG,3/20,3/20,20,85,70,15,2,35.29,-0.0665,-0.3684,11.94,-1.9632,5.9382,-60804,939196,-6.0804,-15.5053
KRX_CONTINUOUS_AFTERNOON,DS000286,삼성전자,0193L0,SHORT,10/20,3/5,20,50,46,4,2,38.00,-0.1230,-0.2000,5.36,-1.9966,1.6576,-61041,938959,-6.1041,-8.4813
KRX_CONTINUOUS_AFTERNOON,DS002868,삼성전자,0193W0,LONG,20/30,10/20,50,44,35,9,2,31.82,-0.1325,-0.2945,17.25,-3.6738,4.4851,-61138,938862,-6.1138,-13.1792
KRX_CONTINUOUS_AFTERNOON,DS000479,삼성전자,0193L0,SHORT,20/30,3/5,30,40,37,3,1,37.50,-0.1557,-0.2000,4.73,-1.6786,1.4924,-61296,938704,-6.1296,-7.1087
KRX_CONTINUOUS_AFTERNOON,DS000372,삼성전자,0193W0,LONG,5/30,3/5,50,49,42,7,2,22.45,-0.1237,-0.2849,4.67,-2.3700,4.1833,-61336,938664,-6.1336,-8.2528
KRX_CONTINUOUS_AFTERNOON,DS000788,SK하이닉스,0197X0,SHORT,3/30,3/10,5,122,103,19,2,39.34,-0.0415,-0.2000,9.70,-2.8693,7.5444,-61375,938625,-6.1375,-12.6429
KRX_CONTINUOUS_AFTERNOON,DS001187,삼성전자,0193W0,LONG,5/20,5/10,30,71,62,9,2,32.39,-0.0801,-0.2746,9.30,-2.2875,5.1443,-61404,938596,-6.1404,-10.5931
KRX_CONTINUOUS_AFTERNOON,DS000441,SK하이닉스,0193T0,LONG,20/30,3/5,10,59,58,1,2,33.90,-0.1009,-0.3401,5.73,-1.9383,5.2295,-61459,938541,-6.1459,-8.0162
KRX_CONTINUOUS_AFTERNOON,DS000348,SK하이닉스,0193T0,LONG,5/30,3/5,50,45,42,3,2,48.89,-0.1373,-0.0176,4.24,-3.0160,2.1286,-61568,938432,-6.1568,-7.3385
KRX_CONTINUOUS_AFTERNOON,DS000947,삼성전자,0193W0,LONG,20/30,3/10,30,44,42,2,2,29.55,-0.1376,-0.3034,10.07,-2.1362,2.8227,-61587,938413,-6.1587,-8.1287
KRX_CONTINUOUS_AFTERNOON,DS002076,SK하이닉스,0193T0,LONG,3/20,5/20,50,68,56,12,2,36.76,-0.0771,-0.5697,14.84,-3.2303,6.1932,-61623,938377,-6.1623,-13.1660
KRX_CONTINUOUS_AFTERNOON,DS001272,SK하이닉스,0197X0,SHORT,3/30,5/10,50,79,64,15,4,32.91,-0.0634,-0.3263,10.10,-3.1659,8.2638,-62141,937859,-6.2141,-20.7066
KRX_CONTINUOUS_AFTERNOON,DS000238,삼성전자,0193L0,SHORT,5/20,3/5,20,71,66,5,1,45.07,-0.0855,-0.0824,5.30,-4.9474,2.0894,-62195,937805,-6.2195,-9.6817
KRX_CONTINUOUS_AFTERNOON,DS003082,SK하이닉스,0193T0,LONG,5/20,3/30,20,70,54,16,2,31.43,-0.0783,-0.6061,14.11,-2.7725,5.4794,-62250,937750,-6.2250,-14.0678
KRX_CONTINUOUS_AFTERNOON,DS003729,삼성전자,0193W0,LONG,5/30,5/30,10,92,65,27,2,29.35,-0.0540,-0.5048,16.36,-2.0425,7.3307,-62326,937674,-6.2326,-17.9059
KRX_CONTINUOUS_AFTERNOON,DS000427,삼성전자,0193L0,SHORT,10/30,3/5,NONE,86,83,3,3,39.53,-0.0724,-0.1511,5.59,-2.0717,2.4162,-62818,937182,-6.2818,-9.4514
KRX_CONTINUOUS_AFTERNOON,DS000476,삼성전자,0193L0,SHORT,20/30,3/5,5,53,52,1,1,37.74,-0.1208,-0.1572,5.34,-1.7420,1.6276,-63226,936774,-6.3226,-8.0469
KRX_CONTINUOUS_AFTERNOON,DS001440,삼성전자,0193L0,SHORT,20/30,5/10,50,39,36,3,2,33.33,-0.1617,-0.2621,10.44,-2.2529,4.5010,-63344,936656,-6.3344,-8.5251
KRX_CONTINUOUS_AFTERNOON,DS001690,SK하이닉스,0193T0,LONG,10/20,3/20,20,61,49,12,2,32.79,-0.0910,-0.5263,14.69,-3.4236,6.6034,-63486,936514,-6.3486,-19.1309
KRX_CONTINUOUS_AFTERNOON,DS000957,삼성전자,0193L0,SHORT,20/30,3/10,10,58,52,6,2,39.66,-0.1108,-0.1856,8.62,-2.3401,3.4480,-64017,935983,-6.4017,-8.5357
KRX_CONTINUOUS_AFTERNOON,DS003574,SK하이닉스,0197X0,SHORT,5/20,5/30,20,83,55,28,4,37.35,-0.0502,-0.4471,17.75,-3.9745,10.2975,-64815,935185,-6.4815,-19.4213
KRX_CONTINUOUS_AFTERNOON,DS000828,SK하이닉스,0193T0,LONG,5/30,3/10,50,45,40,5,2,33.33,-0.1396,-0.2718,7.73,-2.8909,4.1828,-64856,935144,-6.4856,-10.2401
KRX_CONTINUOUS_AFTERNOON,DS000467,삼성전자,0193W0,LONG,20/30,3/5,30,44,42,2,1,31.82,-0.1482,-0.1998,5.43,-2.0793,3.3264,-64944,935056,-6.4944,-6.7500
KRX_CONTINUOUS_AFTERNOON,DS000945,삼성전자,0193W0,LONG,20/30,3/10,10,59,55,4,2,28.81,-0.1107,-0.2503,7.86,-2.1362,2.8227,-65573,934427,-6.5573,-6.9359
KRX_CONTINUOUS_AFTERNOON,DS001437,삼성전자,0193L0,SHORT,20/30,5/10,10,58,53,5,2,37.93,-0.1131,-0.2000,9.53,-2.2233,4.5010,-65962,934038,-6.5962,-8.5456
KRX_CONTINUOUS_AFTERNOON,DS002842,SK하이닉스,0193T0,LONG,20/30,10/20,20,79,56,23,2,36.71,-0.0569,-0.4123,17.22,-7.9425,7.9681,-66031,933969,-6.6031,-20.0005
KRX_CONTINUOUS_AFTERNOON,DS003912,SK하이닉스,0197X0,SHORT,3/10,10/30,50,132,78,54,5,37.12,-0.0121,-0.2867,20.26,-3.3585,10.5067,-66285,933715,-6.6285,-20.3033
KRX_CONTINUOUS_AFTERNOON,DS002783,삼성전자,0193L0,SHORT,5/30,10/20,30,60,43,17,2,36.67,-0.0983,-0.2594,17.60,-3.6427,4.9865,-67638,932362,-6.7638,-14.1254
KRX_CONTINUOUS_AFTERNOON,DS002386,삼성전자,0193W0,LONG,20/30,5/20,20,79,64,15,2,29.11,-0.0784,-0.2952,15.56,-3.6169,6.2870,-68238,931762,-6.8238,-19.4225
KRX_CONTINUOUS_AFTERNOON,DS002769,삼성전자,0193W0,LONG,5/30,10/20,10,92,65,27,2,34.78,-0.0593,-0.3804,18.08,-5.4456,6.2549,-68361,931639,-6.8361,-17.6185
KRX_CONTINUOUS_AFTERNOON,DS000838,SK하이닉스,0197X0,SHORT,5/30,3/10,20,81,74,7,2,38.27,-0.0794,-0.3114,9.58,-3.6804,7.5444,-70078,929922,-7.0078,-14.2429
KRX_CONTINUOUS_AFTERNOON,DS002280,SK하이닉스,0197X0,SHORT,5/30,5/20,50,58,41,17,2,34.48,-0.1035,-0.4011,13.36,-3.9745,9.1102,-70091,929909,-7.0091,-14.7403
KRX_CONTINUOUS_AFTERNOON,DS004149,SK하이닉스,0197X0,SHORT,3/30,10/30,10,113,73,40,3,39.82,-0.0304,-0.2353,22.01,-4.7426,10.7885,-70226,929774,-7.0226,-22.2173
KRX_CONTINUOUS_AFTERNOON,DS002395,삼성전자,0193L0,SHORT,20/30,5/20,NONE,85,64,21,2,44.71,-0.0675,-0.1056,17.72,-9.6484,6.1558,-70334,929666,-7.0334,-16.1745
KRX_CONTINUOUS_AFTERNOON,DS003036,SK하이닉스,0193T0,LONG,3/20,3/30,50,68,54,14,2,30.88,-0.0924,-0.5740,14.01,-3.0237,6.1932,-70566,929434,-7.0566,-14.0456
KRX_CONTINUOUS_AFTERNOON,DS003562,SK하이닉스,0193T0,LONG,5/20,5/30,20,70,54,16,2,31.43,-0.0904,-0.6017,15.76,-3.0451,5.6278,-70734,929266,-7.0734,-11.9293
KRX_CONTINUOUS_AFTERNOON,DS001714,삼성전자,0193W0,LONG,10/20,3/20,20,67,53,14,1,32.84,-0.1014,-0.3119,13.13,-2.5954,5.0254,-71321,928679,-7.1321,-14.0222
KRX_CONTINUOUS_AFTERNOON,DS003047,SK하이닉스,0197X0,SHORT,3/20,3/30,30,106,76,30,6,33.02,-0.0486,-0.4872,13.29,-3.6848,8.9794,-71662,928338,-7.1662,-13.5709
KRX_CONTINUOUS_AFTERNOON,DS000478,삼성전자,0193L0,SHORT,20/30,3/5,20,73,69,4,1,43.84,-0.0989,-0.0868,6.14,-2.0950,1.6276,-71664,928336,-7.1664,-9.6156
KRX_CONTINUOUS_AFTERNOON,DS001436,삼성전자,0193L0,SHORT,20/30,5/10,5,53,48,5,2,37.74,-0.1359,-0.2000,9.94,-2.2233,4.5010,-71673,928327,-7.1673,-9.1802
KRX_CONTINUOUS_AFTERNOON,DS002388,삼성전자,0193W0,LONG,20/30,5/20,50,44,35,9,2,34.09,-0.1601,-0.3282,16.02,-3.6169,4.0237,-72016,927984,-7.2016,-13.5611
KRX_CONTINUOUS_AFTERNOON,DS004128,삼성전자,0193L0,SHORT,10/20,10/30,50,68,47,21,3,36.76,-0.0931,-0.3265,22.56,-3.3762,8.6326,-72061,927939,-7.2061,-14.7680
KRX_CONTINUOUS_AFTERNOON,DS003634,삼성전자,0193W0,LONG,10/20,5/30,20,67,43,24,2,35.82,-0.0980,-0.4663,17.16,-2.7027,7.3307,-72093,927907,-7.2093,-16.5079
KRX_CONTINUOUS_AFTERNOON,DS002710,SK하이닉스,0197X0,SHORT,3/30,10/20,20,99,70,29,3,37.37,-0.0537,-0.3109,17.23,-4.7013,10.8453,-72140,927860,-7.2140,-17.4189
KRX_CONTINUOUS_AFTERNOON,DS000356,SK하이닉스,0197X0,SHORT,5/30,3/5,5,114,102,12,2,35.09,-0.0606,-0.2000,4.96,-3.6804,4.2674,-72189,927811,-7.2189,-12.1327
KRX_CONTINUOUS_AFTERNOON,DS004236,SK하이닉스,0193T0,LONG,10/30,10/30,50,43,27,16,1,32.56,-0.1529,-0.6354,16.70,-4.5746,8.4957,-72264,927736,-7.2264,-15.4998
KRX_CONTINUOUS_AFTERNOON,DS004608,삼성전자,0193L0,SHORT,10/20,20/30,50,68,37,31,3,41.18,-0.0872,-0.2189,25.10,-4.0974,5.0239,-72310,927690,-7.2310,-23.1515
KRX_CONTINUOUS_AFTERNOON,DS001748,SK하이닉스,0197X0,SHORT,3/30,3/20,5,122,94,28,2,39.34,-0.0452,-0.3218,14.21,-4.0726,8.2638,-72368,927632,-7.2368,-15.9394
KRX_CONTINUOUS_AFTERNOON,DS003319,SK하이닉스,0193T0,LONG,20/30,3/30,NONE,94,62,32,2,30.85,-0.0505,-0.4418,16.69,-8.2037,6.7310,-72661,927339,-7.2661,-21.6317
KRX_CONTINUOUS_AFTERNOON,DS004402,삼성전자,0193W0,LONG,3/10,20/30,20,132,95,37,5,44.70,-0.0310,-0.2000,22.21,-5.4520,5.9858,-72909,927091,-7.2909,-28.2394
KRX_CONTINUOUS_AFTERNOON,DS000276,삼성전자,0193W0,LONG,10/20,3/5,50,53,44,9,1,26.42,-0.1388,-0.2939,4.64,-1.8545,3.3746,-72932,927068,-7.2932,-10.1355
KRX_CONTINUOUS_AFTERNOON,DS003636,삼성전자,0193W0,LONG,10/20,5/30,50,53,31,22,2,33.96,-0.1355,-0.3527,15.58,-2.4067,4.4506,-73151,926849,-7.3151,-13.3501
KRX_CONTINUOUS_AFTERNOON,DS002196,삼성전자,0193W0,LONG,10/20,5/20,50,53,36,17,2,30.19,-0.1374,-0.2939,12.51,-1.7811,4.4506,-73222,926778,-7.3222,-13.1859
KRX_CONTINUOUS_AFTERNOON,DS002795,SK하이닉스,0193T0,LONG,10/30,10/20,30,44,29,15,1,40.91,-0.1524,-0.5444,18.11,-4.5746,7.8653,-73641,926359,-7.3641,-19.8619
KRX_CONTINUOUS_AFTERNOON,DS000684,SK하이닉스,0193T0,LONG,5/20,3/10,50,58,50,8,2,31.03,-0.1221,-0.3752,7.93,-4.4292,5.0910,-73771,926229,-7.3771,-12.1928
KRX_CONTINUOUS_AFTERNOON,DS002336,삼성전자,0193W0,LONG,10/30,5/20,5,59,48,11,1,30.51,-0.1181,-0.5364,15.59,-2.0902,5.7112,-74054,925946,-7.4054,-15.4882
KRX_CONTINUOUS_AFTERNOON,DS000407,SK하이닉스,0197X0,SHORT,10/30,3/5,30,44,40,4,1,40.91,-0.1690,-0.2960,5.82,-2.2800,2.9481,-74227,925773,-7.4227,-8.6433
KRX_CONTINUOUS_AFTERNOON,DS000432,삼성전자,0193L0,SHORT,10/30,3/5,50,49,46,3,2,38.78,-0.1548,-0.1847,5.78,-2.0717,1.5819,-74244,925756,-7.4244,-8.1084
KRX_CONTINUOUS_AFTERNOON,DS001762,삼성전자,0193W0,LONG,3/30,3/20,20,83,70,13,2,33.73,-0.0836,-0.4089,13.06,-2.2219,5.9382,-74424,925576,-7.4424,-12.9059
KRX_CONTINUOUS_AFTERNOON,DS002086,SK하이닉스,0197X0,SHORT,3/20,5/20,20,106,80,26,3,37.74,-0.0553,-0.2808,15.26,-3.5342,9.0640,-74770,925230,-7.4770,-14.8074
KRX_CONTINUOUS_AFTERNOON,DS000312,SK하이닉스,0197X0,SHORT,3/30,3/5,50,79,68,11,2,30.38,-0.0943,-0.2000,5.34,-2.8693,4.0807,-74833,925167,-7.4833,-15.0033
KRX_CONTINUOUS_AFTERNOON,DS001151,삼성전자,0193L0,SHORT,3/20,5/10,30,84,70,14,2,35.71,-0.0814,-0.2772,10.64,-5.3413,6.7124,-74883,925117,-7.4883,-15.1946
KRX_CONTINUOUS_AFTERNOON,DS002723,삼성전자,0193W0,LONG,3/30,10/20,30,63,42,21,3,34.92,-0.1024,-0.3045,16.67,-5.1819,6.0288,-74957,925043,-7.4957,-11.7814
KRX_CONTINUOUS_AFTERNOON,DS000287,삼성전자,0193L0,SHORT,10/20,3/5,30,64,60,4,2,37.50,-0.1185,-0.2000,5.66,-1.9966,3.6402,-75012,924988,-7.5012,-10.9454
KRX_CONTINUOUS_AFTERNOON,DS002688,삼성전자,0193L0,SHORT,10/20,10/20,50,68,53,15,2,38.24,-0.1002,-0.3523,17.46,-3.4744,9.0934,-75019,924981,-7.5019,-13.8805
KRX_CONTINUOUS_AFTERNOON,DS003777,삼성전자,0193W0,LONG,10/30,5/30,10,83,59,24,2,27.71,-0.0785,-0.5347,16.07,-2.5281,6.5107,-75183,924817,-7.5183,-16.7542
KRX_CONTINUOUS_AFTERNOON,DS001619,삼성전자,0193W0,LONG,3/20,3/20,30,93,79,14,2,27.96,-0.0759,-0.3936,10.65,-1.9632,5.9382,-75321,924679,-7.5321,-13.6003
KRX_CONTINUOUS_AFTERNOON,DS003201,삼성전자,0193W0,LONG,3/30,3/30,10,104,81,23,1,30.77,-0.0625,-0.5396,13.60,-2.4411,6.2870,-75635,924365,-7.5635,-15.8045
KRX_CONTINUOUS_AFTERNOON,DS002276,SK하이닉스,0197X0,SHORT,5/30,5/20,5,114,87,27,2,39.47,-0.0516,-0.3328,15.33,-3.9745,9.1102,-75687,924313,-7.5687,-16.0209
KRX_CONTINUOUS_AFTERNOON,DS003360,삼성전자,0193L0,SHORT,20/30,3/30,50,39,29,10,2,28.21,-0.1885,-0.5306,20.51,-2.9240,6.0280,-76229,923771,-7.6229,-9.3086
KRX_CONTINUOUS_AFTERNOON,DS003202,삼성전자,0193W0,LONG,3/30,3/30,20,83,63,20,1,34.94,-0.0833,-0.5162,14.81,-2.4411,6.2870,-76359,923641,-7.6359,-13.8666
KRX_CONTINUOUS_AFTERNOON,DS002288,삼성전자,0193W0,LONG,5/30,5/20,5,110,87,23,2,28.18,-0.0591,-0.4386,14.29,-2.0902,6.2870,-76456,923544,-7.6456,-14.8599
KRX_CONTINUOUS_AFTERNOON,DS002875,삼성전자,0193L0,SHORT,20/30,10/20,NONE,85,63,22,2,40.00,-0.0761,-0.1711,18.02,-9.6484,6.8327,-76492,923508,-7.6492,-15.7331
KRX_CONTINUOUS_AFTERNOON,DS000417,삼성전자,0193W0,LONG,10/30,3/5,10,83,78,5,1,27.71,-0.0915,-0.3808,4.83,-1.8405,4.2738,-77010,922990,-7.7010,-10.6413
KRX_CONTINUOUS_AFTERNOON,DS003299,삼성전자,0193W0,LONG,10/30,3/30,30,47,34,13,1,25.53,-0.1639,-0.5783,15.09,-1.8405,5.7112,-78518,921482,-7.8518,-14.5387
KRX_CONTINUOUS_AFTERNOON,DS001126,SK하이닉스,0197X0,SHORT,3/20,5/10,20,106,90,16,3,37.74,-0.0654,-0.2000,11.14,-3.1659,8.2179,-78651,921349,-7.8651,-15.2642
KRX_CONTINUOUS_AFTERNOON,DS000826,SK하이닉스,0193T0,LONG,5/30,3/10,20,75,67,8,2,33.33,-0.0957,-0.3830,8.93,-4.4879,5.5513,-78682,921318,-7.8682,-14.5150
KRX_CONTINUOUS_AFTERNOON,DS003156,삼성전자,0193W0,LONG,10/20,3/30,50,53,32,21,2,32.08,-0.1482,-0.3936,13.77,-1.7099,4.4506,-78690,921310,-7.8690,-13.8679
KRX_CONTINUOUS_AFTERNOON,DS000284,삼성전자,0193L0,SHORT,10/20,3/5,5,87,80,7,2,39.08,-0.0905,-0.1615,5.41,-3.1586,3.6402,-78788,921212,-7.8788,-11.4637
KRX_CONTINUOUS_AFTERNOON,DS002602,SK하이닉스,0193T0,LONG,5/20,10/20,20,70,49,21,3,37.14,-0.1036,-0.4798,16.54,-3.0144,4.3033,-78835,921165,-7.8835,-13.6786
KRX_CONTINUOUS_AFTERNOON,DS000888,SK하이닉스,0197X0,SHORT,10/30,3/10,50,45,39,6,3,35.56,-0.1736,-0.3409,9.96,-3.1592,3.3974,-78933,921067,-7.8933,-11.5582
KRX_CONTINUOUS_AFTERNOON,DS003132,SK하이닉스,0193T0,LONG,10/20,3/30,50,52,37,15,1,40.38,-0.1443,-0.2520,13.88,-3.4236,6.1932,-78998,921002,-7.8998,-16.7252
KRX_CONTINUOUS_AFTERNOON,DS001152,삼성전자,0193L0,SHORT,3/20,5/10,50,92,78,14,2,39.13,-0.0779,-0.3023,11.34,-5.3413,6.7124,-79181,920819,-7.9181,-17.4162
KRX_CONTINUOUS_AFTERNOON,DS000355,SK하이닉스,0197X0,SHORT,5/30,3/5,NONE,115,103,12,2,34.78,-0.0669,-0.2000,4.94,-3.6804,4.2674,-79423,920577,-7.9423,-12.8178
KRX_CONTINUOUS_AFTERNOON,DS004031,삼성전자,0193L0,SHORT,3/20,10/30,30,84,53,31,3,36.90,-0.0750,-0.3415,24.36,-3.5708,8.6326,-79713,920287,-7.9713,-19.8350
KRX_CONTINUOUS_AFTERNOON,DS001800,SK하이닉스,0197X0,SHORT,5/30,3/20,50,58,43,15,1,29.31,-0.1285,-0.5014,10.86,-3.6804,8.2638,-79761,920239,-7.9761,-15.3486
KRX_CONTINUOUS_AFTERNOON,DS000274,삼성전자,0193W0,LONG,10/20,3/5,20,67,59,8,1,25.37,-0.1188,-0.3145,4.73,-1.6616,5.0766,-79880,920120,-7.9880,-11.3125
KRX_CONTINUOUS_AFTERNOON,DS003188,SK하이닉스,0197X0,SHORT,3/30,3/30,5,122,91,31,1,33.61,-0.0540,-0.4187,14.85,-3.7470,9.0256,-80369,919631,-8.0369,-13.4004
KRX_CONTINUOUS_AFTERNOON,DS000944,삼성전자,0193W0,LONG,20/30,3/10,5,47,44,3,1,27.66,-0.1698,-0.3030,8.74,-5.6849,2.8227,-80561,919439,-8.0561,-9.6732
KRX_CONTINUOUS_AFTERNOON,DS004210,삼성전자,0193W0,LONG,5/30,10/30,20,75,50,25,2,30.67,-0.0956,-0.4194,20.08,-5.2876,7.3307,-81473,918527,-8.1473,-15.5213
KRX_CONTINUOUS_AFTERNOON,DS000418,삼성전자,0193W0,LONG,10/30,3/5,20,64,59,5,1,28.13,-0.1286,-0.3868,4.70,-1.8405,4.2738,-81833,918167,-8.1833,-8.9658
KRX_CONTINUOUS_AFTERNOON,DS002339,삼성전자,0193W0,LONG,10/30,5/20,30,47,37,10,1,27.66,-0.1714,-0.5425,15.68,-2.0902,5.7112,-81938,918062,-8.1938,-14.7359
KRX_CONTINUOUS_AFTERNOON,DS001848,SK하이닉스,0197X0,SHORT,10/30,3/20,50,45,36,9,2,42.22,-0.1767,-0.5446,12.82,-2.8531,6.1305,-82098,917902,-8.2098,-12.2678
KRX_CONTINUOUS_AFTERNOON,DS003682,삼성전자,0193W0,LONG,3/30,5/30,20,83,59,24,2,32.53,-0.0883,-0.5356,16.76,-2.3653,5.7796,-82099,917901,-8.2099,-17.0172
KRX_CONTINUOUS_AFTERNOON,DS003799,SK하이닉스,0193T0,LONG,20/30,5/30,NONE,94,64,30,2,35.11,-0.0583,-0.4401,18.34,-8.2037,7.9681,-82506,917494,-8.2506,-23.2829
KRX_CONTINUOUS_AFTERNOON,DS000406,SK하이닉스,0197X0,SHORT,10/30,3/5,20,68,65,3,2,39.71,-0.1215,-0.1620,5.79,-2.2800,2.8835,-82534,917466,-8.2534,-10.8285
KRX_CONTINUOUS_AFTERNOON,DS001836,SK하이닉스,0193T0,LONG,10/30,3/20,50,43,34,9,1,34.88,-0.1859,-0.5054,12.91,-3.7543,5.2054,-82665,917335,-8.2665,-14.6094
KRX_CONTINUOUS_AFTERNOON,DS002275,SK하이닉스,0197X0,SHORT,5/30,5/20,NONE,115,88,27,2,39.13,-0.0579,-0.3419,15.22,-3.9745,9.1102,-82894,917106,-8.2894,-16.0209
KRX_CONTINUOUS_AFTERNOON,DS002674,삼성전자,0193W0,LONG,10/20,10/20,20,67,47,20,1,34.33,-0.1157,-0.4830,16.66,-4.0112,6.2549,-82908,917092,-8.2908,-18.1673
KRX_CONTINUOUS_AFTERNOON,DS002192,삼성전자,0193W0,LONG,10/20,5/20,5,82,62,20,1,32.93,-0.0954,-0.4532,14.60,-2.7027,5.2362,-82973,917027,-8.2973,-15.4445
KRX_CONTINUOUS_AFTERNOON,DS000300,SK하이닉스,0193T0,LONG,3/30,3/5,50,53,51,2,1,32.08,-0.1595,-0.3631,4.72,-1.5870,3.2656,-82979,917021,-8.2979,-10.5696
KRX_CONTINUOUS_AFTERNOON,DS000754,삼성전자,0193W0,LONG,10/20,3/10,20,67,57,10,1,28.36,-0.1235,-0.3216,7.66,-2.2021,4.5643,-83243,916757,-8.3243,-10.8149
KRX_CONTINUOUS_AFTERNOON,DS001786,SK하이닉스,0193T0,LONG,5/30,3/20,20,75,63,12,1,32.00,-0.0948,-0.4799,12.63,-4.4879,7.4596,-83267,916733,-8.3267,-20.2252
KRX_CONTINUOUS_AFTERNOON,DS003296,삼성전자,0193W0,LONG,10/30,3/30,5,59,44,15,1,27.12,-0.1337,-0.6122,16.24,-2.4206,5.7112,-83283,916717,-8.3283,-17.5656
KRX_CONTINUOUS_AFTERNOON,DS000920,SK하이닉스,0193T0,LONG,20/30,3/10,5,54,47,7,2,37.04,-0.1463,-0.4126,9.59,-8.4276,4.6147,-83563,916437,-8.3563,-13.2130
KRX_CONTINUOUS_AFTERNOON,DS001630,삼성전자,0193L0,SHORT,3/20,3/20,20,75,65,10,1,28.00,-0.1063,-0.5261,13.37,-2.6515,6.5217,-83571,916429,-8.3571,-10.9665
KRX_CONTINUOUS_AFTERNOON,DS001248,삼성전자,0193L0,SHORT,10/20,5/10,50,68,61,7,3,44.12,-0.1206,-0.0848,9.16,-3.5128,6.7124,-83594,916406,-8.3594,-12.7883
KRX_CONTINUOUS_AFTERNOON,DS003359,삼성전자,0193L0,SHORT,20/30,3/30,30,40,30,10,1,35.00,-0.2095,-0.4582,19.28,-2.3823,5.7797,-83846,916154,-8.3846,-9.0668
KRX_CONTINUOUS_AFTERNOON,DS000239,삼성전자,0193L0,SHORT,5/20,3/5,30,71,64,7,1,38.03,-0.1207,-0.2000,5.10,-2.4157,2.0894,-83971,916029,-8.3971,-10.0515
KRX_CONTINUOUS_AFTERNOON,DS004282,SK하이닉스,0193T0,LONG,20/30,10/30,20,79,49,30,2,34.18,-0.0785,-0.4380,21.29,-7.9425,6.6041,-84138,915862,-8.4138,-20.9949
KRX_CONTINUOUS_AFTERNOON,DS001716,삼성전자,0193W0,LONG,10/20,3/20,50,53,41,12,2,28.30,-0.1618,-0.2833,11.58,-1.5622,3.0752,-84255,915745,-8.4255,-11.4631
KRX_CONTINUOUS_AFTERNOON,DS004692,삼성전자,0193W0,LONG,5/30,20/30,50,49,28,21,2,30.61,-0.1702,-0.3869,15.65,-3.0329,4.9065,-84257,915743,-8.4257,-13.7153
KRX_CONTINUOUS_AFTERNOON,DS004535,SK하이닉스,0197X0,SHORT,5/20,20/30,30,84,57,27,3,36.90,-0.0915,-0.2000,16.13,-3.6905,4.5509,-84471,915529,-8.4471,-12.1448
KRX_CONTINUOUS_AFTERNOON,DS002757,SK하이닉스,0197X0,SHORT,5/30,10/20,10,87,61,26,2,40.23,-0.0813,-0.2000,18.24,-4.4319,6.4165,-84488,915512,-8.4488,-13.9004
KRX_CONTINUOUS_AFTERNOON,DS000288,삼성전자,0193L0,SHORT,10/20,3/5,50,68,63,5,2,38.24,-0.1259,-0.2000,5.93,-2.7333,3.6402,-84621,915379,-8.4621,-11.5411
KRX_CONTINUOUS_AFTERNOON,DS001174,SK하이닉스,0197X0,SHORT,5/20,5/10,20,83,73,10,3,39.76,-0.0953,-0.2000,10.36,-3.9745,7.8523,-84694,915306,-8.4694,-13.3193
KRX_CONTINUOUS_AFTERNOON,DS002240,삼성전자,0193W0,LONG,3/30,5/20,5,122,93,29,2,33.61,-0.0596,-0.4430,15.31,-2.2517,6.2870,-84725,915275,-8.4725,-14.5348
KRX_CONTINUOUS_AFTERNOON,DS004344,SK하이닉스,0197X0,SHORT,3/5,20/30,50,246,148,98,10,43.90,0.0247,-0.1563,20.37,-7.0013,11.5618,-84786,915214,-8.4786,-36.5506
KRX_CONTINUOUS_AFTERNOON,DS002567,SK하이닉스,0197X0,SHORT,3/20,10/20,30,106,79,27,3,33.96,-0.0629,-0.2991,12.79,-4.4319,10.7983,-84804,915196,-8.4804,-19.9743
KRX_CONTINUOUS_AFTERNOON,DS002784,삼성전자,0193L0,SHORT,5/30,10/20,50,65,46,19,3,33.85,-0.1139,-0.3188,17.89,-3.6427,4.9865,-84811,915189,-8.4811,-16.7682
KRX_CONTINUOUS_AFTERNOON,DS000416,삼성전자,0193W0,LONG,10/30,3/5,5,59,55,4,1,23.73,-0.1453,-0.3798,4.39,-1.8405,4.2738,-84830,915170,-8.4830,-9.9552
KRX_CONTINUOUS_AFTERNOON,DS002340,삼성전자,0193W0,LONG,10/30,5/20,50,39,28,11,2,28.21,-0.2178,-0.5615,14.38,-1.7811,4.2230,-85034,914966,-8.5034,-13.0260
KRX_CONTINUOUS_AFTERNOON,DS002292,삼성전자,0193W0,LONG,5/30,5/20,50,49,34,15,2,20.41,-0.1710,-0.4714,13.24,-1.9433,4.9065,-85360,914640,-8.5360,-13.8192
KRX_CONTINUOUS_AFTERNOON,DS003227,SK하이닉스,0193T0,LONG,5/30,3/30,30,49,35,14,2,28.57,-0.1570,-0.5279,13.22,-4.4879,8.9445,-85448,914552,-8.5448,-15.7877
KRX_CONTINUOUS_AFTERNOON,DS002807,SK하이닉스,0197X0,SHORT,10/30,10/20,30,44,34,10,2,43.18,-0.1906,-0.5536,17.57,-3.0378,4.9120,-85768,914232,-8.5768,-14.3044
KRX_CONTINUOUS_AFTERNOON,DS000955,삼성전자,0193L0,SHORT,20/30,3/10,NONE,85,77,8,2,45.88,-0.0998,-0.1056,9.75,-5.7635,3.4480,-85934,914066,-8.5934,-11.1433
KRX_CONTINUOUS_AFTERNOON,DS001798,SK하이닉스,0197X0,SHORT,5/30,3/20,20,81,66,15,2,37.04,-0.0966,-0.4979,14.32,-3.6804,8.2638,-86138,913862,-8.6138,-13.1341
KRX_CONTINUOUS_AFTERNOON,DS003348,삼성전자,0193W0,LONG,20/30,3/30,50,44,31,13,2,31.82,-0.1951,-0.5416,17.95,-3.6169,4.0237,-86184,913816,-8.6184,-15.2339
KRX_CONTINUOUS_AFTERNOON,DS001812,삼성전자,0193W0,LONG,5/30,3/20,50,49,40,9,2,20.41,-0.1761,-0.4235,10.47,-1.8949,3.8816,-86330,913670,-8.6330,-11.5015
KRX_CONTINUOUS_AFTERNOON,DS001811,삼성전자,0193W0,LONG,5/30,3/20,30,49,42,7,2,28.57,-0.1745,-0.3920,13.06,-3.3554,5.9382,-86415,913585,-8.6415,-12.6363
KRX_CONTINUOUS_AFTERNOON,DS000419,삼성전자,0193W0,LONG,10/30,3/5,30,47,44,3,1,23.40,-0.1888,-0.3798,4.53,-1.8405,3.0111,-86521,913479,-8.6521,-8.6521
KRX_CONTINUOUS_AFTERNOON,DS002399,삼성전자,0193L0,SHORT,20/30,5/20,30,40,30,10,1,42.50,-0.2124,-0.2272,17.13,-6.4382,6.1558,-86613,913387,-8.6613,-10.5440
KRX_CONTINUOUS_AFTERNOON,DS002049,삼성전자,0193W0,LONG,5/10,5/20,10,128,98,30,5,34.38,-0.0572,-0.3183,14.76,-2.7974,6.2870,-86836,913164,-8.6836,-28.3934
KRX_CONTINUOUS_AFTERNOON,DS002170,SK하이닉스,0193T0,LONG,10/20,5/20,20,61,48,13,2,32.79,-0.1342,-0.5263,15.34,-3.6294,6.1932,-86851,913149,-8.6851,-18.2571
KRX_CONTINUOUS_AFTERNOON,DS003432,SK하이닉스,0197X0,SHORT,3/10,5/30,50,132,85,47,5,36.36,-0.0391,-0.5214,17.36,-3.6848,10.7183,-87123,912877,-8.7123,-16.8604
KRX_CONTINUOUS_AFTERNOON,DS000216,SK하이닉스,0197X0,SHORT,5/20,3/5,50,93,83,10,2,32.26,-0.0929,-0.2000,4.94,-3.6804,4.0807,-87453,912547,-8.7453,-19.1479
KRX_CONTINUOUS_AFTERNOON,DS000311,SK하이닉스,0197X0,SHORT,3/30,3/5,30,79,68,11,1,36.71,-0.1112,-0.2000,5.43,-2.8693,4.2674,-87473,912527,-8.7473,-13.1670
KRX_CONTINUOUS_AFTERNOON,DS004235,SK하이닉스,0193T0,LONG,10/30,10/30,30,44,26,18,1,36.36,-0.1875,-0.7235,19.43,-4.5746,6.5026,-87549,912451,-8.7549,-20.9463
KRX_CONTINUOUS_AFTERNOON,DS000429,삼성전자,0193L0,SHORT,10/30,3/5,10,79,76,3,2,36.71,-0.1138,-0.2377,5.35,-2.0717,2.4162,-87924,912076,-8.7924,-9.8252
KRX_CONTINUOUS_AFTERNOON,DS003775,삼성전자,0193W0,LONG,10/30,5/30,NONE,87,61,26,2,26.44,-0.0909,-0.5343,15.39,-2.5281,6.5107,-88090,911910,-8.8090,-17.0869
KRX_CONTINUOUS_AFTERNOON,DS001388,삼성전자,0193L0,SHORT,10/30,5/10,5,63,57,6,2,46.03,-0.1436,-0.1338,10.21,-2.2656,1.8931,-88471,911529,-8.8471,-12.5473
KRX_CONTINUOUS_AFTERNOON,DS003683,삼성전자,0193W0,LONG,3/30,5/30,30,63,42,21,2,31.75,-0.1320,-0.6422,16.79,-2.7612,5.7796,-88724,911276,-8.8724,-12.0359
KRX_CONTINUOUS_AFTERNOON,DS000308,SK하이닉스,0197X0,SHORT,3/30,3/5,5,122,108,14,2,33.61,-0.0719,-0.2000,5.42,-2.8693,4.2674,-88985,911015,-8.8985,-15.3314
KRX_CONTINUOUS_AFTERNOON,DS004596,삼성전자,0193W0,LONG,10/20,20/30,50,53,32,21,2,32.08,-0.1679,-0.5091,17.77,-2.3697,4.4506,-89234,910766,-8.9234,-14.6072
KRX_CONTINUOUS_AFTERNOON,DS000069,SK하이닉스,0197X0,SHORT,3/10,3/5,10,127,115,12,2,43.31,-0.0672,-0.2000,5.80,-2.8693,3.5470,-89377,910623,-8.9377,-15.6488
KRX_CONTINUOUS_AFTERNOON,DS000780,SK하이닉스,0193T0,LONG,3/30,3/10,50,53,48,5,2,32.08,-0.1646,-0.3862,8.92,-2.8909,5.0910,-89404,910596,-8.9404,-13.5802
KRX_CONTINUOUS_AFTERNOON,DS002183,SK하이닉스,0197X0,SHORT,10/20,5/20,30,75,56,19,2,34.67,-0.1122,-0.4550,13.83,-3.0273,9.0178,-89576,910424,-8.9576,-13.3880
KRX_CONTINUOUS_AFTERNOON,DS001366,SK하이닉스,0197X0,SHORT,10/30,5/10,20,68,64,4,2,44.12,-0.1283,-0.1516,9.74,-3.4648,3.6874,-89630,910370,-8.9630,-14.6378
KRX_CONTINUOUS_AFTERNOON,DS003300,삼성전자,0193W0,LONG,10/30,3/30,50,39,26,13,1,25.64,-0.2315,-0.5783,13.51,-2.4206,4.5789,-89761,910239,-8.9761,-13.1030
KRX_CONTINUOUS_AFTERNOON,DS004030,삼성전자,0193L0,SHORT,3/20,10/30,20,75,50,25,3,33.33,-0.0930,-0.4113,24.12,-3.5708,6.5217,-89906,910094,-8.9906,-21.2838
KRX_CONTINUOUS_AFTERNOON,DS001857,삼성전자,0193W0,LONG,10/30,3/20,10,83,73,10,1,30.12,-0.1028,-0.5171,12.76,-2.7788,5.7770,-89978,910022,-8.9978,-14.5573
KRX_CONTINUOUS_AFTERNOON,DS000156,SK하이닉스,0193T0,LONG,3/20,3/5,50,68,63,5,1,38.24,-0.1340,-0.3027,5.18,-1.9058,3.2656,-90000,910000,-9.0000,-10.1389
KRX_CONTINUOUS_AFTERNOON,DS001247,삼성전자,0193L0,SHORT,10/20,5/10,30,64,59,5,2,35.94,-0.1405,-0.2082,9.17,-2.7365,6.7124,-90155,909845,-9.0155,-14.7569
KRX_CONTINUOUS_AFTERNOON,DS002722,삼성전자,0193W0,LONG,3/30,10/20,20,83,64,19,2,34.94,-0.1014,-0.3783,16.67,-2.7126,6.0288,-90637,909363,-9.0637,-17.3272
KRX_CONTINUOUS_AFTERNOON,DS001331,삼성전자,0193W0,LONG,5/30,5/10,30,49,46,3,2,32.65,-0.1867,-0.3498,9.45,-2.3700,4.9091,-90835,909165,-9.0835,-10.9643
KRX_CONTINUOUS_AFTERNOON,DS000767,삼성전자,0193L0,SHORT,10/20,3/10,30,64,59,5,2,37.50,-0.1436,-0.1665,8.66,-2.3522,5.6372,-91125,908875,-9.1125,-13.0414
KRX_CONTINUOUS_AFTERNOON,DS003707,SK하이닉스,0193T0,LONG,5/30,5/30,30,49,35,14,1,30.61,-0.1686,-0.5129,14.02,-4.4879,8.9445,-91258,908742,-9.1258,-15.5507
KRX_CONTINUOUS_AFTERNOON,DS002544,삼성전자,0193L0,SHORT,5/10,10/20,50,139,98,41,5,35.97,-0.0215,-0.2458,19.13,-4.4586,9.0934,-91286,908714,-9.1286,-31.6005
KRX_CONTINUOUS_AFTERNOON,DS001164,SK하이닉스,0193T0,LONG,5/20,5/10,50,58,50,8,2,31.03,-0.1526,-0.3757,9.03,-5.3180,4.7868,-91290,908710,-9.1290,-13.4810
KRX_CONTINUOUS_AFTERNOON,DS003660,SK하이닉스,0193T0,LONG,3/30,5/30,50,53,36,17,2,35.85,-0.1637,-0.4765,15.23,-3.2303,4.4486,-91483,908517,-9.1483,-18.2263
KRX_CONTINUOUS_AFTERNOON,DS004776,SK하이닉스,0197X0,SHORT,20/30,20/30,50,46,30,16,1,32.61,-0.1768,-0.3343,22.37,-5.3405,8.5734,-91944,908056,-9.1944,-12.6481
KRX_CONTINUOUS_AFTERNOON,DS004161,삼성전자,0193W0,LONG,3/30,10/30,10,104,62,42,3,30.77,-0.0712,-0.4430,23.03,-4.1207,7.4410,-92043,907957,-9.2043,-17.3375
KRX_CONTINUOUS_AFTERNOON,DS002287,삼성전자,0193W0,LONG,5/30,5/20,NONE,114,89,25,2,27.19,-0.0720,-0.4386,14.12,-2.0902,6.2870,-92245,907755,-9.2245,-15.4826
KRX_CONTINUOUS_AFTERNOON,DS004536,SK하이닉스,0197X0,SHORT,5/20,20/30,50,93,57,36,3,43.01,-0.0880,-0.2000,19.25,-4.2887,4.5509,-92610,907390,-9.2610,-14.9111
KRX_CONTINUOUS_AFTERNOON,DS001644,SK하이닉스,0193T0,LONG,5/20,3/20,50,58,45,13,2,36.21,-0.1547,-0.5878,11.71,-4.4292,4.4429,-92792,907208,-9.2792,-16.3716
KRX_CONTINUOUS_AFTERNOON,DS003168,삼성전자,0193L0,SHORT,10/20,3/30,50,68,56,12,3,39.71,-0.1316,-0.3758,17.54,-2.7333,8.0181,-92795,907205,-9.2795,-13.1278
KRX_CONTINUOUS_AFTERNOON,DS000468,삼성전자,0193W0,LONG,20/30,3/5,50,44,43,1,1,27.27,-0.2167,-0.2585,5.41,-2.0793,3.3264,-92882,907118,-9.2882,-9.2882
KRX_CONTINUOUS_AFTERNOON,DS000204,SK하이닉스,0193T0,LONG,5/20,3/5,50,58,53,5,2,37.93,-0.1640,-0.2190,4.69,-2.7437,3.2656,-93201,906799,-9.3201,-11.5525
KRX_CONTINUOUS_AFTERNOON,DS001809,삼성전자,0193W0,LONG,5/30,3/20,10,92,79,13,2,28.26,-0.0949,-0.4021,13.15,-1.9832,5.9382,-93240,906760,-9.3240,-15.0095
KRX_CONTINUOUS_AFTERNOON,DS000768,삼성전자,0193L0,SHORT,10/20,3/10,50,68,61,7,3,41.18,-0.1389,-0.1405,8.71,-2.6359,5.6372,-93793,906207,-9.3793,-12.9407
KRX_CONTINUOUS_AFTERNOON,DS001139,삼성전자,0193W0,LONG,3/20,5/10,30,93,81,12,3,34.41,-0.0975,-0.2370,9.63,-2.3653,5.1443,-93908,906092,-9.3908,-13.8293
KRX_CONTINUOUS_AFTERNOON,DS002660,SK하이닉스,0197X0,SHORT,10/20,10/20,5,95,68,27,2,34.74,-0.0859,-0.2819,16.82,-3.3961,10.7514,-94030,905970,-9.4030,-16.5190
KRX_CONTINUOUS_AFTERNOON,DS001740,SK하이닉스,0193T0,LONG,3/30,3/20,50,53,39,14,2,32.08,-0.1697,-0.5641,13.91,-3.0237,4.4486,-94109,905891,-9.4109,-16.6638
KRX_CONTINUOUS_AFTERNOON,DS000897,삼성전자,0193W0,LONG,10/30,3/10,10,83,76,7,2,30.12,-0.1121,-0.3808,7.39,-2.0203,4.7713,-94141,905859,-9.4141,-13.0895
KRX_CONTINUOUS_AFTERNOON,DS003668,SK하이닉스,0197X0,SHORT,3/30,5/30,5,122,82,40,3,36.89,-0.0626,-0.3336,18.33,-4.0726,10.7183,-94398,905602,-9.4398,-14.0825
KRX_CONTINUOUS_AFTERNOON,DS001392,삼성전자,0193L0,SHORT,10/30,5/10,50,49,43,6,2,38.78,-0.1992,-0.2377,10.16,-2.2656,1.8931,-94696,905304,-9.4696,-12.4944
KRX_CONTINUOUS_AFTERNOON,DS000899,삼성전자,0193W0,LONG,10/30,3/10,30,47,43,4,1,25.53,-0.2070,-0.3808,7.57,-2.0203,3.0111,-94842,905158,-9.4842,-9.8314
KRX_CONTINUOUS_AFTERNOON,DS002134,SK하이닉스,0197X0,SHORT,5/20,5/20,20,83,63,20,1,36.14,-0.1049,-0.4128,14.55,-3.9745,8.6954,-94867,905133,-9.4867,-13.4439
KRX_CONTINUOUS_AFTERNOON,DS003623,SK하이닉스,0197X0,SHORT,10/20,5/30,30,75,49,26,3,37.33,-0.1142,-0.2000,16.99,-4.9941,10.6245,-94944,905056,-9.4944,-16.7428
KRX_CONTINUOUS_AFTERNOON,DS003070,삼성전자,0193L0,SHORT,3/20,3/30,20,75,61,14,3,30.67,-0.1211,-0.5932,17.39,-2.6515,6.5217,-94974,905026,-9.4974,-16.1809
KRX_CONTINUOUS_AFTERNOON,DS001390,삼성전자,0193L0,SHORT,10/30,5/10,20,66,58,8,3,43.94,-0.1477,-0.1562,10.23,-2.2656,1.8931,-95044,904956,-9.5044,-14.8821
KRX_CONTINUOUS_AFTERNOON,DS000464,삼성전자,0193W0,LONG,20/30,3/5,5,47,44,3,1,29.79,-0.2066,-0.2000,4.89,-4.3335,3.3264,-95137,904863,-9.5137,-9.5137
KRX_CONTINUOUS_AFTERNOON,DS000707,삼성전자,0193W0,LONG,5/20,3/10,30,71,62,9,2,35.21,-0.1337,-0.2391,7.14,-2.4411,4.8874,-95334,904666,-9.5334,-13.3636
KRX_CONTINUOUS_AFTERNOON,DS000415,삼성전자,0193W0,LONG,10/30,3/5,NONE,87,80,7,1,26.44,-0.1103,-0.3808,4.71,-1.8405,4.2738,-95344,904656,-9.5344,-12.0649
KRX_CONTINUOUS_AFTERNOON,DS001859,삼성전자,0193W0,LONG,10/30,3/20,30,47,41,6,1,29.79,-0.2058,-0.5349,13.17,-1.9832,5.3643,-95592,904408,-9.5592,-12.9285
KRX_CONTINUOUS_AFTERNOON,DS004510,삼성전자,0193L0,SHORT,3/20,20/30,20,75,48,27,3,33.33,-0.1071,-0.4113,22.20,-4.2532,6.5217,-95686,904314,-9.5686,-23.3252
KRX_CONTINUOUS_AFTERNOON,DS004005,SK하이닉스,0197X0,SHORT,3/20,10/30,10,156,96,60,8,40.38,-0.0076,-0.2000,23.40,-7.3660,10.7885,-95708,904292,-9.5708,-24.6859
KRX_CONTINUOUS_AFTERNOON,DS000852,삼성전자,0193W0,LONG,5/30,3/10,50,49,41,8,2,24.49,-0.1991,-0.3032,6.55,-2.3700,4.1833,-95855,904145,-9.5855,-10.6281
KRX_CONTINUOUS_AFTERNOON,DS001856,삼성전자,0193W0,LONG,10/30,3/20,5,59,51,8,1,30.51,-0.1606,-0.4523,13.56,-2.7788,5.3643,-95891,904109,-9.5891,-14.5841
KRX_CONTINUOUS_AFTERNOON,DS004607,삼성전자,0193L0,SHORT,10/20,20/30,30,64,38,26,3,37.50,-0.1389,-0.2409,24.70,-3.3107,5.0239,-96041,903959,-9.6041,-23.9122
KRX_CONTINUOUS_AFTERNOON,DS003828,삼성전자,0193W0,LONG,20/30,5/30,50,44,29,15,2,29.55,-0.2163,-0.4901,19.50,-4.3002,5.5431,-96042,903958,-9.6042,-16.1484
KRX_CONTINUOUS_AFTERNOON,DS002615,SK하이닉스,0197X0,SHORT,5/20,10/20,30,84,61,23,2,35.71,-0.1031,-0.3236,13.88,-3.6804,10.4239,-96274,903726,-9.6274,-14.4419
KRX_CONTINUOUS_AFTERNOON,DS001908,삼성전자,0193W0,LONG,20/30,3/20,50,44,40,4,2,29.55,-0.2238,-0.4423,13.91,-2.8765,3.2761,-96276,903724,-9.6276,-13.1600
KRX_CONTINUOUS_AFTERNOON,DS002146,삼성전자,0193W0,LONG,5/20,5/20,20,74,58,16,1,32.43,-0.1257,-0.2607,13.65,-2.2517,6.2870,-96542,903458,-9.6542,-16.8253
KRX_CONTINUOUS_AFTERNOON,DS000717,삼성전자,0193L0,SHORT,5/20,3/10,10,111,100,11,2,37.84,-0.0833,-0.2473,9.52,-5.2087,6.1504,-96802,903198,-9.6802,-13.3530
KRX_CONTINUOUS_AFTERNOON,DS004284,SK하이닉스,0193T0,LONG,20/30,10/30,50,42,23,19,2,38.10,-0.2141,-0.4989,22.76,-4.5442,6.2442,-96968,903032,-9.6968,-22.6217
KRX_CONTINUOUS_AFTERNOON,DS000190,삼성전자,0193L0,SHORT,3/20,3/5,20,75,71,4,2,38.67,-0.1324,-0.2000,5.84,-2.6515,2.2740,-97045,902955,-9.7045,-13.0303
KRX_CONTINUOUS_AFTERNOON,DS002316,SK하이닉스,0193T0,LONG,10/30,5/20,50,43,34,9,1,34.88,-0.2223,-0.6208,13.79,-3.9594,5.2054,-97190,902810,-9.7190,-15.0207
KRX_CONTINUOUS_AFTERNOON,DS001379,삼성전자,0193W0,LONG,10/30,5/10,30,47,43,4,1,27.66,-0.2129,-0.4353,8.21,-1.9832,2.9234,-97284,902716,-9.7284,-9.7284
KRX_CONTINUOUS_AFTERNOON,DS001236,삼성전자,0193W0,LONG,10/20,5/10,50,53,42,11,2,20.75,-0.1890,-0.2939,7.32,-1.5622,3.2865,-97421,902579,-9.7421,-10.4897
KRX_CONTINUOUS_AFTERNOON,DS004116,삼성전자,0193W0,LONG,10/20,10/30,50,53,30,23,2,32.08,-0.1852,-0.4710,16.92,-1.9757,4.4506,-97531,902469,-9.7531,-15.6294
KRX_CONTINUOUS_AFTERNOON,DS002988,SK하이닉스,0193T0,LONG,5/10,3/30,50,103,71,32,3,37.86,-0.0868,-0.2686,16.28,-3.8720,5.6894,-97900,902100,-9.7900,-24.9748
KRX_CONTINUOUS_AFTERNOON,DS002338,삼성전자,0193W0,LONG,10/30,5/20,20,64,52,12,1,26.56,-0.1494,-0.4679,14.38,-2.1130,5.7112,-97997,902003,-9.7997,-16.9174
KRX_CONTINUOUS_AFTERNOON,DS004632,SK하이닉스,0197X0,SHORT,3/30,20/30,50,79,47,32,4,39.24,-0.1120,-0.1162,16.14,-5.6138,6.2231,-98098,901902,-9.8098,-15.1238
KRX_CONTINUOUS_AFTERNOON,DS002568,SK하이닉스,0197X0,SHORT,3/20,10/20,50,118,89,29,3,35.59,-0.0659,-0.2991,13.00,-4.4319,10.7983,-98116,901884,-9.8116,-28.2371
KRX_CONTINUOUS_AFTERNOON,DS004305,삼성전자,0193W0,LONG,20/30,10/30,10,59,36,23,2,30.51,-0.1604,-0.3913,21.31,-3.6738,5.5431,-98334,901666,-9.8334,-18.6864
KRX_CONTINUOUS_AFTERNOON,DS000321,삼성전자,0193W0,LONG,3/30,3/5,10,104,95,9,1,26.92,-0.0934,-0.2956,5.02,-1.9872,5.1846,-98489,901511,-9.8489,-14.5637
KRX_CONTINUOUS_AFTERNOON,DS003718,SK하이닉스,0197X0,SHORT,5/30,5/30,20,81,60,21,1,40.74,-0.1086,-0.2426,18.57,-3.9745,10.7183,-98535,901465,-9.8535,-19.5384
KRX_CONTINUOUS_AFTERNOON,DS000840,SK하이닉스,0197X0,SHORT,5/30,3/10,50,58,49,9,1,29.31,-0.1672,-0.4681,8.66,-3.6804,7.5444,-98642,901358,-9.8642,-16.0487
KRX_CONTINUOUS_AFTERNOON,DS002820,삼성전자,0193W0,LONG,10/30,10/20,50,39,25,14,2,23.08,-0.2557,-0.6860,15.92,-2.0403,5.4431,-98863,901137,-9.8863,-14.1729
KRX_CONTINUOUS_AFTERNOON,DS002028,SK하이닉스,0193T0,LONG,5/10,5/20,50,103,75,28,3,37.86,-0.0889,-0.3099,16.13,-3.8720,5.6894,-98982,901018,-9.8982,-24.8482
KRX_CONTINUOUS_AFTERNOON,DS003096,SK하이닉스,0197X0,SHORT,5/20,3/30,50,93,68,25,3,33.33,-0.0961,-0.5212,13.80,-3.9745,8.6111,-99034,900966,-9.9034,-17.6010
KRX_CONTINUOUS_AFTERNOON,DS001788,SK하이닉스,0193T0,LONG,5/30,3/20,50,45,34,11,2,33.33,-0.2202,-0.4956,11.09,-3.4236,4.0168,-99319,900681,-9.9319,-16.2602
KRX_CONTINUOUS_AFTERNOON,DS001223,SK하이닉스,0197X0,SHORT,10/20,5/10,30,75,64,11,2,37.33,-0.1294,-0.2000,8.45,-2.8531,8.1721,-99395,900605,-9.9395,-17.1249
KRX_CONTINUOUS_AFTERNOON,DS001435,삼성전자,0193L0,SHORT,20/30,5/10,NONE,85,77,8,2,43.53,-0.1163,-0.1024,11.11,-5.8595,4.5010,-99661,900339,-9.9661,-12.9643
KRX_CONTINUOUS_AFTERNOON,DS001234,삼성전자,0193W0,LONG,10/20,5/10,20,67,57,10,1,26.87,-0.1505,-0.3216,8.46,-2.5954,4.8205,-99792,900208,-9.9792,-12.4965
KRX_CONTINUOUS_AFTERNOON,DS003539,삼성전자,0193W0,LONG,3/20,5/30,30,93,70,23,4,30.11,-0.0959,-0.4107,16.09,-2.7612,7.6623,-99952,900048,-9.9952,-17.5388
KRX_CONTINUOUS_AFTERNOON,DS001425,삼성전자,0193W0,LONG,20/30,5/10,10,59,55,4,2,27.12,-0.1743,-0.3376,8.66,-2.8196,3.0746,-100433,899567,-10.0433,-10.0433
KRX_CONTINUOUS_AFTERNOON,DS002184,SK하이닉스,0197X0,SHORT,10/20,5/20,50,75,56,19,2,34.67,-0.1250,-0.4569,13.09,-3.0273,9.0178,-100519,899481,-10.0519,-16.5815
KRX_CONTINUOUS_AFTERNOON,DS003094,SK하이닉스,0197X0,SHORT,5/20,3/30,20,83,57,26,4,32.53,-0.1021,-0.5160,16.20,-3.9745,8.6111,-100713,899287,-10.0713,-19.1970
KRX_CONTINUOUS_AFTERNOON,DS000442,SK하이닉스,0193T0,LONG,20/30,3/5,20,79,76,3,2,30.38,-0.1267,-0.3401,5.51,-5.0248,5.2295,-101226,898774,-10.1226,-12.5075
KRX_CONTINUOUS_AFTERNOON,DS000240,삼성전자,0193L0,SHORT,5/20,3/5,50,79,72,7,1,34.18,-0.1323,-0.2000,4.94,-2.4157,2.0894,-101353,898647,-10.1353,-12.0774
KRX_CONTINUOUS_AFTERNOON,DS000359,SK하이닉스,0197X0,SHORT,5/30,3/5,30,55,46,9,1,25.45,-0.1883,-0.2000,4.67,-3.6804,4.2674,-101371,898629,-10.1371,-13.3225
KRX_CONTINUOUS_AFTERNOON,DS004248,SK하이닉스,0197X0,SHORT,10/30,10/30,50,45,31,14,2,35.56,-0.2186,-0.6792,20.22,-5.5671,6.1305,-101434,898566,-10.1434,-13.0986
KRX_CONTINUOUS_AFTERNOON,DS002268,SK하이닉스,0193T0,LONG,5/30,5/20,50,45,34,11,2,33.33,-0.2253,-0.5129,13.00,-3.6294,4.0168,-101656,898344,-10.1656,-16.4775
KRX_CONTINUOUS_AFTERNOON,DS003708,SK하이닉스,0193T0,LONG,5/30,5/30,50,45,32,13,1,35.56,-0.2263,-0.3866,12.60,-3.6294,4.0168,-101771,898229,-10.1771,-16.7686
KRX_CONTINUOUS_AFTERNOON,DS003346,삼성전자,0193W0,LONG,20/30,3/30,20,79,59,20,2,26.58,-0.1232,-0.4531,17.05,-3.6169,6.2870,-101776,898224,-10.1776,-22.5605
KRX_CONTINUOUS_AFTERNOON,DS000120,SK하이닉스,0197X0,SHORT,5/10,3/5,50,134,123,11,2,37.31,-0.0745,-0.2162,5.19,-3.0980,3.5470,-101842,898158,-10.1842,-16.4021
KRX_CONTINUOUS_AFTERNOON,DS002171,SK하이닉스,0193T0,LONG,10/20,5/20,30,63,47,16,2,36.51,-0.1551,-0.5661,14.30,-3.6294,6.6293,-101905,898095,-10.1905,-17.6049
KRX_CONTINUOUS_AFTERNOON,DS000440,SK하이닉스,0193T0,LONG,20/30,3/5,5,54,53,1,2,25.93,-0.1957,-0.4084,5.26,-1.6714,2.7344,-102136,897864,-10.2136,-10.4495
KRX_CONTINUOUS_AFTERNOON,DS003538,삼성전자,0193W0,LONG,3/20,5/30,20,85,60,25,4,37.65,-0.1058,-0.4525,18.78,-6.7816,5.7796,-102209,897791,-10.2209,-19.5702
KRX_CONTINUOUS_AFTERNOON,DS000214,SK하이닉스,0197X0,SHORT,5/20,3/5,20,83,76,7,2,34.94,-0.1249,-0.2000,5.06,-3.6804,4.0807,-102357,897643,-10.2357,-16.8123
KRX_CONTINUOUS_AFTERNOON,DS003226,SK하이닉스,0193T0,LONG,5/30,3/30,20,75,59,16,1,29.33,-0.1213,-0.5698,14.56,-4.4879,8.9445,-102407,897593,-10.2407,-20.7484
KRX_CONTINUOUS_AFTERNOON,DS003840,삼성전자,0193L0,SHORT,20/30,5/30,50,39,27,12,2,30.77,-0.2569,-0.5269,21.51,-6.4382,6.0280,-102588,897412,-10.2588,-12.5573
KRX_CONTINUOUS_AFTERNOON,DS004127,삼성전자,0193L0,SHORT,10/20,10/30,30,64,47,17,3,37.50,-0.1516,-0.4162,24.00,-3.3762,8.6326,-102633,897367,-10.2633,-19.9338
KRX_CONTINUOUS_AFTERNOON,DS004785,삼성전자,0193W0,LONG,20/30,20/30,10,59,38,21,2,28.81,-0.1666,-0.3881,21.63,-4.2604,5.5431,-102668,897332,-10.2668,-17.2236
KRX_CONTINUOUS_AFTERNOON,DS003648,삼성전자,0193L0,SHORT,10/20,5/30,50,68,53,15,3,36.76,-0.1471,-0.2843,18.88,-3.4744,7.7877,-102717,897283,-10.2717,-14.7692
KRX_CONTINUOUS_AFTERNOON,DS002817,삼성전자,0193W0,LONG,10/30,10/20,10,83,61,22,2,28.92,-0.1172,-0.5171,16.82,-2.7825,5.4544,-102738,897262,-10.2738,-16.4507
KRX_CONTINUOUS_AFTERNOON,DS002220,SK하이닉스,0193T0,LONG,3/30,5/20,50,53,39,14,2,35.85,-0.1874,-0.5129,16.26,-3.2303,4.4486,-102809,897191,-10.2809,-17.8202
KRX_CONTINUOUS_AFTERNOON,DS001308,SK하이닉스,0193T0,LONG,5/30,5/10,50,45,40,5,2,37.78,-0.2305,-0.2505,9.02,-3.4236,3.9394,-102973,897027,-10.2973,-13.7568
KRX_CONTINUOUS_AFTERNOON,DS004643,삼성전자,0193W0,LONG,3/30,20/30,30,63,46,17,3,42.86,-0.1561,-0.2905,18.92,-3.3378,4.6471,-103119,896881,-10.3119,-12.1183
KRX_CONTINUOUS_AFTERNOON,DS001399,SK하이닉스,0193T0,LONG,20/30,5/10,NONE,94,78,16,2,38.30,-0.0942,-0.3368,10.79,-8.8940,6.2189,-103188,896812,-10.3188,-16.7400
KRX_CONTINUOUS_AFTERNOON,DS004067,삼성전자,0193W0,LONG,5/20,10/30,30,71,49,22,3,32.39,-0.1329,-0.4463,19.32,-5.4456,7.6623,-103191,896809,-10.3191,-18.4317
KRX_CONTINUOUS_AFTERNOON,DS003167,삼성전자,0193L0,SHORT,10/20,3/30,30,64,55,9,3,34.38,-0.1593,-0.5031,17.78,-2.4593,8.0181,-103247,896753,-10.3247,-16.3148
KRX_CONTINUOUS_AFTERNOON,DS003576,SK하이닉스,0197X0,SHORT,5/20,5/30,50,93,63,30,3,36.56,-0.0966,-0.3797,16.41,-3.9745,10.2975,-103306,896694,-10.3306,-19.0470
KRX_CONTINUOUS_AFTERNOON,DS001879,SK하이닉스,0193T0,LONG,20/30,3/20,NONE,94,71,23,2,30.85,-0.0899,-0.4239,14.00,-7.7187,8.1426,-103429,896571,-10.3429,-21.8460
KRX_CONTINUOUS_AFTERNOON,DS002796,SK하이닉스,0193T0,LONG,10/30,10/20,50,43,30,13,1,37.21,-0.2356,-0.5997,15.70,-4.5746,6.9680,-103897,896103,-10.3897,-18.9332
KRX_CONTINUOUS_AFTERNOON,DS000623,삼성전자,0193L0,SHORT,5/10,3/10,30,137,118,19,4,35.04,-0.0680,-0.3183,8.78,-2.6322,5.9126,-103946,896054,-10.3946,-23.1577
KRX_CONTINUOUS_AFTERNOON,DS003731,삼성전자,0193W0,LONG,5/30,5/30,30,49,37,12,1,28.57,-0.2117,-0.6115,15.14,-1.9832,5.7796,-104449,895551,-10.4449,-14.4344
KRX_CONTINUOUS_AFTERNOON,DS000756,삼성전자,0193W0,LONG,10/20,3/10,50,53,42,11,2,28.30,-0.2032,-0.3030,6.15,-1.9052,3.3746,-104482,895518,-10.4482,-11.1900
KRX_CONTINUOUS_AFTERNOON,DS001728,삼성전자,0193L0,SHORT,10/20,3/20,50,68,59,9,3,38.24,-0.1533,-0.2819,13.68,-2.7333,7.6341,-104631,895369,-10.4631,-15.6783
KRX_CONTINUOUS_AFTERNOON,DS004677,SK하이닉스,0197X0,SHORT,5/30,20/30,10,87,51,36,2,45.98,-0.1008,-0.2000,21.64,-5.6138,6.4165,-104728,895272,-10.4728,-16.2275
KRX_CONTINUOUS_AFTERNOON,DS004104,SK하이닉스,0197X0,SHORT,10/20,10/30,50,75,47,28,3,36.00,-0.1185,-0.4420,20.08,-5.9160,10.4131,-104904,895096,-10.4904,-17.4854
KRX_CONTINUOUS_AFTERNOON,DS002383,삼성전자,0193W0,LONG,20/30,5/20,NONE,88,69,19,2,29.55,-0.1122,-0.3071,16.80,-6.2016,6.2870,-105076,894924,-10.5076,-20.5501
KRX_CONTINUOUS_AFTERNOON,DS001643,SK하이닉스,0193T0,LONG,5/20,3/20,30,66,52,14,2,33.33,-0.1502,-0.6311,12.48,-4.4292,7.7829,-105129,894871,-10.5129,-17.9874
KRX_CONTINUOUS_AFTERNOON,DS004319,삼성전자,0193L0,SHORT,20/30,10/30,30,40,28,12,1,30.00,-0.2600,-0.4088,24.58,-3.0729,6.7725,-105130,894870,-10.5130,-10.5564
KRX_CONTINUOUS_AFTERNOON,DS004691,삼성전자,0193W0,LONG,5/30,20/30,30,49,36,13,2,40.82,-0.2121,-0.3869,17.12,-5.4456,4.7369,-105209,894791,-10.5209,-14.6662
KRX_CONTINUOUS_AFTERNOON,DS004296,SK하이닉스,0197X0,SHORT,20/30,10/30,50,46,30,16,2,28.26,-0.2092,-0.5384,22.54,-4.3038,8.5734,-105210,894790,-10.5210,-12.4516
KRX_CONTINUOUS_AFTERNOON,DS001332,삼성전자,0193W0,LONG,5/30,5/10,50,49,41,8,2,26.53,-0.2206,-0.3686,7.98,-2.3700,4.0946,-105351,894649,-10.5351,-11.7948
KRX_CONTINUOUS_AFTERNOON,DS001774,삼성전자,0193L0,SHORT,3/30,3/20,20,83,64,19,2,37.35,-0.1256,-0.2882,14.48,-5.2087,5.0239,-105406,894594,-10.5406,-15.3758
KRX_CONTINUOUS_AFTERNOON,DS000912,삼성전자,0193L0,SHORT,10/30,3/10,50,49,44,5,2,36.73,-0.2241,-0.2000,8.86,-2.2402,1.1605,-105421,894579,-10.5421,-12.7308
KRX_CONTINUOUS_AFTERNOON,DS001427,삼성전자,0193W0,LONG,20/30,5/10,30,44,42,2,2,25.00,-0.2456,-0.3203,10.68,-2.8196,3.0746,-105491,894509,-10.5491,-10.6035
KRX_CONTINUOUS_AFTERNOON,DS000731,SK하이닉스,0193T0,LONG,10/20,3/10,30,63,57,6,2,25.40,-0.1680,-0.4182,8.16,-2.5555,6.2656,-105671,894329,-10.5671,-15.0810
KRX_CONTINUOUS_AFTERNOON,DS002952,SK하이닉스,0197X0,SHORT,3/10,3/30,50,132,91,41,5,31.82,-0.0591,-0.4566,15.42,-3.6848,10.3109,-105820,894180,-10.5820,-14.4969
KRX_CONTINUOUS_AFTERNOON,DS002772,삼성전자,0193W0,LONG,5/30,10/20,50,49,27,22,2,22.45,-0.2179,-0.4650,14.59,-2.2846,4.9065,-106066,893934,-10.6066,-15.7702
KRX_CONTINUOUS_AFTERNOON,DS000586,SK하이닉스,0193T0,LONG,5/10,3/10,20,110,97,13,2,32.73,-0.0912,-0.4036,8.82,-4.4879,5.5513,-106333,893667,-10.6333,-19.0564
KRX_CONTINUOUS_AFTERNOON,DS001919,삼성전자,0193L0,SHORT,20/30,3/20,30,40,30,10,1,40.00,-0.2693,-0.2668,15.05,-6.2870,5.4036,-106652,893348,-10.6652,-12.8524
KRX_CONTINUOUS_AFTERNOON,DS000670,삼성전자,0193L0,SHORT,3/20,3/10,20,75,66,9,2,34.67,-0.1414,-0.4114,10.59,-2.6515,6.7095,-106790,893210,-10.6790,-15.4215
KRX_CONTINUOUS_AFTERNOON,DS003058,삼성전자,0193W0,LONG,3/20,3/30,20,85,62,23,3,37.65,-0.1162,-0.4208,16.51,-6.2806,6.2870,-106886,893114,-10.6886,-18.2121
KRX_CONTINUOUS_AFTERNOON,DS004092,SK하이닉스,0193T0,LONG,10/20,10/30,50,52,32,20,2,42.31,-0.2011,-0.2000,18.60,-4.7680,3.3110,-106936,893064,-10.6936,-19.7721
KRX_CONTINUOUS_AFTERNOON,DS002278,SK하이닉스,0197X0,SHORT,5/30,5/20,20,81,64,17,2,38.27,-0.1200,-0.5040,16.90,-3.9745,9.1102,-107088,892912,-10.7088,-13.8406
KRX_CONTINUOUS_AFTERNOON,DS004799,삼성전자,0193L0,SHORT,20/30,20/30,30,40,24,16,1,35.00,-0.2707,-0.5546,25.20,-2.9626,6.3438,-107338,892662,-10.7338,-14.9657
KRX_CONTINUOUS_AFTERNOON,DS003610,SK하이닉스,0193T0,LONG,10/20,5/30,20,61,44,17,2,31.15,-0.1651,-0.5748,17.69,-3.6294,8.8159,-107384,892616,-10.7384,-19.7504
KRX_CONTINUOUS_AFTERNOON,DS003107,삼성전자,0193W0,LONG,5/20,3/30,30,71,56,15,3,32.39,-0.1489,-0.4793,12.39,-2.4411,6.2870,-107687,892313,-10.7687,-17.2343
KRX_CONTINUOUS_AFTERNOON,DS002359,SK하이닉스,0193T0,LONG,20/30,5/20,NONE,94,70,24,2,36.17,-0.0974,-0.4061,15.19,-7.3828,6.7310,-107737,892263,-10.7737,-21.7616
KRX_CONTINUOUS_AFTERNOON,DS003716,SK하이닉스,0197X0,SHORT,5/30,5/30,5,114,82,32,1,38.60,-0.0837,-0.2389,16.71,-3.9745,10.7183,-107949,892051,-10.7949,-19.9342
KRX_CONTINUOUS_AFTERNOON,DS003780,삼성전자,0193W0,LONG,10/30,5/30,50,39,24,15,1,23.08,-0.2801,-0.6358,14.54,-2.5281,6.5107,-108117,891883,-10.8117,-16.0981
KRX_CONTINUOUS_AFTERNOON,DS004559,삼성전자,0193L0,SHORT,5/20,20/30,30,71,44,27,3,36.62,-0.1392,-0.2532,19.93,-3.7842,5.9636,-108241,891759,-10.8241,-19.7276
KRX_CONTINUOUS_AFTERNOON,DS002652,SK하이닉스,0193T0,LONG,10/20,10/20,50,52,35,17,1,44.23,-0.2066,-0.2101,15.65,-4.2466,3.7083,-108245,891755,-10.8245,-19.9222
KRX_CONTINUOUS_AFTERNOON,DS004689,삼성전자,0193W0,LONG,5/30,20/30,10,92,51,41,3,36.96,-0.1033,-0.4141,23.38,-5.4456,7.3307,-108602,891398,-10.8602,-21.4215
KRX_CONTINUOUS_AFTERNOON,DS001138,삼성전자,0193W0,LONG,3/20,5/10,20,85,75,10,3,38.82,-0.1287,-0.1811,10.06,-2.3653,3.6865,-108859,891141,-10.8859,-15.9986
KRX_CONTINUOUS_AFTERNOON,DS003575,SK하이닉스,0197X0,SHORT,5/20,5/30,30,84,57,27,3,34.52,-0.1148,-0.4890,15.45,-3.9745,10.2975,-108937,891063,-10.8937,-17.9066
KRX_CONTINUOUS_AFTERNOON,DS003152,삼성전자,0193W0,LONG,10/20,3/30,5,82,58,24,2,30.49,-0.1299,-0.5482,15.43,-2.5954,5.3840,-110059,889941,-11.0059,-18.1109
KRX_CONTINUOUS_AFTERNOON,DS001896,SK하이닉스,0197X0,SHORT,20/30,3/20,50,46,37,9,2,32.61,-0.2267,-0.2405,15.48,-8.3132,6.3696,-110137,889863,-11.0137,-13.6656
KRX_CONTINUOUS_AFTERNOON,DS004628,SK하이닉스,0197X0,SHORT,3/30,20/30,5,122,78,44,4,44.26,-0.0725,-0.1029,20.29,-5.6138,6.4738,-110189,889811,-11.0189,-17.4125
KRX_CONTINUOUS_AFTERNOON,DS004212,삼성전자,0193W0,LONG,5/30,10/30,50,49,26,23,2,24.49,-0.2292,-0.4675,16.73,-1.7130,4.9065,-110285,889715,-11.0285,-16.1677
KRX_CONTINUOUS_AFTERNOON,DS004223,삼성전자,0193L0,SHORT,5/30,10/30,30,60,39,21,2,35.00,-0.1807,-0.3529,20.00,-3.5028,4.9865,-110331,889669,-11.0331,-15.9534
KRX_CONTINUOUS_AFTERNOON,DS000334,삼성전자,0193L0,SHORT,3/30,3/5,20,83,76,7,2,43.37,-0.1359,-0.1140,5.83,-4.9474,2.0894,-110389,889611,-11.0389,-14.9410
KRX_CONTINUOUS_AFTERNOON,DS000827,SK하이닉스,0193T0,LONG,5/30,3/10,30,49,43,6,2,28.57,-0.2240,-0.3830,8.90,-4.4879,5.5513,-110520,889480,-11.0520,-13.6239
KRX_CONTINUOUS_AFTERNOON,DS000622,삼성전자,0193L0,SHORT,5/10,3/10,20,144,130,14,4,36.11,-0.0697,-0.2523,9.47,-2.6322,5.9126,-110539,889461,-11.0539,-23.6208
KRX_CONTINUOUS_AFTERNOON,DS001855,삼성전자,0193W0,LONG,10/30,3/20,NONE,87,74,13,1,28.74,-0.1243,-0.5111,12.39,-2.7788,5.7770,-110609,889391,-11.0609,-14.8987
KRX_CONTINUOUS_AFTERNOON,DS001364,SK하이닉스,0197X0,SHORT,10/30,5/10,5,68,63,5,1,42.65,-0.1632,-0.1516,10.00,-3.4648,3.6874,-110627,889373,-11.0627,-17.9293
KRX_CONTINUOUS_AFTERNOON,DS002627,삼성전자,0193W0,LONG,5/20,10/20,30,71,54,17,3,29.58,-0.1498,-0.4616,15.54,-5.4456,6.5831,-111067,888933,-11.1067,-18.1468
KRX_CONTINUOUS_AFTERNOON,DS001915,삼성전자,0193L0,SHORT,20/30,3/20,NONE,85,66,19,2,42.35,-0.1209,-0.2000,16.65,-9.6484,6.0280,-111283,888717,-11.1283,-16.1211
KRX_CONTINUOUS_AFTERNOON,DS003776,삼성전자,0193W0,LONG,10/30,5/30,5,59,41,18,1,25.42,-0.1841,-0.6452,17.24,-2.5281,6.5107,-111283,888717,-11.1283,-19.3445
KRX_CONTINUOUS_AFTERNOON,DS002676,삼성전자,0193W0,LONG,10/20,10/20,50,53,33,20,2,28.30,-0.2164,-0.4710,13.98,-2.0403,4.4506,-111365,888635,-11.1365,-17.1788
KRX_CONTINUOUS_AFTERNOON,DS001260,SK하이닉스,0193T0,LONG,3/30,5/10,50,53,47,6,2,35.85,-0.2085,-0.5299,10.70,-3.0237,4.7868,-111594,888406,-11.1594,-15.7675
KRX_CONTINUOUS_AFTERNOON,DS000895,삼성전자,0193W0,LONG,10/30,3/10,NONE,87,78,9,2,28.74,-0.1293,-0.3808,7.07,-2.0203,4.7713,-111650,888350,-11.1650,-14.4275
KRX_CONTINUOUS_AFTERNOON,DS001906,삼성전자,0193W0,LONG,20/30,3/20,20,79,70,9,2,25.32,-0.1414,-0.3376,13.63,-2.8765,5.9382,-111675,888325,-11.1675,-20.0391
KRX_CONTINUOUS_AFTERNOON,DS000876,SK하이닉스,0193T0,LONG,10/30,3/10,50,43,39,4,2,30.23,-0.2646,-0.4328,8.47,-3.1970,4.7941,-111883,888117,-11.1883,-14.8339
KRX_CONTINUOUS_AFTERNOON,DS001400,SK하이닉스,0193T0,LONG,20/30,5/10,5,54,48,6,2,35.19,-0.2010,-0.4499,10.91,-8.8940,4.3702,-111953,888047,-11.1953,-14.5194
KRX_CONTINUOUS_AFTERNOON,DS003228,SK하이닉스,0193T0,LONG,5/30,3/30,50,45,32,13,2,33.33,-0.2540,-0.4956,11.78,-3.4236,4.0168,-112197,887803,-11.2197,-17.1514
KRX_CONTINUOUS_AFTERNOON,DS001244,삼성전자,0193L0,SHORT,10/20,5/10,5,87,78,9,2,37.93,-0.1300,-0.1338,10.11,-3.5128,6.7124,-112223,887777,-11.2223,-16.4232
KRX_CONTINUOUS_AFTERNOON,DS004487,SK하이닉스,0197X0,SHORT,3/20,20/30,30,106,72,34,6,38.68,-0.0963,-0.1788,15.07,-4.1556,6.2231,-112913,887087,-11.2913,-17.7010
KRX_CONTINUOUS_AFTERNOON,DS002228,SK하이닉스,0197X0,SHORT,3/30,5/20,5,122,91,31,2,38.52,-0.0781,-0.2576,16.09,-4.0726,9.1102,-112963,887037,-11.2963,-19.5026
KRX_CONTINUOUS_AFTERNOON,DS003715,SK하이닉스,0197X0,SHORT,5/30,5/30,NONE,115,83,32,1,38.26,-0.0879,-0.2426,16.59,-3.9745,10.7183,-112965,887035,-11.2965,-19.9342
KRX_CONTINUOUS_AFTERNOON,DS004639,삼성전자,0193W0,LONG,3/30,20/30,NONE,140,85,55,4,40.00,-0.0653,-0.2625,21.02,-3.8997,7.4410,-113005,886995,-11.3005,-22.0378
KRX_CONTINUOUS_AFTERNOON,DS004679,SK하이닉스,0197X0,SHORT,5/30,20/30,30,55,35,20,3,38.18,-0.2010,-0.2000,15.69,-5.6138,4.3117,-113314,886686,-11.3314,-18.2349
KRX_CONTINUOUS_AFTERNOON,DS003958,SK하이닉스,0197X0,SHORT,5/10,10/30,20,134,86,48,6,39.55,-0.0396,-0.3728,21.10,-6.6321,10.5067,-113450,886550,-11.3450,-24.7395
KRX_CONTINUOUS_AFTERNOON,DS003130,SK하이닉스,0193T0,LONG,10/20,3/30,20,61,45,16,2,31.15,-0.1760,-0.6189,16.02,-3.5302,8.8159,-113518,886482,-11.3518,-21.0104
KRX_CONTINUOUS_AFTERNOON,DS002472,SK하이닉스,0197X0,SHORT,3/10,10/20,50,132,95,37,4,34.09,-0.0679,-0.3385,14.24,-4.7013,10.8453,-113801,886199,-11.3801,-27.6623
KRX_CONTINUOUS_AFTERNOON,DS000309,SK하이닉스,0197X0,SHORT,3/30,3/5,10,113,101,12,2,36.28,-0.1034,-0.2000,5.42,-2.8693,4.0807,-114421,885579,-11.4421,-16.7226
KRX_CONTINUOUS_AFTERNOON,DS004583,SK하이닉스,0197X0,SHORT,10/20,20/30,30,75,49,26,3,38.67,-0.1495,-0.2000,18.89,-6.7765,4.3714,-114587,885413,-11.4587,-15.2618
KRX_CONTINUOUS_AFTERNOON,DS004100,SK하이닉스,0197X0,SHORT,10/20,10/30,5,95,55,40,4,40.00,-0.1029,-0.2000,21.94,-5.9160,10.4131,-114678,885322,-11.4678,-17.3379
KRX_CONTINUOUS_AFTERNOON,DS002815,삼성전자,0193W0,LONG,10/30,10/20,NONE,87,62,25,3,27.59,-0.1272,-0.4747,16.14,-2.7825,5.4544,-114720,885280,-11.4720,-16.7878
KRX_CONTINUOUS_AFTERNOON,DS002804,SK하이닉스,0197X0,SHORT,10/30,10/20,5,68,52,16,1,39.71,-0.1653,-0.5144,18.76,-3.0378,6.1305,-114970,885030,-11.4970,-15.9297
KRX_CONTINUOUS_AFTERNOON,DS001631,삼성전자,0193L0,SHORT,3/20,3/20,30,84,70,14,1,28.57,-0.1329,-0.4436,12.87,-5.6075,7.6341,-114997,885003,-11.4997,-19.3609
KRX_CONTINUOUS_AFTERNOON,DS001860,삼성전자,0193W0,LONG,10/30,3/20,50,39,33,6,1,23.08,-0.3068,-0.5615,11.49,-2.7788,4.2230,-115385,884615,-11.5385,-13.7680
KRX_CONTINUOUS_AFTERNOON,DS002277,SK하이닉스,0197X0,SHORT,5/30,5/20,10,87,64,23,2,40.23,-0.1238,-0.3603,16.10,-3.9745,6.4165,-115449,884551,-11.5449,-17.0106
KRX_CONTINUOUS_AFTERNOON,DS002866,삼성전자,0193W0,LONG,20/30,10/20,20,79,61,18,3,29.11,-0.1419,-0.3483,17.33,-4.6500,6.0288,-116101,883899,-11.6101,-26.8817
KRX_CONTINUOUS_AFTERNOON,DS003143,SK하이닉스,0197X0,SHORT,10/20,3/30,30,75,52,23,3,36.00,-0.1485,-0.3110,15.39,-4.9326,8.9332,-116172,883828,-11.6172,-17.2820
KRX_CONTINUOUS_AFTERNOON,DS002002,삼성전자,0193W0,LONG,3/10,5/20,20,132,108,24,5,34.85,-0.0777,-0.3633,16.02,-3.0355,6.5045,-116656,883344,-11.6656,-30.9225
KRX_CONTINUOUS_AFTERNOON,DS003528,SK하이닉스,0197X0,SHORT,3/20,5/30,50,118,79,39,5,36.44,-0.0837,-0.3991,16.03,-3.6848,10.6714,-117597,882403,-11.7597,-22.0456
KRX_CONTINUOUS_AFTERNOON,DS002651,SK하이닉스,0193T0,LONG,10/20,10/20,30,63,43,20,1,38.10,-0.1833,-0.4956,15.32,-4.2466,7.8653,-117668,882332,-11.7668,-20.2375
KRX_CONTINUOUS_AFTERNOON,DS003336,SK하이닉스,0197X0,SHORT,20/30,3/30,50,46,34,12,2,30.43,-0.2433,-0.7245,19.72,-6.8038,7.1181,-117668,882332,-11.7668,-13.2056
KRX_CONTINUOUS_AFTERNOON,DS004629,SK하이닉스,0197X0,SHORT,3/30,20/30,10,113,72,41,4,44.25,-0.0862,-0.1543,21.13,-5.6138,6.4738,-118063,881937,-11.8063,-18.7774
KRX_CONTINUOUS_AFTERNOON,DS000936,SK하이닉스,0197X0,SHORT,20/30,3/10,50,46,41,5,1,34.78,-0.2596,-0.5064,10.39,-3.8478,5.6628,-118087,881913,-11.8087,-12.6185
KRX_CONTINUOUS_AFTERNOON,DS000908,삼성전자,0193L0,SHORT,10/30,3/10,5,63,57,6,2,36.51,-0.1965,-0.2000,8.84,-2.3401,1.7757,-118333,881667,-11.8333,-14.4783
KRX_CONTINUOUS_AFTERNOON,DS000910,삼성전자,0193L0,SHORT,10/30,3/10,20,66,58,8,3,37.88,-0.1876,-0.2000,9.23,-2.3401,1.7757,-118507,881493,-11.8507,-16.3331
KRX_CONTINUOUS_AFTERNOON,DS001858,삼성전자,0193W0,LONG,10/30,3/20,20,64,56,8,1,28.13,-0.1874,-0.5481,12.67,-2.7788,5.3643,-118712,881288,-11.8712,-16.8138
KRX_CONTINUOUS_AFTERNOON,DS001367,SK하이닉스,0197X0,SHORT,10/30,5/10,30,44,39,5,1,38.64,-0.2783,-0.2229,9.07,-3.4648,2.9915,-119074,880926,-11.9074,-15.1596
KRX_CONTINUOUS_AFTERNOON,DS004176,삼성전자,0193L0,SHORT,3/30,10/30,50,69,43,26,3,31.88,-0.1651,-0.5020,18.51,-2.9931,5.0239,-119277,880723,-11.9277,-21.1641
KRX_CONTINUOUS_AFTERNOON,DS003779,삼성전자,0193W0,LONG,10/30,5/30,30,47,34,13,1,23.40,-0.2598,-0.6358,15.83,-2.4067,5.2066,-119333,880667,-11.9333,-17.4376
KRX_CONTINUOUS_AFTERNOON,DS001246,삼성전자,0193L0,SHORT,10/20,5/10,20,50,45,5,2,34.00,-0.2516,-0.1264,9.10,-2.7365,2.0001,-119566,880434,-11.9566,-12.5910
KRX_CONTINUOUS_AFTERNOON,DS000117,SK하이닉스,0197X0,SHORT,5/10,3/5,10,119,107,12,2,35.29,-0.1007,-0.2448,5.34,-3.0980,3.5470,-119656,880344,-11.9656,-15.1580
KRX_CONTINUOUS_AFTERNOON,DS003680,삼성전자,0193W0,LONG,3/30,5/30,5,122,85,37,2,29.51,-0.0890,-0.5126,16.39,-2.7612,7.4410,-119665,880335,-11.9665,-17.2117
KRX_CONTINUOUS_AFTERNOON,DS004760,SK하이닉스,0193T0,LONG,20/30,20/30,5,54,35,19,1,31.48,-0.2166,-0.6570,19.33,-4.1620,6.2442,-119859,880141,-11.9859,-17.4712
KRX_CONTINUOUS_AFTERNOON,DS003236,SK하이닉스,0197X0,SHORT,5/30,3/30,5,114,85,29,2,34.21,-0.0972,-0.4456,15.47,-5.0713,9.0256,-120583,879417,-12.0583,-17.6298
KRX_CONTINUOUS_AFTERNOON,DS001114,SK하이닉스,0193T0,LONG,3/20,5/10,20,90,78,12,2,33.33,-0.1220,-0.4178,10.73,-5.3761,6.1932,-120646,879354,-12.0646,-15.7409
KRX_CONTINUOUS_AFTERNOON,DS003611,SK하이닉스,0193T0,LONG,10/20,5/30,30,63,46,17,2,34.92,-0.1852,-0.5471,16.06,-4.0003,7.8653,-120666,879334,-12.0666,-20.2023
KRX_CONTINUOUS_AFTERNOON,DS004260,삼성전자,0193W0,LONG,10/30,10/30,50,39,24,15,1,23.08,-0.3156,-0.6358,16.56,-3.8390,6.5107,-120797,879203,-12.0797,-17.1169
KRX_CONTINUOUS_AFTERNOON,DS002877,삼성전자,0193L0,SHORT,20/30,10/20,10,58,43,15,2,34.48,-0.2118,-0.2838,18.57,-3.7722,6.8327,-120805,879195,-12.0805,-12.8115
KRX_CONTINUOUS_AFTERNOON,DS004003,SK하이닉스,0197X0,SHORT,3/20,10/30,NONE,192,123,69,9,40.10,-0.0132,-0.2000,22.24,-7.3660,10.7885,-120863,879137,-12.0863,-29.6632
KRX_CONTINUOUS_AFTERNOON,DS004102,SK하이닉스,0197X0,SHORT,10/20,10/30,20,67,42,25,4,38.81,-0.1702,-0.3762,22.67,-5.9160,6.0735,-121029,878971,-12.1029,-16.3735
KRX_CONTINUOUS_AFTERNOON,DS001764,삼성전자,0193W0,LONG,3/30,3/20,50,63,53,10,3,25.40,-0.1916,-0.4447,11.37,-2.2219,3.8816,-121072,878928,-12.1072,-18.2580
KRX_CONTINUOUS_AFTERNOON,DS002542,삼성전자,0193L0,SHORT,5/10,10/20,20,144,110,34,5,36.11,-0.0398,-0.3514,18.95,-10.5939,9.0934,-121103,878897,-12.1103,-31.9508
KRX_CONTINUOUS_AFTERNOON,DS001749,SK하이닉스,0197X0,SHORT,3/30,3/20,10,113,88,25,2,38.05,-0.1012,-0.3225,13.55,-3.2325,6.4738,-121216,878784,-12.1216,-19.4679
KRX_CONTINUOUS_AFTERNOON,DS004675,SK하이닉스,0197X0,SHORT,5/30,20/30,NONE,115,73,42,3,45.22,-0.0912,-0.1739,19.94,-5.6138,6.4165,-121270,878730,-12.1270,-16.7728
KRX_CONTINUOUS_AFTERNOON,DS003298,삼성전자,0193W0,LONG,10/30,3/30,20,64,49,15,1,23.44,-0.1905,-0.5946,14.91,-2.4206,5.7112,-121406,878594,-12.1406,-19.2060
KRX_CONTINUOUS_AFTERNOON,DS004488,SK하이닉스,0197X0,SHORT,3/20,20/30,50,118,75,43,5,38.98,-0.0913,-0.2000,18.10,-4.1556,6.2231,-121439,878561,-12.1439,-17.7868
KRX_CONTINUOUS_AFTERNOON,DS002208,삼성전자,0193L0,SHORT,10/20,5/20,50,68,58,10,3,39.71,-0.1807,-0.3243,16.01,-2.7365,8.4022,-121842,878158,-12.1842,-16.0926
KRX_CONTINUOUS_AFTERNOON,DS004642,삼성전자,0193W0,LONG,3/30,20/30,20,83,55,28,2,38.55,-0.1400,-0.3539,20.82,-3.5659,5.3151,-122002,877998,-12.2002,-19.3175
KRX_CONTINUOUS_AFTERNOON,DS003826,삼성전자,0193W0,LONG,20/30,5/30,20,79,55,24,2,26.58,-0.1504,-0.4496,17.84,-4.3002,5.7796,-122151,877849,-12.2151,-23.0653
KRX_CONTINUOUS_AFTERNOON,DS003706,SK하이닉스,0193T0,LONG,5/30,5/30,20,75,59,16,1,30.67,-0.1497,-0.5746,15.76,-4.4879,8.9445,-122169,877831,-12.2169,-21.2074
KRX_CONTINUOUS_AFTERNOON,DS002816,삼성전자,0193W0,LONG,10/30,10/20,5,59,45,14,1,25.42,-0.2076,-0.6334,17.36,-2.6608,5.4544,-122191,877809,-12.2191,-18.6222
KRX_CONTINUOUS_AFTERNOON,DS001759,삼성전자,0193W0,LONG,3/30,3/20,NONE,140,116,24,3,30.71,-0.0811,-0.3963,12.61,-2.2219,5.9382,-122211,877789,-12.2211,-18.3113
KRX_CONTINUOUS_AFTERNOON,DS001269,SK하이닉스,0197X0,SHORT,3/30,5/10,10,113,95,18,3,40.71,-0.1023,-0.2000,10.73,-8.7366,4.6110,-122314,877686,-12.2314,-18.5922
KRX_CONTINUOUS_AFTERNOON,DS002244,삼성전자,0193W0,LONG,3/30,5/20,50,63,46,17,3,28.57,-0.1912,-0.4696,14.13,-2.2517,5.3151,-122522,877478,-12.2522,-19.5934
KRX_CONTINUOUS_AFTERNOON,DS000370,삼성전자,0193W0,LONG,5/30,3/5,20,75,68,7,1,21.33,-0.1686,-0.3392,4.63,-1.8405,5.0766,-122544,877456,-12.2544,-15.5160
KRX_CONTINUOUS_AFTERNOON,DS001378,삼성전자,0193W0,LONG,10/30,5/10,20,64,58,6,2,28.13,-0.1985,-0.4324,8.28,-1.9832,4.0196,-122679,877321,-12.2679,-12.7707
KRX_CONTINUOUS_AFTERNOON,DS003862,SK하이닉스,0197X0,SHORT,3/5,10/30,20,255,164,91,10,38.43,0.0261,-0.2629,20.05,-5.7219,11.5618,-122803,877197,-12.2803,-35.8032
KRX_CONTINUOUS_AFTERNOON,DS004584,SK하이닉스,0197X0,SHORT,10/20,20/30,50,75,47,28,3,41.33,-0.1573,-0.2000,19.04,-6.7765,6.0735,-122962,877038,-12.2962,-14.7078
KRX_CONTINUOUS_AFTERNOON,DS002806,SK하이닉스,0197X0,SHORT,10/30,10/20,20,68,54,14,1,38.24,-0.1785,-0.5308,17.91,-3.0378,6.1305,-122993,877007,-12.2993,-16.1130
KRX_CONTINUOUS_AFTERNOON,DS000382,삼성전자,0193L0,SHORT,5/30,3/5,20,76,71,5,1,38.16,-0.1685,-0.1158,5.55,-4.9474,2.4162,-123147,876853,-12.3147,-15.5848
KRX_CONTINUOUS_AFTERNOON,DS000948,삼성전자,0193W0,LONG,20/30,3/10,50,44,42,2,2,22.73,-0.2942,-0.3207,8.14,-2.3403,2.8227,-123222,876778,-12.3222,-12.3222
KRX_CONTINUOUS_AFTERNOON,DS000335,삼성전자,0193L0,SHORT,3/30,3/5,30,60,53,7,1,31.67,-0.2161,-0.2530,5.32,-3.4095,2.0894,-123289,876711,-12.3289,-14.2726
KRX_CONTINUOUS_AFTERNOON,DS000404,SK하이닉스,0197X0,SHORT,10/30,3/5,5,68,65,3,1,41.18,-0.1905,-0.1620,5.44,-2.2800,1.4823,-123892,876108,-12.3892,-14.6811
KRX_CONTINUOUS_AFTERNOON,DS003108,삼성전자,0193W0,LONG,5/20,3/30,50,64,44,20,2,31.25,-0.1985,-0.3924,12.98,-1.9831,5.3151,-124038,875962,-12.4038,-19.8052
KRX_CONTINUOUS_AFTERNOON,DS002771,삼성전자,0193W0,LONG,5/30,10/20,30,49,31,18,2,32.65,-0.2538,-0.4650,18.00,-5.4456,6.0288,-124188,875812,-12.4188,-14.0490
KRX_CONTINUOUS_AFTERNOON,DS002230,SK하이닉스,0197X0,SHORT,3/30,5/20,20,99,74,25,2,36.36,-0.1160,-0.3751,16.32,-4.0726,9.1102,-124389,875611,-12.4389,-18.7128
KRX_CONTINUOUS_AFTERNOON,DS002709,SK하이닉스,0197X0,SHORT,3/30,10/20,10,113,83,30,2,38.94,-0.0957,-0.3153,17.22,-4.7013,7.0481,-124941,875059,-12.4941,-23.8728
KRX_CONTINUOUS_AFTERNOON,DS001282,삼성전자,0193W0,LONG,3/30,5/10,20,83,75,8,2,33.73,-0.1531,-0.3547,9.95,-2.3653,4.0946,-124997,875003,-12.4997,-13.0838
KRX_CONTINUOUS_AFTERNOON,DS001197,삼성전자,0193L0,SHORT,5/20,5/10,10,111,100,11,2,40.54,-0.1098,-0.2000,10.69,-7.2993,6.1814,-125041,874959,-12.5041,-15.8527
KRX_CONTINUOUS_AFTERNOON,DS002424,SK하이닉스,0197X0,SHORT,3/5,10/20,50,246,182,64,6,37.40,-0.0129,-0.2683,15.61,-6.3571,10.7983,-125298,874702,-12.5298,-29.0607
KRX_CONTINUOUS_AFTERNOON,DS000431,삼성전자,0193L0,SHORT,10/30,3/5,30,43,40,3,1,30.23,-0.3096,-0.2991,4.95,-2.0717,1.2294,-125661,874339,-12.5661,-12.6318
KRX_CONTINUOUS_AFTERNOON,DS004068,삼성전자,0193W0,LONG,5/20,10/30,50,64,37,27,3,31.25,-0.1992,-0.4087,18.33,-2.6181,5.3151,-125834,874166,-12.5834,-18.8136
KRX_CONTINUOUS_AFTERNOON,DS003288,SK하이닉스,0197X0,SHORT,10/30,3/30,50,45,35,10,2,37.78,-0.2851,-0.3389,16.02,-4.5800,6.1305,-125981,874019,-12.5981,-14.1635
KRX_CONTINUOUS_AFTERNOON,DS002396,삼성전자,0193L0,SHORT,20/30,5/20,5,53,43,10,2,33.96,-0.2424,-0.2458,18.06,-6.4382,6.1558,-126035,873965,-12.6035,-15.9267
KRX_CONTINUOUS_AFTERNOON,DS003252,삼성전자,0193W0,LONG,5/30,3/30,50,49,32,17,2,22.45,-0.2668,-0.4951,11.47,-2.3700,4.9065,-126084,873916,-12.6084,-17.6564
KRX_CONTINUOUS_AFTERNOON,DS003144,SK하이닉스,0197X0,SHORT,10/20,3/30,50,75,53,22,3,32.00,-0.1615,-0.4420,14.20,-4.9326,8.9332,-126159,873841,-12.6159,-18.5310
KRX_CONTINUOUS_AFTERNOON,DS002684,삼성전자,0193L0,SHORT,10/20,10/20,5,87,61,26,1,41.38,-0.1415,-0.2377,18.48,-3.4744,9.0934,-126316,873684,-12.6316,-16.3212
KRX_CONTINUOUS_AFTERNOON,DS000310,SK하이닉스,0197X0,SHORT,3/30,3/5,20,99,87,12,1,34.34,-0.1326,-0.2000,5.57,-2.8693,4.0807,-126408,873592,-12.6408,-17.6644
KRX_CONTINUOUS_AFTERNOON,DS003720,SK하이닉스,0197X0,SHORT,5/30,5/30,50,58,39,19,1,32.76,-0.2139,-0.4930,14.26,-3.9745,10.7183,-126668,873332,-12.6668,-19.9482
KRX_CONTINUOUS_AFTERNOON,DS000825,SK하이닉스,0193T0,LONG,5/30,3/10,10,90,79,11,2,32.22,-0.1387,-0.4187,8.31,-4.4879,5.5513,-126823,873177,-12.6823,-13.8902
KRX_CONTINUOUS_AFTERNOON,DS000538,SK하이닉스,0193T0,LONG,3/10,3/10,20,117,105,12,1,32.48,-0.1045,-0.4356,8.55,-4.4879,6.2656,-126869,873131,-12.6869,-23.6664
KRX_CONTINUOUS_AFTERNOON,DS004546,삼성전자,0193W0,LONG,5/20,20/30,20,74,50,24,3,41.89,-0.1638,-0.2279,20.30,-7.7381,5.3151,-127039,872961,-12.7039,-19.3277
KRX_CONTINUOUS_AFTERNOON,DS001747,SK하이닉스,0197X0,SHORT,3/30,3/20,NONE,145,116,29,2,37.24,-0.0779,-0.3237,13.35,-4.0726,8.2638,-127085,872915,-12.7085,-22.1049
KRX_CONTINUOUS_AFTERNOON,DS004676,SK하이닉스,0197X0,SHORT,5/30,20/30,5,114,72,42,3,44.74,-0.0979,-0.1869,19.99,-5.6138,6.4165,-127089,872911,-12.7089,-16.9391
KRX_CONTINUOUS_AFTERNOON,DS001127,SK하이닉스,0197X0,SHORT,3/20,5/10,30,106,86,20,3,35.85,-0.1137,-0.2713,9.98,-3.1659,8.2179,-127127,872873,-12.7127,-24.1967
KRX_CONTINUOUS_AFTERNOON,DS000228,삼성전자,0193W0,LONG,5/20,3/5,50,64,56,8,1,25.00,-0.2089,-0.2358,4.31,-1.6442,3.4947,-127295,872705,-12.7295,-14.1247
KRX_CONTINUOUS_AFTERNOON,DS000694,SK하이닉스,0197X0,SHORT,5/20,3/10,20,83,73,10,3,34.94,-0.1537,-0.2000,9.72,-3.6804,7.1356,-127392,872608,-12.7392,-16.0584
KRX_CONTINUOUS_AFTERNOON,DS001832,SK하이닉스,0193T0,LONG,10/30,3/20,5,68,54,14,2,30.88,-0.1841,-0.5753,13.79,-3.7543,5.8867,-127404,872596,-12.7404,-20.9217
KRX_CONTINUOUS_AFTERNOON,DS000896,삼성전자,0193W0,LONG,10/30,3/10,5,59,53,6,1,27.12,-0.2252,-0.3934,7.03,-1.8405,3.7654,-127405,872595,-12.7405,-13.7747
KRX_CONTINUOUS_AFTERNOON,DS003235,SK하이닉스,0197X0,SHORT,5/30,3/30,NONE,115,86,29,2,33.91,-0.1031,-0.4493,15.36,-5.0713,9.0256,-127440,872560,-12.7440,-17.6298
KRX_CONTINUOUS_AFTERNOON,DS000919,SK하이닉스,0193T0,LONG,20/30,3/10,NONE,94,78,16,2,36.17,-0.1282,-0.3736,9.77,-8.4276,6.2913,-127513,872487,-12.7513,-15.5492
KRX_CONTINUOUS_AFTERNOON,DS004209,삼성전자,0193W0,LONG,5/30,10/30,10,92,54,38,2,32.61,-0.1295,-0.4663,22.03,-5.4456,7.3307,-127579,872421,-12.7579,-21.2077
KRX_CONTINUOUS_AFTERNOON,DS003670,SK하이닉스,0197X0,SHORT,3/30,5/30,20,99,67,32,3,34.34,-0.1176,-0.3821,17.52,-4.0726,10.7183,-127634,872366,-12.7634,-15.2900
KRX_CONTINUOUS_AFTERNOON,DS001220,SK하이닉스,0197X0,SHORT,10/20,5/10,5,95,83,12,2,36.84,-0.1334,-0.3279,9.25,-2.8531,8.1721,-127673,872327,-12.7673,-17.6441
KRX_CONTINUOUS_AFTERNOON,DS003550,삼성전자,0193L0,SHORT,3/20,5/30,20,75,57,18,3,30.67,-0.1673,-0.5457,19.73,-3.5708,6.5217,-127850,872150,-12.7850,-21.0786
KRX_CONTINUOUS_AFTERNOON,DS003203,삼성전자,0193W0,LONG,3/30,3/30,30,63,49,14,1,31.75,-0.2068,-0.5668,12.13,-2.4411,6.2870,-127869,872131,-12.7869,-13.5566
KRX_CONTINUOUS_AFTERNOON,DS000932,SK하이닉스,0197X0,SHORT,20/30,3/10,5,63,57,6,2,33.33,-0.2065,-0.3383,9.30,-3.6518,5.6628,-128146,871854,-12.8146,-16.3661
KRX_CONTINUOUS_AFTERNOON,DS000072,SK하이닉스,0197X0,SHORT,3/10,3/5,50,132,119,13,2,34.09,-0.0984,-0.2396,5.19,-2.8693,3.5470,-128315,871685,-12.8315,-21.8378
KRX_CONTINUOUS_AFTERNOON,DS001377,삼성전자,0193W0,LONG,10/30,5/10,10,83,76,7,2,28.92,-0.1592,-0.3934,7.77,-1.9832,5.0299,-128503,871497,-12.8503,-13.3498
KRX_CONTINUOUS_AFTERNOON,DS000898,삼성전자,0193W0,LONG,10/30,3/10,20,64,58,6,2,28.13,-0.2093,-0.4170,7.42,-2.0203,3.7654,-128703,871297,-12.8703,-13.3696
KRX_CONTINUOUS_AFTERNOON,DS003240,SK하이닉스,0197X0,SHORT,5/30,3/30,50,58,43,15,1,27.59,-0.2211,-0.5257,12.05,-3.9745,9.0256,-128726,871274,-12.8726,-17.3754
KRX_CONTINUOUS_AFTERNOON,DS003672,SK하이닉스,0197X0,SHORT,3/30,5/30,50,79,50,29,3,29.11,-0.1551,-0.3821,14.51,-3.8092,10.7183,-128931,871069,-12.8931,-17.3378
KRX_CONTINUOUS_AFTERNOON,DS004716,SK하이닉스,0193T0,LONG,10/30,20/30,50,43,28,15,2,27.91,-0.2952,-0.5665,16.09,-4.5746,8.4957,-129016,870984,-12.9016,-21.2703
KRX_CONTINUOUS_AFTERNOON,DS000227,삼성전자,0193W0,LONG,5/20,3/5,30,71,66,5,2,25.35,-0.1883,-0.2370,4.32,-1.9872,5.4012,-129041,870959,-12.9041,-17.3845
KRX_CONTINUOUS_AFTERNOON,DS004739,삼성전자,0193W0,LONG,10/30,20/30,30,47,33,14,2,31.91,-0.2835,-0.4711,19.70,-2.8238,4.1489,-129083,870917,-12.9083,-18.1088
KRX_CONTINUOUS_AFTERNOON,DS001824,삼성전자,0193L0,SHORT,5/30,3/20,50,65,52,13,3,36.92,-0.2024,-0.4119,13.43,-2.7333,4.9865,-129186,870814,-12.9186,-17.0341
KRX_CONTINUOUS_AFTERNOON,DS003343,삼성전자,0193W0,LONG,20/30,3/30,NONE,88,63,25,2,27.27,-0.1419,-0.3857,18.22,-5.9234,6.2870,-129256,870744,-12.9256,-23.6442
KRX_CONTINUOUS_AFTERNOON,DS000369,삼성전자,0193W0,LONG,5/30,3/5,10,92,85,7,2,26.09,-0.1449,-0.2478,4.58,-2.3700,5.0766,-129343,870657,-12.9343,-15.2866
KRX_CONTINUOUS_AFTERNOON,DS000764,삼성전자,0193L0,SHORT,10/20,3/10,5,87,78,9,2,39.08,-0.1538,-0.1787,9.09,-2.6359,5.6372,-129375,870625,-12.9375,-17.0120
KRX_CONTINUOUS_AFTERNOON,DS004680,SK하이닉스,0197X0,SHORT,5/30,20/30,50,58,33,25,2,41.38,-0.2160,-0.2000,17.93,-5.6138,4.4312,-129528,870472,-12.9528,-19.5724
KRX_CONTINUOUS_AFTERNOON,DS000874,SK하이닉스,0193T0,LONG,10/30,3/10,20,71,63,8,2,26.76,-0.1841,-0.4182,8.51,-3.1970,5.5513,-129550,870450,-12.9550,-14.2711
KRX_CONTINUOUS_AFTERNOON,DS001387,삼성전자,0193L0,SHORT,10/30,5/10,NONE,86,76,10,3,44.19,-0.1585,-0.1562,9.92,-2.2656,1.8931,-130023,869977,-13.0023,-17.0052
KRX_CONTINUOUS_AFTERNOON,DS000070,SK하이닉스,0197X0,SHORT,3/10,3/5,20,144,134,10,2,38.19,-0.0914,-0.2000,5.30,-2.8693,3.8205,-130298,869702,-13.0298,-21.1192
KRX_CONTINUOUS_AFTERNOON,DS002819,삼성전자,0193W0,LONG,10/30,10/20,30,47,35,12,1,23.40,-0.2866,-0.6837,17.32,-2.6608,5.4544,-130590,869410,-13.0590,-18.5832
KRX_CONTINUOUS_AFTERNOON,DS002962,삼성전자,0193W0,LONG,3/10,3/30,20,132,101,31,5,33.33,-0.0856,-0.4107,16.42,-3.7161,6.5045,-130603,869397,-13.0603,-34.6806
KRX_CONTINUOUS_AFTERNOON,DS004726,SK하이닉스,0197X0,SHORT,10/30,20/30,20,68,44,24,2,39.71,-0.1835,-0.3566,24.16,-6.7901,6.1305,-130634,869366,-13.0634,-19.6091
KRX_CONTINUOUS_AFTERNOON,DS000850,삼성전자,0193W0,LONG,5/30,3/10,20,75,67,8,1,28.00,-0.1804,-0.3336,7.69,-1.8405,4.5643,-131003,868997,-13.1003,-15.7972
KRX_CONTINUOUS_AFTERNOON,DS000958,삼성전자,0193L0,SHORT,20/30,3/10,20,73,66,7,2,42.47,-0.1864,-0.1711,9.25,-5.7635,3.4480,-131143,868857,-13.1143,-15.2483
KRX_CONTINUOUS_AFTERNOON,DS000358,SK하이닉스,0197X0,SHORT,5/30,3/5,20,81,76,5,1,35.80,-0.1692,-0.2000,5.10,-3.6804,3.0176,-131211,868789,-13.1211,-17.0623
KRX_CONTINUOUS_AFTERNOON,DS001668,삼성전자,0193W0,LONG,5/20,3/20,50,64,53,11,1,29.69,-0.2148,-0.2889,9.89,-2.2034,3.4947,-131403,868597,-13.1403,-17.8835
KRX_CONTINUOUS_AFTERNOON,DS003632,삼성전자,0193W0,LONG,10/20,5/30,5,82,55,27,2,32.93,-0.1577,-0.5418,16.51,-2.7027,7.3307,-131556,868444,-13.1556,-19.1291
KRX_CONTINUOUS_AFTERNOON,DS001175,SK하이닉스,0197X0,SHORT,5/20,5/10,30,84,70,14,2,33.33,-0.1563,-0.2000,9.21,-3.9745,7.8523,-131569,868431,-13.1569,-18.4870
KRX_CONTINUOUS_AFTERNOON,DS004308,삼성전자,0193W0,LONG,20/30,10/30,50,44,29,15,2,29.55,-0.3075,-0.5864,20.77,-3.6738,5.5431,-131754,868246,-13.1754,-19.4611
KRX_CONTINUOUS_AFTERNOON,DS000396,SK하이닉스,0193T0,LONG,10/30,3/5,50,43,40,3,1,23.26,-0.3207,-0.3215,5.84,-3.1970,4.9116,-131826,868174,-13.1826,-16.3856
KRX_CONTINUOUS_AFTERNOON,DS001150,삼성전자,0193L0,SHORT,3/20,5/10,20,75,66,9,2,38.67,-0.1786,-0.4113,11.63,-5.3413,6.5217,-131951,868049,-13.1951,-18.2625
KRX_CONTINUOUS_AFTERNOON,DS004558,삼성전자,0193L0,SHORT,5/20,20/30,20,71,41,30,3,40.85,-0.1674,-0.2304,22.55,-11.1756,5.9636,-131962,868038,-13.1962,-25.5454
KRX_CONTINUOUS_AFTERNOON,DS002148,삼성전자,0193W0,LONG,5/20,5/20,50,64,48,16,2,29.69,-0.2131,-0.3172,12.22,-2.2517,5.3151,-132144,867856,-13.2144,-19.8733
KRX_CONTINUOUS_AFTERNOON,DS000872,SK하이닉스,0193T0,LONG,10/30,3/10,5,68,60,8,2,27.94,-0.1969,-0.4255,8.51,-3.1970,5.5513,-132247,867753,-13.2247,-14.5367
KRX_CONTINUOUS_AFTERNOON,DS004606,삼성전자,0193L0,SHORT,10/20,20/30,20,50,25,25,3,38.00,-0.2658,-0.4043,28.18,-3.3107,3.7392,-132359,867641,-13.2359,-25.4011
KRX_CONTINUOUS_AFTERNOON,DS004499,삼성전자,0193W0,LONG,3/20,20/30,30,93,69,24,4,37.63,-0.1344,-0.2884,18.20,-4.6620,7.6623,-132622,867378,-13.2622,-19.1152
KRX_CONTINUOUS_AFTERNOON,DS001283,삼성전자,0193W0,LONG,3/30,5/10,30,63,56,7,2,31.75,-0.2154,-0.3573,9.94,-2.3653,3.6865,-132657,867343,-13.2657,-13.2657
KRX_CONTINUOUS_AFTERNOON,DS003095,SK하이닉스,0197X0,SHORT,5/20,3/30,30,84,60,24,3,29.76,-0.1515,-0.6228,13.83,-3.9745,8.6111,-132733,867267,-13.2733,-19.0325
KRX_CONTINUOUS_AFTERNOON,DS004440,SK하이닉스,0197X0,SHORT,5/10,20/30,50,134,82,52,4,39.55,-0.0754,-0.2000,21.21,-4.1556,10.3109,-132865,867135,-13.2865,-26.5560
KRX_CONTINUOUS_AFTERNOON,DS003355,삼성전자,0193L0,SHORT,20/30,3/30,NONE,85,60,25,2,38.82,-0.1508,-0.2916,19.81,-9.6484,6.0280,-133091,866909,-13.3091,-15.5435
KRX_CONTINUOUS_AFTERNOON,DS004740,삼성전자,0193W0,LONG,10/30,20/30,50,39,25,14,2,25.64,-0.3506,-0.5171,18.28,-5.1069,6.5107,-133280,866720,-13.3280,-17.7539
KRX_CONTINUOUS_AFTERNOON,DS004763,SK하이닉스,0193T0,LONG,20/30,20/30,30,43,28,15,1,32.56,-0.3083,-0.7461,22.21,-4.1620,6.2442,-133305,866695,-13.3305,-16.2234
KRX_CONTINUOUS_AFTERNOON,DS003048,SK하이닉스,0197X0,SHORT,3/20,3/30,50,118,87,31,5,31.36,-0.1055,-0.5114,13.61,-3.6848,8.9794,-133656,866344,-13.3656,-18.6188
KRX_CONTINUOUS_AFTERNOON,DS002195,삼성전자,0193W0,LONG,10/20,5/20,30,63,47,16,2,26.98,-0.2232,-0.4449,13.56,-2.7027,5.2362,-135638,864362,-13.5638,-18.3149
KRX_CONTINUOUS_AFTERNOON,DS001281,삼성전자,0193W0,LONG,3/30,5/10,10,104,93,11,2,32.69,-0.1306,-0.3661,9.62,-2.3653,4.9282,-135769,864231,-13.5769,-13.5884
KRX_CONTINUOUS_AFTERNOON,DS000263,SK하이닉스,0197X0,SHORT,10/20,3/5,30,75,68,7,2,34.67,-0.1916,-0.2000,5.23,-2.2833,2.0018,-136079,863921,-13.6079,-13.9450
KRX_CONTINUOUS_AFTERNOON,DS001221,SK하이닉스,0197X0,SHORT,10/20,5/10,10,125,111,14,2,38.40,-0.1075,-0.2000,9.30,-2.8531,8.1721,-136169,863831,-13.6169,-21.8849
KRX_CONTINUOUS_AFTERNOON,DS002852,SK하이닉스,0197X0,SHORT,20/30,10/20,5,63,50,13,2,34.92,-0.2118,-0.4420,16.67,-3.7607,8.9060,-136247,863753,-13.6247,-14.8181
KRX_CONTINUOUS_AFTERNOON,DS000466,삼성전자,0193W0,LONG,20/30,3/5,20,79,75,4,1,26.58,-0.1819,-0.2193,4.75,-2.0793,3.3264,-136295,863705,-13.6295,-13.6295
KRX_CONTINUOUS_AFTERNOON,DS001594,SK하이닉스,0193T0,LONG,3/20,3/20,20,90,76,14,1,23.33,-0.1470,-0.5584,11.00,-4.4879,7.4596,-136442,863558,-13.6442,-22.0556
KRX_CONTINUOUS_AFTERNOON,DS001428,삼성전자,0193W0,LONG,20/30,5/10,50,44,42,2,2,18.18,-0.3288,-0.3282,8.39,-2.8196,3.0746,-136597,863403,-13.6597,-13.6597
KRX_CONTINUOUS_AFTERNOON,DS003131,SK하이닉스,0193T0,LONG,10/20,3/30,30,63,49,14,2,33.33,-0.2165,-0.5471,14.21,-4.0003,6.6293,-136611,863389,-13.6611,-22.2774
KRX_CONTINUOUS_AFTERNOON,DS003839,삼성전자,0193L0,SHORT,20/30,5/30,30,40,29,11,1,37.50,-0.3532,-0.4212,21.63,-6.4382,5.5540,-136893,863107,-13.6893,-13.9856
KRX_CONTINUOUS_AFTERNOON,DS001389,삼성전자,0193L0,SHORT,10/30,5/10,10,79,73,6,3,41.77,-0.1834,-0.2000,10.09,-2.2656,1.8931,-137296,862704,-13.7296,-16.8262
KRX_CONTINUOUS_AFTERNOON,DS000792,SK하이닉스,0197X0,SHORT,3/30,3/10,50,79,66,13,3,34.18,-0.1751,-0.3586,8.82,-2.8693,7.5444,-137421,862579,-13.7421,-20.4963
KRX_CONTINUOUS_AFTERNOON,DS004678,SK하이닉스,0197X0,SHORT,5/30,20/30,20,81,52,29,3,46.91,-0.1598,-0.0982,20.85,-5.6138,6.4165,-137461,862539,-13.7461,-17.8686
KRX_CONTINUOUS_AFTERNOON,DS000646,SK하이닉스,0197X0,SHORT,3/20,3/10,20,106,92,14,2,34.91,-0.1303,-0.2484,9.75,-2.9380,7.4988,-137473,862527,-13.7473,-16.0222
KRX_CONTINUOUS_AFTERNOON,DS001376,삼성전자,0193W0,LONG,10/30,5/10,5,59,53,6,1,25.42,-0.2449,-0.4260,7.90,-1.9832,4.0196,-137626,862374,-13.7626,-14.3610
KRX_CONTINUOUS_AFTERNOON,DS002828,삼성전자,0193L0,SHORT,10/30,10/20,5,63,45,18,2,33.33,-0.2273,-0.2289,19.10,-3.6427,2.8744,-137884,862116,-13.7884,-17.2842
KRX_CONTINUOUS_AFTERNOON,DS001211,SK하이닉스,0193T0,LONG,10/20,5/10,30,63,56,7,2,28.57,-0.2241,-0.3970,9.41,-3.4236,6.1932,-138037,861963,-13.8037,-16.7843
KRX_CONTINUOUS_AFTERNOON,DS001822,삼성전자,0193L0,SHORT,5/30,3/20,20,76,61,15,2,36.84,-0.1869,-0.3042,14.41,-5.2087,4.9865,-138384,861616,-13.8384,-20.0277
KRX_CONTINUOUS_AFTERNOON,DS000766,삼성전자,0193L0,SHORT,10/20,3/10,20,50,45,5,2,32.00,-0.2950,-0.1665,8.14,-2.3522,1.2667,-138430,861570,-13.8430,-14.5453
KRX_CONTINUOUS_AFTERNOON,DS003768,SK하이닉스,0197X0,SHORT,10/30,5/30,50,45,33,12,2,33.33,-0.3174,-0.6214,17.20,-4.6417,6.1305,-139002,860998,-13.9002,-14.3031
KRX_CONTINUOUS_AFTERNOON,DS001916,삼성전자,0193L0,SHORT,20/30,3/20,5,53,44,9,2,32.08,-0.2725,-0.3171,16.13,-6.2870,5.4036,-139149,860851,-13.9149,-17.2886
KRX_CONTINUOUS_AFTERNOON,DS001752,SK하이닉스,0197X0,SHORT,3/30,3/20,50,79,60,19,2,30.38,-0.1735,-0.3285,10.51,-2.8693,8.2638,-139254,860746,-13.9254,-21.2788
KRX_CONTINUOUS_AFTERNOON,DS001760,삼성전자,0193W0,LONG,3/30,3/20,5,122,103,19,2,31.15,-0.1137,-0.4333,12.75,-2.2219,5.9382,-139349,860651,-13.9349,-16.2760
KRX_CONTINUOUS_AFTERNOON,DS001391,삼성전자,0193L0,SHORT,10/30,5/10,30,43,39,4,2,34.88,-0.3447,-0.3299,9.98,-2.2656,1.8931,-139419,860581,-13.9419,-15.4362
KRX_CONTINUOUS_AFTERNOON,DS002662,SK하이닉스,0197X0,SHORT,10/20,10/20,20,67,49,18,2,31.34,-0.2109,-0.4114,17.52,-3.3961,6.0735,-139503,860497,-13.9503,-15.3328
KRX_CONTINUOUS_AFTERNOON,DS003046,SK하이닉스,0197X0,SHORT,3/20,3/30,20,106,78,28,5,31.13,-0.1233,-0.5315,14.42,-3.6848,8.9794,-139833,860167,-13.9833,-14.2822
KRX_CONTINUOUS_AFTERNOON,DS002111,삼성전자,0193L0,SHORT,3/20,5/20,30,84,65,19,3,32.14,-0.1642,-0.4135,16.48,-5.7598,8.4022,-140044,859956,-14.0044,-23.5503
KRX_CONTINUOUS_AFTERNOON,DS002863,삼성전자,0193W0,LONG,20/30,10/20,NONE,88,67,21,3,30.68,-0.1548,-0.3429,18.33,-6.0029,6.0288,-140335,859665,-14.0335,-27.8811
KRX_CONTINUOUS_AFTERNOON,DS002672,삼성전자,0193W0,LONG,10/20,10/20,5,82,56,26,1,32.93,-0.1719,-0.4896,16.06,-4.0112,6.2549,-140347,859653,-14.0347,-20.0913
KRX_CONTINUOUS_AFTERNOON,DS004687,삼성전자,0193W0,LONG,5/30,20/30,NONE,114,68,46,4,35.96,-0.1144,-0.3421,20.87,-5.4456,7.3307,-140625,859375,-14.0625,-22.4034
KRX_CONTINUOUS_AFTERNOON,DS001375,삼성전자,0193W0,LONG,10/30,5/10,NONE,87,78,9,2,27.59,-0.1680,-0.3934,7.47,-1.9832,5.0299,-140666,859334,-14.0666,-14.5590
KRX_CONTINUOUS_AFTERNOON,DS000346,SK하이닉스,0193T0,LONG,5/30,3/5,20,75,71,4,1,40.00,-0.1954,-0.3352,5.13,-2.8034,5.3457,-140688,859312,-14.0688,-18.3174
KRX_CONTINUOUS_AFTERNOON,DS001783,SK하이닉스,0193T0,LONG,5/30,3/20,NONE,112,92,20,2,29.46,-0.1101,-0.5680,11.72,-4.4879,10.6968,-140756,859244,-14.0756,-24.8160
KRX_CONTINUOUS_AFTERNOON,DS001356,SK하이닉스,0193T0,LONG,10/30,5/10,50,43,40,3,1,32.56,-0.3394,-0.3090,9.56,-3.7543,4.9116,-140831,859169,-14.0831,-17.3168
KRX_CONTINUOUS_AFTERNOON,DS001329,삼성전자,0193W0,LONG,5/30,5/10,10,92,83,9,2,29.35,-0.1566,-0.3982,9.01,-2.3700,4.9091,-140865,859135,-14.0865,-15.0772
KRX_CONTINUOUS_AFTERNOON,DS000324,삼성전자,0193W0,LONG,3/30,3/5,50,63,58,5,1,20.63,-0.2360,-0.3392,4.46,-2.2519,4.1833,-140900,859100,-14.0900,-14.5756
KRX_CONTINUOUS_AFTERNOON,DS003503,삼성전자,0193L0,SHORT,5/10,5/30,30,137,92,45,6,37.96,-0.0796,-0.3285,19.24,-6.6151,7.7877,-140911,859089,-14.0911,-32.0681
KRX_CONTINUOUS_AFTERNOON,DS003249,삼성전자,0193W0,LONG,5/30,3/30,10,92,69,23,2,27.17,-0.1526,-0.5190,14.39,-2.3700,6.2870,-140959,859041,-14.0959,-23.3331
KRX_CONTINUOUS_AFTERNOON,DS000587,SK하이닉스,0193T0,LONG,5/10,3/10,30,103,88,15,2,33.01,-0.1346,-0.3813,8.86,-4.4879,5.5526,-141030,858970,-14.1030,-22.8113
KRX_CONTINUOUS_AFTERNOON,DS002254,삼성전자,0193L0,SHORT,3/30,5/20,20,83,60,23,2,40.96,-0.1703,-0.2458,17.72,-8.6059,5.0239,-141935,858065,-14.1935,-23.3035
KRX_CONTINUOUS_AFTERNOON,DS000202,SK하이닉스,0193T0,LONG,5/20,3/5,20,70,66,4,2,35.71,-0.2149,-0.3675,5.16,-1.8775,3.2656,-142216,857784,-14.2216,-14.2964
KRX_CONTINUOUS_AFTERNOON,DS001892,SK하이닉스,0197X0,SHORT,20/30,3/20,5,63,50,13,2,34.92,-0.2267,-0.2485,13.57,-3.3472,6.3696,-142391,857609,-14.2391,-16.8896
KRX_CONTINUOUS_AFTERNOON,DS001750,SK하이닉스,0197X0,SHORT,3/30,3/20,20,99,77,22,2,35.35,-0.1391,-0.3392,13.57,-4.0726,8.2638,-142651,857349,-14.2651,-20.2587
KRX_CONTINUOUS_AFTERNOON,DS001438,삼성전자,0193L0,SHORT,20/30,5/10,20,73,66,7,2,39.73,-0.2037,-0.2000,10.48,-5.8595,4.5010,-142792,857208,-14.2792,-16.7192
KRX_CONTINUOUS_AFTERNOON,DS000708,삼성전자,0193W0,LONG,5/20,3/10,50,64,54,10,2,34.38,-0.2357,-0.2545,6.27,-2.1316,3.4947,-142969,857031,-14.2969,-16.0093
KRX_CONTINUOUS_AFTERNOON,DS000624,삼성전자,0193L0,SHORT,5/10,3/10,50,139,121,18,4,31.65,-0.0989,-0.3285,9.19,-2.6322,5.9126,-143020,856980,-14.3020,-27.4309
KRX_CONTINUOUS_AFTERNOON,DS001019,SK하이닉스,0193T0,LONG,3/10,5/10,30,110,91,19,2,38.18,-0.1252,-0.3185,10.18,-5.3761,6.1932,-143179,856821,-14.3179,-19.0167
KRX_CONTINUOUS_AFTERNOON,DS003190,SK하이닉스,0197X0,SHORT,3/30,3/30,20,99,73,26,1,33.33,-0.1405,-0.4128,15.06,-3.7470,9.0256,-143252,856748,-14.3252,-16.3512
KRX_CONTINUOUS_AFTERNOON,DS003624,SK하이닉스,0197X0,SHORT,10/20,5/30,50,75,50,25,3,33.33,-0.1845,-0.4420,15.84,-4.9941,10.6245,-143473,856527,-14.3473,-20.1078
KRX_CONTINUOUS_AFTERNOON,DS003155,삼성전자,0193W0,LONG,10/20,3/30,30,63,44,19,2,28.57,-0.2379,-0.5557,14.60,-2.5954,5.2362,-143527,856473,-14.3527,-19.2607
KRX_CONTINUOUS_AFTERNOON,DS003084,SK하이닉스,0193T0,LONG,5/20,3/30,50,58,41,17,2,34.48,-0.2527,-0.5591,13.24,-4.4292,4.3033,-143614,856386,-14.3614,-20.7637
KRX_CONTINUOUS_AFTERNOON,DS003564,SK하이닉스,0193T0,LONG,5/20,5/30,50,58,39,19,2,32.76,-0.2501,-0.6753,14.88,-4.4292,5.6278,-143724,856276,-14.3724,-21.3316
KRX_CONTINUOUS_AFTERNOON,DS004042,SK하이닉스,0193T0,LONG,5/20,10/30,20,70,47,23,3,35.71,-0.2066,-0.5159,19.24,-4.1412,5.2967,-143863,856137,-14.3863,-16.2273
KRX_CONTINUOUS_AFTERNOON,DS000119,SK하이닉스,0197X0,SHORT,5/10,3/5,30,128,119,9,2,35.94,-0.1157,-0.2000,5.27,-3.0980,4.2674,-143938,856062,-14.3938,-19.6581
KRX_CONTINUOUS_AFTERNOON,DS003223,SK하이닉스,0193T0,LONG,5/30,3/30,NONE,112,87,25,2,26.79,-0.1139,-0.5115,12.70,-4.4879,10.2709,-144067,855933,-14.4067,-25.2563
KRX_CONTINUOUS_AFTERNOON,DS003816,SK하이닉스,0197X0,SHORT,20/30,5/30,50,46,33,13,2,28.26,-0.3043,-0.7928,21.35,-6.8038,8.7813,-144332,855668,-14.4332,-15.8564
KRX_CONTINUOUS_AFTERNOON,DS004688,삼성전자,0193W0,LONG,5/30,20/30,5,110,67,43,4,36.36,-0.1228,-0.3421,20.78,-5.4456,7.3307,-144346,855654,-14.4346,-22.3115
KRX_CONTINUOUS_AFTERNOON,DS000395,SK하이닉스,0193T0,LONG,10/30,3/5,30,44,42,2,1,22.73,-0.3511,-0.2975,5.27,-3.1970,1.5747,-144727,855273,-14.4727,-14.5015
KRX_CONTINUOUS_AFTERNOON,DS000801,삼성전자,0193W0,LONG,3/30,3/10,10,104,93,11,2,34.62,-0.1431,-0.3733,8.02,-2.4411,4.6718,-145054,854946,-14.5054,-15.3647
KRX_CONTINUOUS_AFTERNOON,DS000272,삼성전자,0193W0,LONG,10/20,3/5,5,82,74,8,1,24.39,-0.1867,-0.3563,4.37,-1.6616,5.0766,-145458,854542,-14.5458,-15.7753
KRX_CONTINUOUS_AFTERNOON,DS003356,삼성전자,0193L0,SHORT,20/30,3/30,5,53,40,13,2,30.19,-0.2886,-0.4342,19.83,-2.3823,5.7797,-145475,854525,-14.5475,-16.7500
KRX_CONTINUOUS_AFTERNOON,DS001917,삼성전자,0193L0,SHORT,20/30,3/20,10,58,46,12,2,36.21,-0.2615,-0.3624,15.05,-6.2870,5.4036,-145483,854517,-14.5483,-16.6803
KRX_CONTINUOUS_AFTERNOON,DS002227,SK하이닉스,0197X0,SHORT,3/30,5/20,NONE,145,112,33,2,37.24,-0.0888,-0.3237,15.99,-4.0726,9.1102,-145647,854353,-14.5647,-23.1902
KRX_CONTINUOUS_AFTERNOON,DS004500,삼성전자,0193W0,LONG,3/20,20/30,50,89,59,30,4,34.83,-0.1648,-0.3524,19.12,-2.9355,5.4790,-145978,854022,-14.5978,-21.7802
KRX_CONTINUOUS_AFTERNOON,DS000658,삼성전자,0193W0,LONG,3/20,3/10,20,85,74,11,2,36.47,-0.1813,-0.2879,8.15,-2.4411,2.6785,-146060,853940,-14.6060,-16.4857
KRX_CONTINUOUS_AFTERNOON,DS002003,삼성전자,0193W0,LONG,3/10,5/20,30,138,107,31,4,34.78,-0.1016,-0.3087,15.96,-3.2665,6.2249,-146358,853642,-14.6358,-25.9415
KRX_CONTINUOUS_AFTERNOON,DS001306,SK하이닉스,0193T0,LONG,5/30,5/10,20,75,67,8,2,33.33,-0.1951,-0.4412,9.75,-5.3761,5.4794,-146466,853534,-14.6466,-17.9826
KRX_CONTINUOUS_AFTERNOON,DS001173,SK하이닉스,0197X0,SHORT,5/20,5/10,10,125,105,20,2,40.00,-0.1162,-0.2000,9.85,-3.9745,7.8523,-146637,853363,-14.6637,-21.1618
KRX_CONTINUOUS_AFTERNOON,DS001712,삼성전자,0193W0,LONG,10/20,3/20,5,82,68,14,1,29.27,-0.1849,-0.4818,12.76,-2.5954,5.0254,-146717,853283,-14.6717,-17.8701
KRX_CONTINUOUS_AFTERNOON,DS001066,SK하이닉스,0193T0,LONG,5/10,5/10,20,110,96,14,2,37.27,-0.1329,-0.3945,9.55,-5.3761,5.4794,-146733,853267,-14.6733,-20.2464
KRX_CONTINUOUS_AFTERNOON,DS003620,SK하이닉스,0197X0,SHORT,10/20,5/30,5,95,61,34,3,36.84,-0.1469,-0.2000,18.89,-4.9941,10.6245,-146899,853101,-14.6899,-20.1759
KRX_CONTINUOUS_AFTERNOON,DS000191,삼성전자,0193L0,SHORT,3/20,3/5,30,84,75,9,1,34.52,-0.1868,-0.2705,5.26,-2.6515,2.2740,-147192,852808,-14.7192,-16.5739
KRX_CONTINUOUS_AFTERNOON,DS002554,SK하이닉스,0193T0,LONG,3/20,10/20,20,90,66,24,3,28.89,-0.1496,-0.5087,15.41,-5.6824,7.2862,-147203,852797,-14.7203,-23.0400
KRX_CONTINUOUS_AFTERNOON,DS001124,SK하이닉스,0197X0,SHORT,3/20,5/10,5,165,140,25,2,39.39,-0.0846,-0.2000,10.28,-3.7965,8.2179,-147438,852562,-14.7438,-24.8809
KRX_CONTINUOUS_AFTERNOON,DS000823,SK하이닉스,0193T0,LONG,5/30,3/10,NONE,112,101,11,2,28.57,-0.1232,-0.4414,8.09,-4.4879,10.3461,-147514,852486,-14.7514,-20.9078
KRX_CONTINUOUS_AFTERNOON,DS002397,삼성전자,0193L0,SHORT,20/30,5/20,10,58,45,13,2,37.93,-0.2645,-0.2272,16.91,-6.4382,6.1558,-147745,852255,-14.7745,-16.7305
KRX_CONTINUOUS_AFTERNOON,DS000192,삼성전자,0193L0,SHORT,3/20,3/5,50,92,84,8,3,34.78,-0.1705,-0.2000,5.36,-2.7333,2.2922,-147927,852073,-14.7927,-18.8461
KRX_CONTINUOUS_AFTERNOON,DS000383,삼성전자,0193L0,SHORT,5/30,3/5,30,60,54,6,1,33.33,-0.2646,-0.2446,4.95,-1.8766,1.2141,-148004,851996,-14.8004,-15.5884
KRX_CONTINUOUS_AFTERNOON,DS003216,삼성전자,0193L0,SHORT,3/30,3/30,50,69,54,15,1,28.99,-0.2241,-0.4593,13.10,-3.4095,5.0239,-148088,851912,-14.8088,-18.7318
KRX_CONTINUOUS_AFTERNOON,DS001224,SK하이닉스,0197X0,SHORT,10/20,5/10,50,75,66,9,2,33.33,-0.2030,-0.4060,8.51,-2.8531,8.1721,-148202,851798,-14.8202,-20.8691
KRX_CONTINUOUS_AFTERNOON,DS002376,SK하이닉스,0197X0,SHORT,20/30,5/20,50,46,37,9,2,28.26,-0.3215,-0.7729,16.72,-6.8038,7.2012,-148224,851776,-14.8224,-16.1306
KRX_CONTINUOUS_AFTERNOON,DS004450,삼성전자,0193W0,LONG,5/10,20/30,20,126,86,40,5,45.24,-0.1055,-0.2449,22.05,-5.4520,5.4434,-148792,851208,-14.8792,-29.5551
KRX_CONTINUOUS_AFTERNOON,DS000634,SK하이닉스,0193T0,LONG,3/20,3/10,20,90,80,10,2,28.89,-0.1645,-0.4154,8.98,-4.4879,6.2656,-148850,851150,-14.8850,-18.9827
KRX_CONTINUOUS_AFTERNOON,DS002975,삼성전자,0193L0,SHORT,3/10,3/30,30,144,112,32,6,27.78,-0.0937,-0.5373,16.69,-3.4095,9.9642,-149381,850619,-14.9381,-25.3071
KRX_CONTINUOUS_AFTERNOON,DS003180,SK하이닉스,0193T0,LONG,3/30,3/30,50,53,40,13,1,26.42,-0.2945,-0.5286,11.17,-3.0237,4.4486,-149455,850545,-14.9455,-21.2828
KRX_CONTINUOUS_AFTERNOON,DS002088,SK하이닉스,0197X0,SHORT,3/20,5/20,50,118,85,33,4,32.20,-0.1142,-0.5347,12.82,-3.5342,9.0640,-149585,850415,-14.9585,-32.2430
KRX_CONTINUOUS_AFTERNOON,DS002628,삼성전자,0193W0,LONG,5/20,10/20,50,64,42,22,3,28.13,-0.2456,-0.3967,14.11,-2.5622,5.3151,-150060,849940,-15.0060,-22.5487
KRX_CONTINUOUS_AFTERNOON,DS003192,SK하이닉스,0197X0,SHORT,3/30,3/30,50,79,58,21,1,27.85,-0.1910,-0.4566,11.20,-3.7470,9.0256,-150066,849934,-15.0066,-15.7650
KRX_CONTINUOUS_AFTERNOON,DS002831,삼성전자,0193L0,SHORT,10/30,10/20,30,43,32,11,1,34.88,-0.3683,-0.2823,16.30,-3.6427,2.6564,-150102,849898,-15.0102,-19.1195
KRX_CONTINUOUS_AFTERNOON,DS002232,SK하이닉스,0197X0,SHORT,3/30,5/20,50,79,57,22,2,27.85,-0.1844,-0.5258,12.43,-3.8061,9.1102,-150425,849575,-15.0425,-22.0345
KRX_CONTINUOUS_AFTERNOON,DS004786,삼성전자,0193W0,LONG,20/30,20/30,20,79,55,24,2,30.38,-0.1902,-0.4583,20.30,-4.2604,5.5431,-150564,849436,-15.0564,-23.4863
KRX_CONTINUOUS_AFTERNOON,DS004582,SK하이닉스,0197X0,SHORT,10/20,20/30,20,67,40,27,3,37.31,-0.2234,-0.3638,22.49,-6.7765,6.0735,-150703,849297,-15.0703,-19.6044
KRX_CONTINUOUS_AFTERNOON,DS002818,삼성전자,0193W0,LONG,10/30,10/20,20,64,48,16,1,23.44,-0.2420,-0.6163,16.28,-2.7825,5.4544,-150746,849254,-15.0746,-20.2348
KRX_CONTINUOUS_AFTERNOON,DS000802,삼성전자,0193W0,LONG,3/30,3/10,20,83,75,8,2,36.14,-0.1907,-0.3180,8.52,-2.4411,4.1833,-150890,849110,-15.0890,-15.0890
KRX_CONTINUOUS_AFTERNOON,DS000384,삼성전자,0193L0,SHORT,5/30,3/5,50,65,59,6,1,29.23,-0.2494,-0.2395,4.72,-2.7333,1.8587,-151312,848688,-15.1312,-17.7257
KRX_CONTINUOUS_AFTERNOON,DS003728,삼성전자,0193W0,LONG,5/30,5/30,5,110,81,29,1,26.36,-0.1354,-0.5581,14.78,-2.0425,7.3307,-151343,848657,-15.1343,-20.8195
KRX_CONTINUOUS_AFTERNOON,DS003823,삼성전자,0193W0,LONG,20/30,5/30,NONE,88,59,29,2,27.27,-0.1696,-0.4186,18.97,-6.0029,5.7796,-151484,848516,-15.1484,-23.9809
KRX_CONTINUOUS_AFTERNOON,DS002736,삼성전자,0193L0,SHORT,3/30,10/20,50,69,48,21,3,33.33,-0.2154,-0.3372,17.78,-4.3705,5.0239,-151799,848201,-15.1799,-23.4946
KRX_CONTINUOUS_AFTERNOON,DS001414,SK하이닉스,0197X0,SHORT,20/30,5/10,20,84,76,8,2,40.48,-0.1808,-0.2335,10.20,-7.2248,6.3696,-152305,847695,-15.2305,-24.1749
KRX_CONTINUOUS_AFTERNOON,DS000454,SK하이닉스,0197X0,SHORT,20/30,3/5,20,84,81,3,2,34.52,-0.1904,-0.2162,5.70,-6.4150,3.5838,-152485,847515,-15.2485,-20.7053
KRX_CONTINUOUS_AFTERNOON,DS004114,삼성전자,0193W0,LONG,10/20,10/30,20,67,42,25,2,32.84,-0.2327,-0.5086,19.43,-4.0112,7.3307,-152971,847029,-15.2971,-22.1355
KRX_CONTINUOUS_AFTERNOON,DS001666,삼성전자,0193W0,LONG,5/20,3/20,20,74,60,14,1,32.43,-0.2168,-0.2889,11.97,-2.2034,5.9382,-153098,846902,-15.3098,-18.6969
KRX_CONTINUOUS_AFTERNOON,DS000082,삼성전자,0193W0,LONG,3/10,3/5,20,132,125,7,1,32.58,-0.1216,-0.2747,5.26,-2.3518,4.0644,-153169,846831,-15.3169,-22.9283
KRX_CONTINUOUS_AFTERNOON,DS002050,삼성전자,0193W0,LONG,5/10,5/20,20,126,102,24,5,31.75,-0.1195,-0.3830,14.96,-2.7974,6.2870,-153205,846795,-15.3205,-31.3653
KRX_CONTINUOUS_AFTERNOON,DS000886,SK하이닉스,0197X0,SHORT,10/30,3/10,20,68,64,4,2,39.71,-0.2354,-0.3013,9.54,-3.1592,3.6874,-153363,846637,-15.3363,-19.7878
KRX_CONTINUOUS_AFTERNOON,DS000130,삼성전자,0193W0,LONG,5/10,3/5,20,126,119,7,2,30.16,-0.1276,-0.2421,5.16,-1.9872,4.0644,-153378,846622,-15.3378,-22.1332
KRX_CONTINUOUS_AFTERNOON,DS000851,삼성전자,0193W0,LONG,5/30,3/10,30,49,46,3,1,26.53,-0.3344,-0.4579,7.27,-2.3700,2.7555,-153436,846564,-15.3436,-15.3436
KRX_CONTINUOUS_AFTERNOON,DS003778,삼성전자,0193W0,LONG,10/30,5/30,20,64,46,18,2,21.88,-0.2469,-0.6405,16.02,-2.5281,6.5107,-153822,846178,-15.3822,-20.7204
KRX_CONTINUOUS_AFTERNOON,DS002748,SK하이닉스,0193T0,LONG,5/30,10/20,50,45,30,15,2,35.56,-0.3565,-0.4956,15.20,-4.3068,4.0168,-154244,845756,-15.4244,-21.0752
KRX_CONTINUOUS_AFTERNOON,DS002267,SK하이닉스,0193T0,LONG,5/30,5/20,30,49,33,16,1,28.57,-0.3164,-0.5661,14.71,-5.3761,6.0569,-154336,845664,-15.4336,-19.8664
KRX_CONTINUOUS_AFTERNOON,DS004257,삼성전자,0193W0,LONG,10/30,10/30,10,83,55,28,1,26.51,-0.1867,-0.5279,18.61,-3.8390,6.5107,-154364,845636,-15.4364,-19.0897
KRX_CONTINUOUS_AFTERNOON,DS000911,삼성전자,0193L0,SHORT,10/30,3/10,30,43,39,4,1,30.23,-0.3863,-0.4750,8.07,-2.3401,1.1605,-154517,845483,-15.4517,-15.7597
KRX_CONTINUOUS_AFTERNOON,DS004247,SK하이닉스,0197X0,SHORT,10/30,10/30,30,44,31,13,1,38.64,-0.3658,-0.5999,21.64,-5.5671,4.9120,-154609,845391,-15.4609,-19.5289
KRX_CONTINUOUS_AFTERNOON,DS002724,삼성전자,0193W0,LONG,3/30,10/20,50,63,41,22,3,26.98,-0.2509,-0.4400,14.35,-2.6117,5.3151,-154724,845276,-15.4724,-21.9027
KRX_CONTINUOUS_AFTERNOON,DS003812,SK하이닉스,0197X0,SHORT,20/30,5/30,5,63,46,17,2,34.92,-0.2435,-0.7030,19.76,-3.3986,8.7813,-155008,844992,-15.5008,-15.8335
KRX_CONTINUOUS_AFTERNOON,DS002327,SK하이닉스,0197X0,SHORT,10/30,5/20,30,44,35,9,1,43.18,-0.3709,-0.5394,15.84,-3.9485,4.9120,-155328,844672,-15.5328,-18.4578
KRX_CONTINUOUS_AFTERNOON,DS003551,삼성전자,0193L0,SHORT,3/20,5/30,30,84,61,23,3,32.14,-0.1843,-0.3722,19.60,-5.7598,7.7877,-155478,844522,-15.5478,-26.1165
KRX_CONTINUOUS_AFTERNOON,DS004259,삼성전자,0193W0,LONG,10/30,10/30,30,47,33,14,1,23.40,-0.3500,-0.6637,18.04,-1.9832,4.1489,-155638,844362,-15.5638,-20.6058
KRX_CONTINUOUS_AFTERNOON,DS003679,삼성전자,0193W0,LONG,3/30,5/30,NONE,140,96,44,3,29.29,-0.1052,-0.5126,16.11,-2.7612,7.4410,-155769,844231,-15.5769,-22.0860
KRX_CONTINUOUS_AFTERNOON,DS001352,SK하이닉스,0193T0,LONG,10/30,5/10,5,68,60,8,2,29.41,-0.2367,-0.4364,9.51,-3.7543,5.4794,-155952,844048,-15.5952,-17.1878
KRX_CONTINUOUS_AFTERNOON,DS004772,SK하이닉스,0197X0,SHORT,20/30,20/30,5,63,39,24,1,38.10,-0.2421,-0.2485,23.38,-5.3405,8.5734,-156066,843934,-15.6066,-16.6899
KRX_CONTINUOUS_AFTERNOON,DS001847,SK하이닉스,0197X0,SHORT,10/30,3/20,30,44,36,8,1,47.73,-0.3753,-0.2366,13.52,-3.4648,2.3608,-156281,843719,-15.6281,-19.3882
KRX_CONTINUOUS_AFTERNOON,DS003166,삼성전자,0193L0,SHORT,10/20,3/30,20,50,40,10,2,28.00,-0.3332,-0.5031,18.68,-2.4593,3.0450,-156305,843695,-15.6305,-17.9874
KRX_CONTINUOUS_AFTERNOON,DS003588,삼성전자,0193W0,LONG,5/20,5/30,50,64,42,22,3,31.25,-0.2547,-0.4268,15.44,-2.6181,5.3151,-156404,843596,-15.6404,-23.1151
KRX_CONTINUOUS_AFTERNOON,DS002304,삼성전자,0193L0,SHORT,5/30,5/20,50,65,50,15,3,35.38,-0.2499,-0.3410,14.89,-2.6359,4.9865,-156523,843477,-15.6523,-21.3642
KRX_CONTINUOUS_AFTERNOON,DS000439,SK하이닉스,0193T0,LONG,20/30,3/5,NONE,94,86,8,2,28.72,-0.1732,-0.3409,5.78,-5.0248,5.2295,-156606,843394,-15.6606,-15.6606
KRX_CONTINUOUS_AFTERNOON,DS002650,SK하이닉스,0193T0,LONG,10/20,10/20,20,61,42,19,1,34.43,-0.2638,-0.4956,16.80,-4.2466,7.2838,-157022,842978,-15.7022,-19.3060
KRX_CONTINUOUS_AFTERNOON,DS000659,삼성전자,0193W0,LONG,3/20,3/10,30,93,80,13,2,29.03,-0.1779,-0.3540,7.37,-2.4411,4.8874,-157122,842878,-15.7122,-15.7324
KRX_CONTINUOUS_AFTERNOON,DS003332,SK하이닉스,0197X0,SHORT,20/30,3/30,5,63,47,16,2,33.33,-0.2517,-0.4743,18.19,-3.6688,7.1181,-157478,842522,-15.7478,-17.4082
KRX_CONTINUOUS_AFTERNOON,DS003237,SK하이닉스,0197X0,SHORT,5/30,3/30,10,87,63,24,2,37.93,-0.1829,-0.4420,16.17,-5.0713,6.4165,-157506,842494,-15.7506,-19.9105
KRX_CONTINUOUS_AFTERNOON,DS000250,SK하이닉스,0193T0,LONG,10/20,3/5,20,61,56,5,1,27.87,-0.2758,-0.4049,4.89,-2.5055,5.2213,-157568,842432,-15.7568,-17.3937
KRX_CONTINUOUS_AFTERNOON,DS003732,삼성전자,0193W0,LONG,5/30,5/30,50,49,31,18,2,20.41,-0.3413,-0.5396,12.61,-1.9433,4.9065,-157573,842427,-15.7573,-20.6234
KRX_CONTINUOUS_AFTERNOON,DS003059,삼성전자,0193W0,LONG,3/20,3/30,30,93,74,19,4,27.96,-0.1740,-0.4353,12.67,-2.6665,6.2870,-157638,842362,-15.7638,-18.4391
KRX_CONTINUOUS_AFTERNOON,DS004727,SK하이닉스,0197X0,SHORT,10/30,20/30,30,44,31,13,3,40.91,-0.3677,-0.3223,20.82,-6.7901,4.9120,-158085,841915,-15.8085,-25.8248
KRX_CONTINUOUS_AFTERNOON,DS000815,삼성전자,0193L0,SHORT,3/30,3/10,30,60,48,12,2,31.67,-0.2833,-0.3329,8.18,-3.4095,2.1975,-158557,841443,-15.8557,-16.4694
KRX_CONTINUOUS_AFTERNOON,DS001776,삼성전자,0193L0,SHORT,3/30,3/20,50,69,53,16,3,33.33,-0.2399,-0.4113,13.87,-3.4505,5.0239,-158868,841132,-15.8868,-19.3885
KRX_CONTINUOUS_AFTERNOON,DS003717,SK하이닉스,0197X0,SHORT,5/30,5/30,10,87,61,26,1,41.38,-0.1854,-0.2352,17.24,-3.9745,6.4165,-158939,841061,-15.8939,-19.7119
KRX_CONTINUOUS_AFTERNOON,DS001903,삼성전자,0193W0,LONG,20/30,3/20,NONE,88,75,13,2,25.00,-0.1848,-0.3428,14.58,-6.3606,5.9382,-158964,841036,-15.8964,-22.2272
KRX_CONTINUOUS_AFTERNOON,DS000803,삼성전자,0193W0,LONG,3/30,3/10,30,63,56,7,2,33.33,-0.2677,-0.4579,7.89,-2.4411,3.4947,-158974,841026,-15.8974,-15.8974
KRX_CONTINUOUS_AFTERNOON,DS000371,삼성전자,0193W0,LONG,5/30,3/5,30,49,47,2,1,20.41,-0.3501,-0.3329,4.31,-2.3700,2.1569,-159222,840778,-15.9222,-15.9222
KRX_CONTINUOUS_AFTERNOON,DS004723,SK하이닉스,0197X0,SHORT,10/30,20/30,NONE,90,61,29,4,41.11,-0.1718,-0.2683,21.14,-6.7901,6.1305,-159311,840689,-15.9311,-20.0031
KRX_CONTINUOUS_AFTERNOON,DS004737,삼성전자,0193W0,LONG,10/30,20/30,10,83,52,31,2,34.94,-0.1904,-0.4711,20.66,-5.1069,6.5107,-159359,840641,-15.9359,-19.7221
KRX_CONTINUOUS_AFTERNOON,DS000071,SK하이닉스,0197X0,SHORT,3/10,3/5,30,137,124,13,2,36.50,-0.1214,-0.2324,5.09,-2.8693,3.8205,-159557,840443,-15.9557,-22.4401
KRX_CONTINUOUS_AFTERNOON,DS001030,SK하이닉스,0197X0,SHORT,3/10,5/10,20,144,126,18,3,36.11,-0.1098,-0.2452,10.18,-3.1659,8.2638,-159586,840414,-15.9586,-16.0416
KRX_CONTINUOUS_AFTERNOON,DS002135,SK하이닉스,0197X0,SHORT,5/20,5/20,30,84,64,20,1,32.14,-0.1928,-0.5119,12.86,-3.9745,8.6954,-159587,840413,-15.9587,-17.0210
KRX_CONTINUOUS_AFTERNOON,DS002303,삼성전자,0193L0,SHORT,5/30,5/20,30,60,44,16,2,38.33,-0.2764,-0.2642,16.60,-5.8317,4.9865,-159606,840394,-15.9606,-19.5213
KRX_CONTINUOUS_AFTERNOON,DS001307,SK하이닉스,0193T0,LONG,5/30,5/10,30,49,42,7,2,32.65,-0.3362,-0.4412,9.73,-5.3761,5.4794,-159784,840216,-15.9784,-18.4415
KRX_CONTINUOUS_AFTERNOON,DS000683,SK하이닉스,0193T0,LONG,5/20,3/10,30,66,57,9,2,31.82,-0.2556,-0.3841,8.12,-4.4292,5.5513,-160411,839589,-16.0411,-16.3842
KRX_CONTINUOUS_AFTERNOON,DS001523,삼성전자,0193W0,LONG,3/10,3/20,30,138,117,21,4,32.61,-0.1169,-0.3436,13.24,-2.7974,6.2249,-160663,839337,-16.0663,-28.1165
KRX_CONTINUOUS_AFTERNOON,DS002074,SK하이닉스,0193T0,LONG,3/20,5/20,20,90,72,18,2,30.00,-0.1655,-0.5091,15.14,-5.3761,6.1932,-160782,839218,-16.0782,-25.3221
KRX_CONTINUOUS_AFTERNOON,DS000322,삼성전자,0193W0,LONG,3/30,3/5,20,83,78,5,1,28.92,-0.2067,-0.2974,4.80,-1.9872,4.1833,-160824,839176,-16.0824,-16.0824
KRX_CONTINUOUS_AFTERNOON,DS004630,SK하이닉스,0197X0,SHORT,3/30,20/30,20,99,67,32,3,42.42,-0.1556,-0.1543,17.78,-5.6138,6.4738,-160856,839144,-16.0856,-20.0657
KRX_CONTINUOUS_AFTERNOON,DS003635,삼성전자,0193W0,LONG,10/20,5/30,30,63,45,18,2,28.57,-0.2703,-0.5557,14.86,-2.7027,4.7338,-161019,838981,-16.1019,-20.9097
KRX_CONTINUOUS_AFTERNOON,DS000573,삼성전자,0193L0,SHORT,3/10,3/10,10,134,122,12,2,32.09,-0.1241,-0.3554,8.99,-2.3180,6.1504,-161083,838917,-16.1083,-16.6038
KRX_CONTINUOUS_AFTERNOON,DS002096,삼성전자,0193W0,LONG,3/20,5/20,5,156,122,34,4,31.41,-0.0992,-0.3710,14.81,-2.5875,6.2870,-161133,838867,-16.1133,-25.5073
KRX_CONTINUOUS_AFTERNOON,DS000252,SK하이닉스,0193T0,LONG,10/20,3/5,50,52,47,5,1,32.69,-0.3349,-0.2359,4.38,-2.1636,1.7419,-161314,838686,-16.1314,-16.6882
KRX_CONTINUOUS_AFTERNOON,DS001846,SK하이닉스,0197X0,SHORT,10/30,3/20,20,68,56,12,1,41.18,-0.2463,-0.5400,14.37,-3.4648,6.1305,-161437,838563,-16.1437,-20.5249
KRX_CONTINUOUS_AFTERNOON,DS000336,삼성전자,0193L0,SHORT,3/30,3/5,50,69,62,7,2,31.88,-0.2513,-0.2534,5.10,-3.4095,2.0894,-161479,838521,-16.1479,-19.7864
KRX_CONTINUOUS_AFTERNOON,DS001654,SK하이닉스,0197X0,SHORT,5/20,3/20,20,83,66,17,2,38.55,-0.1985,-0.4128,12.73,-3.6804,7.8523,-161509,838491,-16.1509,-18.9654
KRX_CONTINUOUS_AFTERNOON,DS001232,삼성전자,0193W0,LONG,10/20,5/10,5,82,71,11,2,28.05,-0.2084,-0.4306,8.51,-2.5954,4.8205,-161524,838476,-16.1524,-16.8470
KRX_CONTINUOUS_AFTERNOON,DS000562,삼성전자,0193W0,LONG,3/10,3/10,20,132,122,10,1,32.58,-0.1281,-0.2711,8.25,-2.4966,2.9584,-161550,838450,-16.1550,-22.3259
KRX_CONTINUOUS_AFTERNOON,DS002124,SK하이닉스,0193T0,LONG,5/20,5/20,50,58,45,13,1,34.48,-0.2898,-0.6373,12.72,-5.3180,3.9233,-161719,838281,-16.1719,-22.7254
KRX_CONTINUOUS_AFTERNOON,DS002180,SK하이닉스,0197X0,SHORT,10/20,5/20,5,95,70,25,2,34.74,-0.1702,-0.4569,15.24,-3.0587,9.0178,-161864,838136,-16.1864,-17.3486
KRX_CONTINUOUS_AFTERNOON,DS001844,SK하이닉스,0197X0,SHORT,10/30,3/20,5,68,56,12,1,44.12,-0.2480,-0.4323,14.97,-3.4648,6.1305,-161889,838111,-16.1889,-21.2593
KRX_CONTINUOUS_AFTERNOON,DS003263,삼성전자,0193L0,SHORT,5/30,3/30,30,60,45,15,1,31.67,-0.2867,-0.4061,13.33,-2.5872,4.9865,-161919,838081,-16.1919,-17.6115
KRX_CONTINUOUS_AFTERNOON,DS000946,삼성전자,0193W0,LONG,20/30,3/10,20,79,74,5,2,25.32,-0.2183,-0.3038,8.73,-2.3403,2.8227,-161958,838042,-16.1958,-16.1958
KRX_CONTINUOUS_AFTERNOON,DS004736,삼성전자,0193W0,LONG,10/30,20/30,5,59,38,21,1,28.81,-0.2800,-0.5364,21.76,-5.1069,6.5107,-162013,837987,-16.2013,-22.0470
KRX_CONTINUOUS_AFTERNOON,DS000907,삼성전자,0193L0,SHORT,10/30,3/10,NONE,86,77,9,3,34.88,-0.2022,-0.2144,8.78,-2.3401,1.7757,-162053,837947,-16.2053,-19.0044
KRX_CONTINUOUS_AFTERNOON,DS004715,SK하이닉스,0193T0,LONG,10/30,20/30,30,44,27,17,2,34.09,-0.3740,-0.3602,18.36,-7.0709,5.7420,-162106,837894,-16.2106,-22.7514
KRX_CONTINUOUS_AFTERNOON,DS002193,삼성전자,0193W0,LONG,10/20,5/20,10,119,94,25,2,28.57,-0.1366,-0.4663,13.62,-4.4260,6.8226,-162279,837721,-16.2279,-21.3902
KRX_CONTINUOUS_AFTERNOON,DS002839,SK하이닉스,0193T0,LONG,20/30,10/20,NONE,94,61,33,2,32.98,-0.1617,-0.4254,16.31,-7.9425,7.9681,-162539,837461,-16.2539,-28.5660
KRX_CONTINUOUS_AFTERNOON,DS001078,SK하이닉스,0197X0,SHORT,5/10,5/10,20,134,118,16,2,37.31,-0.1224,-0.2455,9.64,-2.9737,8.2638,-162703,837297,-16.2703,-16.2703
KRX_CONTINUOUS_AFTERNOON,DS000307,SK하이닉스,0197X0,SHORT,3/30,3/5,NONE,145,131,14,2,33.10,-0.1183,-0.2000,5.26,-2.8693,4.2674,-162880,837120,-16.2880,-20.8089
KRX_CONTINUOUS_AFTERNOON,DS001834,SK하이닉스,0193T0,LONG,10/30,3/20,20,71,57,14,2,29.58,-0.2361,-0.4973,12.92,-3.7543,5.8867,-163387,836613,-16.3387,-22.6046
KRX_CONTINUOUS_AFTERNOON,DS002878,삼성전자,0193L0,SHORT,20/30,10/20,20,73,53,20,2,36.99,-0.2276,-0.2458,17.51,-9.6484,6.8327,-163394,836606,-16.3394,-19.7464
KRX_CONTINUOUS_AFTERNOON,DS002904,SK하이닉스,0197X0,SHORT,3/5,3/30,50,246,170,76,10,36.99,-0.0225,-0.4264,17.54,-6.8038,11.5618,-163522,836478,-16.3522,-39.7403
KRX_CONTINUOUS_AFTERNOON,DS003727,삼성전자,0193W0,LONG,5/30,5/30,NONE,114,83,31,2,25.44,-0.1439,-0.5283,14.58,-2.0425,7.3307,-164097,835903,-16.4097,-21.4189
KRX_CONTINUOUS_AFTERNOON,DS004627,SK하이닉스,0197X0,SHORT,3/30,20/30,NONE,145,98,47,4,44.83,-0.0998,-0.1154,19.50,-5.6138,6.4738,-164314,835686,-16.4314,-20.8136
KRX_CONTINUOUS_AFTERNOON,DS001067,SK하이닉스,0193T0,LONG,5/10,5/10,30,103,87,16,1,39.81,-0.1616,-0.3813,9.36,-5.3761,5.4794,-164338,835662,-16.4338,-23.0940
KRX_CONTINUOUS_AFTERNOON,DS002207,삼성전자,0193L0,SHORT,10/20,5/20,30,64,54,10,2,34.38,-0.2672,-0.4269,17.42,-6.0109,8.4022,-164443,835557,-16.4443,-20.8899
KRX_CONTINUOUS_AFTERNOON,DS002348,삼성전자,0193L0,SHORT,10/30,5/20,5,63,49,14,2,41.27,-0.2780,-0.2000,17.97,-6.1537,2.0491,-164631,835369,-16.4631,-20.4748
KRX_CONTINUOUS_AFTERNOON,DS003271,SK하이닉스,0193T0,LONG,10/30,3/30,NONE,93,67,26,2,30.11,-0.1733,-0.6189,14.83,-3.7543,8.4957,-164631,835369,-16.4631,-24.4007
KRX_CONTINUOUS_AFTERNOON,DS000695,SK하이닉스,0197X0,SHORT,5/20,3/10,30,84,70,14,2,32.14,-0.2041,-0.2000,8.70,-3.6804,7.1356,-164655,835345,-16.4655,-19.1133
KRX_CONTINUOUS_AFTERNOON,DS000381,삼성전자,0193L0,SHORT,5/30,3/5,10,88,83,5,1,34.09,-0.1999,-0.2121,5.16,-4.9474,2.4162,-164684,835316,-16.4684,-18.2974
KRX_CONTINUOUS_AFTERNOON,DS004175,삼성전자,0193L0,SHORT,3/30,10/30,30,60,39,21,2,33.33,-0.2901,-0.4652,19.30,-2.8033,4.9865,-164958,835042,-16.4958,-22.0003
KRX_CONTINUOUS_AFTERNOON,DS004724,SK하이닉스,0197X0,SHORT,10/30,20/30,5,68,45,23,2,39.71,-0.2445,-0.2683,23.15,-6.7901,6.1305,-165036,834964,-16.5036,-22.5015
KRX_CONTINUOUS_AFTERNOON,DS002204,삼성전자,0193L0,SHORT,10/20,5/20,5,87,69,18,2,39.08,-0.1958,-0.2846,17.49,-6.0109,8.4022,-165058,834942,-16.5058,-21.4320
KRX_CONTINUOUS_AFTERNOON,DS000262,SK하이닉스,0197X0,SHORT,10/20,3/5,20,67,65,2,1,32.84,-0.2655,-0.3980,5.10,-2.2175,2.2445,-165083,834917,-16.5083,-17.5081
KRX_CONTINUOUS_AFTERNOON,DS003357,삼성전자,0193L0,SHORT,20/30,3/30,10,58,41,17,2,32.76,-0.3033,-0.4467,19.21,-2.3823,5.7797,-165197,834803,-16.5197,-17.2139
KRX_CONTINUOUS_AFTERNOON,DS003273,SK하이닉스,0193T0,LONG,10/30,3/30,10,91,66,25,2,29.67,-0.1783,-0.6354,14.97,-3.7543,8.4957,-165497,834503,-16.5497,-24.4791
KRX_CONTINUOUS_AFTERNOON,DS004004,SK하이닉스,0197X0,SHORT,3/20,10/30,5,165,104,61,5,40.00,-0.0673,-0.2000,22.93,-7.3660,10.7885,-165575,834425,-16.5575,-26.6566
KRX_CONTINUOUS_AFTERNOON,DS002719,삼성전자,0193W0,LONG,3/30,10/20,NONE,140,98,42,3,34.29,-0.1120,-0.2957,16.61,-5.1819,6.3641,-165599,834401,-16.5599,-19.6348
KRX_CONTINUOUS_AFTERNOON,DS004255,삼성전자,0193W0,LONG,10/30,10/30,NONE,87,56,31,2,25.29,-0.1935,-0.5171,17.85,-3.8390,6.5107,-165652,834348,-16.5652,-20.1698
KRX_CONTINUOUS_AFTERNOON,DS002675,삼성전자,0193W0,LONG,10/20,10/20,30,63,44,19,2,26.98,-0.2785,-0.5547,14.59,-4.0112,4.9805,-165740,834260,-16.5740,-21.6089
KRX_CONTINUOUS_AFTERNOON,DS004256,삼성전자,0193W0,LONG,10/30,10/30,5,59,38,21,1,23.73,-0.2908,-0.6637,19.71,-3.8390,6.5107,-165777,834223,-16.5777,-22.0372
KRX_CONTINUOUS_AFTERNOON,DS000787,SK하이닉스,0197X0,SHORT,3/30,3/10,NONE,145,126,19,3,37.24,-0.1126,-0.2970,9.54,-8.4114,7.5444,-166004,833996,-16.6004,-22.2199
KRX_CONTINUOUS_AFTERNOON,DS002768,삼성전자,0193W0,LONG,5/30,10/20,5,110,76,34,2,32.73,-0.1490,-0.4144,16.97,-5.4456,6.2549,-166037,833963,-16.6037,-19.2424
KRX_CONTINUOUS_AFTERNOON,DS000647,SK하이닉스,0197X0,SHORT,3/20,3/10,30,106,88,18,3,33.96,-0.1608,-0.2788,8.75,-2.9380,7.4988,-166055,833945,-16.6055,-24.2970
KRX_CONTINUOUS_AFTERNOON,DS000884,SK하이닉스,0197X0,SHORT,10/30,3/10,5,68,63,5,1,39.71,-0.2583,-0.2842,9.57,-3.1592,3.6874,-166068,833932,-16.6068,-21.9620
KRX_CONTINUOUS_AFTERNOON,DS003622,SK하이닉스,0197X0,SHORT,10/20,5/30,20,67,45,22,3,34.33,-0.2543,-0.4953,18.91,-4.9941,6.0735,-166093,833907,-16.6093,-19.4987
KRX_CONTINUOUS_AFTERNOON,DS000132,삼성전자,0193W0,LONG,5/10,3/5,50,125,112,13,2,25.60,-0.1399,-0.2788,5.18,-2.3700,7.2702,-166105,833895,-16.6105,-23.7837
KRX_CONTINUOUS_AFTERNOON,DS002326,SK하이닉스,0197X0,SHORT,10/30,5/20,20,68,55,13,1,41.18,-0.2538,-0.6194,15.87,-3.9485,6.1305,-166394,833606,-16.6394,-20.5082
KRX_CONTINUOUS_AFTERNOON,DS004245,SK하이닉스,0197X0,SHORT,10/30,10/30,10,87,61,26,1,32.18,-0.1871,-0.6192,20.70,-5.5671,11.9784,-166502,833498,-16.6502,-20.4059
KRX_CONTINUOUS_AFTERNOON,DS000789,SK하이닉스,0197X0,SHORT,3/30,3/10,10,113,96,17,2,38.05,-0.1508,-0.2411,9.80,-8.4114,3.7481,-166511,833489,-16.6511,-18.7512
KRX_CONTINUOUS_AFTERNOON,DS003431,SK하이닉스,0197X0,SHORT,3/10,5/30,30,137,95,42,5,31.39,-0.1027,-0.5435,16.62,-3.6848,10.7183,-166592,833408,-16.6592,-21.7577
KRX_CONTINUOUS_AFTERNOON,DS000804,삼성전자,0193W0,LONG,3/30,3/10,50,63,56,7,2,30.16,-0.2828,-0.3764,7.32,-2.2519,4.1833,-166708,833292,-16.6708,-17.0669
KRX_CONTINUOUS_AFTERNOON,DS000909,삼성전자,0193L0,SHORT,10/30,3/10,10,79,73,6,2,32.91,-0.2276,-0.2379,8.70,-2.3401,1.7757,-166859,833141,-16.6859,-18.8155
KRX_CONTINUOUS_AFTERNOON,DS003200,삼성전자,0193W0,LONG,3/30,3/30,5,122,96,26,1,29.51,-0.1386,-0.4905,12.75,-2.4411,6.2870,-166907,833093,-16.6907,-21.1747
KRX_CONTINUOUS_AFTERNOON,DS003395,삼성전자,0193W0,LONG,3/5,5/30,30,235,163,72,7,33.19,-0.0471,-0.3264,18.73,-4.7590,5.1364,-167234,832766,-16.7234,-48.2877
KRX_CONTINUOUS_AFTERNOON,DS002063,삼성전자,0193L0,SHORT,5/10,5/20,30,137,106,31,5,36.50,-0.1015,-0.3570,16.28,-6.6151,8.4022,-167262,832738,-16.7262,-33.5240
KRX_CONTINUOUS_AFTERNOON,DS001103,삼성전자,0193L0,SHORT,5/10,5/10,30,137,117,20,2,32.85,-0.1231,-0.2720,9.26,-2.2656,6.4258,-167425,832575,-16.7425,-23.7859
KRX_CONTINUOUS_AFTERNOON,DS003187,SK하이닉스,0197X0,SHORT,3/30,3/30,NONE,145,113,32,1,32.41,-0.1138,-0.4247,13.97,-3.7470,9.0256,-168072,831928,-16.8072,-19.4996
KRX_CONTINUOUS_AFTERNOON,DS002566,SK하이닉스,0197X0,SHORT,3/20,10/20,20,106,80,26,3,33.02,-0.1541,-0.3033,14.05,-4.4319,10.7983,-168119,831881,-16.8119,-19.3675
KRX_CONTINUOUS_AFTERNOON,DS003264,삼성전자,0193L0,SHORT,5/30,3/30,50,65,50,15,1,30.77,-0.2751,-0.5161,14.23,-2.7333,4.9865,-168200,831800,-16.8200,-18.9230
KRX_CONTINUOUS_AFTERNOON,DS001727,삼성전자,0193L0,SHORT,10/20,3/20,30,64,56,8,2,32.81,-0.2770,-0.3795,15.00,-5.8589,7.6341,-168838,831162,-16.8838,-20.8047
KRX_CONTINUOUS_AFTERNOON,DS001128,SK하이닉스,0197X0,SHORT,3/20,5/10,50,118,96,22,3,34.75,-0.1438,-0.3058,9.42,-3.1659,8.2179,-168858,831142,-16.8858,-28.2479
KRX_CONTINUOUS_AFTERNOON,DS003204,삼성전자,0193W0,LONG,3/30,3/30,50,63,48,15,1,25.40,-0.2850,-0.5162,11.49,-2.2519,5.3151,-169258,830742,-16.9258,-22.3291
KRX_CONTINUOUS_AFTERNOON,DS001413,SK하이닉스,0197X0,SHORT,20/30,5/10,10,71,66,5,2,36.62,-0.2517,-0.2485,8.82,-3.3472,6.3696,-169278,830722,-16.9278,-20.9030
KRX_CONTINUOUS_AFTERNOON,DS003060,삼성전자,0193W0,LONG,3/20,3/30,50,89,65,24,4,28.09,-0.1976,-0.4795,14.20,-2.6665,5.4790,-169369,830631,-16.9369,-24.8312
KRX_CONTINUOUS_AFTERNOON,DS004294,SK하이닉스,0197X0,SHORT,20/30,10/30,20,84,57,27,4,35.71,-0.1724,-0.4752,22.99,-4.8613,10.9772,-169450,830550,-16.9450,-23.2242
KRX_CONTINUOUS_AFTERNOON,DS000347,SK하이닉스,0193T0,LONG,5/30,3/5,30,49,45,4,2,34.69,-0.3709,-0.4182,5.12,-3.0160,5.3457,-169599,830401,-16.9599,-20.1245
KRX_CONTINUOUS_AFTERNOON,DS001219,SK하이닉스,0197X0,SHORT,10/20,5/10,NONE,133,118,15,2,38.35,-0.1300,-0.2448,9.58,-2.8531,8.1721,-169751,830249,-16.9751,-23.4886
KRX_CONTINUOUS_AFTERNOON,DS000526,삼성전자,0193L0,SHORT,3/5,3/10,20,257,227,30,6,31.52,-0.0542,-0.2954,9.73,-3.0155,6.7095,-169766,830234,-16.9766,-32.0592
KRX_CONTINUOUS_AFTERNOON,DS000728,SK하이닉스,0193T0,LONG,10/20,3/10,5,92,80,12,2,28.26,-0.1916,-0.5236,8.64,-3.3127,6.2656,-169936,830064,-16.9936,-18.9387
KRX_CONTINUOUS_AFTERNOON,DS000887,SK하이닉스,0197X0,SHORT,10/30,3/10,30,44,39,5,2,34.09,-0.4150,-0.3771,8.59,-3.1592,2.3608,-169979,830021,-16.9979,-17.4215
KRX_CONTINUOUS_AFTERNOON,DS003189,SK하이닉스,0197X0,SHORT,3/30,3/30,10,113,85,28,1,32.74,-0.1537,-0.4128,14.27,-3.7470,6.4738,-170003,829997,-17.0003,-18.6426
KRX_CONTINUOUS_AFTERNOON,DS000129,삼성전자,0193W0,LONG,5/10,3/5,10,128,116,12,2,31.25,-0.1411,-0.2234,5.09,-2.3700,4.0644,-170441,829559,-17.0441,-22.9089
KRX_CONTINUOUS_AFTERNOON,DS003164,삼성전자,0193L0,SHORT,10/20,3/30,5,87,65,22,3,39.08,-0.2035,-0.3743,19.15,-3.7095,8.0181,-170456,829544,-17.0456,-19.9460
KRX_CONTINUOUS_AFTERNOON,DS004091,SK하이닉스,0193T0,LONG,10/20,10/30,30,63,39,24,2,38.10,-0.2745,-0.5471,19.32,-4.7680,6.5026,-170538,829462,-17.0538,-28.1491
KRX_CONTINUOUS_AFTERNOON,DS001522,삼성전자,0193W0,LONG,3/10,3/20,20,132,116,16,3,31.82,-0.1322,-0.3511,12.77,-3.1112,6.1550,-170543,829457,-17.0543,-33.1244
KRX_CONTINUOUS_AFTERNOON,DS000215,SK하이닉스,0197X0,SHORT,5/20,3/5,30,84,74,10,2,28.57,-0.2187,-0.2366,4.70,-3.6804,2.4217,-170721,829279,-17.0721,-19.4930
KRX_CONTINUOUS_AFTERNOON,DS000333,삼성전자,0193L0,SHORT,3/30,3/5,10,94,87,7,2,37.23,-0.1957,-0.2085,4.96,-4.9474,2.0894,-171220,828780,-17.1220,-18.1148
KRX_CONTINUOUS_AFTERNOON,DS001831,SK하이닉스,0193T0,LONG,10/30,3/20,NONE,93,73,20,2,30.11,-0.1858,-0.5054,12.27,-3.7543,8.0396,-171447,828553,-17.1447,-25.9401
KRX_CONTINUOUS_AFTERNOON,DS000743,SK하이닉스,0197X0,SHORT,10/20,3/10,30,75,63,12,2,37.33,-0.2414,-0.2000,9.21,-4.3815,7.4533,-171602,828398,-17.1602,-20.6721
KRX_CONTINUOUS_AFTERNOON,DS004078,삼성전자,0193L0,SHORT,5/20,10/30,20,71,44,27,2,42.25,-0.2186,-0.3288,23.37,-17.9700,8.0919,-171749,828251,-17.1749,-24.2609
KRX_CONTINUOUS_AFTERNOON,DS001833,SK하이닉스,0193T0,LONG,10/30,3/20,10,91,72,19,2,29.67,-0.1903,-0.5367,12.36,-3.7543,8.0396,-171751,828249,-17.1751,-25.9674
KRX_CONTINUOUS_AFTERNOON,DS001222,SK하이닉스,0197X0,SHORT,10/20,5/10,20,67,62,5,2,35.82,-0.2739,-0.4073,10.01,-2.8531,3.1193,-171804,828196,-17.1804,-18.5307
KRX_CONTINUOUS_AFTERNOON,DS004498,삼성전자,0193W0,LONG,3/20,20/30,20,85,55,30,4,41.18,-0.1990,-0.2370,20.88,-7.7381,5.4434,-171954,828046,-17.1954,-25.2054
KRX_CONTINUOUS_AFTERNOON,DS002266,SK하이닉스,0193T0,LONG,5/30,5/20,20,75,61,14,2,33.33,-0.2295,-0.5972,14.28,-5.3761,6.0569,-171973,828027,-17.1973,-24.2225
KRX_CONTINUOUS_AFTERNOON,DS001188,삼성전자,0193W0,LONG,5/20,5/10,50,64,54,10,2,28.13,-0.2884,-0.2847,8.14,-2.2875,3.4947,-172007,827993,-17.2007,-18.5908
KRX_CONTINUOUS_AFTERNOON,DS002832,삼성전자,0193L0,SHORT,10/30,10/20,50,49,37,12,2,28.57,-0.3773,-0.3681,16.12,-3.6427,2.6564,-172014,827986,-17.2014,-20.5970
KRX_CONTINUOUS_AFTERNOON,DS001739,SK하이닉스,0193T0,LONG,3/30,3/20,30,66,50,16,2,27.27,-0.2646,-0.5288,13.32,-3.6736,7.4596,-172038,827962,-17.2038,-21.8757
KRX_CONTINUOUS_AFTERNOON,DS001354,SK하이닉스,0193T0,LONG,10/30,5/10,20,71,63,8,2,28.17,-0.2539,-0.4753,9.34,-3.7543,5.4794,-172060,827940,-17.2060,-18.5211
KRX_CONTINUOUS_AFTERNOON,DS004788,삼성전자,0193W0,LONG,20/30,20/30,50,44,31,13,2,22.73,-0.4151,-0.5649,20.89,-3.6738,5.5431,-172083,827917,-17.2083,-21.4055
KRX_CONTINUOUS_AFTERNOON,DS003238,SK하이닉스,0197X0,SHORT,5/30,3/30,20,81,63,18,1,34.57,-0.2149,-0.5040,17.04,-5.0713,9.0256,-172409,827591,-17.2409,-20.2600
KRX_CONTINUOUS_AFTERNOON,DS002312,SK하이닉스,0193T0,LONG,10/30,5/20,5,68,53,15,2,29.41,-0.2631,-0.7086,14.28,-3.9594,5.4794,-172411,827589,-17.2411,-21.2437
KRX_CONTINUOUS_AFTERNOON,DS004735,삼성전자,0193W0,LONG,10/30,20/30,NONE,87,53,34,2,33.33,-0.1998,-0.4711,19.83,-5.1069,6.5107,-172625,827375,-17.2625,-20.9889
KRX_CONTINUOUS_AFTERNOON,DS003396,삼성전자,0193W0,LONG,3/5,5/30,50,244,159,85,7,35.66,-0.0441,-0.2884,20.01,-4.7590,8.6366,-172634,827366,-17.2634,-48.5663
KRX_CONTINUOUS_AFTERNOON,DS003753,SK하이닉스,0193T0,LONG,10/30,5/30,10,91,65,26,2,31.87,-0.1873,-0.6080,15.89,-3.9594,8.4957,-172661,827339,-17.2661,-25.2153
KRX_CONTINUOUS_AFTERNOON,DS002661,SK하이닉스,0197X0,SHORT,10/20,10/20,10,125,97,28,2,34.40,-0.1361,-0.3308,15.87,-3.3961,10.7514,-172746,827254,-17.2746,-21.3203
KRX_CONTINUOUS_AFTERNOON,DS000790,SK하이닉스,0197X0,SHORT,3/30,3/10,20,99,85,14,2,35.35,-0.1784,-0.2970,9.84,-8.4114,7.5444,-172833,827167,-17.2833,-20.6023
KRX_CONTINUOUS_AFTERNOON,DS004224,삼성전자,0193L0,SHORT,5/30,10/30,50,65,40,25,3,27.69,-0.2724,-0.5020,19.14,-3.5028,4.9865,-173069,826931,-17.3069,-24.3615
KRX_CONTINUOUS_AFTERNOON,DS002136,SK하이닉스,0197X0,SHORT,5/20,5/20,50,93,71,22,1,34.41,-0.1922,-0.4471,11.39,-3.9745,8.6954,-173353,826647,-17.3353,-21.3265
KRX_CONTINUOUS_AFTERNOON,DS000716,삼성전자,0193L0,SHORT,5/20,3/10,5,141,126,15,2,36.17,-0.1276,-0.2589,9.25,-5.2087,6.1504,-173409,826591,-17.3409,-20.7058
KRX_CONTINUOUS_AFTERNOON,DS000264,SK하이닉스,0197X0,SHORT,10/20,3/5,50,75,69,6,2,33.33,-0.2508,-0.2846,5.51,-2.2833,1.6083,-173499,826501,-17.3499,-17.9889
KRX_CONTINUOUS_AFTERNOON,DS000323,삼성전자,0193W0,LONG,3/30,3/5,30,63,59,4,1,23.81,-0.2978,-0.4252,4.16,-2.2519,3.4947,-173501,826499,-17.3501,-18.2821
KRX_CONTINUOUS_AFTERNOON,DS001715,삼성전자,0193W0,LONG,10/20,3/20,30,63,51,12,2,25.40,-0.2965,-0.5045,12.08,-2.5954,4.8908,-173677,826323,-17.3677,-19.4414
KRX_CONTINUOUS_AFTERNOON,DS001724,삼성전자,0193L0,SHORT,10/20,3/20,5,87,71,16,2,37.93,-0.2093,-0.2914,15.30,-5.8589,7.6341,-173680,826320,-17.3680,-20.5332
KRX_CONTINUOUS_AFTERNOON,DS003312,삼성전자,0193L0,SHORT,10/30,3/30,50,49,37,12,2,30.61,-0.3845,-0.3697,15.41,-2.6191,1.7362,-173719,826281,-17.3719,-19.6135
KRX_CONTINUOUS_AFTERNOON,DS000873,SK하이닉스,0193T0,LONG,10/30,3/10,10,91,79,12,2,27.47,-0.1987,-0.4182,8.12,-3.1970,5.5513,-173773,826227,-17.3773,-19.5142
KRX_CONTINUOUS_AFTERNOON,DS001785,SK하이닉스,0193T0,LONG,5/30,3/20,10,90,72,18,2,32.22,-0.1938,-0.6704,12.21,-4.4879,7.4596,-173854,826146,-17.3854,-20.4528
KRX_CONTINUOUS_AFTERNOON,DS002805,SK하이닉스,0197X0,SHORT,10/30,10/20,10,87,69,18,2,37.93,-0.2072,-0.5869,16.74,-3.0378,6.1305,-174223,825777,-17.4223,-21.1063
KRX_CONTINUOUS_AFTERNOON,DS003140,SK하이닉스,0197X0,SHORT,10/20,3/30,5,95,65,30,3,33.68,-0.1835,-0.4953,16.42,-4.9326,8.9332,-174406,825594,-17.4406,-20.3146
KRX_CONTINUOUS_AFTERNOON,DS000380,삼성전자,0193L0,SHORT,5/30,3/5,5,109,102,7,2,36.70,-0.1716,-0.1847,5.17,-4.9474,2.4162,-174437,825563,-17.4437,-20.5778
KRX_CONTINUOUS_AFTERNOON,DS002803,SK하이닉스,0197X0,SHORT,10/30,10/20,NONE,90,72,18,2,37.78,-0.2011,-0.5799,16.60,-3.0378,6.1305,-174899,825101,-17.4899,-21.1709
KRX_CONTINUOUS_AFTERNOON,DS003667,SK하이닉스,0197X0,SHORT,3/30,5/30,NONE,145,104,41,3,35.86,-0.1149,-0.3821,17.34,-4.0726,10.7183,-174951,825049,-17.4951,-19.5040
KRX_CONTINUOUS_AFTERNOON,DS001845,SK하이닉스,0197X0,SHORT,10/30,3/20,10,87,70,17,1,43.68,-0.2088,-0.3643,14.11,-4.5733,6.1305,-175064,824936,-17.5064,-22.3418
KRX_CONTINUOUS_AFTERNOON,DS000871,SK하이닉스,0193T0,LONG,10/30,3/10,NONE,93,80,13,3,27.96,-0.1962,-0.4182,8.23,-3.1970,5.5513,-175206,824794,-17.5206,-19.6539
KRX_CONTINUOUS_AFTERNOON,DS002229,SK하이닉스,0197X0,SHORT,3/30,5/20,10,113,86,27,2,37.17,-0.1538,-0.3211,15.86,-3.8061,6.4738,-175464,824536,-17.5464,-23.1524
KRX_CONTINUOUS_AFTERNOON,DS001343,삼성전자,0193L0,SHORT,5/30,5/10,30,60,50,10,1,31.67,-0.3168,-0.3086,8.62,-2.3232,2.1975,-175630,824370,-17.5630,-17.5630
KRX_CONTINUOUS_AFTERNOON,DS002700,SK하이닉스,0193T0,LONG,3/30,10/20,50,53,34,19,2,37.74,-0.3445,-0.4557,15.70,-4.1144,4.4486,-175742,824258,-17.5742,-25.1107
KRX_CONTINUOUS_AFTERNOON,DS003442,삼성전자,0193W0,LONG,3/10,5/30,20,132,99,33,5,31.82,-0.1210,-0.5017,18.79,-4.1683,5.9961,-175960,824040,-17.5960,-34.1065
KRX_CONTINUOUS_AFTERNOON,DS001807,삼성전자,0193W0,LONG,5/30,3/20,NONE,114,97,17,2,26.32,-0.1598,-0.3937,12.19,-3.3554,5.9382,-176188,823812,-17.6188,-19.0872
KRX_CONTINUOUS_AFTERNOON,DS002735,삼성전자,0193L0,SHORT,3/30,10/20,30,60,40,20,2,30.00,-0.3102,-0.3329,16.77,-4.3705,4.9865,-176202,823798,-17.6202,-22.2920
KRX_CONTINUOUS_AFTERNOON,DS001823,삼성전자,0193L0,SHORT,5/30,3/20,30,60,45,15,2,31.67,-0.3111,-0.4152,13.60,-5.6795,4.9865,-176210,823790,-17.6210,-19.0160
KRX_CONTINUOUS_AFTERNOON,DS003751,SK하이닉스,0193T0,LONG,10/30,5/30,NONE,93,66,27,3,32.26,-0.1879,-0.6080,15.84,-3.9594,8.4957,-176393,823607,-17.6393,-25.5526
KRX_CONTINUOUS_AFTERNOON,DS003022,삼성전자,0193L0,SHORT,5/10,3/30,20,144,110,34,6,33.33,-0.1077,-0.4026,17.98,-10.5939,8.0181,-176414,823586,-17.6414,-30.6706
KRX_CONTINUOUS_AFTERNOON,DS000379,삼성전자,0193L0,SHORT,5/30,3/5,NONE,110,103,7,2,36.36,-0.1725,-0.1924,5.15,-4.9474,2.4162,-176597,823403,-17.6597,-20.5778
KRX_CONTINUOUS_AFTERNOON,DS001102,삼성전자,0193L0,SHORT,5/10,5/10,20,144,129,15,2,34.72,-0.1247,-0.2651,9.71,-2.2656,6.4258,-176761,823239,-17.6761,-24.2540
KRX_CONTINUOUS_AFTERNOON,DS000453,SK하이닉스,0197X0,SHORT,20/30,3/5,10,71,68,3,2,30.99,-0.2676,-0.2409,5.32,-6.4150,3.5838,-176829,823171,-17.6829,-21.0288
KRX_CONTINUOUS_AFTERNOON,DS002976,삼성전자,0193L0,SHORT,3/10,3/30,50,142,105,37,5,29.58,-0.1166,-0.5314,17.47,-5.6399,9.9642,-176964,823036,-17.6964,-30.2303
KRX_CONTINUOUS_AFTERNOON,DS000883,SK하이닉스,0197X0,SHORT,10/30,3/10,NONE,90,81,9,3,41.11,-0.2039,-0.2842,10.19,-7.4309,3.6874,-177305,822695,-17.7305,-20.6825
KRX_CONTINUOUS_AFTERNOON,DS004761,SK하이닉스,0193T0,LONG,20/30,20/30,10,59,38,21,1,33.90,-0.3069,-0.7623,21.29,-4.1620,6.2442,-177520,822480,-17.7520,-21.6385
KRX_CONTINUOUS_AFTERNOON,DS001104,삼성전자,0193L0,SHORT,5/10,5/10,50,139,120,19,2,32.37,-0.1299,-0.3136,9.42,-2.2656,6.4258,-177683,822317,-17.7683,-25.3995
KRX_CONTINUOUS_AFTERNOON,DS001620,삼성전자,0193W0,LONG,3/20,3/20,50,89,76,13,2,24.72,-0.2140,-0.4248,9.36,-1.8474,5.4790,-177767,822233,-17.7767,-23.3757
KRX_CONTINUOUS_AFTERNOON,DS002182,SK하이닉스,0197X0,SHORT,10/20,5/20,20,67,50,17,2,32.84,-0.2780,-0.5610,16.48,-3.0273,6.0735,-177793,822207,-17.7793,-18.3287
KRX_CONTINUOUS_AFTERNOON,DS002767,삼성전자,0193W0,LONG,5/30,10/20,NONE,114,78,36,2,31.58,-0.1566,-0.4144,16.75,-5.4456,6.2549,-178241,821759,-17.8241,-20.1161
KRX_CONTINUOUS_AFTERNOON,DS000093,삼성전자,0193L0,SHORT,3/10,3/5,10,134,125,9,2,31.34,-0.1435,-0.2000,5.52,-2.4157,2.6247,-178286,821714,-17.8286,-19.6588
KRX_CONTINUOUS_AFTERNOON,DS001090,삼성전자,0193W0,LONG,5/10,5/10,20,126,114,12,2,32.54,-0.1512,-0.2531,9.19,-2.1472,3.6865,-178361,821639,-17.8361,-23.3973
KRX_CONTINUOUS_AFTERNOON,DS000273,삼성전자,0193W0,LONG,10/20,3/5,10,119,108,11,2,23.53,-0.1590,-0.4072,4.92,-2.5128,5.0766,-178426,821574,-17.8426,-18.5231
KRX_CONTINUOUS_AFTERNOON,DS001872,삼성전자,0193L0,SHORT,10/30,3/20,50,49,39,10,2,36.73,-0.3933,-0.2866,14.02,-6.0020,1.6104,-178492,821508,-17.8492,-21.2181
KRX_CONTINUOUS_AFTERNOON,DS004090,SK하이닉스,0193T0,LONG,10/20,10/30,20,61,39,22,2,31.15,-0.3003,-0.5471,19.33,-4.4618,8.8159,-178536,821464,-17.8536,-22.1099
KRX_CONTINUOUS_AFTERNOON,DS003835,삼성전자,0193L0,SHORT,20/30,5/30,NONE,85,57,28,2,38.82,-0.2106,-0.3184,21.42,-9.6484,6.0280,-178553,821447,-17.8553,-21.1854
KRX_CONTINUOUS_AFTERNOON,DS000463,삼성전자,0193W0,LONG,20/30,3/5,NONE,88,83,5,1,27.27,-0.2191,-0.2397,5.02,-4.3335,3.3264,-178616,821384,-17.8616,-17.8616
KRX_CONTINUOUS_AFTERNOON,DS000752,삼성전자,0193W0,LONG,10/20,3/10,5,82,71,11,1,26.83,-0.2341,-0.3786,7.05,-2.2021,4.5643,-178621,821379,-17.8621,-18.8540
KRX_CONTINUOUS_AFTERNOON,DS002100,삼성전자,0193W0,LONG,3/20,5/20,50,89,68,21,3,26.97,-0.2106,-0.4074,14.62,-2.5875,5.4790,-178693,821307,-17.8693,-25.5407
KRX_CONTINUOUS_AFTERNOON,DS003311,삼성전자,0193L0,SHORT,10/30,3/30,30,43,31,12,1,30.23,-0.4522,-0.4750,14.88,-2.6191,2.0491,-179066,820934,-17.9066,-19.5028
KRX_CONTINUOUS_AFTERNOON,DS001808,삼성전자,0193W0,LONG,5/30,3/20,5,110,94,16,2,26.36,-0.1690,-0.3937,12.15,-3.3554,5.9382,-179096,820904,-17.9096,-19.0095
KRX_CONTINUOUS_AFTERNOON,DS002637,삼성전자,0193L0,SHORT,5/20,10/20,10,111,78,33,4,38.74,-0.1583,-0.3275,18.48,-8.5885,8.5505,-179193,820807,-17.9193,-22.6525
KRX_CONTINUOUS_AFTERNOON,DS002626,삼성전자,0193W0,LONG,5/20,10/20,20,74,56,18,2,28.38,-0.2549,-0.4386,15.47,-3.3882,6.0288,-179264,820736,-17.9264,-23.8548
KRX_CONTINUOUS_AFTERNOON,DS002051,삼성전자,0193W0,LONG,5/10,5/20,30,125,97,28,4,32.00,-0.1484,-0.3936,14.02,-2.7974,6.2870,-179672,820328,-17.9672,-26.2664
KRX_CONTINUOUS_AFTERNOON,DS000574,삼성전자,0193L0,SHORT,3/10,3/10,20,141,125,16,2,33.33,-0.1336,-0.2865,8.96,-3.4095,6.1504,-179714,820286,-17.9714,-21.1822
KRX_CONTINUOUS_AFTERNOON,DS004644,삼성전자,0193W0,LONG,3/30,20/30,50,63,38,25,3,36.51,-0.3007,-0.4400,19.25,-3.3378,5.3151,-179744,820256,-17.9744,-23.0876
KRX_CONTINUOUS_AFTERNOON,DS000849,삼성전자,0193W0,LONG,5/30,3/10,10,92,83,9,2,30.43,-0.2086,-0.3893,7.74,-2.3700,4.5643,-179787,820213,-17.9787,-19.2346
KRX_CONTINUOUS_AFTERNOON,DS002123,SK하이닉스,0193T0,LONG,5/20,5/20,30,66,51,15,1,33.33,-0.2837,-0.5782,13.17,-5.3180,6.3760,-179838,820162,-17.9838,-20.7973
KRX_CONTINUOUS_AFTERNOON,DS001688,SK하이닉스,0193T0,LONG,10/20,3/20,5,92,73,19,2,31.52,-0.2017,-0.5985,13.10,-3.4236,6.6034,-180146,819854,-18.0146,-22.6210
KRX_CONTINUOUS_AFTERNOON,DS000166,SK하이닉스,0197X0,SHORT,3/20,3/5,20,106,96,10,1,33.96,-0.1827,-0.2479,5.32,-2.8693,4.0807,-180205,819795,-18.0205,-23.0243
KRX_CONTINUOUS_AFTERNOON,DS003836,삼성전자,0193L0,SHORT,20/30,5/30,5,53,38,15,2,32.08,-0.3617,-0.4342,21.83,-6.4382,5.5540,-180216,819784,-18.0216,-21.3449
KRX_CONTINUOUS_AFTERNOON,DS000142,삼성전자,0193L0,SHORT,5/10,3/5,20,144,137,7,2,36.11,-0.1346,-0.2000,5.24,-2.5256,2.8881,-180354,819646,-18.0354,-21.9507
KRX_CONTINUOUS_AFTERNOON,DS002324,SK하이닉스,0197X0,SHORT,10/30,5/20,5,68,55,13,1,41.18,-0.2797,-0.5900,16.78,-3.9485,6.1305,-180461,819539,-18.0461,-22.5625
KRX_CONTINUOUS_AFTERNOON,DS003024,삼성전자,0193L0,SHORT,5/10,3/30,50,139,102,37,6,30.94,-0.1192,-0.3980,16.63,-5.6399,8.0181,-180632,819368,-18.0632,-32.5430
KRX_CONTINUOUS_AFTERNOON,DS003251,삼성전자,0193W0,LONG,5/30,3/30,30,49,38,11,1,24.49,-0.3973,-0.6083,12.92,-3.2284,6.2870,-180912,819088,-18.0912,-18.0912
KRX_CONTINUOUS_AFTERNOON,DS001176,SK하이닉스,0197X0,SHORT,5/20,5/10,50,93,79,14,2,33.33,-0.2040,-0.2857,8.32,-3.9745,7.8523,-180941,819059,-18.0941,-26.3866
KRX_CONTINUOUS_AFTERNOON,DS003142,SK하이닉스,0197X0,SHORT,10/20,3/30,20,67,48,19,3,31.34,-0.2820,-0.6065,17.19,-4.9326,6.0735,-180995,819005,-18.0995,-19.3843
KRX_CONTINUOUS_AFTERNOON,DS003034,SK하이닉스,0193T0,LONG,3/20,3/30,20,90,71,19,2,22.22,-0.2010,-0.6382,13.64,-4.4879,6.1932,-181091,818909,-18.1091,-26.7430
KRX_CONTINUOUS_AFTERNOON,DS001569,삼성전자,0193W0,LONG,5/10,3/20,10,128,105,23,3,35.16,-0.1474,-0.3206,12.62,-3.0480,5.9382,-181192,818808,-18.1192,-28.9723
KRX_CONTINUOUS_AFTERNOON,DS004306,삼성전자,0193W0,LONG,20/30,10/30,20,79,52,27,2,26.58,-0.2385,-0.4583,20.78,-4.6500,5.5431,-181636,818364,-18.1636,-28.6335
KRX_CONTINUOUS_AFTERNOON,DS001843,SK하이닉스,0197X0,SHORT,10/30,3/20,NONE,90,73,17,2,43.33,-0.2110,-0.2822,13.98,-4.5733,6.1305,-181971,818029,-18.1971,-22.9920
KRX_CONTINUOUS_AFTERNOON,DS003272,SK하이닉스,0193T0,LONG,10/30,3/30,5,68,48,20,2,27.94,-0.2757,-0.7904,15.74,-3.7543,8.4957,-182032,817968,-18.2032,-21.1789
KRX_CONTINUOUS_AFTERNOON,DS003647,삼성전자,0193L0,SHORT,10/20,5/30,30,64,52,12,3,32.81,-0.2989,-0.4645,20.63,-6.0109,7.7877,-182317,817683,-18.2317,-23.5993
KRX_CONTINUOUS_AFTERNOON,DS003308,삼성전자,0193L0,SHORT,10/30,3/30,5,63,46,17,2,31.75,-0.3149,-0.4355,18.30,-2.6191,2.8744,-182801,817199,-18.2801,-19.7022
KRX_CONTINUOUS_AFTERNOON,DS004316,삼성전자,0193L0,SHORT,20/30,10/30,5,53,35,18,2,24.53,-0.3642,-0.4342,24.34,-4.6569,6.7725,-182956,817044,-18.2956,-20.8485
KRX_CONTINUOUS_AFTERNOON,DS001426,삼성전자,0193W0,LONG,20/30,5/10,20,79,74,5,2,24.05,-0.2504,-0.3336,9.25,-2.8196,3.0746,-183141,816859,-18.3141,-18.3141
KRX_CONTINUOUS_AFTERNOON,DS003215,삼성전자,0193L0,SHORT,3/30,3/30,30,60,48,12,2,21.67,-0.3325,-0.4747,12.42,-3.4095,2.4755,-183284,816716,-18.3284,-19.7278
KRX_CONTINUOUS_AFTERNOON,DS001342,삼성전자,0193L0,SHORT,5/30,5/10,20,76,67,9,1,42.11,-0.2588,-0.1748,9.86,-7.2993,2.1975,-183540,816460,-18.3540,-21.1391
KRX_CONTINUOUS_AFTERNOON,DS004051,SK하이닉스,0197X0,SHORT,5/20,10/30,NONE,158,98,60,6,38.61,-0.0792,-0.2176,22.97,-6.7087,10.7885,-183629,816371,-18.3629,-29.0353
KRX_CONTINUOUS_AFTERNOON,DS001235,삼성전자,0193W0,LONG,10/20,5/10,30,63,55,8,2,20.63,-0.3193,-0.3313,8.10,-2.5954,2.2670,-184262,815738,-18.4262,-18.4262
KRX_CONTINUOUS_AFTERNOON,DS001703,SK하이닉스,0197X0,SHORT,10/20,3/20,30,75,59,16,2,33.33,-0.2593,-0.5192,12.55,-4.5855,8.1721,-184303,815697,-18.4303,-21.4277
KRX_CONTINUOUS_AFTERNOON,DS003669,SK하이닉스,0197X0,SHORT,3/30,5/30,10,113,80,33,2,36.28,-0.1656,-0.4128,17.42,-3.8092,6.4738,-184340,815660,-18.4340,-21.4726
KRX_CONTINUOUS_AFTERNOON,DS001053,삼성전자,0193L0,SHORT,3/10,5/10,10,134,119,15,3,36.57,-0.1460,-0.2716,10.35,-3.1977,5.9636,-184531,815469,-18.4531,-19.4819
KRX_CONTINUOUS_AFTERNOON,DS001656,SK하이닉스,0197X0,SHORT,5/20,3/20,50,93,75,18,2,35.48,-0.2083,-0.4471,10.35,-3.6804,7.8523,-184760,815240,-18.4760,-23.9131
KRX_CONTINUOUS_AFTERNOON,DS001186,삼성전자,0193W0,LONG,5/20,5/10,20,74,63,11,1,29.73,-0.2700,-0.2573,8.50,-2.2875,3.6865,-184800,815200,-18.4800,-18.9421
KRX_CONTINUOUS_AFTERNOON,DS004243,SK하이닉스,0197X0,SHORT,10/30,10/30,NONE,90,64,26,2,32.22,-0.2059,-0.6336,20.43,-5.5671,11.9784,-185468,814532,-18.5468,-22.2170
KRX_CONTINUOUS_AFTERNOON,DS002313,SK하이닉스,0193T0,LONG,10/30,5/20,10,91,72,19,2,29.67,-0.2108,-0.6354,12.73,-3.9594,6.6293,-185499,814501,-18.5499,-22.0750
KRX_CONTINUOUS_AFTERNOON,DS000285,삼성전자,0193L0,SHORT,10/20,3/5,10,117,109,8,2,35.90,-0.1713,-0.2229,5.80,-3.5929,3.6402,-185746,814254,-18.5746,-22.2159
KRX_CONTINUOUS_AFTERNOON,DS004392,SK하이닉스,0197X0,SHORT,3/10,20/30,50,132,79,53,5,40.91,-0.1261,-0.2000,19.42,-4.1393,10.3109,-186051,813949,-18.6051,-22.9997
KRX_CONTINUOUS_AFTERNOON,DS000610,삼성전자,0193W0,LONG,5/10,3/10,20,126,116,10,2,34.13,-0.1561,-0.2629,8.44,-5.7412,3.8847,-186058,813942,-18.6058,-25.1232
KRX_CONTINUOUS_AFTERNOON,DS002325,SK하이닉스,0197X0,SHORT,10/30,5/20,10,87,69,18,2,42.53,-0.2236,-0.4686,16.01,-4.5733,6.1305,-186167,813833,-18.6167,-23.7408
KRX_CONTINUOUS_AFTERNOON,DS003116,삼성전자,0193L0,SHORT,5/20,3/30,5,141,105,36,3,35.46,-0.1332,-0.3372,17.46,-4.9474,7.4806,-186297,813703,-18.6297,-22.1327
KRX_CONTINUOUS_AFTERNOON,DS000693,SK하이닉스,0197X0,SHORT,5/20,3/10,10,125,105,20,2,33.60,-0.1561,-0.2000,8.74,-3.6804,7.1356,-186315,813685,-18.6315,-22.0518
KRX_CONTINUOUS_AFTERNOON,DS003262,삼성전자,0193L0,SHORT,5/30,3/30,20,76,55,21,1,32.89,-0.2625,-0.3354,17.33,-4.9474,4.9865,-186425,813575,-18.6425,-23.3968
KRX_CONTINUOUS_AFTERNOON,DS004052,SK하이닉스,0197X0,SHORT,5/20,10/30,5,155,95,60,6,38.71,-0.0840,-0.2000,22.67,-6.7087,10.7885,-186452,813548,-18.6452,-28.6489
KRX_CONTINUOUS_AFTERNOON,DS004211,삼성전자,0193W0,LONG,5/30,10/30,30,49,33,16,2,28.57,-0.4055,-0.6083,19.00,-5.4456,4.5112,-186465,813535,-18.6465,-18.6465
KRX_CONTINUOUS_AFTERNOON,DS000345,SK하이닉스,0193T0,LONG,5/30,3/5,10,90,84,6,2,37.78,-0.2237,-0.2814,4.79,-2.8034,5.3457,-186571,813429,-18.6571,-19.5409
KRX_CONTINUOUS_AFTERNOON,DS004796,삼성전자,0193L0,SHORT,20/30,20/30,5,53,30,23,1,32.08,-0.3756,-0.4342,25.04,-4.6569,6.3438,-186579,813421,-18.6579,-23.7014
KRX_CONTINUOUS_AFTERNOON,DS001196,삼성전자,0193L0,SHORT,5/20,5/10,5,141,126,15,2,38.30,-0.1374,-0.2000,10.16,-7.2993,6.1814,-186681,813319,-18.6681,-21.8294
KRX_CONTINUOUS_AFTERNOON,DS002579,삼성전자,0193W0,LONG,3/20,10/20,30,93,68,25,4,31.18,-0.2063,-0.2844,16.16,-5.1819,6.5831,-186788,813212,-18.6788,-22.6596
KRX_CONTINUOUS_AFTERNOON,DS002352,삼성전자,0193L0,SHORT,10/30,5/20,50,49,39,10,2,38.78,-0.4141,-0.2377,15.35,-6.1537,1.5572,-187118,812882,-18.7118,-22.1436
KRX_CONTINUOUS_AFTERNOON,DS002938,SK하이닉스,0193T0,LONG,3/10,3/30,20,117,92,25,4,29.06,-0.1479,-0.5559,14.19,-4.7071,6.7310,-187340,812660,-18.7340,-35.2652
KRX_CONTINUOUS_AFTERNOON,DS002372,SK하이닉스,0197X0,SHORT,20/30,5/20,5,63,50,13,2,30.16,-0.3114,-0.5262,14.79,-3.7000,7.2012,-187668,812332,-18.7668,-21.0310
KRX_CONTINUOUS_AFTERNOON,DS004580,SK하이닉스,0197X0,SHORT,10/20,20/30,5,95,56,39,3,40.00,-0.2015,-0.2000,21.24,-6.7765,6.0735,-187761,812239,-18.7761,-22.0029
KRX_CONTINUOUS_AFTERNOON,DS002686,삼성전자,0193L0,SHORT,10/20,10/20,20,50,38,12,1,32.00,-0.4090,-0.4162,16.90,-3.4744,3.0450,-187932,812068,-18.7932,-20.6113
KRX_CONTINUOUS_AFTERNOON,DS003106,삼성전자,0193W0,LONG,5/20,3/30,20,74,53,21,2,32.43,-0.2658,-0.4731,15.86,-6.2806,6.2870,-187971,812029,-18.7971,-24.4297
KRX_CONTINUOUS_AFTERNOON,DS003225,SK하이닉스,0193T0,LONG,5/30,3/30,10,90,67,23,2,26.67,-0.2129,-0.5169,12.86,-4.4879,8.9445,-188215,811785,-18.8215,-19.8814
KRX_CONTINUOUS_AFTERNOON,DS002311,SK하이닉스,0193T0,LONG,10/30,5/20,NONE,93,73,20,2,30.11,-0.2109,-0.6354,12.74,-3.9594,6.6293,-189128,810872,-18.9128,-22.4223
KRX_CONTINUOUS_AFTERNOON,DS000068,SK하이닉스,0197X0,SHORT,3/10,3/5,5,230,211,19,1,36.52,-0.0843,-0.2334,5.29,-3.5278,5.0322,-189279,810721,-18.9279,-25.6886
KRX_CONTINUOUS_AFTERNOON,DS002302,삼성전자,0193L0,SHORT,5/30,5/20,20,76,58,18,2,38.16,-0.2631,-0.2373,16.74,-8.6059,4.9865,-189446,810554,-18.9446,-24.9421
KRX_CONTINUOUS_AFTERNOON,DS001784,SK하이닉스,0193T0,LONG,5/30,3/20,5,107,87,20,2,29.91,-0.1801,-0.5698,11.79,-4.4879,7.4596,-189460,810540,-18.9460,-25.3609
KRX_CONTINUOUS_AFTERNOON,DS000179,삼성전자,0193W0,LONG,3/20,3/5,30,93,85,8,2,21.51,-0.2217,-0.3600,4.51,-1.9872,5.4012,-189625,810375,-18.9625,-20.9352
KRX_CONTINUOUS_AFTERNOON,DS003083,SK하이닉스,0193T0,LONG,5/20,3/30,30,66,51,15,2,30.30,-0.3017,-0.6162,13.27,-4.4292,6.3760,-189648,810352,-18.9648,-21.7080
KRX_CONTINUOUS_AFTERNOON,DS003418,SK하이닉스,0193T0,LONG,3/10,5/30,20,117,90,27,4,30.77,-0.1472,-0.6726,16.17,-4.4879,7.9681,-189657,810343,-18.9657,-37.7465
KRX_CONTINUOUS_AFTERNOON,DS004572,SK하이닉스,0193T0,LONG,10/20,20/30,50,52,33,19,2,34.62,-0.3845,-0.3738,18.73,-4.4526,5.4936,-190374,809626,-19.0374,-25.1759
KRX_CONTINUOUS_AFTERNOON,DS004511,삼성전자,0193L0,SHORT,3/20,20/30,30,84,55,29,4,33.33,-0.2277,-0.3029,19.70,-4.3319,6.5217,-190654,809346,-19.0654,-30.6772
KRX_CONTINUOUS_AFTERNOON,DS002827,삼성전자,0193L0,SHORT,10/30,10/20,NONE,86,62,24,3,34.88,-0.2386,-0.2418,17.72,-3.6427,2.8744,-190727,809273,-19.0727,-25.1324
KRX_CONTINUOUS_AFTERNOON,DS004246,SK하이닉스,0197X0,SHORT,10/30,10/30,20,68,47,21,1,32.35,-0.2950,-0.6127,21.79,-5.5671,6.1305,-190823,809177,-19.0823,-20.6210
KRX_CONTINUOUS_AFTERNOON,DS001295,삼성전자,0193L0,SHORT,3/30,5/10,30,60,48,12,2,31.67,-0.3459,-0.3285,10.08,-6.0784,2.1975,-191004,808996,-19.1004,-19.7366
KRX_CONTINUOUS_AFTERNOON,DS000275,삼성전자,0193W0,LONG,10/20,3/5,30,63,57,6,1,20.63,-0.3336,-0.4597,4.10,-1.6616,2.1569,-191076,808924,-19.1076,-19.1076
KRX_CONTINUOUS_AFTERNOON,DS002636,삼성전자,0193L0,SHORT,5/20,10/20,5,141,101,40,4,37.59,-0.1309,-0.3097,17.94,-8.5885,8.5505,-191286,808714,-19.1286,-25.8972
KRX_CONTINUOUS_AFTERNOON,DS003514,SK하이닉스,0193T0,LONG,3/20,5/30,20,90,70,20,2,25.56,-0.2115,-0.7309,15.18,-4.4879,7.2862,-191305,808695,-19.1305,-27.4211
KRX_CONTINUOUS_AFTERNOON,DS001868,삼성전자,0193L0,SHORT,10/30,3/20,5,63,50,13,2,36.51,-0.3302,-0.2289,14.86,-6.0020,2.0491,-191384,808616,-19.1384,-22.3916
KRX_CONTINUOUS_AFTERNOON,DS000180,삼성전자,0193W0,LONG,3/20,3/5,50,89,80,9,2,22.47,-0.2348,-0.3862,4.35,-1.6116,5.4790,-191591,808409,-19.1591,-21.6810
KRX_CONTINUOUS_AFTERNOON,DS001700,SK하이닉스,0197X0,SHORT,10/20,3/20,5,95,73,22,2,33.68,-0.2095,-0.5192,13.93,-4.5855,8.1721,-191643,808357,-19.1643,-20.8784
KRX_CONTINUOUS_AFTERNOON,DS001583,삼성전자,0193L0,SHORT,5/10,3/20,30,137,111,26,5,35.04,-0.1293,-0.3894,14.23,-6.4642,7.6341,-191825,808175,-19.1825,-30.8787
KRX_CONTINUOUS_AFTERNOON,DS000755,삼성전자,0193W0,LONG,10/20,3/10,30,63,54,9,2,22.22,-0.3342,-0.3936,7.46,-2.2021,2.7555,-192020,807980,-19.2020,-19.2020
KRX_CONTINUOUS_AFTERNOON,DS003646,삼성전자,0193L0,SHORT,10/20,5/30,20,50,37,13,2,32.00,-0.4161,-0.4461,22.60,-6.0109,3.0450,-192700,807300,-19.2700,-23.8078
KRX_CONTINUOUS_AFTERNOON,DS001606,SK하이닉스,0197X0,SHORT,3/20,3/20,20,106,88,18,1,32.08,-0.1905,-0.4896,11.36,-3.0195,8.2179,-192793,807207,-19.2793,-19.5349
KRX_CONTINUOUS_AFTERNOON,DS004783,삼성전자,0193W0,LONG,20/30,20/30,NONE,88,63,25,2,28.41,-0.2287,-0.4563,18.74,-4.2604,5.5431,-192962,807038,-19.2962,-23.9528
KRX_CONTINUOUS_AFTERNOON,DS000143,삼성전자,0193L0,SHORT,5/10,3/5,30,137,126,11,2,33.58,-0.1537,-0.2000,4.84,-2.4933,2.8881,-193058,806942,-19.3058,-22.1691
KRX_CONTINUOUS_AFTERNOON,DS004244,SK하이닉스,0197X0,SHORT,10/30,10/30,5,68,46,22,1,33.82,-0.3013,-0.5789,22.40,-5.5671,6.1305,-193669,806331,-19.3669,-21.6217
KRX_CONTINUOUS_AFTERNOON,DS000081,삼성전자,0193W0,LONG,3/10,3/5,10,132,122,10,2,29.55,-0.1589,-0.2766,5.18,-2.1988,4.0644,-193721,806279,-19.3721,-25.9253
KRX_CONTINUOUS_AFTERNOON,DS004725,SK하이닉스,0197X0,SHORT,10/30,20/30,10,87,59,28,3,40.23,-0.2281,-0.2850,20.99,-6.7901,6.1305,-194040,805960,-19.4040,-20.9423
KRX_CONTINUOUS_AFTERNOON,DS002973,삼성전자,0193L0,SHORT,3/10,3/30,10,134,97,37,4,31.34,-0.1425,-0.4546,18.55,-4.6453,9.9642,-194110,805890,-19.4110,-21.0425
KRX_CONTINUOUS_AFTERNOON,DS000451,SK하이닉스,0197X0,SHORT,20/30,3/5,NONE,93,89,4,2,33.33,-0.2262,-0.2409,5.84,-6.4150,3.5838,-194610,805390,-19.4610,-24.0875
KRX_CONTINUOUS_AFTERNOON,DS002423,SK하이닉스,0197X0,SHORT,3/5,10/20,30,267,198,69,7,35.21,-0.0438,-0.2850,14.89,-4.9138,10.7983,-194865,805135,-19.4865,-33.0533
KRX_CONTINUOUS_AFTERNOON,DS003274,SK하이닉스,0193T0,LONG,10/30,3/30,20,71,51,20,2,26.76,-0.2873,-0.7606,14.68,-3.7543,8.4957,-194898,805102,-19.4898,-22.2340
KRX_CONTINUOUS_AFTERNOON,DS002314,SK하이닉스,0193T0,LONG,10/30,5/20,20,71,55,16,2,29.58,-0.2916,-0.6655,13.52,-3.9594,5.4794,-195014,804986,-19.5014,-22.9900
KRX_CONTINUOUS_AFTERNOON,DS003179,SK하이닉스,0193T0,LONG,3/30,3/30,30,66,53,13,1,22.73,-0.3148,-0.5277,11.59,-3.6003,6.0569,-195039,804961,-19.5039,-21.8158
KRX_CONTINUOUS_AFTERNOON,DS001163,SK하이닉스,0193T0,LONG,5/20,5/10,30,66,56,10,2,31.82,-0.3161,-0.3994,9.14,-5.3180,5.4794,-195053,804947,-19.5053,-19.9091
KRX_CONTINUOUS_AFTERNOON,DS001305,SK하이닉스,0193T0,LONG,5/30,5/10,10,90,78,12,1,33.33,-0.2270,-0.4307,9.29,-5.3761,5.4794,-195108,804892,-19.5108,-19.5108
KRX_CONTINUOUS_AFTERNOON,DS003752,SK하이닉스,0193T0,LONG,10/30,5/30,5,68,47,21,2,30.88,-0.3002,-0.8610,16.85,-3.9594,8.4957,-195264,804736,-19.5264,-23.2725
KRX_CONTINUOUS_AFTERNOON,DS003705,SK하이닉스,0193T0,LONG,5/30,5/30,10,90,65,25,1,28.89,-0.2216,-0.5141,14.11,-4.4879,8.9445,-195398,804602,-19.5398,-19.9646
KRX_CONTINUOUS_AFTERNOON,DS001584,삼성전자,0193L0,SHORT,5/10,3/20,50,139,111,28,5,35.25,-0.1330,-0.3714,14.87,-6.4642,7.6341,-195509,804491,-19.5509,-33.4071
KRX_CONTINUOUS_AFTERNOON,DS000131,삼성전자,0193W0,LONG,5/10,3/5,30,125,116,9,2,28.00,-0.1690,-0.3207,4.96,-2.3700,4.0644,-195601,804399,-19.5601,-23.9020
KRX_CONTINUOUS_AFTERNOON,DS004295,SK하이닉스,0197X0,SHORT,20/30,10/30,30,54,37,17,2,27.78,-0.3471,-0.6607,23.63,-4.8613,10.9772,-195628,804372,-19.5628,-25.6761
KRX_CONTINUOUS_AFTERNOON,DS000237,삼성전자,0193L0,SHORT,5/20,3/5,10,111,102,9,2,36.94,-0.1918,-0.2000,5.24,-4.9474,2.0894,-195726,804274,-19.5726,-20.6519
KRX_CONTINUOUS_AFTERNOON,DS003696,삼성전자,0193L0,SHORT,3/30,5/30,50,69,47,22,2,28.99,-0.3049,-0.4723,16.39,-4.3216,5.0239,-196426,803574,-19.6426,-25.0190
KRX_CONTINUOUS_AFTERNOON,DS003199,삼성전자,0193W0,LONG,3/30,3/30,NONE,140,109,31,1,29.29,-0.1456,-0.4865,12.67,-2.4411,6.2870,-196552,803448,-19.6552,-25.1465
KRX_CONTINUOUS_AFTERNOON,DS002206,삼성전자,0193L0,SHORT,10/20,5/20,20,50,43,7,2,32.00,-0.4298,-0.4269,17.02,-6.0109,2.2646,-196910,803090,-19.6910,-22.2305
KRX_CONTINUOUS_AFTERNOON,DS002951,SK하이닉스,0197X0,SHORT,3/10,3/30,30,137,100,37,5,29.20,-0.1337,-0.5610,14.99,-3.6848,10.3109,-196951,803049,-19.6951,-19.7226
KRX_CONTINUOUS_AFTERNOON,DS001344,삼성전자,0193L0,SHORT,5/30,5/10,50,65,56,9,1,33.85,-0.3322,-0.2424,9.06,-3.5128,2.1975,-197033,802967,-19.7033,-21.7423
KRX_CONTINUOUS_AFTERNOON,DS004463,삼성전자,0193L0,SHORT,5/10,20/30,30,137,81,56,5,37.96,-0.1368,-0.3208,20.31,-3.9724,7.8061,-197246,802754,-19.7246,-32.1684
KRX_CONTINUOUS_AFTERNOON,DS003224,SK하이닉스,0193T0,LONG,5/30,3/30,5,107,82,25,2,27.10,-0.1885,-0.5129,12.83,-4.4879,8.9445,-197275,802725,-19.7275,-25.2563
KRX_CONTINUOUS_AFTERNOON,DS000320,삼성전자,0193W0,LONG,3/30,3/5,5,122,112,10,1,26.23,-0.1750,-0.3034,4.64,-1.9872,5.1846,-197485,802515,-19.7485,-23.7639
KRX_CONTINUOUS_AFTERNOON,DS002062,삼성전자,0193L0,SHORT,5/10,5/20,20,144,117,27,5,35.42,-0.1221,-0.3554,15.63,-10.5939,8.4022,-197529,802471,-19.7529,-35.7803
KRX_CONTINUOUS_AFTERNOON,DS003478,SK하이닉스,0197X0,SHORT,5/10,5/30,20,134,95,39,5,38.81,-0.1312,-0.4299,18.13,-5.9569,10.7183,-197531,802469,-19.7531,-26.2646
KRX_CONTINUOUS_AFTERNOON,DS004126,삼성전자,0193L0,SHORT,10/20,10/30,20,50,34,16,2,36.00,-0.4300,-0.4672,24.42,-3.3762,3.0450,-197600,802400,-19.7600,-24.4958
KRX_CONTINUOUS_AFTERNOON,DS003394,삼성전자,0193W0,LONG,3/5,5/30,20,226,164,62,7,34.07,-0.0617,-0.3594,18.47,-6.1524,5.1364,-197653,802347,-19.7653,-41.0805
KRX_CONTINUOUS_AFTERNOON,DS002398,삼성전자,0193L0,SHORT,20/30,5/20,20,73,57,16,2,38.36,-0.2852,-0.2458,16.12,-9.6484,6.1558,-197661,802339,-19.7661,-22.7950
KRX_CONTINUOUS_AFTERNOON,DS000864,삼성전자,0193L0,SHORT,5/30,3/10,50,65,56,9,1,33.85,-0.3346,-0.3285,8.32,-2.6359,2.1975,-197921,802079,-19.7921,-21.8281
KRX_CONTINUOUS_AFTERNOON,DS001280,삼성전자,0193W0,LONG,3/30,5/10,5,122,108,14,2,31.97,-0.1727,-0.3637,9.44,-2.3653,4.9282,-197935,802065,-19.7935,-20.1706
KRX_CONTINUOUS_AFTERNOON,DS002347,삼성전자,0193L0,SHORT,10/30,5/20,NONE,86,67,19,3,39.53,-0.2496,-0.2000,16.31,-6.1537,2.3277,-198002,801998,-19.8002,-26.2860
KRX_CONTINUOUS_AFTERNOON,DS003214,삼성전자,0193L0,SHORT,3/30,3/30,20,83,63,20,1,31.33,-0.2581,-0.4593,16.14,-4.9474,5.0239,-198416,801584,-19.8416,-23.1903
KRX_CONTINUOUS_AFTERNOON,DS002097,삼성전자,0193W0,LONG,3/20,5/20,10,141,115,26,3,27.66,-0.1443,-0.3760,13.09,-2.1332,6.2870,-198619,801381,-19.8619,-23.2048
KRX_CONTINUOUS_AFTERNOON,DS002564,SK하이닉스,0197X0,SHORT,3/20,10/20,5,165,123,42,3,38.18,-0.1107,-0.2451,16.90,-5.4731,10.7983,-198664,801336,-19.8664,-27.2995
KRX_CONTINUOUS_AFTERNOON,DS004303,삼성전자,0193W0,LONG,20/30,10/30,NONE,88,57,31,2,28.41,-0.2342,-0.3897,21.45,-6.0029,5.5431,-198900,801100,-19.8900,-29.4303
KRX_CONTINUOUS_AFTERNOON,DS000706,삼성전자,0193W0,LONG,5/20,3/10,20,74,63,11,1,35.14,-0.2947,-0.2514,7.38,-2.4411,2.7555,-199006,800994,-19.9006,-20.9158
KRX_CONTINUOUS_AFTERNOON,DS002351,삼성전자,0193L0,SHORT,10/30,5/20,30,43,32,11,1,34.88,-0.5055,-0.4291,15.56,-6.1537,2.0491,-199021,800979,-19.9021,-22.7178
KRX_CONTINUOUS_AFTERNOON,DS000885,SK하이닉스,0197X0,SHORT,10/30,3/10,10,87,78,9,2,40.23,-0.2431,-0.3067,10.02,-7.4309,3.6874,-199247,800753,-19.9247,-22.7456
KRX_CONTINUOUS_AFTERNOON,DS002168,SK하이닉스,0193T0,LONG,10/20,5/20,5,92,71,21,2,33.70,-0.2281,-0.5999,13.99,-3.6294,6.1932,-199352,800648,-19.9352,-24.5118
KRX_CONTINUOUS_AFTERNOON,DS000107,SK하이닉스,0193T0,LONG,5/10,3/5,30,103,92,11,2,34.95,-0.2103,-0.2529,5.06,-3.0238,3.7192,-199444,800556,-19.9444,-20.5110
KRX_CONTINUOUS_AFTERNOON,DS003704,SK하이닉스,0193T0,LONG,5/30,5/30,5,107,81,26,1,28.97,-0.1901,-0.5129,14.25,-4.4879,8.9445,-199546,800454,-19.9546,-25.0897
KRX_CONTINUOUS_AFTERNOON,DS002256,삼성전자,0193L0,SHORT,3/30,5/20,50,69,51,18,3,33.33,-0.3094,-0.4156,16.58,-4.3216,5.0239,-199817,800183,-19.9817,-25.2864
KRX_CONTINUOUS_AFTERNOON,DS002829,삼성전자,0193L0,SHORT,10/30,10/20,10,79,59,20,2,32.91,-0.2747,-0.2823,18.04,-3.6427,2.8744,-200084,799916,-20.0084,-23.9227
KRX_CONTINUOUS_AFTERNOON,DS000740,SK하이닉스,0197X0,SHORT,10/20,3/10,5,95,82,13,2,35.79,-0.2253,-0.4563,9.09,-4.3815,7.4533,-200143,799857,-20.0143,-21.3333
KRX_CONTINUOUS_AFTERNOON,DS004018,삼성전자,0193W0,LONG,3/20,10/30,20,85,55,30,4,36.47,-0.2420,-0.5102,21.04,-7.4193,5.4434,-200312,799688,-20.0312,-27.3939
KRX_CONTINUOUS_AFTERNOON,DS002145,삼성전자,0193W0,LONG,5/20,5/20,10,124,100,24,2,29.84,-0.1682,-0.4883,12.95,-2.2517,6.2870,-200392,799608,-20.0392,-25.1898
KRX_CONTINUOUS_AFTERNOON,DS002323,SK하이닉스,0197X0,SHORT,10/30,5/20,NONE,90,72,18,2,42.22,-0.2356,-0.4943,15.83,-4.5733,6.1305,-200436,799564,-20.0436,-25.0779
KRX_CONTINUOUS_AFTERNOON,DS002157,삼성전자,0193L0,SHORT,5/20,5/20,10,111,85,26,2,37.84,-0.1855,-0.3285,16.24,-8.6059,7.8627,-200876,799124,-20.0876,-25.4005
KRX_CONTINUOUS_AFTERNOON,DS000863,삼성전자,0193L0,SHORT,5/30,3/10,30,60,50,10,1,33.33,-0.3693,-0.3543,7.88,-2.0318,2.1975,-200934,799066,-20.0934,-20.0934
KRX_CONTINUOUS_AFTERNOON,DS004594,삼성전자,0193W0,LONG,10/20,20/30,20,67,41,26,2,31.34,-0.3169,-0.5550,20.57,-5.2769,7.3307,-201148,798852,-20.1148,-25.3520
KRX_CONTINUOUS_AFTERNOON,DS000824,SK하이닉스,0193T0,LONG,5/30,3/10,5,107,96,11,2,28.97,-0.1994,-0.4413,8.05,-4.4879,5.5513,-201376,798624,-20.1376,-20.9078
KRX_CONTINUOUS_AFTERNOON,DS001125,SK하이닉스,0197X0,SHORT,3/20,5/10,10,156,134,22,3,36.54,-0.1317,-0.2214,10.30,-3.7965,8.2179,-201562,798438,-20.1562,-24.8178
KRX_CONTINUOUS_AFTERNOON,DS003563,SK하이닉스,0193T0,LONG,5/20,5/30,30,66,50,16,2,30.30,-0.3210,-0.7810,14.83,-4.4292,7.6090,-201577,798423,-20.1577,-22.4655
KRX_CONTINUOUS_AFTERNOON,DS000178,삼성전자,0193W0,LONG,3/20,3/5,20,85,78,7,2,28.24,-0.2622,-0.3392,4.76,-1.9872,2.1833,-201649,798351,-20.1649,-21.3282
KRX_CONTINUOUS_AFTERNOON,DS001423,삼성전자,0193W0,LONG,20/30,5/10,NONE,88,81,7,2,23.86,-0.2505,-0.3336,9.53,-2.8196,3.0746,-201855,798145,-20.1855,-20.1855
KRX_CONTINUOUS_AFTERNOON,DS003767,SK하이닉스,0197X0,SHORT,10/30,5/30,30,44,32,12,1,38.64,-0.4993,-0.5830,18.09,-4.6417,2.5414,-201972,798028,-20.1972,-23.1288
KRX_CONTINUOUS_AFTERNOON,DS002974,삼성전자,0193L0,SHORT,3/10,3/30,20,141,104,37,6,31.21,-0.1372,-0.5831,18.22,-9.8218,9.9642,-201993,798007,-20.1993,-28.0983
KRX_CONTINUOUS_AFTERNOON,DS004112,삼성전자,0193W0,LONG,10/20,10/30,5,82,49,33,2,31.71,-0.2589,-0.5650,19.49,-4.0112,7.3307,-202053,797947,-20.2053,-25.1949
KRX_CONTINUOUS_AFTERNOON,DS000576,삼성전자,0193L0,SHORT,3/10,3/10,50,142,125,17,2,30.99,-0.1519,-0.3833,8.51,-3.4095,6.1504,-202191,797809,-20.2191,-26.7899
KRX_CONTINUOUS_AFTERNOON,DS000118,SK하이닉스,0197X0,SHORT,5/10,3/5,20,134,124,10,2,36.57,-0.1630,-0.2453,5.28,-3.5063,3.5470,-202429,797571,-20.2429,-24.2724
KRX_CONTINUOUS_AFTERNOON,DS000816,삼성전자,0193L0,SHORT,3/30,3/10,50,69,57,12,2,28.99,-0.3229,-0.3527,8.64,-3.4095,2.1975,-202865,797135,-20.2865,-22.9958
KRX_CONTINUOUS_AFTERNOON,DS001284,삼성전자,0193W0,LONG,3/30,5/10,50,63,56,7,2,28.57,-0.3522,-0.4246,9.00,-2.3653,4.0946,-203382,796618,-20.3382,-20.6806
KRX_CONTINUOUS_AFTERNOON,DS000814,삼성전자,0193L0,SHORT,3/30,3/10,20,83,71,12,2,37.35,-0.2689,-0.2593,9.42,-5.2087,2.1975,-204017,795983,-20.4017,-22.9381
KRX_CONTINUOUS_AFTERNOON,DS000715,삼성전자,0193L0,SHORT,5/20,3/10,NONE,150,135,15,2,34.67,-0.1452,-0.2584,8.94,-5.2087,6.1504,-204150,795850,-20.4150,-23.5018
KRX_CONTINUOUS_AFTERNOON,DS001978,SK하이닉스,0193T0,LONG,3/10,5/20,20,117,95,22,4,31.62,-0.1688,-0.5859,14.49,-5.5756,6.7310,-204411,795589,-20.4411,-36.9948
KRX_CONTINUOUS_AFTERNOON,DS004279,SK하이닉스,0193T0,LONG,20/30,10/30,NONE,94,53,41,3,30.85,-0.2096,-0.4534,20.26,-7.9425,6.6041,-204478,795522,-20.4478,-31.6618
KRX_CONTINUOUS_AFTERNOON,DS000934,SK하이닉스,0197X0,SHORT,20/30,3/10,20,84,76,8,2,33.33,-0.2604,-0.3416,9.58,-6.8942,5.6628,-205382,794618,-20.5382,-26.1529
KRX_CONTINUOUS_AFTERNOON,DS001080,SK하이닉스,0197X0,SHORT,5/10,5/10,50,134,116,18,2,35.07,-0.1604,-0.3743,9.10,-2.9737,8.2638,-205669,794331,-20.5669,-22.2379
KRX_CONTINUOUS_AFTERNOON,DS000539,SK하이닉스,0193T0,LONG,3/10,3/10,30,110,98,12,1,30.00,-0.1978,-0.4377,7.96,-4.4879,6.2656,-205736,794264,-20.5736,-24.0042
KRX_CONTINUOUS_AFTERNOON,DS002004,삼성전자,0193W0,LONG,3/10,5/20,50,146,106,40,5,32.88,-0.1379,-0.4104,16.15,-3.2665,7.3377,-205744,794256,-20.5744,-36.4903
KRX_CONTINUOUS_AFTERNOON,DS003744,삼성전자,0193L0,SHORT,5/30,5/30,50,65,46,19,1,29.23,-0.3443,-0.4898,14.82,-3.6022,4.9865,-206167,793833,-20.6167,-24.6358
KRX_CONTINUOUS_AFTERNOON,DS002471,SK하이닉스,0197X0,SHORT,3/10,10/20,30,137,103,34,4,31.39,-0.1495,-0.4274,14.36,-4.7013,10.8453,-206371,793629,-20.6371,-25.1936
KRX_CONTINUOUS_AFTERNOON,DS001704,SK하이닉스,0197X0,SHORT,10/20,3/20,50,75,59,16,2,30.67,-0.2935,-0.6798,12.09,-4.5855,8.1721,-206588,793412,-20.6588,-24.6066
KRX_CONTINUOUS_AFTERNOON,DS004271,삼성전자,0193L0,SHORT,10/30,10/30,30,43,30,13,1,25.58,-0.5288,-0.4460,19.02,-3.5344,3.0134,-206731,793269,-20.6731,-24.6480
KRX_CONTINUOUS_AFTERNOON,DS004164,삼성전자,0193W0,LONG,3/30,10/30,50,63,38,25,3,26.98,-0.3565,-0.5171,19.63,-2.6117,5.3151,-207334,792666,-20.7334,-25.8891
KRX_CONTINUOUS_AFTERNOON,DS001327,삼성전자,0193W0,LONG,5/30,5/10,NONE,114,103,11,2,28.95,-0.1968,-0.3467,8.38,-2.3700,4.9091,-207580,792420,-20.7580,-21.6718
KRX_CONTINUOUS_AFTERNOON,DS004486,SK하이닉스,0197X0,SHORT,3/20,20/30,20,106,75,31,5,37.74,-0.2048,-0.2000,16.38,-4.0221,6.2231,-207984,792016,-20.7984,-21.8739
KRX_CONTINUOUS_AFTERNOON,DS004620,SK하이닉스,0193T0,LONG,3/30,20/30,50,53,38,15,3,35.85,-0.4189,-0.3791,14.38,-4.5493,5.4987,-208092,791908,-20.8092,-27.0560
KRX_CONTINUOUS_AFTERNOON,DS002830,삼성전자,0193L0,SHORT,10/30,10/20,20,66,48,18,3,31.82,-0.3463,-0.2851,17.29,-3.6427,2.6564,-208166,791834,-20.8166,-24.5825
KRX_CONTINUOUS_AFTERNOON,DS000332,삼성전자,0193L0,SHORT,3/30,3/5,5,110,102,8,1,40.00,-0.2078,-0.2313,5.40,-4.9474,2.0894,-208254,791746,-20.8254,-22.4790
KRX_CONTINUOUS_AFTERNOON,DS002782,삼성전자,0193L0,SHORT,5/30,10/20,20,76,53,23,2,36.84,-0.2872,-0.3230,18.87,-8.5885,4.9865,-208569,791431,-20.8569,-26.9706
KRX_CONTINUOUS_AFTERNOON,DS001208,SK하이닉스,0193T0,LONG,10/20,5/10,5,92,79,13,2,29.35,-0.2421,-0.3994,9.62,-3.6576,6.1932,-208610,791390,-20.8610,-22.4839
KRX_CONTINUOUS_AFTERNOON,DS000455,SK하이닉스,0197X0,SHORT,20/30,3/5,30,54,51,3,2,24.07,-0.4257,-0.2763,4.81,-6.4150,3.5838,-208736,791264,-20.8736,-22.4850
KRX_CONTINUOUS_AFTERNOON,DS002556,SK하이닉스,0193T0,LONG,3/20,10/20,50,68,52,16,3,32.35,-0.3277,-0.7999,14.19,-3.8501,3.9233,-208806,791194,-20.8806,-26.8557
KRX_CONTINUOUS_AFTERNOON,DS000394,SK하이닉스,0193T0,LONG,10/30,3/5,20,71,66,5,2,22.54,-0.3241,-0.3215,5.13,-3.1970,4.9116,-208833,791167,-20.8833,-20.9099
KRX_CONTINUOUS_AFTERNOON,DS003994,SK하이닉스,0193T0,LONG,3/20,10/30,20,90,60,30,3,25.56,-0.2333,-0.4932,17.57,-5.3709,5.9308,-208914,791086,-20.8914,-23.5816
KRX_CONTINUOUS_AFTERNOON,DS003287,SK하이닉스,0197X0,SHORT,10/30,3/30,30,44,34,10,1,40.91,-0.5205,-0.5225,16.93,-4.5800,2.5414,-208925,791075,-20.8925,-23.7897
KRX_CONTINUOUS_AFTERNOON,DS004163,삼성전자,0193W0,LONG,3/30,10/30,30,63,41,22,3,31.75,-0.3549,-0.5812,21.32,-5.1819,4.5112,-209021,790979,-20.9021,-20.9021
KRX_CONTINUOUS_AFTERNOON,DS000271,삼성전자,0193W0,LONG,10/20,3/5,NONE,129,117,12,2,24.03,-0.1759,-0.4072,5.21,-2.5128,5.0766,-209039,790961,-20.9039,-21.5591
KRX_CONTINUOUS_AFTERNOON,DS001042,삼성전자,0193W0,LONG,3/10,5/10,20,132,120,12,2,32.58,-0.1713,-0.2742,10.22,-2.2875,3.6276,-209103,790897,-20.9103,-25.4788
KRX_CONTINUOUS_AFTERNOON,DS003900,SK하이닉스,0193T0,LONG,3/10,10/30,50,113,70,43,4,39.82,-0.1844,-0.3374,20.58,-5.2908,5.6894,-209281,790719,-20.9281,-30.7046
KRX_CONTINUOUS_AFTERNOON,DS001604,SK하이닉스,0197X0,SHORT,3/20,3/20,5,165,133,32,1,35.76,-0.1298,-0.5240,12.49,-3.2016,8.2179,-209365,790635,-20.9365,-23.4356
KRX_CONTINUOUS_AFTERNOON,DS001775,삼성전자,0193L0,SHORT,3/30,3/20,30,60,44,16,2,28.33,-0.3817,-0.3914,14.00,-5.6075,2.8229,-209488,790512,-20.9488,-21.5675
KRX_CONTINUOUS_AFTERNOON,DS000168,SK하이닉스,0197X0,SHORT,3/20,3/5,50,118,106,12,1,32.20,-0.1944,-0.2453,4.80,-2.8693,4.0807,-209545,790455,-20.9545,-27.3918
KRX_CONTINUOUS_AFTERNOON,DS001294,삼성전자,0193L0,SHORT,3/30,5/10,20,83,71,12,2,40.96,-0.2740,-0.2000,10.37,-7.2993,2.1975,-209847,790153,-20.9847,-23.4845
KRX_CONTINUOUS_AFTERNOON,DS004272,삼성전자,0193L0,SHORT,10/30,10/30,50,49,34,15,2,26.53,-0.4732,-0.4677,18.37,-3.5344,3.0134,-209926,790074,-20.9926,-24.6094
KRX_CONTINUOUS_AFTERNOON,DS000742,SK하이닉스,0197X0,SHORT,10/20,3/10,20,67,61,6,2,34.33,-0.3444,-0.6093,9.85,-4.3815,2.5346,-210154,789846,-21.0154,-21.3236
KRX_CONTINUOUS_AFTERNOON,DS003384,SK하이닉스,0197X0,SHORT,3/5,5/30,50,246,159,87,10,37.40,-0.0332,-0.3833,19.70,-6.8038,11.5618,-210219,789781,-21.0219,-34.7195
KRX_CONTINUOUS_AFTERNOON,DS000862,삼성전자,0193L0,SHORT,5/30,3/10,20,76,67,9,1,39.47,-0.3047,-0.2356,8.96,-5.2087,2.1975,-210254,789746,-21.0254,-22.9969
KRX_CONTINUOUS_AFTERNOON,DS002495,삼성전자,0193L0,SHORT,3/10,10/20,30,144,105,39,5,32.64,-0.1398,-0.3498,17.81,-4.6927,9.0934,-210624,789376,-21.0624,-29.4482
KRX_CONTINUOUS_AFTERNOON,DS001328,삼성전자,0193W0,LONG,5/30,5/10,5,110,99,11,2,28.18,-0.2079,-0.3592,8.41,-2.3700,4.9091,-210907,789093,-21.0907,-22.0006
KRX_CONTINUOUS_AFTERNOON,DS002350,삼성전자,0193L0,SHORT,10/30,5/20,20,66,51,15,3,39.39,-0.3523,-0.2144,16.48,-6.1537,1.3065,-211119,788881,-21.1119,-25.1502
KRX_CONTINUOUS_AFTERNOON,DS001415,SK하이닉스,0197X0,SHORT,20/30,5/10,30,54,49,5,1,31.48,-0.4261,-0.4350,9.35,-5.0428,6.3696,-211330,788670,-21.1330,-23.8125
KRX_CONTINUOUS_AFTERNOON,DS002914,삼성전자,0193W0,LONG,3/5,3/30,20,226,174,52,7,34.51,-0.0746,-0.4267,16.65,-6.0730,5.1364,-211344,788656,-21.1344,-46.0962
KRX_CONTINUOUS_AFTERNOON,DS003586,삼성전자,0193W0,LONG,5/20,5/30,20,74,53,21,3,32.43,-0.3017,-0.6271,17.64,-6.7816,5.7796,-211374,788626,-21.1374,-26.6075
KRX_CONTINUOUS_AFTERNOON,DS004668,SK하이닉스,0193T0,LONG,5/30,20/30,50,45,32,13,2,33.33,-0.5072,-0.3790,15.11,-4.7409,5.0632,-211400,788600,-21.1400,-25.3972
KRX_CONTINUOUS_AFTERNOON,DS001871,삼성전자,0193L0,SHORT,10/30,3/20,30,43,33,10,1,30.23,-0.5433,-0.4460,13.23,-6.0020,2.0491,-211734,788266,-21.1734,-23.0361
KRX_CONTINUOUS_AFTERNOON,DS001655,SK하이닉스,0197X0,SHORT,5/20,3/20,30,84,67,17,2,30.95,-0.2724,-0.5248,10.75,-3.6804,7.8523,-212185,787815,-21.2185,-22.4285
KRX_CONTINUOUS_AFTERNOON,DS002720,삼성전자,0193W0,LONG,3/30,10/20,5,122,87,35,3,31.97,-0.1810,-0.3350,17.16,-5.1819,6.3641,-212586,787414,-21.2586,-21.8883
KRX_CONTINUOUS_AFTERNOON,DS002916,삼성전자,0193W0,LONG,3/5,3/30,50,244,168,76,7,36.07,-0.0720,-0.3544,17.85,-4.7590,8.6366,-212890,787110,-21.2890,-50.1242
KRX_CONTINUOUS_AFTERNOON,DS003128,SK하이닉스,0193T0,LONG,10/20,3/30,5,92,66,26,2,31.52,-0.2408,-0.6102,14.60,-3.9966,8.8159,-213223,786777,-21.3223,-25.8142
KRX_CONTINUOUS_AFTERNOON,DS001870,삼성전자,0193L0,SHORT,10/30,3/20,20,66,52,14,3,36.36,-0.3568,-0.3654,14.12,-6.0020,1.4590,-213429,786571,-21.3429,-24.5244
KRX_CONTINUOUS_AFTERNOON,DS001140,삼성전자,0193W0,LONG,3/20,5/10,50,89,77,12,3,29.21,-0.2635,-0.3888,8.18,-2.3653,5.4790,-213736,786264,-21.3736,-22.3667
KRX_CONTINUOUS_AFTERNOON,DS003467,SK하이닉스,0193T0,LONG,5/10,5/30,30,103,71,32,3,35.92,-0.2150,-0.4378,16.54,-4.4879,5.6278,-213850,786150,-21.3850,-33.2826
KRX_CONTINUOUS_AFTERNOON,DS000392,SK하이닉스,0193T0,LONG,10/30,3/5,5,68,63,5,2,23.53,-0.3481,-0.3336,5.13,-3.1970,4.9116,-213906,786094,-21.3906,-21.4171
KRX_CONTINUOUS_AFTERNOON,DS002482,삼성전자,0193W0,LONG,3/10,10/20,20,132,103,29,5,33.33,-0.1630,-0.3869,17.79,-4.1683,6.2458,-214245,785755,-21.4245,-35.7501
KRX_CONTINUOUS_AFTERNOON,DS004232,SK하이닉스,0193T0,LONG,10/30,10/30,5,68,42,26,1,29.41,-0.3356,-0.7148,18.19,-4.5746,8.4957,-214297,785703,-21.4297,-24.4669
KRX_CONTINUOUS_AFTERNOON,DS003936,삼성전자,0193L0,SHORT,3/10,10/30,50,142,88,54,6,33.10,-0.1299,-0.5052,23.75,-5.6399,10.5897,-214504,785496,-21.4504,-38.4140
KRX_CONTINUOUS_AFTERNOON,DS003984,삼성전자,0193L0,SHORT,5/10,10/30,50,139,85,54,6,35.25,-0.1272,-0.4853,23.04,-5.6399,8.6326,-214553,785447,-21.4553,-41.1924
KRX_CONTINUOUS_AFTERNOON,DS000660,삼성전자,0193W0,LONG,3/20,3/10,50,89,76,13,2,24.72,-0.2660,-0.3688,6.36,-2.1316,5.4790,-214623,785377,-21.4623,-23.1289
KRX_CONTINUOUS_AFTERNOON,DS002508,SK하이닉스,0193T0,LONG,5/10,10/20,50,103,67,36,4,39.81,-0.2142,-0.3832,18.11,-4.4407,5.6894,-214746,785254,-21.4746,-37.3562
KRX_CONTINUOUS_AFTERNOON,DS002673,삼성전자,0193W0,LONG,10/20,10/20,10,119,88,31,2,29.41,-0.1921,-0.4962,14.25,-4.0112,6.2549,-214940,785060,-21.4940,-26.5413
KRX_CONTINUOUS_AFTERNOON,DS002265,SK하이닉스,0193T0,LONG,5/30,5/20,10,90,69,21,2,32.22,-0.2514,-0.6024,13.16,-5.3761,6.0569,-214983,785017,-21.4983,-21.4983
KRX_CONTINUOUS_AFTERNOON,DS004476,SK하이닉스,0193T0,LONG,3/20,20/30,50,68,49,19,2,35.29,-0.3350,-0.5065,15.96,-3.8501,5.4987,-215254,784746,-21.5254,-23.8507
KRX_CONTINUOUS_AFTERNOON,DS001512,SK하이닉스,0197X0,SHORT,3/10,3/20,50,132,102,30,3,28.79,-0.1708,-0.5076,11.11,-2.9380,8.2638,-215324,784676,-21.5324,-21.5324
KRX_CONTINUOUS_AFTERNOON,DS002734,삼성전자,0193L0,SHORT,3/30,10/20,20,83,56,27,3,34.94,-0.2744,-0.3235,18.67,-8.5885,5.0239,-215948,784052,-21.5948,-30.5024
KRX_CONTINUOUS_AFTERNOON,DS000744,SK하이닉스,0197X0,SHORT,10/20,3/10,50,75,64,11,2,34.67,-0.3138,-0.5610,9.59,-4.3815,7.4533,-215999,784001,-21.5999,-23.5040
KRX_CONTINUOUS_AFTERNOON,DS001123,SK하이닉스,0197X0,SHORT,3/20,5/10,NONE,192,163,29,3,37.50,-0.1143,-0.2440,10.25,-3.7965,8.2179,-216162,783838,-21.6162,-30.7057
KRX_CONTINUOUS_AFTERNOON,DS001616,삼성전자,0193W0,LONG,3/20,3/20,5,156,131,25,2,27.56,-0.1474,-0.4366,10.63,-1.9632,5.9382,-216220,783780,-21.6220,-25.5177
KRX_CONTINUOUS_AFTERNOON,DS003910,SK하이닉스,0197X0,SHORT,3/10,10/30,20,144,97,47,6,36.11,-0.1097,-0.3994,20.70,-7.4234,10.7885,-216253,783747,-21.6253,-29.4293
KRX_CONTINUOUS_AFTERNOON,DS000167,SK하이닉스,0197X0,SHORT,3/20,3/5,30,106,94,12,1,33.96,-0.2263,-0.2436,4.73,-2.8693,2.5757,-216747,783253,-21.6747,-24.5920
KRX_CONTINUOUS_AFTERNOON,DS000236,삼성전자,0193L0,SHORT,5/20,3/5,5,141,131,10,2,38.30,-0.1699,-0.2000,4.91,-4.9474,2.0894,-217014,782986,-21.7014,-22.7342
KRX_CONTINUOUS_AFTERNOON,DS000800,삼성전자,0193W0,LONG,3/30,3/10,5,122,108,14,2,33.61,-0.1940,-0.3543,7.95,-2.4411,4.6718,-217057,782943,-21.7057,-22.9352
KRX_CONTINUOUS_AFTERNOON,DS001713,삼성전자,0193W0,LONG,10/20,3/20,10,119,101,18,2,27.73,-0.1980,-0.3953,12.24,-2.5954,5.0254,-217306,782694,-21.7306,-24.4143
KRX_CONTINUOUS_AFTERNOON,DS004474,SK하이닉스,0193T0,LONG,3/20,20/30,20,90,60,30,4,30.00,-0.2388,-0.5864,16.93,-3.3828,6.4456,-217328,782672,-21.7328,-22.0047
KRX_CONTINUOUS_AFTERNOON,DS002191,삼성전자,0193W0,LONG,10/20,5/20,NONE,129,102,27,2,27.13,-0.1778,-0.4449,13.95,-4.4260,6.8226,-217483,782517,-21.7483,-26.5704
KRX_CONTINUOUS_AFTERNOON,DS001560,SK하이닉스,0197X0,SHORT,5/10,3/20,50,134,109,25,3,32.84,-0.1695,-0.4916,11.53,-3.1356,8.2638,-217658,782342,-21.7658,-22.6957
KRX_CONTINUOUS_AFTERNOON,DS000696,SK하이닉스,0197X0,SHORT,5/20,3/10,50,93,79,14,2,31.18,-0.2551,-0.2914,8.03,-3.6804,7.1356,-217670,782330,-21.7670,-24.5486
KRX_CONTINUOUS_AFTERNOON,DS000621,삼성전자,0193L0,SHORT,5/10,3/10,10,124,113,11,3,33.06,-0.1879,-0.2990,9.60,-5.9883,5.9126,-217711,782289,-21.7711,-26.0779
KRX_CONTINUOUS_AFTERNOON,DS004124,삼성전자,0193L0,SHORT,10/20,10/30,5,87,56,31,3,41.38,-0.2621,-0.3017,25.18,-6.3334,8.6326,-217976,782024,-21.7976,-27.3696
KRX_CONTINUOUS_AFTERNOON,DS000644,SK하이닉스,0197X0,SHORT,3/20,3/10,5,165,141,24,2,35.76,-0.1399,-0.3114,9.32,-3.4991,7.4988,-218524,781476,-21.8524,-25.4129
KRX_CONTINUOUS_AFTERNOON,DS003684,삼성전자,0193W0,LONG,3/30,5/30,50,63,42,21,2,23.81,-0.3800,-0.5562,14.95,-2.7612,5.3151,-218540,781460,-21.8540,-26.9368
KRX_CONTINUOUS_AFTERNOON,DS001867,삼성전자,0193L0,SHORT,10/30,3/20,NONE,86,67,19,3,36.05,-0.2805,-0.2621,14.16,-6.0020,2.0491,-218594,781406,-21.8594,-25.5649
KRX_CONTINUOUS_AFTERNOON,DS004258,삼성전자,0193W0,LONG,10/30,10/30,20,64,43,21,1,21.88,-0.3715,-0.6175,18.05,-3.8390,6.5107,-218949,781051,-21.8949,-25.2692
KRX_CONTINUOUS_AFTERNOON,DS004738,삼성전자,0193W0,LONG,10/30,20/30,20,64,40,24,2,31.25,-0.3681,-0.5766,20.27,-5.1069,6.5107,-218965,781035,-21.8965,-25.4142
KRX_CONTINUOUS_AFTERNOON,DS000367,삼성전자,0193W0,LONG,5/30,3/5,NONE,114,105,9,2,22.81,-0.2118,-0.2996,4.47,-2.3700,5.0766,-219073,780927,-21.9073,-23.3849
KRX_CONTINUOUS_AFTERNOON,DS001293,삼성전자,0193L0,SHORT,3/30,5/10,10,94,83,11,2,36.17,-0.2556,-0.2428,10.07,-7.2993,2.5383,-219115,780885,-21.9115,-23.6737
KRX_CONTINUOUS_AFTERNOON,DS001726,삼성전자,0193L0,SHORT,10/20,3/20,20,50,43,7,2,30.00,-0.4869,-0.3795,14.58,-5.8589,1.6046,-219119,780881,-21.9119,-22.5051
KRX_CONTINUOUS_AFTERNOON,DS004752,삼성전자,0193L0,SHORT,10/30,20/30,50,49,27,22,2,28.57,-0.4896,-0.2395,20.51,-4.1674,3.0134,-219452,780548,-21.9452,-28.9664
KRX_CONTINUOUS_AFTERNOON,DS004751,삼성전자,0193L0,SHORT,10/30,20/30,30,43,23,20,2,30.23,-0.5615,-0.3087,20.74,-4.1674,3.0134,-219519,780481,-21.9519,-28.7113
KRX_CONTINUOUS_AFTERNOON,DS003010,삼성전자,0193W0,LONG,5/10,3/30,20,126,94,32,5,31.75,-0.1779,-0.4689,16.70,-5.9795,6.2870,-219592,780408,-21.9592,-35.3499
KRX_CONTINUOUS_AFTERNOON,DS004162,삼성전자,0193W0,LONG,3/30,10/30,20,83,55,28,2,31.33,-0.2838,-0.5309,20.37,-5.2876,5.3151,-219837,780163,-21.9837,-24.4554
KRX_CONTINUOUS_AFTERNOON,DS004438,SK하이닉스,0197X0,SHORT,5/10,20/30,20,134,88,46,4,37.31,-0.1567,-0.2516,19.10,-4.2280,10.3109,-219959,780041,-21.9959,-27.0227
KRX_CONTINUOUS_AFTERNOON,DS000251,SK하이닉스,0193T0,LONG,10/20,3/5,30,63,57,6,2,26.98,-0.3912,-0.3713,4.46,-2.1636,1.5747,-220067,779933,-22.0067,-22.4058
KRX_CONTINUOUS_AFTERNOON,DS000106,SK하이닉스,0193T0,LONG,5/10,3/5,20,110,102,8,2,34.55,-0.2215,-0.2905,4.94,-3.0238,2.3461,-220119,779881,-22.0119,-23.0417
KRX_CONTINUOUS_AFTERNOON,DS000933,SK하이닉스,0197X0,SHORT,20/30,3/10,10,71,65,6,2,26.76,-0.3414,-0.4743,8.46,-3.6518,5.6628,-220440,779560,-22.0440,-24.1895
KRX_CONTINUOUS_AFTERNOON,DS001918,삼성전자,0193L0,SHORT,20/30,3/20,20,73,59,14,2,36.99,-0.3253,-0.2916,15.30,-9.6484,5.4036,-220498,779502,-22.0498,-25.2490
KRX_CONTINUOUS_AFTERNOON,DS002604,SK하이닉스,0193T0,LONG,5/20,10/20,50,58,40,18,3,32.76,-0.4101,-0.7857,15.86,-5.6245,4.3033,-220592,779408,-22.0592,-28.9078
KRX_CONTINUOUS_AFTERNOON,DS002612,SK하이닉스,0197X0,SHORT,5/20,10/20,5,155,117,38,3,38.06,-0.1429,-0.3216,16.18,-4.8024,10.4239,-220602,779398,-22.0602,-27.2534
KRX_CONTINUOUS_AFTERNOON,DS002064,삼성전자,0193L0,SHORT,5/10,5/20,50,139,104,35,5,35.25,-0.1498,-0.3639,16.78,-6.6151,8.4022,-220626,779374,-22.0626,-38.6968
KRX_CONTINUOUS_AFTERNOON,DS003479,SK하이닉스,0197X0,SHORT,5/10,5/30,30,128,93,35,4,34.38,-0.1678,-0.5549,16.70,-3.2625,10.7183,-220722,779278,-22.0722,-22.0722
KRX_CONTINUOUS_AFTERNOON,DS000648,SK하이닉스,0197X0,SHORT,3/20,3/10,50,118,98,20,3,32.20,-0.2016,-0.3708,8.54,-2.9380,7.4988,-220945,779055,-22.0945,-28.9388
KRX_CONTINUOUS_AFTERNOON,DS001869,삼성전자,0193L0,SHORT,10/30,3/20,10,79,64,15,2,34.18,-0.3094,-0.3067,14.53,-6.0020,2.0491,-221034,778966,-22.1034,-25.1952
KRX_CONTINUOUS_AFTERNOON,DS003608,SK하이닉스,0193T0,LONG,10/20,5/30,5,92,65,27,3,31.52,-0.2516,-0.5999,16.32,-3.9966,8.8159,-221253,778747,-22.1253,-27.4703
KRX_CONTINUOUS_AFTERNOON,DS000094,삼성전자,0193L0,SHORT,3/10,3/5,20,141,131,10,2,31.21,-0.1746,-0.2000,5.48,-3.4095,2.6247,-221943,778057,-22.1943,-24.7614
KRX_CONTINUOUS_AFTERNOON,DS001411,SK하이닉스,0197X0,SHORT,20/30,5/10,NONE,93,84,9,3,40.86,-0.2533,-0.2346,11.35,-7.2248,6.3696,-222125,777875,-22.2125,-30.6152
KRX_CONTINUOUS_AFTERNOON,DS002349,삼성전자,0193L0,SHORT,10/30,5/20,10,79,63,16,2,36.71,-0.3109,-0.2377,16.63,-6.1537,2.0491,-222152,777848,-22.2152,-26.1001
KRX_CONTINUOUS_AFTERNOON,DS002611,SK하이닉스,0197X0,SHORT,5/20,10/20,NONE,158,120,38,3,37.97,-0.1404,-0.3236,16.47,-4.8024,10.4239,-222307,777693,-22.2307,-27.7221
KRX_CONTINUOUS_AFTERNOON,DS000943,삼성전자,0193W0,LONG,20/30,3/10,NONE,88,81,7,2,25.00,-0.2787,-0.3187,9.32,-5.6849,2.8227,-222525,777475,-22.2525,-22.2525
KRX_CONTINUOUS_AFTERNOON,DS001029,SK하이닉스,0197X0,SHORT,3/10,5/10,10,127,111,16,3,37.01,-0.1883,-0.2857,9.93,-3.1659,4.5464,-222889,777111,-22.2889,-23.6801
KRX_CONTINUOUS_AFTERNOON,DS001999,삼성전자,0193W0,LONG,3/10,5/20,NONE,296,220,76,5,35.47,-0.0606,-0.2999,16.66,-4.3550,7.3377,-222937,777063,-22.2937,-47.2689
KRX_CONTINUOUS_AFTERNOON,DS002747,SK하이닉스,0193T0,LONG,5/30,10/20,30,49,31,18,2,28.57,-0.4859,-0.6882,16.14,-5.6824,7.4106,-223111,776889,-22.3111,-26.0344
KRX_CONTINUOUS_AFTERNOON,DS001571,삼성전자,0193W0,LONG,5/10,3/20,30,125,106,19,3,32.80,-0.1947,-0.3571,12.18,-3.0480,5.9382,-223203,776797,-22.3203,-27.7669
KRX_CONTINUOUS_AFTERNOON,DS003754,SK하이닉스,0193T0,LONG,10/30,5/30,20,71,50,21,2,29.58,-0.3380,-0.7802,16.34,-3.9594,8.4957,-223468,776532,-22.3468,-25.9616
KRX_CONTINUOUS_AFTERNOON,DS001172,SK하이닉스,0197X0,SHORT,5/20,5/10,5,155,134,21,3,38.06,-0.1532,-0.2000,9.42,-3.9745,7.8523,-223514,776486,-22.3514,-25.3822
KRX_CONTINUOUS_AFTERNOON,DS004293,SK하이닉스,0197X0,SHORT,20/30,10/30,10,71,48,23,3,30.99,-0.3095,-0.5584,23.04,-4.8613,10.9772,-223525,776475,-22.3525,-27.9908
KRX_CONTINUOUS_AFTERNOON,DS001702,SK하이닉스,0197X0,SHORT,10/20,3/20,20,67,53,14,2,31.34,-0.3653,-0.6517,15.21,-4.5855,6.0735,-223560,776440,-22.3560,-23.6187
KRX_CONTINUOUS_AFTERNOON,DS004140,SK하이닉스,0193T0,LONG,3/30,10/30,50,53,33,20,3,33.96,-0.4454,-0.5129,17.98,-4.8729,4.7276,-223749,776251,-22.3749,-26.1066
KRX_CONTINUOUS_AFTERNOON,DS003358,삼성전자,0193L0,SHORT,20/30,3/30,20,73,52,21,2,34.25,-0.3317,-0.3962,19.04,-9.6484,5.7797,-223900,776100,-22.3900,-24.3904
KRX_CONTINUOUS_AFTERNOON,DS001195,삼성전자,0193L0,SHORT,5/20,5/10,NONE,150,135,15,2,36.67,-0.1604,-0.2516,9.71,-7.2993,6.1814,-224051,775949,-22.4051,-24.9411
KRX_CONTINUOUS_AFTERNOON,DS004315,삼성전자,0193L0,SHORT,20/30,10/30,NONE,85,56,29,2,35.29,-0.2733,-0.3296,22.62,-9.6484,6.7725,-224239,775761,-22.4239,-24.8478
KRX_CONTINUOUS_AFTERNOON,DS002659,SK하이닉스,0197X0,SHORT,10/20,10/20,NONE,133,105,28,2,33.83,-0.1758,-0.4114,15.29,-3.3961,10.7514,-224382,775618,-22.4382,-26.2128
KRX_CONTINUOUS_AFTERNOON,DS003035,SK하이닉스,0193T0,LONG,3/20,3/30,30,77,61,16,2,23.38,-0.3109,-0.6237,13.06,-4.4879,6.1932,-224544,775456,-22.4544,-24.3008
KRX_CONTINUOUS_AFTERNOON,DS000283,삼성전자,0193L0,SHORT,10/20,3/5,NONE,124,115,9,2,35.48,-0.2006,-0.2278,5.74,-3.5929,3.6402,-224553,775447,-22.4553,-23.7672
KRX_CONTINUOUS_AFTERNOON,DS004703,삼성전자,0193L0,SHORT,5/30,20/30,30,60,39,21,2,28.33,-0.4112,-0.3505,18.53,-3.5617,4.9865,-224823,775177,-22.4823,-25.3703
KRX_CONTINUOUS_AFTERNOON,DS004656,삼성전자,0193L0,SHORT,3/30,20/30,50,69,43,26,2,33.33,-0.3537,-0.4113,17.77,-4.0974,5.0239,-224925,775075,-22.4925,-30.1685
KRX_CONTINUOUS_AFTERNOON,DS001582,삼성전자,0193L0,SHORT,5/10,3/20,20,144,123,21,5,34.03,-0.1516,-0.3861,14.01,-10.5939,7.6341,-224938,775062,-22.4938,-33.3675
KRX_CONTINUOUS_AFTERNOON,DS003540,삼성전자,0193W0,LONG,3/20,5/30,50,89,62,27,4,26.97,-0.2730,-0.5440,16.93,-2.7612,5.4790,-225144,774856,-22.5144,-29.8786
KRX_CONTINUOUS_AFTERNOON,DS000779,SK하이닉스,0193T0,LONG,3/30,3/10,30,66,59,7,2,30.30,-0.3744,-0.3862,8.91,-3.6003,5.5513,-225427,774573,-22.5427,-22.5427
KRX_CONTINUOUS_AFTERNOON,DS003117,삼성전자,0193L0,SHORT,5/20,3/30,10,111,79,32,3,34.23,-0.2151,-0.3640,17.36,-4.9474,7.4806,-225450,774550,-22.5450,-24.0469
KRX_CONTINUOUS_AFTERNOON,DS001676,삼성전자,0193L0,SHORT,5/20,3/20,5,141,115,26,2,33.33,-0.1704,-0.3892,13.16,-5.6075,7.0984,-225550,774450,-22.5550,-24.4427
KRX_CONTINUOUS_AFTERNOON,DS002000,삼성전자,0193W0,LONG,3/10,5/20,5,226,169,57,5,35.84,-0.0936,-0.2999,16.52,-4.3550,7.3377,-226214,773786,-22.6214,-40.7905
KRX_CONTINUOUS_AFTERNOON,DS004581,SK하이닉스,0197X0,SHORT,10/20,20/30,10,125,79,46,3,40.80,-0.1873,-0.2000,21.50,-6.7765,6.0735,-226292,773708,-22.6292,-25.4145
KRX_CONTINUOUS_AFTERNOON,DS002496,삼성전자,0193L0,SHORT,3/10,10/20,50,142,104,38,5,33.80,-0.1555,-0.3253,19.21,-4.6927,9.0934,-226424,773576,-22.6424,-34.0046
KRX_CONTINUOUS_AFTERNOON,DS000213,SK하이닉스,0197X0,SHORT,5/20,3/5,10,125,112,13,2,30.40,-0.2013,-0.3001,4.86,-3.6804,4.0807,-226828,773172,-22.6828,-25.6006
KRX_CONTINUOUS_AFTERNOON,DS000972,SK하이닉스,0193T0,LONG,3/5,5/10,50,223,183,40,6,37.67,-0.0933,-0.3492,11.58,-5.0542,6.1932,-226901,773099,-22.6901,-31.3501
KRX_CONTINUOUS_AFTERNOON,DS000203,SK하이닉스,0193T0,LONG,5/20,3/5,30,66,59,7,2,31.82,-0.3860,-0.3729,4.61,-2.7437,2.0609,-226993,773007,-22.6993,-23.3021
KRX_CONTINUOUS_AFTERNOON,DS003909,SK하이닉스,0197X0,SHORT,3/10,10/30,10,127,85,42,5,37.80,-0.1617,-0.3617,22.69,-4.8773,10.7885,-227056,772944,-22.7056,-25.3527
KRX_CONTINUOUS_AFTERNOON,DS004115,삼성전자,0193W0,LONG,10/20,10/30,30,63,43,20,3,26.98,-0.4000,-0.5557,16.89,-4.0112,4.4506,-227536,772464,-22.7536,-27.1802
KRX_CONTINUOUS_AFTERNOON,DS000612,삼성전자,0193W0,LONG,5/10,3/10,50,125,110,15,2,26.40,-0.2005,-0.3372,7.34,-2.5234,7.2702,-227706,772294,-22.7706,-28.5315
KRX_CONTINUOUS_AFTERNOON,DS004795,삼성전자,0193L0,SHORT,20/30,20/30,NONE,85,50,35,2,37.65,-0.2884,-0.3713,21.53,-4.6569,6.3438,-227953,772047,-22.7953,-26.9300
KRX_CONTINUOUS_AFTERNOON,DS001032,SK하이닉스,0197X0,SHORT,3/10,5/10,50,132,110,22,3,34.09,-0.1842,-0.3217,9.42,-3.1659,8.2638,-228032,771968,-22.8032,-26.2482
KRX_CONTINUOUS_AFTERNOON,DS001595,SK하이닉스,0193T0,LONG,3/20,3/20,30,77,64,13,1,24.68,-0.3204,-0.7469,10.70,-4.4879,7.4596,-228346,771654,-22.8346,-24.6719
KRX_CONTINUOUS_AFTERNOON,DS001607,SK하이닉스,0197X0,SHORT,3/20,3/20,30,106,87,19,1,27.36,-0.2327,-0.5529,9.68,-2.9380,8.2179,-228510,771490,-22.8510,-22.8510
KRX_CONTINUOUS_AFTERNOON,DS004020,삼성전자,0193W0,LONG,3/20,10/30,50,89,56,33,4,26.97,-0.2774,-0.5099,20.62,-2.6458,5.4790,-228602,771398,-22.8602,-30.1916
KRX_CONTINUOUS_AFTERNOON,DS001233,삼성전자,0193W0,LONG,10/20,5/10,10,119,105,14,2,26.05,-0.2098,-0.3907,8.55,-3.2820,6.0681,-228604,771396,-22.8604,-23.4993
KRX_CONTINUOUS_AFTERNOON,DS000226,삼성전자,0193W0,LONG,5/20,3/5,20,74,67,7,1,21.62,-0.3474,-0.3003,4.34,-1.9872,2.1833,-228662,771338,-22.8662,-23.0187
KRX_CONTINUOUS_AFTERNOON,DS002915,삼성전자,0193W0,LONG,3/5,3/30,30,235,174,61,7,33.19,-0.0853,-0.3761,16.69,-4.7590,5.1364,-228735,771265,-22.8735,-54.1350
KRX_CONTINUOUS_AFTERNOON,DS004066,삼성전자,0193W0,LONG,5/20,10/30,20,74,49,25,3,31.08,-0.3325,-0.4565,20.35,-7.4193,5.3151,-228826,771174,-22.8826,-27.9796
KRX_CONTINUOUS_AFTERNOON,DS003453,삼성전자,0193L0,SHORT,3/10,5/30,10,134,93,41,4,32.84,-0.1727,-0.4498,20.87,-6.2962,9.7296,-229112,770888,-22.9112,-29.7416
KRX_CONTINUOUS_AFTERNOON,DS001296,삼성전자,0193L0,SHORT,3/30,5/10,50,69,57,12,2,33.33,-0.3691,-0.3829,9.70,-6.0784,2.1975,-229121,770879,-22.9121,-25.6233
KRX_CONTINUOUS_AFTERNOON,DS002603,SK하이닉스,0193T0,LONG,5/20,10/20,30,66,48,18,2,31.82,-0.3761,-0.7355,14.82,-5.6245,7.6090,-229228,770772,-22.9228,-25.7969
KRX_CONTINUOUS_AFTERNOON,DS002460,SK하이닉스,0193T0,LONG,3/10,10/20,50,113,73,40,3,38.05,-0.2091,-0.3021,17.71,-4.7071,5.6894,-229350,770650,-22.9350,-35.5602
KRX_CONTINUOUS_AFTERNOON,DS000343,SK하이닉스,0193T0,LONG,5/30,3/5,NONE,112,106,6,2,37.50,-0.2284,-0.3314,4.65,-3.0160,5.3457,-230217,769783,-23.0217,-23.0871
KRX_CONTINUOUS_AFTERNOON,DS001992,SK하이닉스,0197X0,SHORT,3/10,5/20,50,132,95,37,4,29.55,-0.1817,-0.5704,13.33,-3.8061,9.1102,-230466,769534,-23.0466,-27.4658
KRX_CONTINUOUS_AFTERNOON,DS003837,삼성전자,0193L0,SHORT,20/30,5/30,10,58,41,17,2,34.48,-0.4391,-0.4350,21.09,-6.4382,5.5540,-230515,769485,-23.0515,-23.7781
KRX_CONTINUOUS_AFTERNOON,DS000319,삼성전자,0193W0,LONG,3/30,3/5,NONE,140,129,11,1,25.00,-0.1819,-0.2967,4.64,-2.2519,5.1846,-230550,769450,-23.0550,-25.7253
KRX_CONTINUOUS_AFTERNOON,DS002001,삼성전자,0193W0,LONG,3/10,5/20,10,132,104,28,5,31.06,-0.1852,-0.3468,15.09,-2.7974,5.9858,-231333,768667,-23.1333,-36.2229
KRX_CONTINUOUS_AFTERNOON,DS003247,삼성전자,0193W0,LONG,5/30,3/30,NONE,114,86,28,2,24.56,-0.2200,-0.5152,13.21,-3.2284,6.2870,-231591,768409,-23.1591,-25.8197
KRX_CONTINUOUS_AFTERNOON,DS004401,삼성전자,0193W0,LONG,3/10,20/30,10,132,84,48,5,39.39,-0.1771,-0.3100,23.31,-5.4520,5.9858,-231650,768350,-23.1650,-37.1002
KRX_CONTINUOUS_AFTERNOON,DS000058,SK하이닉스,0193T0,LONG,3/10,3/5,20,117,109,8,1,34.19,-0.2196,-0.3585,5.23,-3.4750,2.4769,-231685,768315,-23.1685,-23.1685
KRX_CONTINUOUS_AFTERNOON,DS002855,SK하이닉스,0197X0,SHORT,20/30,10/20,30,54,45,9,2,25.93,-0.4672,-0.6111,16.28,-3.7607,8.9060,-231736,768264,-23.1736,-23.6458
KRX_CONTINUOUS_AFTERNOON,DS002084,SK하이닉스,0197X0,SHORT,3/20,5/20,5,165,125,40,3,37.58,-0.1400,-0.5049,15.33,-3.7965,9.0640,-231849,768151,-23.1849,-28.4025
KRX_CONTINUOUS_AFTERNOON,DS003935,삼성전자,0193L0,SHORT,3/10,10/30,30,144,96,48,6,31.94,-0.1446,-0.5315,22.83,-4.6315,10.5897,-231940,768060,-23.1940,-36.9210
KRX_CONTINUOUS_AFTERNOON,DS003644,삼성전자,0193L0,SHORT,10/20,5/30,5,87,61,26,3,41.38,-0.2881,-0.3017,22.43,-6.0109,7.7877,-231987,768013,-23.1987,-28.7904
KRX_CONTINUOUS_AFTERNOON,DS003248,삼성전자,0193W0,LONG,5/30,3/30,5,110,85,25,2,24.55,-0.2288,-0.5396,13.12,-3.2284,6.2870,-232047,767953,-23.2047,-25.8637
KRX_CONTINUOUS_AFTERNOON,DS004317,삼성전자,0193L0,SHORT,20/30,10/30,10,58,39,19,2,25.86,-0.4390,-0.4586,23.26,-4.6569,6.7725,-232117,767883,-23.2117,-23.8502
KRX_CONTINUOUS_AFTERNOON,DS003524,SK하이닉스,0197X0,SHORT,3/20,5/30,5,165,115,50,3,40.61,-0.1380,-0.3609,19.62,-7.2849,10.6714,-232154,767846,-23.2154,-29.2691
KRX_CONTINUOUS_AFTERNOON,DS002927,삼성전자,0193L0,SHORT,3/5,3/30,30,268,196,72,9,30.22,-0.0456,-0.4611,17.55,-5.7603,9.9642,-232461,767539,-23.2461,-43.0792
KRX_CONTINUOUS_AFTERNOON,DS001341,삼성전자,0193L0,SHORT,5/30,5/10,10,88,80,8,1,34.09,-0.2929,-0.2385,10.06,-7.2993,3.1916,-232805,767195,-23.2805,-25.8012
KRX_CONTINUOUS_AFTERNOON,DS003309,삼성전자,0193L0,SHORT,10/30,3/30,10,79,60,19,2,29.11,-0.3306,-0.4355,17.35,-2.6191,2.8744,-233020,766980,-23.3020,-24.9668
KRX_CONTINUOUS_AFTERNOON,DS000611,삼성전자,0193W0,LONG,5/10,3/10,30,125,114,11,2,30.40,-0.2055,-0.3207,7.98,-2.5234,3.8847,-233048,766952,-23.3048,-26.1371
KRX_CONTINUOUS_AFTERNOON,DS003504,삼성전자,0193L0,SHORT,5/10,5/30,50,139,94,45,6,35.25,-0.1630,-0.3208,18.88,-6.6151,7.7877,-233254,766746,-23.3254,-40.3686
KRX_CONTINUOUS_AFTERNOON,DS002493,삼성전자,0193L0,SHORT,3/10,10/20,10,134,102,32,4,34.33,-0.1756,-0.4319,18.81,-3.9785,9.0934,-233436,766564,-23.3436,-28.8934
KRX_CONTINUOUS_AFTERNOON,DS001245,삼성전자,0193L0,SHORT,10/20,5/10,10,117,106,11,3,35.04,-0.2212,-0.2000,8.64,-3.5128,6.7124,-233550,766450,-23.3550,-26.0925
KRX_CONTINUOUS_AFTERNOON,DS002156,삼성전자,0193L0,SHORT,5/20,5/20,5,141,110,31,2,36.17,-0.1737,-0.2911,15.67,-8.6059,7.8627,-233596,766404,-23.3596,-29.0866
KRX_CONTINUOUS_AFTERNOON,DS000067,SK하이닉스,0197X0,SHORT,3/10,3/5,NONE,267,247,20,2,36.70,-0.0934,-0.2344,5.15,-3.5278,5.0322,-233646,766354,-23.3646,-29.9931
KRX_CONTINUOUS_AFTERNOON,DS003633,삼성전자,0193W0,LONG,10/20,5/30,10,119,82,37,3,31.93,-0.1995,-0.5349,17.14,-6.2270,7.3307,-233751,766249,-23.3751,-28.2703
KRX_CONTINUOUS_AFTERNOON,DS000080,삼성전자,0193W0,LONG,3/10,3/5,5,226,207,19,1,31.42,-0.1110,-0.3570,5.06,-2.3518,7.3377,-233764,766236,-23.3764,-30.3491
KRX_CONTINUOUS_AFTERNOON,DS001893,SK하이닉스,0197X0,SHORT,20/30,3/20,10,71,60,11,3,32.39,-0.3613,-0.3383,13.54,-3.3472,6.3696,-233911,766089,-23.3911,-25.3579
KRX_CONTINUOUS_AFTERNOON,DS002613,SK하이닉스,0197X0,SHORT,5/20,10/20,10,125,92,33,2,37.60,-0.1956,-0.3620,17.11,-4.8024,10.4239,-234084,765916,-23.4084,-27.3008
KRX_CONTINUOUS_AFTERNOON,DS001547,SK하이닉스,0193T0,LONG,5/10,3/20,30,103,78,25,3,32.04,-0.2472,-0.4211,13.43,-4.4879,5.8867,-234197,765803,-23.4197,-34.5533
KRX_CONTINUOUS_AFTERNOON,DS001115,SK하이닉스,0193T0,LONG,3/20,5/10,30,77,67,10,2,32.47,-0.3262,-0.5125,10.08,-5.3761,6.1932,-234280,765720,-23.4280,-23.6583
KRX_CONTINUOUS_AFTERNOON,DS001171,SK하이닉스,0197X0,SHORT,5/20,5/10,NONE,158,137,21,3,37.34,-0.1591,-0.2000,9.33,-3.9745,7.8523,-234332,765668,-23.4332,-26.4058
KRX_CONTINUOUS_AFTERNOON,DS001076,SK하이닉스,0197X0,SHORT,5/10,5/10,5,236,208,28,2,37.29,-0.1018,-0.2755,9.69,-3.7965,8.2638,-234334,765666,-23.4334,-24.1296
KRX_CONTINUOUS_AFTERNOON,DS004604,삼성전자,0193L0,SHORT,10/20,20/30,5,87,42,45,4,40.23,-0.2807,-0.2000,26.37,-6.3334,5.0239,-234499,765501,-23.4499,-37.7662
KRX_CONTINUOUS_AFTERNOON,DS003455,삼성전자,0193L0,SHORT,3/10,5/30,30,144,103,41,6,30.56,-0.1625,-0.4776,19.49,-6.2962,9.7296,-234864,765136,-23.4864,-36.5181
KRX_CONTINUOUS_AFTERNOON,DS004797,삼성전자,0193L0,SHORT,20/30,20/30,10,58,31,27,2,34.48,-0.4461,-0.4251,23.84,-4.6569,6.3438,-234956,765044,-23.4956,-25.7066
KRX_CONTINUOUS_AFTERNOON,DS000144,삼성전자,0193L0,SHORT,5/10,3/5,50,139,128,11,2,28.78,-0.1895,-0.2475,4.94,-2.4933,2.8881,-235135,764865,-23.5135,-25.9598
KRX_CONTINUOUS_AFTERNOON,DS000741,SK하이닉스,0197X0,SHORT,10/20,3/10,10,125,109,16,2,37.60,-0.2052,-0.3672,9.74,-4.3815,7.4533,-235361,764639,-23.5361,-27.6963
KRX_CONTINUOUS_AFTERNOON,DS003742,삼성전자,0193L0,SHORT,5/30,5/30,20,76,52,24,1,36.84,-0.3397,-0.3712,18.50,-7.2993,4.9865,-235406,764594,-23.5406,-28.8010
KRX_CONTINUOUS_AFTERNOON,DS000344,SK하이닉스,0193T0,LONG,5/30,3/5,5,107,101,6,2,38.32,-0.2454,-0.3276,4.75,-3.0160,5.3457,-235419,764581,-23.5419,-23.6069
KRX_CONTINUOUS_AFTERNOON,DS004053,SK하이닉스,0197X0,SHORT,5/20,10/30,10,125,77,48,3,38.40,-0.1724,-0.3280,23.03,-6.7087,10.7885,-235458,764542,-23.5458,-29.7936
KRX_CONTINUOUS_AFTERNOON,DS002792,SK하이닉스,0193T0,LONG,10/30,10/20,5,68,46,22,2,30.88,-0.3790,-0.6176,15.96,-4.5746,6.9680,-235783,764217,-23.5783,-25.7419
KRX_CONTINUOUS_AFTERNOON,DS000528,삼성전자,0193L0,SHORT,3/5,3/10,50,270,236,34,5,30.37,-0.0770,-0.3246,10.03,-3.1851,6.7095,-235899,764101,-23.5899,-40.4886
KRX_CONTINUOUS_AFTERNOON,DS002671,삼성전자,0193W0,LONG,10/20,10/20,NONE,129,97,32,2,28.68,-0.1983,-0.4830,13.75,-4.0112,6.2549,-236155,763845,-23.6155,-28.5264
KRX_CONTINUOUS_AFTERNOON,DS003115,삼성전자,0193L0,SHORT,5/20,3/30,NONE,150,111,39,3,34.00,-0.1663,-0.3479,17.49,-4.9474,7.4806,-236562,763438,-23.6562,-28.1793
KRX_CONTINUOUS_AFTERNOON,DS000083,삼성전자,0193W0,LONG,3/10,3/5,30,138,129,9,2,30.43,-0.1916,-0.3648,4.77,-2.3518,4.0644,-236841,763159,-23.6841,-28.7660
KRX_CONTINUOUS_AFTERNOON,DS003948,SK하이닉스,0193T0,LONG,5/10,10/30,50,103,62,41,3,38.83,-0.2392,-0.3189,20.43,-4.5442,5.6894,-237206,762794,-23.7206,-37.1570
KRX_CONTINUOUS_AFTERNOON,DS002181,SK하이닉스,0197X0,SHORT,10/20,5/20,10,125,98,27,2,35.20,-0.2030,-0.5167,15.32,-3.0273,9.0178,-237411,762589,-23.7411,-28.1976
KRX_CONTINUOUS_AFTERNOON,DS001894,SK하이닉스,0197X0,SHORT,20/30,3/20,20,84,69,15,3,35.71,-0.2978,-0.2690,15.46,-8.3132,6.3696,-237434,762566,-23.7434,-29.7046
KRX_CONTINUOUS_AFTERNOON,DS000492,SK하이닉스,0193T0,LONG,3/5,3/10,50,223,188,35,4,34.08,-0.1037,-0.3476,9.63,-5.0542,6.2656,-237513,762487,-23.7513,-32.9820
KRX_CONTINUOUS_AFTERNOON,DS001677,삼성전자,0193L0,SHORT,5/20,3/20,10,111,87,24,2,33.33,-0.2323,-0.4415,13.61,-5.6075,7.0984,-237698,762302,-23.7698,-26.0799
KRX_CONTINUOUS_AFTERNOON,DS002530,삼성전자,0193W0,LONG,5/10,10/20,20,126,97,29,5,28.57,-0.2007,-0.3581,17.16,-4.1683,6.0288,-237893,762107,-23.7893,-38.5471
KRX_CONTINUOUS_AFTERNOON,DS000084,삼성전자,0193W0,LONG,3/10,3/5,50,146,134,12,2,28.08,-0.1805,-0.3790,4.80,-2.3518,7.3377,-238001,761999,-23.8001,-30.1959
KRX_CONTINUOUS_AFTERNOON,DS001653,SK하이닉스,0197X0,SHORT,5/20,3/20,10,125,98,27,2,36.00,-0.2058,-0.5000,12.57,-3.6804,7.8523,-238161,761839,-23.8161,-28.6492
KRX_CONTINUOUS_AFTERNOON,DS000765,삼성전자,0193L0,SHORT,10/20,3/10,10,117,105,12,3,35.90,-0.2273,-0.2000,8.50,-3.5929,5.6372,-238247,761753,-23.8247,-25.4006
KRX_CONTINUOUS_AFTERNOON,DS000550,SK하이닉스,0197X0,SHORT,3/10,3/10,20,144,130,14,2,34.03,-0.1801,-0.3220,8.94,-2.9380,7.5444,-238576,761424,-23.8576,-23.8576
KRX_CONTINUOUS_AFTERNOON,DS003703,SK하이닉스,0193T0,LONG,5/30,5/30,NONE,112,86,26,1,27.68,-0.2260,-0.5183,13.71,-4.4879,8.9445,-238686,761314,-23.8686,-26.1965
KRX_CONTINUOUS_AFTERNOON,DS000368,삼성전자,0193W0,LONG,5/30,3/5,5,110,101,9,2,20.00,-0.2428,-0.3205,4.19,-2.3700,5.0766,-238740,761260,-23.8740,-24.7519
KRX_CONTINUOUS_AFTERNOON,DS000260,SK하이닉스,0197X0,SHORT,10/20,3/5,5,95,89,6,2,31.58,-0.2837,-0.3001,4.86,-2.3302,1.9441,-238889,761111,-23.8889,-23.8889
KRX_CONTINUOUS_AFTERNOON,DS000154,SK하이닉스,0193T0,LONG,3/20,3/5,20,90,85,5,2,31.11,-0.2980,-0.4515,5.10,-3.0238,3.2656,-239055,760945,-23.9055,-23.9055
KRX_CONTINUOUS_AFTERNOON,DS003284,SK하이닉스,0197X0,SHORT,10/30,3/30,5,68,53,15,1,39.71,-0.3898,-0.4501,18.32,-4.5800,6.1305,-239346,760654,-23.9346,-27.5814
KRX_CONTINUOUS_AFTERNOON,DS003659,SK하이닉스,0193T0,LONG,3/30,5/30,30,66,50,16,2,25.76,-0.3918,-0.5022,15.53,-5.3148,7.2862,-239543,760457,-23.9543,-25.8463
KRX_CONTINUOUS_AFTERNOON,DS003456,삼성전자,0193L0,SHORT,3/10,5/30,50,142,99,43,5,32.39,-0.1673,-0.4355,20.14,-6.2962,9.7296,-239569,760431,-23.9569,-39.4350
KRX_CONTINUOUS_AFTERNOON,DS003307,삼성전자,0193L0,SHORT,10/30,3/30,NONE,86,63,23,3,30.23,-0.3138,-0.3425,16.69,-2.6191,2.8744,-239763,760237,-23.9763,-26.2251
KRX_CONTINUOUS_AFTERNOON,DS004380,SK하이닉스,0193T0,LONG,3/10,20/30,50,113,76,37,4,46.02,-0.2200,-0.2166,18.63,-4.0098,5.6894,-239768,760232,-23.9768,-34.1166
KRX_CONTINUOUS_AFTERNOON,DS002484,삼성전자,0193W0,LONG,3/10,10/20,50,146,97,49,6,30.82,-0.1657,-0.4506,17.27,-4.7590,7.3377,-239787,760213,-23.9787,-41.4311
KRX_CONTINUOUS_AFTERNOON,DS001353,SK하이닉스,0193T0,LONG,10/30,5/10,10,91,80,11,2,28.57,-0.2900,-0.4419,8.65,-3.7543,5.4794,-239878,760122,-23.9878,-24.0393
KRX_CONTINUOUS_AFTERNOON,DS000331,삼성전자,0193L0,SHORT,3/30,3/5,NONE,133,124,9,2,36.84,-0.2022,-0.2296,5.28,-4.9474,2.0894,-239925,760075,-23.9925,-27.3757
KRX_CONTINUOUS_AFTERNOON,DS003743,삼성전자,0193L0,SHORT,5/30,5/30,30,60,43,17,1,31.67,-0.4448,-0.4299,16.00,-5.8317,4.9865,-240027,759973,-24.0027,-25.6199
KRX_CONTINUOUS_AFTERNOON,DS000813,삼성전자,0193L0,SHORT,3/30,3/10,10,94,83,11,2,30.85,-0.2873,-0.3207,8.31,-5.2087,2.1975,-240347,759653,-24.0347,-25.4460
KRX_CONTINUOUS_AFTERNOON,DS002781,삼성전자,0193L0,SHORT,5/30,10/20,10,88,62,26,3,39.77,-0.2955,-0.3143,19.38,-8.5885,4.5030,-240579,759421,-24.0579,-29.7488
KRX_CONTINUOUS_AFTERNOON,DS001498,SK하이닉스,0193T0,LONG,3/10,3/20,20,117,99,18,3,26.50,-0.2181,-0.5756,11.71,-4.4879,8.1426,-241018,758982,-24.1018,-38.0423
KRX_CONTINUOUS_AFTERNOON,DS002999,SK하이닉스,0197X0,SHORT,5/10,3/30,30,128,98,30,4,29.69,-0.1938,-0.5302,14.84,-3.6688,10.3109,-241317,758683,-24.1317,-25.2913
KRX_CONTINUOUS_AFTERNOON,DS000935,SK하이닉스,0197X0,SHORT,20/30,3/10,30,54,49,5,1,24.07,-0.4996,-0.5844,8.72,-3.8478,5.6628,-241463,758537,-24.1463,-25.5444
KRX_CONTINUOUS_AFTERNOON,DS002987,SK하이닉스,0193T0,LONG,5/10,3/30,30,103,74,29,3,32.04,-0.2525,-0.4668,14.63,-4.4879,5.4794,-241512,758488,-24.1512,-33.2614
KRX_CONTINUOUS_AFTERNOON,DS001711,삼성전자,0193W0,LONG,10/20,3/20,NONE,129,108,21,2,27.13,-0.2042,-0.3936,13.19,-2.5954,5.0254,-241560,758440,-24.1560,-26.7565
KRX_CONTINUOUS_AFTERNOON,DS004595,삼성전자,0193W0,LONG,10/20,20/30,30,63,44,19,3,26.98,-0.4270,-0.5408,17.92,-5.2769,4.4506,-241818,758182,-24.1818,-28.3196
KRX_CONTINUOUS_AFTERNOON,DS003310,삼성전자,0193L0,SHORT,10/30,3/30,20,66,49,17,3,28.79,-0.4156,-0.5310,16.38,-2.6191,1.7362,-242278,757722,-24.2278,-26.1225
KRX_CONTINUOUS_AFTERNOON,DS002541,삼성전자,0193L0,SHORT,5/10,10/20,10,124,88,36,4,35.48,-0.1881,-0.3756,19.31,-9.3404,9.0934,-242317,757683,-24.2317,-34.1907
KRX_CONTINUOUS_AFTERNOON,DS001546,SK하이닉스,0193T0,LONG,5/10,3/20,20,110,93,17,3,28.18,-0.2421,-0.4699,12.15,-4.4879,5.8867,-242420,757580,-24.2420,-33.5545
KRX_CONTINUOUS_AFTERNOON,DS003286,SK하이닉스,0197X0,SHORT,10/30,3/30,20,68,55,13,2,36.76,-0.3956,-0.4501,17.54,-4.5800,6.1305,-242713,757287,-24.2713,-27.3858
KRX_CONTINUOUS_AFTERNOON,DS004774,SK하이닉스,0197X0,SHORT,20/30,20/30,20,84,56,28,1,38.10,-0.3060,-0.2404,21.45,-5.7314,8.5734,-242992,757008,-24.2992,-25.0417
KRX_CONTINUOUS_AFTERNOON,DS001351,SK하이닉스,0193T0,LONG,10/30,5/10,NONE,93,81,12,3,29.03,-0.2884,-0.4419,8.75,-3.7543,5.4794,-243306,756694,-24.3306,-24.3820
KRX_CONTINUOUS_AFTERNOON,DS003694,삼성전자,0193L0,SHORT,3/30,5/30,20,83,58,25,2,34.94,-0.3226,-0.5160,18.27,-7.2993,5.0239,-243314,756686,-24.3314,-30.3095
KRX_CONTINUOUS_AFTERNOON,DS002519,SK하이닉스,0197X0,SHORT,5/10,10/20,30,128,99,29,3,32.81,-0.1992,-0.4839,15.46,-4.7013,10.8453,-243450,756550,-24.3450,-26.6565
KRX_CONTINUOUS_AFTERNOON,DS002939,SK하이닉스,0193T0,LONG,3/10,3/30,30,110,83,27,4,30.00,-0.2353,-0.5160,14.01,-4.7071,6.1932,-243696,756304,-24.3696,-32.4203
KRX_CONTINUOUS_AFTERNOON,DS001279,삼성전자,0193W0,LONG,3/30,5/10,NONE,140,124,16,2,31.43,-0.1910,-0.3560,9.34,-2.3653,4.9282,-243822,756178,-24.3822,-24.3923
KRX_CONTINUOUS_AFTERNOON,DS001079,SK하이닉스,0197X0,SHORT,5/10,5/10,30,128,114,14,2,31.25,-0.2078,-0.3776,9.12,-2.9737,8.2638,-243991,756009,-24.3991,-24.5262
KRX_CONTINUOUS_AFTERNOON,DS004592,삼성전자,0193W0,LONG,10/20,20/30,5,82,46,36,2,30.49,-0.3200,-0.5479,21.22,-5.2769,7.3307,-244182,755818,-24.4182,-28.8712
KRX_CONTINUOUS_AFTERNOON,DS001524,삼성전자,0193W0,LONG,3/10,3/20,50,146,118,28,4,29.45,-0.1789,-0.4509,12.66,-2.7974,7.3377,-244584,755416,-24.4584,-37.1641
KRX_CONTINUOUS_AFTERNOON,DS002648,SK하이닉스,0193T0,LONG,10/20,10/20,5,92,64,28,1,34.78,-0.2907,-0.4941,15.72,-4.2466,7.2838,-244600,755400,-24.4600,-27.8262
KRX_CONTINUOUS_AFTERNOON,DS000645,SK하이닉스,0197X0,SHORT,3/20,3/10,10,156,135,21,2,33.33,-0.1710,-0.2743,9.13,-3.4991,7.4988,-245269,754731,-24.5269,-25.9878
KRX_CONTINUOUS_AFTERNOON,DS002255,삼성전자,0193L0,SHORT,3/30,5/20,30,60,42,18,2,30.00,-0.4576,-0.4224,17.18,-5.7598,2.6145,-245569,754431,-24.5569,-27.1803
KRX_CONTINUOUS_AFTERNOON,DS002436,삼성전자,0193W0,LONG,3/5,10/20,50,244,172,72,7,34.84,-0.0869,-0.4464,17.07,-4.7590,8.6366,-245619,754381,-24.5619,-50.1920
KRX_CONTINUOUS_AFTERNOON,DS000609,삼성전자,0193W0,LONG,5/10,3/10,10,128,113,15,2,33.59,-0.2133,-0.2999,8.39,-2.5234,3.8847,-246001,753999,-24.6001,-29.1780
KRX_CONTINUOUS_AFTERNOON,DS003982,삼성전자,0193L0,SHORT,5/10,10/30,20,144,99,45,6,34.72,-0.1492,-0.4517,23.26,-10.5939,8.6326,-246667,753333,-24.6667,-41.1302
KRX_CONTINUOUS_AFTERNOON,DS002144,삼성전자,0193W0,LONG,5/20,5/20,5,151,122,29,2,28.48,-0.1774,-0.4673,12.32,-2.2517,6.2870,-247042,752958,-24.7042,-30.3394
KRX_CONTINUOUS_AFTERNOON,DS003766,SK하이닉스,0197X0,SHORT,10/30,5/30,20,68,52,16,2,32.35,-0.4029,-0.5783,18.82,-4.6417,6.1305,-247105,752895,-24.7105,-26.1805
KRX_CONTINUOUS_AFTERNOON,DS001031,SK하이닉스,0197X0,SHORT,3/10,5/10,30,137,118,19,2,31.39,-0.1957,-0.3153,9.53,-3.1659,8.2638,-247186,752814,-24.7186,-28.1851
KRX_CONTINUOUS_AFTERNOON,DS001738,SK하이닉스,0193T0,LONG,3/30,3/20,20,90,75,15,2,23.33,-0.2990,-0.5357,12.58,-3.6003,7.4596,-247310,752690,-24.7310,-26.1932
KRX_CONTINUOUS_AFTERNOON,DS001572,삼성전자,0193W0,LONG,5/10,3/20,50,125,102,23,3,30.40,-0.2192,-0.3549,11.78,-3.0480,7.2702,-247513,752487,-24.7513,-32.2329
KRX_CONTINUOUS_AFTERNOON,DS002779,삼성전자,0193L0,SHORT,5/30,10/20,NONE,110,77,33,3,37.27,-0.2392,-0.2942,18.71,-8.5885,4.9865,-248054,751946,-24.8054,-33.1863
KRX_CONTINUOUS_AFTERNOON,DS004667,SK하이닉스,0193T0,LONG,5/30,20/30,30,49,34,15,2,28.57,-0.5617,-0.4956,14.20,-4.2466,8.9445,-249612,750388,-24.9612,-28.6568
KRX_CONTINUOUS_AFTERNOON,DS001304,SK하이닉스,0193T0,LONG,5/30,5/10,5,107,94,13,2,31.78,-0.2559,-0.4412,8.79,-5.3761,5.4794,-249641,750359,-24.9641,-24.9641
KRX_CONTINUOUS_AFTERNOON,DS003861,SK하이닉스,0197X0,SHORT,3/5,10/30,10,255,159,96,10,38.04,-0.0249,-0.2668,22.94,-7.0294,11.5618,-249661,750339,-24.9661,-38.4991
KRX_CONTINUOUS_AFTERNOON,DS000211,SK하이닉스,0197X0,SHORT,5/20,3/5,NONE,158,143,15,2,29.75,-0.1773,-0.2861,4.75,-3.6804,4.0807,-249975,750025,-24.9975,-30.1835
KRX_CONTINUOUS_AFTERNOON,DS001243,삼성전자,0193L0,SHORT,10/20,5/10,NONE,124,111,13,3,34.68,-0.2261,-0.1893,8.62,-3.5128,6.7124,-250226,749774,-25.0226,-27.4211
KRX_CONTINUOUS_AFTERNOON,DS003922,삼성전자,0193W0,LONG,3/10,10/30,20,132,87,45,5,34.09,-0.1915,-0.5130,22.95,-4.1005,5.9858,-250262,749738,-25.0262,-36.7129
KRX_CONTINUOUS_AFTERNOON,DS003454,삼성전자,0193L0,SHORT,3/10,5/30,20,141,99,42,6,31.91,-0.1780,-0.4654,19.99,-9.8218,9.7296,-250364,749636,-25.0364,-35.3853
KRX_CONTINUOUS_AFTERNOON,DS004451,삼성전자,0193W0,LONG,5/10,20/30,30,125,88,37,6,44.80,-0.2160,-0.2000,19.19,-5.4520,4.6471,-250525,749475,-25.0525,-31.2309
KRX_CONTINUOUS_AFTERNOON,DS000778,SK하이닉스,0193T0,LONG,3/30,3/10,20,90,82,8,3,31.11,-0.3079,-0.4341,9.09,-3.6003,5.5513,-250691,749309,-25.0691,-25.0691
KRX_CONTINUOUS_AFTERNOON,DS000393,SK하이닉스,0193T0,LONG,10/30,3/5,10,91,83,8,2,24.18,-0.3103,-0.3332,5.53,-3.1970,4.9116,-250745,749255,-25.0745,-25.0997
KRX_CONTINUOUS_AFTERNOON,DS004101,SK하이닉스,0197X0,SHORT,10/20,10/30,10,125,82,43,4,37.60,-0.2065,-0.4247,21.74,-5.9160,10.4131,-250902,749098,-25.0902,-27.0186
KRX_CONTINUOUS_AFTERNOON,DS000141,삼성전자,0193L0,SHORT,5/10,3/5,10,124,117,7,2,29.84,-0.2285,-0.2315,5.14,-5.7292,2.8881,-251118,748882,-25.1118,-26.4175
KRX_CONTINUOUS_AFTERNOON,DS003792,삼성전자,0193L0,SHORT,10/30,5/30,50,49,33,16,2,24.49,-0.5796,-0.3732,17.06,-6.1537,1.6315,-251183,748817,-25.1183,-26.7650
KRX_CONTINUOUS_AFTERNOON,DS000575,삼성전자,0193L0,SHORT,3/10,3/10,30,144,126,18,2,28.47,-0.1952,-0.3930,8.09,-3.4095,6.1504,-252407,747593,-25.2407,-29.5960
KRX_CONTINUOUS_AFTERNOON,DS001608,SK하이닉스,0197X0,SHORT,3/20,3/20,50,118,96,22,1,29.66,-0.2349,-0.5615,9.54,-2.9380,8.2179,-252407,747593,-25.2407,-27.1301
KRX_CONTINUOUS_AFTERNOON,DS004798,삼성전자,0193L0,SHORT,20/30,20/30,20,73,39,34,2,35.62,-0.3838,-0.4342,23.68,-4.6569,6.3438,-252965,747035,-25.2965,-29.2702
KRX_CONTINUOUS_AFTERNOON,DS000248,SK하이닉스,0193T0,LONG,10/20,3/5,5,92,85,7,1,31.52,-0.3119,-0.3963,4.35,-2.8102,5.2213,-253112,746888,-25.3112,-25.8071
KRX_CONTINUOUS_AFTERNOON,DS000527,삼성전자,0193L0,SHORT,3/5,3/10,30,268,232,36,5,28.73,-0.0876,-0.3211,9.44,-3.0155,6.7095,-253752,746248,-25.3752,-38.5912
KRX_CONTINUOUS_AFTERNOON,DS004186,SK하이닉스,0193T0,LONG,5/30,10/30,20,75,51,24,3,30.67,-0.3642,-0.4956,18.65,-5.3709,8.9445,-253796,746204,-25.3796,-25.3796
KRX_CONTINUOUS_AFTERNOON,DS003764,SK하이닉스,0197X0,SHORT,10/30,5/30,5,68,51,17,1,33.82,-0.4183,-0.5830,19.32,-4.6417,6.1305,-254359,745641,-25.4359,-27.5586
KRX_CONTINUOUS_AFTERNOON,DS003791,삼성전자,0193L0,SHORT,10/30,5/30,30,43,28,15,2,27.91,-0.6697,-0.4944,18.47,-6.1537,2.0491,-254614,745386,-25.4614,-27.0759
KRX_CONTINUOUS_AFTERNOON,DS000847,삼성전자,0193W0,LONG,5/30,3/10,NONE,114,102,12,2,27.19,-0.2517,-0.3940,7.07,-2.3700,4.5643,-254700,745300,-25.4700,-27.1392
KRX_CONTINUOUS_AFTERNOON,DS004207,삼성전자,0193W0,LONG,5/30,10/30,NONE,114,68,46,3,29.82,-0.2373,-0.4525,20.66,-5.4456,7.3307,-254805,745195,-25.4805,-28.5417
KRX_CONTINUOUS_AFTERNOON,DS002635,삼성전자,0193L0,SHORT,5/20,10/20,NONE,150,109,41,4,35.33,-0.1771,-0.3273,17.57,-8.5885,8.5505,-254818,745182,-25.4818,-31.7186
KRX_CONTINUOUS_AFTERNOON,DS000635,SK하이닉스,0193T0,LONG,3/20,3/10,30,77,69,8,2,27.27,-0.3682,-0.6527,7.99,-4.4879,6.2656,-254882,745118,-25.4882,-25.5735
KRX_CONTINUOUS_AFTERNOON,DS001820,삼성전자,0193L0,SHORT,5/30,3/20,5,109,88,21,3,34.86,-0.2598,-0.3067,14.03,-5.6795,4.9865,-255083,744917,-25.5083,-29.3884
KRX_CONTINUOUS_AFTERNOON,DS000116,SK하이닉스,0197X0,SHORT,5/10,3/5,5,236,219,17,2,35.59,-0.1184,-0.2520,5.11,-3.5063,5.0322,-255256,744744,-25.5256,-28.9731
KRX_CONTINUOUS_AFTERNOON,DS001701,SK하이닉스,0197X0,SHORT,10/20,3/20,10,125,101,24,2,35.20,-0.2233,-0.5610,14.21,-4.5855,8.1721,-255323,744677,-25.5323,-30.6233
KRX_CONTINUOUS_AFTERNOON,DS002793,SK하이닉스,0193T0,LONG,10/30,10/20,10,91,63,28,2,31.87,-0.3068,-0.5748,15.05,-4.5746,7.8653,-255373,744627,-25.5373,-26.5982
KRX_CONTINUOUS_AFTERNOON,DS004524,SK하이닉스,0193T0,LONG,5/20,20/30,50,58,37,21,2,34.48,-0.4933,-0.6524,15.88,-3.6448,5.0632,-256203,743797,-25.6203,-30.2377
KRX_CONTINUOUS_AFTERNOON,DS003490,삼성전자,0193W0,LONG,5/10,5/30,20,126,92,34,5,31.75,-0.2126,-0.4557,19.03,-6.0590,5.7796,-256473,743527,-25.6473,-38.8139
KRX_CONTINUOUS_AFTERNOON,DS000861,삼성전자,0193L0,SHORT,5/30,3/10,10,88,80,8,1,34.09,-0.3309,-0.3335,8.42,-5.2087,2.4497,-256630,743370,-25.6630,-28.0096
KRX_CONTINUOUS_AFTERNOON,DS002143,삼성전자,0193W0,LONG,5/20,5/20,NONE,156,126,30,2,28.85,-0.1800,-0.4586,12.10,-2.2517,6.2870,-256761,743239,-25.6761,-31.2386
KRX_CONTINUOUS_AFTERNOON,DS002746,SK하이닉스,0193T0,LONG,5/30,10/20,20,75,55,20,2,36.00,-0.3698,-0.5279,16.85,-5.6824,7.4106,-256801,743199,-25.6801,-29.4086
KRX_CONTINUOUS_AFTERNOON,DS002854,SK하이닉스,0197X0,SHORT,20/30,10/20,20,84,70,14,2,29.76,-0.3345,-0.4749,15.90,-4.0843,8.9060,-256851,743149,-25.6851,-26.1419
KRX_CONTINUOUS_AFTERNOON,DS003502,삼성전자,0193L0,SHORT,5/10,5/30,20,144,106,38,6,36.81,-0.1756,-0.3949,19.40,-10.5939,7.7877,-256924,743076,-25.6924,-40.3779
KRX_CONTINUOUS_AFTERNOON,DS000176,삼성전자,0193W0,LONG,3/20,3/5,5,156,141,15,1,26.28,-0.1847,-0.3332,4.65,-1.9872,5.6294,-256944,743056,-25.6944,-31.3885
KRX_CONTINUOUS_AFTERNOON,DS001819,삼성전자,0193L0,SHORT,5/30,3/20,NONE,110,89,21,3,34.55,-0.2598,-0.3042,13.95,-5.6795,4.9865,-257032,742968,-25.7032,-29.3884
KRX_CONTINUOUS_AFTERNOON,DS000299,SK하이닉스,0193T0,LONG,3/30,3/5,30,66,61,5,2,22.73,-0.4454,-0.4345,4.70,-3.0238,2.0609,-257047,742953,-25.7047,-25.7985
KRX_CONTINUOUS_AFTERNOON,DS001340,삼성전자,0193L0,SHORT,5/30,5/10,5,109,97,12,1,35.78,-0.2657,-0.2289,9.68,-7.2993,3.1916,-257431,742569,-25.7431,-28.3145
KRX_CONTINUOUS_AFTERNOON,DS001339,삼성전자,0193L0,SHORT,5/30,5/10,NONE,110,98,12,1,35.45,-0.2635,-0.2144,9.63,-7.2993,3.1916,-257543,742457,-25.7543,-28.3145
KRX_CONTINUOUS_AFTERNOON,DS000096,삼성전자,0193L0,SHORT,3/10,3/5,50,142,131,11,2,26.76,-0.2070,-0.2350,4.84,-3.4095,2.6709,-258287,741713,-25.8287,-28.8679
KRX_CONTINUOUS_AFTERNOON,DS002264,SK하이닉스,0193T0,LONG,5/30,5/20,5,107,83,24,2,31.78,-0.2622,-0.5786,13.40,-5.3761,6.0569,-258423,741577,-25.8423,-27.8014
KRX_CONTINUOUS_AFTERNOON,DS000298,SK하이닉스,0193T0,LONG,3/30,3/5,20,90,87,3,2,27.78,-0.3275,-0.4473,5.16,-3.0238,3.2656,-258895,741105,-25.8895,-27.0087
KRX_CONTINUOUS_AFTERNOON,DS002040,SK하이닉스,0197X0,SHORT,5/10,5/20,50,134,103,31,3,28.36,-0.2061,-0.5297,13.62,-3.8061,9.1102,-258993,741007,-25.8993,-28.5360
KRX_CONTINUOUS_AFTERNOON,DS003515,SK하이닉스,0193T0,LONG,3/20,5/30,30,77,59,18,2,28.57,-0.3641,-0.7455,15.34,-5.3148,7.2862,-259050,740950,-25.9050,-27.5450
KRX_CONTINUOUS_AFTERNOON,DS003788,삼성전자,0193L0,SHORT,10/30,5/30,5,63,42,21,2,31.75,-0.4652,-0.3682,21.44,-6.1537,2.8744,-259079,740921,-25.9079,-26.4954
KRX_CONTINUOUS_AFTERNOON,DS002853,SK하이닉스,0197X0,SHORT,20/30,10/20,10,71,59,12,2,28.17,-0.4054,-0.5659,16.11,-3.7607,8.9060,-259543,740457,-25.9543,-26.4094
KRX_CONTINUOUS_AFTERNOON,DS004233,SK하이닉스,0193T0,LONG,10/30,10/30,10,91,59,32,2,28.57,-0.3122,-0.6809,16.70,-4.5746,8.4957,-259640,740360,-25.9640,-27.7959
KRX_CONTINUOUS_AFTERNOON,DS000549,SK하이닉스,0197X0,SHORT,3/10,3/10,10,127,112,15,1,34.65,-0.2286,-0.3354,9.01,-2.8693,5.2015,-259669,740331,-25.9669,-25.9669
KRX_CONTINUOUS_AFTERNOON,DS004208,삼성전자,0193W0,LONG,5/30,10/30,5,110,67,43,3,29.09,-0.2524,-0.4525,20.57,-5.4456,7.3307,-259921,740079,-25.9921,-27.9290
KRX_CONTINUOUS_AFTERNOON,DS004188,SK하이닉스,0193T0,LONG,5/30,10/30,50,45,28,17,3,31.11,-0.6364,-0.6208,17.96,-4.7680,4.2952,-259928,740072,-25.9928,-29.0406
KRX_CONTINUOUS_AFTERNOON,DS000799,삼성전자,0193W0,LONG,3/30,3/10,NONE,140,124,16,2,32.14,-0.2085,-0.3543,7.86,-2.4411,4.6718,-259961,740039,-25.9961,-26.6690
KRX_CONTINUOUS_AFTERNOON,DS002529,삼성전자,0193W0,LONG,5/10,10/20,10,128,88,40,5,32.03,-0.2138,-0.3183,17.55,-10.2325,6.0288,-260067,739933,-26.0067,-36.9025
KRX_CONTINUOUS_AFTERNOON,DS002780,삼성전자,0193L0,SHORT,5/30,10/20,5,109,77,32,3,36.70,-0.2571,-0.3017,18.48,-8.5885,4.9865,-260593,739407,-26.0593,-33.1863
KRX_CONTINUOUS_AFTERNOON,DS000164,SK하이닉스,0197X0,SHORT,3/20,3/5,5,165,149,16,1,33.94,-0.1780,-0.2839,5.12,-2.8693,4.0807,-260639,739361,-26.0639,-31.7414
KRX_CONTINUOUS_AFTERNOON,DS000391,SK하이닉스,0193T0,LONG,10/30,3/5,NONE,93,85,8,2,23.66,-0.3182,-0.3339,5.52,-3.1970,4.9116,-261058,738942,-26.1058,-26.1307
KRX_CONTINUOUS_AFTERNOON,DS000235,삼성전자,0193L0,SHORT,5/20,3/5,NONE,150,139,11,2,37.33,-0.1980,-0.2000,5.11,-4.9474,2.0894,-261079,738921,-26.1079,-27.0826
KRX_CONTINUOUS_AFTERNOON,DS002083,SK하이닉스,0197X0,SHORT,3/20,5/20,NONE,192,147,45,4,35.94,-0.1369,-0.4809,14.74,-3.7965,9.0640,-261085,738915,-26.1085,-33.3478
KRX_CONTINUOUS_AFTERNOON,DS000059,SK하이닉스,0193T0,LONG,3/10,3/5,30,110,100,10,2,33.64,-0.2691,-0.3410,4.96,-3.4750,2.4769,-261227,738773,-26.1227,-26.2160
KRX_CONTINUOUS_AFTERNOON,DS000212,SK하이닉스,0197X0,SHORT,5/20,3/5,5,155,140,15,2,29.68,-0.1910,-0.2903,4.72,-3.6804,4.0807,-261477,738523,-26.1477,-30.1760
KRX_CONTINUOUS_AFTERNOON,DS003153,삼성전자,0193W0,LONG,10/20,3/30,10,119,87,32,3,27.73,-0.2353,-0.5408,15.43,-6.1477,6.9677,-261539,738461,-26.1539,-30.6891
KRX_CONTINUOUS_AFTERNOON,DS004187,SK하이닉스,0193T0,LONG,5/30,10/30,30,49,29,20,2,28.57,-0.5868,-0.6441,19.27,-5.3709,8.9445,-261977,738023,-26.1977,-29.6944
KRX_CONTINUOUS_AFTERNOON,DS001605,SK하이닉스,0197X0,SHORT,3/20,3/20,10,156,128,28,1,32.69,-0.1837,-0.5130,11.88,-3.2016,8.2179,-262170,737830,-26.2170,-29.8617
KRX_CONTINUOUS_AFTERNOON,DS001773,삼성전자,0193L0,SHORT,3/30,3/20,10,94,74,20,3,32.98,-0.3142,-0.4432,13.20,-5.6075,2.8229,-262196,737804,-26.2196,-27.4943
KRX_CONTINUOUS_AFTERNOON,DS002791,SK하이닉스,0193T0,LONG,10/30,10/20,NONE,93,65,28,2,31.18,-0.3102,-0.5724,14.76,-4.5746,7.8653,-262338,737662,-26.2338,-27.2848
KRX_CONTINUOUS_AFTERNOON,DS001077,SK하이닉스,0197X0,SHORT,5/10,5/10,10,119,101,18,2,35.29,-0.2464,-0.3360,9.45,-3.7965,4.4938,-262546,737454,-26.2546,-26.2546
KRX_CONTINUOUS_AFTERNOON,DS000763,삼성전자,0193L0,SHORT,10/20,3/10,NONE,124,109,15,3,35.48,-0.2403,-0.2000,8.47,-3.5929,5.6372,-262653,737347,-26.2653,-27.4390
KRX_CONTINUOUS_AFTERNOON,DS003383,SK하이닉스,0197X0,SHORT,3/5,5/30,30,267,178,89,10,35.21,-0.0564,-0.3821,18.07,-6.8038,11.5618,-262888,737112,-26.2888,-33.4381
KRX_CONTINUOUS_AFTERNOON,DS004019,삼성전자,0193W0,LONG,3/20,10/30,30,93,64,29,4,29.03,-0.3075,-0.4761,20.75,-5.1819,7.6623,-263137,736863,-26.3137,-26.3137
KRX_CONTINUOUS_AFTERNOON,DS004570,SK하이닉스,0193T0,LONG,10/20,20/30,20,61,38,23,2,26.23,-0.4747,-0.5321,18.34,-5.3467,8.8159,-263415,736585,-26.3415,-26.9104
KRX_CONTINUOUS_AFTERNOON,DS004268,삼성전자,0193L0,SHORT,10/30,10/30,5,63,40,23,2,28.57,-0.4757,-0.3345,23.49,-3.9170,3.0134,-263530,736470,-26.3530,-28.6464
KRX_CONTINUOUS_AFTERNOON,DS001028,SK하이닉스,0197X0,SHORT,3/10,5/10,5,230,196,34,3,40.00,-0.1187,-0.2876,10.26,-6.5644,8.2638,-264696,735304,-26.4696,-27.1872
KRX_CONTINUOUS_AFTERNOON,DS002950,SK하이닉스,0197X0,SHORT,3/10,3/30,20,144,108,36,5,31.94,-0.1818,-0.5206,16.01,-6.7891,10.3109,-264718,735282,-26.4718,-30.6173
KRX_CONTINUOUS_AFTERNOON,DS002580,삼성전자,0193W0,LONG,3/20,10/20,50,89,62,27,4,23.60,-0.3346,-0.5851,14.13,-2.6458,5.4790,-264819,735181,-26.4819,-33.1511
KRX_CONTINUOUS_AFTERNOON,DS004704,삼성전자,0193L0,SHORT,5/30,20/30,50,65,39,26,3,29.23,-0.4508,-0.3713,19.45,-4.0974,4.9865,-265108,734892,-26.5108,-33.4572
KRX_CONTINUOUS_AFTERNOON,DS004231,SK하이닉스,0193T0,LONG,10/30,10/30,NONE,93,61,32,2,27.96,-0.3134,-0.6762,16.37,-4.5746,8.4957,-265152,734848,-26.5152,-28.3334
KRX_CONTINUOUS_AFTERNOON,DS003430,SK하이닉스,0197X0,SHORT,3/10,5/30,20,144,105,39,5,34.03,-0.1773,-0.5533,17.82,-6.7539,10.7183,-265174,734826,-26.5174,-28.4872
KRX_CONTINUOUS_AFTERNOON,DS003466,SK하이닉스,0193T0,LONG,5/10,5/30,20,110,87,23,3,30.00,-0.2631,-0.5407,15.97,-4.4879,5.6278,-265192,734808,-26.5192,-37.5405
KRX_CONTINUOUS_AFTERNOON,DS001956,삼성전자,0193W0,LONG,3/5,5/20,50,244,182,62,7,34.02,-0.1003,-0.3294,16.40,-3.2665,8.6366,-265725,734275,-26.5725,-49.8317
KRX_CONTINUOUS_AFTERNOON,DS000128,삼성전자,0193W0,LONG,5/10,3/5,5,252,227,25,2,28.17,-0.1159,-0.2770,4.87,-2.3700,7.2702,-265827,734173,-26.5827,-32.9720
KRX_CONTINUOUS_AFTERNOON,DS003044,SK하이닉스,0197X0,SHORT,3/20,3/30,5,165,122,43,3,34.55,-0.1698,-0.4455,16.85,-7.1767,8.9794,-265964,734036,-26.5964,-30.6313
KRX_CONTINUOUS_AFTERNOON,DS003141,SK하이닉스,0197X0,SHORT,10/20,3/30,10,125,93,32,3,35.20,-0.2294,-0.4114,17.22,-7.5725,8.9332,-266005,733995,-26.6005,-31.0137
KRX_CONTINUOUS_AFTERNOON,DS003898,SK하이닉스,0193T0,LONG,3/10,10/30,20,117,81,36,4,33.33,-0.2293,-0.5094,18.61,-5.5756,6.6041,-266252,733748,-26.6252,-38.6413
KRX_CONTINUOUS_AFTERNOON,DS000032,삼성전자,0193W0,LONG,3/5,3/5,5,208,191,17,2,33.17,-0.1434,-0.2488,4.98,-2.1512,8.6366,-266325,733675,-26.6325,-29.2709
KRX_CONTINUOUS_AFTERNOON,DS004748,삼성전자,0193L0,SHORT,10/30,20/30,5,63,32,31,2,30.16,-0.4769,-0.2458,23.19,-4.1674,3.0134,-266924,733076,-26.6924,-31.7100
KRX_CONTINUOUS_AFTERNOON,DS001259,SK하이닉스,0193T0,LONG,3/30,5/10,30,66,58,8,2,31.82,-0.4543,-0.4088,10.03,-4.4968,5.4794,-267197,732803,-26.7197,-26.7351
KRX_CONTINUOUS_AFTERNOON,DS002052,삼성전자,0193W0,LONG,5/10,5/20,50,125,91,34,5,27.20,-0.2358,-0.4110,13.94,-2.7974,7.2702,-267336,732664,-26.7336,-37.4717
KRX_CONTINUOUS_AFTERNOON,DS000548,SK하이닉스,0197X0,SHORT,3/10,3/10,5,230,202,28,1,35.65,-0.1240,-0.3590,9.02,-3.5278,7.5444,-267414,732586,-26.7414,-26.7414
KRX_CONTINUOUS_AFTERNOON,DS000692,SK하이닉스,0197X0,SHORT,5/20,3/10,5,155,134,21,3,32.90,-0.1926,-0.2914,8.68,-3.6804,7.1356,-267781,732219,-26.7781,-27.5933
KRX_CONTINUOUS_AFTERNOON,DS004160,삼성전자,0193W0,LONG,3/30,10/30,5,122,72,50,4,30.33,-0.2337,-0.4405,21.83,-5.2876,7.4410,-267821,732179,-26.7821,-26.7821
KRX_CONTINUOUS_AFTERNOON,DS001089,삼성전자,0193W0,LONG,5/10,5/10,10,128,111,17,2,31.25,-0.2374,-0.3019,9.10,-2.3700,3.6865,-267956,732044,-26.7956,-29.6354
KRX_CONTINUOUS_AFTERNOON,DS001092,삼성전자,0193W0,LONG,5/10,5/10,50,125,108,17,2,26.40,-0.2440,-0.3372,7.84,-2.3700,7.2702,-268151,731849,-26.8151,-30.1789
KRX_CONTINUOUS_AFTERNOON,DS002155,삼성전자,0193L0,SHORT,5/20,5/20,NONE,150,119,31,2,34.00,-0.1946,-0.3093,14.87,-8.6059,7.8627,-268954,731046,-26.8954,-32.3581
KRX_CONTINUOUS_AFTERNOON,DS002998,SK하이닉스,0197X0,SHORT,5/10,3/30,20,134,100,34,5,34.33,-0.2067,-0.5052,16.13,-5.9925,10.3109,-269729,730271,-26.9729,-28.0738
KRX_CONTINUOUS_AFTERNOON,DS000777,SK하이닉스,0193T0,LONG,3/30,3/10,10,107,96,11,4,29.91,-0.2809,-0.5641,8.32,-3.6003,5.6022,-269814,730186,-26.9814,-27.5797
KRX_CONTINUOUS_AFTERNOON,DS001185,삼성전자,0193W0,LONG,5/20,5/10,10,124,109,15,2,29.03,-0.2462,-0.4449,8.65,-2.1316,5.1443,-270762,729238,-27.0762,-27.2218
KRX_CONTINUOUS_AFTERNOON,DS001054,삼성전자,0193L0,SHORT,3/10,5/10,20,141,123,18,3,36.17,-0.2164,-0.3180,10.06,-6.0784,5.9636,-270783,729217,-27.0783,-27.3303
KRX_CONTINUOUS_AFTERNOON,DS000643,SK하이닉스,0197X0,SHORT,3/20,3/10,NONE,192,165,27,3,33.85,-0.1551,-0.3087,9.03,-3.4991,7.4988,-270949,729051,-27.0949,-30.2335
KRX_CONTINUOUS_AFTERNOON,DS001991,SK하이닉스,0197X0,SHORT,3/10,5/20,30,137,104,33,3,28.47,-0.2171,-0.5685,13.36,-3.8061,9.1102,-271058,728942,-27.1058,-27.2868
KRX_CONTINUOUS_AFTERNOON,DS004234,SK하이닉스,0193T0,LONG,10/30,10/30,20,71,44,27,1,26.76,-0.4279,-0.7487,17.44,-4.5746,8.4957,-271574,728426,-27.1574,-29.9732
KRX_CONTINUOUS_AFTERNOON,DS002458,SK하이닉스,0193T0,LONG,3/10,10/20,20,117,87,30,4,31.62,-0.2363,-0.4709,15.59,-5.6824,7.9681,-271804,728196,-27.1804,-42.2541
KRX_CONTINUOUS_AFTERNOON,DS000848,삼성전자,0193W0,LONG,5/30,3/10,5,110,99,11,1,25.45,-0.2825,-0.4174,6.95,-2.3700,4.5643,-272039,727961,-27.2039,-28.3185
KRX_CONTINUOUS_AFTERNOON,DS003970,삼성전자,0193W0,LONG,5/10,10/30,20,126,81,45,5,33.33,-0.2314,-0.4179,22.66,-6.0590,5.4434,-272125,727875,-27.2125,-39.7820
KRX_CONTINUOUS_AFTERNOON,DS004318,삼성전자,0193L0,SHORT,20/30,10/30,20,73,47,26,2,31.51,-0.4138,-0.3832,22.45,-9.6484,6.7725,-272405,727595,-27.2405,-29.5139
KRX_CONTINUOUS_AFTERNOON,DS001617,삼성전자,0193W0,LONG,3/20,3/20,10,141,122,19,2,24.82,-0.2167,-0.5170,10.21,-1.9632,5.9382,-272610,727390,-27.2610,-28.9111
KRX_CONTINUOUS_AFTERNOON,DS003838,삼성전자,0193L0,SHORT,20/30,5/30,20,73,50,23,2,34.25,-0.4178,-0.4066,20.27,-9.6484,5.5540,-273124,726876,-27.3124,-30.2590
KRX_CONTINUOUS_AFTERNOON,DS000095,삼성전자,0193L0,SHORT,3/10,3/5,30,144,132,12,2,27.78,-0.2186,-0.2378,5.18,-3.4095,2.6247,-273440,726560,-27.3440,-29.6505
KRX_CONTINUOUS_AFTERNOON,DS000563,삼성전자,0193W0,LONG,3/10,3/10,30,138,127,11,1,28.26,-0.2280,-0.2939,7.04,-2.4966,2.9584,-274765,725235,-27.4765,-31.0231
KRX_CONTINUOUS_AFTERNOON,DS001570,삼성전자,0193W0,LONG,5/10,3/20,20,126,110,16,3,32.54,-0.2468,-0.3560,12.70,-6.4165,5.9382,-274979,725021,-27.4979,-35.9582
KRX_CONTINUOUS_AFTERNOON,DS002902,SK하이닉스,0197X0,SHORT,3/5,3/30,20,255,180,75,10,35.69,-0.0800,-0.4516,16.77,-6.8038,11.5618,-275014,724986,-27.5014,-40.0631
KRX_CONTINUOUS_AFTERNOON,DS002685,삼성전자,0193L0,SHORT,10/20,10/20,10,117,88,29,2,38.46,-0.2628,-0.3474,16.59,-3.7580,9.0934,-275271,724729,-27.5271,-32.1081
KRX_CONTINUOUS_AFTERNOON,DS002794,SK하이닉스,0193T0,LONG,10/30,10/20,20,71,48,23,2,29.58,-0.4380,-0.5748,15.23,-4.5746,6.9680,-275568,724432,-27.5568,-29.6077
KRX_CONTINUOUS_AFTERNOON,DS001075,SK하이닉스,0197X0,SHORT,5/10,5/10,NONE,248,219,29,2,36.69,-0.1191,-0.3128,9.40,-3.7965,8.2638,-275868,724132,-27.5868,-28.2452
KRX_CONTINUOUS_AFTERNOON,DS004522,SK하이닉스,0193T0,LONG,5/20,20/30,20,70,42,28,3,32.86,-0.4385,-0.6746,19.91,-8.0265,5.0632,-276058,723942,-27.6058,-29.9554
KRX_CONTINUOUS_AFTERNOON,DS001101,삼성전자,0193L0,SHORT,5/10,5/10,10,124,112,12,2,33.87,-0.2507,-0.3131,10.44,-8.0618,5.9380,-276114,723886,-27.6114,-27.8192
KRX_CONTINUOUS_AFTERNOON,DS003419,SK하이닉스,0193T0,LONG,3/10,5/30,30,110,78,32,4,34.55,-0.2723,-0.4809,16.20,-4.4879,5.9089,-276277,723723,-27.6277,-34.9908
KRX_CONTINUOUS_AFTERNOON,DS000165,SK하이닉스,0197X0,SHORT,3/20,3/5,10,156,143,13,1,33.33,-0.2025,-0.2829,5.06,-2.8693,4.0807,-276453,723547,-27.6453,-31.4235
KRX_CONTINUOUS_AFTERNOON,DS001292,삼성전자,0193L0,SHORT,3/30,5/10,5,110,97,13,2,37.27,-0.2853,-0.2596,10.55,-7.2993,2.5383,-276561,723439,-27.6561,-29.2562
KRX_CONTINUOUS_AFTERNOON,DS000691,SK하이닉스,0197X0,SHORT,5/20,3/10,NONE,158,137,21,3,32.28,-0.1967,-0.2913,8.54,-3.6804,7.1356,-276767,723233,-27.6767,-28.3387
KRX_CONTINUOUS_AFTERNOON,DS004655,삼성전자,0193L0,SHORT,3/30,20/30,30,60,42,18,2,31.67,-0.5302,-0.4440,16.18,-3.4829,1.9423,-277121,722879,-27.7121,-30.7735
KRX_CONTINUOUS_AFTERNOON,DS004762,SK하이닉스,0193T0,LONG,20/30,20/30,20,79,54,25,1,31.65,-0.3898,-0.6461,19.13,-5.3272,6.2442,-277133,722867,-27.7133,-29.0701
KRX_CONTINUOUS_AFTERNOON,DS004391,SK하이닉스,0197X0,SHORT,3/10,20/30,30,137,95,42,5,37.23,-0.2106,-0.2349,16.51,-4.1393,10.3109,-277598,722402,-27.7598,-27.7598
KRX_CONTINUOUS_AFTERNOON,DS003443,삼성전자,0193W0,LONG,3/10,5/30,30,138,98,40,6,31.88,-0.2156,-0.4439,18.72,-4.7590,8.5565,-277607,722393,-27.7607,-40.1725
KRX_CONTINUOUS_AFTERNOON,DS001303,SK하이닉스,0193T0,LONG,5/30,5/10,NONE,112,99,13,2,31.25,-0.2783,-0.4413,8.69,-5.3761,5.4794,-277702,722298,-27.7702,-27.7702
KRX_CONTINUOUS_AFTERNOON,DS000585,SK하이닉스,0193T0,LONG,5/10,3/10,10,116,99,17,2,30.17,-0.2706,-0.4679,8.16,-4.4879,5.5513,-277959,722041,-27.7959,-33.0407
KRX_CONTINUOUS_AFTERNOON,DS000155,SK하이닉스,0193T0,LONG,3/20,3/5,30,77,69,8,1,29.87,-0.4176,-0.4608,4.83,-3.0238,2.0609,-278027,721973,-27.8027,-28.0961
KRX_CONTINUOUS_AFTERNOON,DS000860,삼성전자,0193L0,SHORT,5/30,3/10,5,109,97,12,1,35.78,-0.2936,-0.2424,8.22,-5.2087,2.4497,-278067,721933,-27.8067,-30.3858
KRX_CONTINUOUS_AFTERNOON,DS001581,삼성전자,0193L0,SHORT,5/10,3/20,10,124,102,22,4,30.65,-0.2454,-0.4153,13.97,-6.4642,7.6341,-278146,721854,-27.8146,-31.3043
KRX_CONTINUOUS_AFTERNOON,DS001651,SK하이닉스,0197X0,SHORT,5/20,3/20,NONE,158,129,29,2,34.81,-0.1951,-0.4584,12.04,-3.6804,7.8523,-278416,721584,-27.8416,-32.3945
KRX_CONTINUOUS_AFTERNOON,DS002421,SK하이닉스,0197X0,SHORT,3/5,10/20,10,255,197,58,7,38.04,-0.0840,-0.2615,16.82,-6.3571,10.7983,-278638,721362,-27.8638,-33.6950
KRX_CONTINUOUS_AFTERNOON,DS001955,삼성전자,0193W0,LONG,3/5,5/20,30,235,183,52,7,31.49,-0.1212,-0.3585,15.81,-3.2665,4.6951,-278668,721332,-27.8668,-51.1897
KRX_CONTINUOUS_AFTERNOON,DS000012,SK하이닉스,0193T0,LONG,3/5,3/5,50,223,209,14,2,30.04,-0.1404,-0.3286,4.67,-3.9304,5.3666,-278844,721156,-27.8844,-32.7658
KRX_CONTINUOUS_AFTERNOON,DS000600,SK하이닉스,0197X0,SHORT,5/10,3/10,50,134,119,15,2,34.33,-0.2341,-0.4287,8.69,-3.1356,7.5444,-279270,720730,-27.9270,-27.9270
KRX_CONTINUOUS_AFTERNOON,DS001231,삼성전자,0193W0,LONG,10/20,5/10,NONE,129,114,15,2,24.81,-0.2455,-0.3907,8.58,-3.2820,6.0681,-279273,720727,-27.9273,-28.5243
KRX_CONTINUOUS_AFTERNOON,DS002179,SK하이닉스,0197X0,SHORT,10/20,5/20,NONE,133,105,28,2,35.34,-0.2324,-0.5167,15.41,-3.0587,9.0178,-279487,720513,-27.9487,-32.1593
KRX_CONTINUOUS_AFTERNOON,DS003260,삼성전자,0193L0,SHORT,5/30,3/30,5,109,83,26,2,31.19,-0.2935,-0.3903,15.11,-4.9474,4.9865,-279942,720058,-27.9942,-31.0109
KRX_CONTINUOUS_AFTERNOON,DS000859,삼성전자,0193L0,SHORT,5/30,3/10,NONE,110,98,12,1,35.45,-0.2933,-0.2520,8.17,-5.2087,2.4497,-279956,720044,-27.9956,-30.3858
KRX_CONTINUOUS_AFTERNOON,DS000931,SK하이닉스,0197X0,SHORT,20/30,3/10,NONE,93,85,8,2,31.18,-0.3392,-0.3449,10.19,-6.8942,5.6628,-279997,720003,-27.9997,-32.9100
KRX_CONTINUOUS_AFTERNOON,DS003382,SK하이닉스,0197X0,SHORT,3/5,5/30,20,255,173,82,10,37.25,-0.0756,-0.3507,18.38,-6.8038,11.5618,-280221,719779,-28.0221,-32.6861
KRX_CONTINUOUS_AFTERNOON,DS002903,SK하이닉스,0197X0,SHORT,3/5,3/30,30,267,188,79,10,33.33,-0.0764,-0.4516,16.26,-6.8038,11.5618,-280699,719301,-28.0699,-37.6020
KRX_CONTINUOUS_AFTERNOON,DS002699,SK하이닉스,0193T0,LONG,3/30,10/20,30,66,44,22,3,34.85,-0.4714,-0.4502,16.33,-5.5756,7.2862,-280883,719117,-28.0883,-31.3096
KRX_CONTINUOUS_AFTERNOON,DS001136,삼성전자,0193W0,LONG,3/20,5/10,5,156,135,21,2,30.77,-0.2028,-0.3730,9.03,-2.3653,5.5395,-281307,718693,-28.1307,-32.3433
KRX_CONTINUOUS_AFTERNOON,DS004291,SK하이닉스,0197X0,SHORT,20/30,10/30,NONE,93,64,29,4,34.41,-0.3047,-0.4761,24.51,-5.9286,10.9772,-281408,718592,-28.1408,-28.8456
KRX_CONTINUOUS_AFTERNOON,DS000597,SK하이닉스,0197X0,SHORT,5/10,3/10,10,119,102,17,2,31.93,-0.2690,-0.2668,8.76,-3.4991,5.2015,-281724,718276,-28.1724,-28.1724
KRX_CONTINUOUS_AFTERNOON,DS002373,SK하이닉스,0197X0,SHORT,20/30,5/20,10,71,60,11,3,28.17,-0.4510,-0.5262,14.48,-3.7000,7.2012,-281724,718276,-28.1724,-29.3959
KRX_CONTINUOUS_AFTERNOON,DS002061,삼성전자,0193L0,SHORT,5/10,5/20,10,124,94,30,4,34.68,-0.2436,-0.4324,16.67,-9.3577,8.4022,-281735,718265,-28.1735,-34.7170
KRX_CONTINUOUS_AFTERNOON,DS003259,삼성전자,0193L0,SHORT,5/30,3/30,NONE,110,84,26,2,30.91,-0.2932,-0.3860,15.00,-4.9474,4.9865,-281826,718174,-28.1826,-31.0109
KRX_CONTINUOUS_AFTERNOON,DS003177,SK하이닉스,0193T0,LONG,3/30,3/30,10,107,84,23,1,23.36,-0.2923,-0.6350,11.65,-3.6003,9.3323,-282000,718000,-28.2000,-28.2000
KRX_CONTINUOUS_AFTERNOON,DS004771,SK하이닉스,0197X0,SHORT,20/30,20/30,NONE,93,65,28,2,35.48,-0.3328,-0.2485,19.75,-5.7314,8.5734,-282303,717697,-28.2303,-29.3889
KRX_CONTINUOUS_AFTERNOON,DS002299,삼성전자,0193L0,SHORT,5/30,5/20,NONE,110,85,25,3,37.27,-0.2872,-0.2373,16.86,-8.6059,4.9865,-282380,717620,-28.2380,-35.3017
KRX_CONTINUOUS_AFTERNOON,DS000261,SK하이닉스,0197X0,SHORT,10/20,3/5,10,125,117,8,2,32.80,-0.2618,-0.3066,5.24,-2.3599,2.2445,-282771,717229,-28.2771,-28.5569
KRX_CONTINUOUS_AFTERNOON,DS000551,SK하이닉스,0197X0,SHORT,3/10,3/10,30,137,119,18,2,29.93,-0.2328,-0.4268,8.39,-2.9380,7.5444,-282818,717182,-28.2818,-29.4768
KRX_CONTINUOUS_AFTERNOON,DS004571,SK하이닉스,0193T0,LONG,10/20,20/30,30,63,40,23,2,28.57,-0.5080,-0.5321,17.30,-5.0639,5.7420,-283071,716929,-28.3071,-31.3863
KRX_CONTINUOUS_AFTERNOON,DS000739,SK하이닉스,0197X0,SHORT,10/20,3/10,NONE,133,116,17,2,36.84,-0.2407,-0.4287,10.25,-4.3815,7.4533,-283603,716397,-28.3603,-32.2580
KRX_CONTINUOUS_AFTERNOON,DS000297,SK하이닉스,0193T0,LONG,3/30,3/5,10,107,101,6,2,28.04,-0.3054,-0.4417,4.87,-3.0238,5.7207,-283719,716281,-28.3719,-30.6274
KRX_CONTINUOUS_AFTERNOON,DS001027,SK하이닉스,0197X0,SHORT,3/10,5/10,NONE,267,231,36,3,39.70,-0.1111,-0.2457,10.18,-6.5644,8.2638,-283884,716116,-28.3884,-29.4714
KRX_CONTINUOUS_AFTERNOON,DS000599,SK하이닉스,0197X0,SHORT,5/10,3/10,30,128,115,13,2,33.59,-0.2504,-0.3536,9.22,-3.1356,7.5444,-283904,716096,-28.3904,-28.3904
KRX_CONTINUOUS_AFTERNOON,DS000189,삼성전자,0193L0,SHORT,3/20,3/5,10,125,115,10,2,31.20,-0.2636,-0.2478,4.94,-5.7292,2.2740,-284575,715425,-28.4575,-29.2376
KRX_CONTINUOUS_AFTERNOON,DS000753,삼성전자,0193W0,LONG,10/20,3/10,10,119,105,14,2,24.37,-0.2737,-0.3936,7.51,-3.2820,5.8070,-284613,715387,-28.4613,-29.3252
KRX_CONTINUOUS_AFTERNOON,DS001137,삼성전자,0193W0,LONG,3/20,5/10,10,141,124,17,3,31.21,-0.2282,-0.4235,8.98,-2.3653,5.5395,-284693,715307,-28.4693,-28.6671
KRX_CONTINUOUS_AFTERNOON,DS004428,SK하이닉스,0193T0,LONG,5/10,20/30,50,103,69,34,4,41.75,-0.3026,-0.2332,18.61,-4.7906,5.6894,-284708,715292,-28.4708,-39.4490
KRX_CONTINUOUS_AFTERNOON,DS000105,SK하이닉스,0193T0,LONG,5/10,3/5,10,116,105,11,2,31.03,-0.2847,-0.3525,5.05,-3.0238,2.5624,-285301,714699,-28.5301,-30.3614
KRX_CONTINUOUS_AFTERNOON,DS004593,삼성전자,0193W0,LONG,10/20,20/30,10,119,69,50,3,32.77,-0.2513,-0.5162,21.67,-6.3706,7.3307,-285430,714570,-28.5430,-32.6964
KRX_CONTINUOUS_AFTERNOON,DS003695,삼성전자,0193L0,SHORT,3/30,5/30,30,60,41,19,2,26.67,-0.5487,-0.4428,17.20,-5.7598,2.4755,-285505,714495,-28.5505,-30.2071
KRX_CONTINUOUS_AFTERNOON,DS001533,삼성전자,0193L0,SHORT,3/10,3/20,10,134,114,20,4,30.60,-0.2393,-0.4634,14.19,-6.1447,7.6341,-285513,714487,-28.5513,-29.5222
KRX_CONTINUOUS_AFTERNOON,DS002422,SK하이닉스,0197X0,SHORT,3/5,10/20,20,255,191,64,6,36.47,-0.1003,-0.2668,14.79,-4.9138,10.1448,-285527,714473,-28.5527,-33.2813
KRX_CONTINUOUS_AFTERNOON,DS003178,SK하이닉스,0193T0,LONG,3/30,3/30,20,90,75,15,1,21.11,-0.3595,-0.6582,12.21,-3.6003,6.0569,-285722,714278,-28.5722,-28.5722
KRX_CONTINUOUS_AFTERNOON,DS001675,삼성전자,0193L0,SHORT,5/20,3/20,NONE,150,121,29,2,31.33,-0.2139,-0.4100,12.99,-5.6075,7.0984,-286066,713934,-28.6066,-29.7865
KRX_CONTINUOUS_AFTERNOON,DS002563,SK하이닉스,0197X0,SHORT,3/20,10/20,NONE,192,149,43,3,36.98,-0.1520,-0.2431,15.72,-5.4731,10.7983,-286197,713803,-28.6197,-34.0089
KRX_CONTINUOUS_AFTERNOON,DS001091,삼성전자,0193W0,LONG,5/10,5/10,30,125,112,13,2,28.80,-0.2650,-0.3380,8.53,-2.3700,3.6865,-286781,713219,-28.6781,-30.0560
KRX_CONTINUOUS_AFTERNOON,DS002013,삼성전자,0193L0,SHORT,3/10,5/20,10,134,105,29,4,32.84,-0.2388,-0.4621,16.28,-6.2962,8.4022,-286836,713164,-28.6836,-31.2976
KRX_CONTINUOUS_AFTERNOON,DS003333,SK하이닉스,0197X0,SHORT,20/30,3/30,10,71,57,14,3,29.58,-0.4585,-0.6933,17.87,-3.8669,7.1181,-286844,713156,-28.6844,-29.0177
KRX_CONTINUOUS_AFTERNOON,DS004343,SK하이닉스,0197X0,SHORT,3/5,20/30,30,267,172,95,10,42.70,-0.0736,-0.2000,19.15,-7.0013,11.5618,-287742,712258,-28.7742,-34.8276
KRX_CONTINUOUS_AFTERNOON,DS000561,삼성전자,0193W0,LONG,3/10,3/10,10,132,121,11,2,28.03,-0.2530,-0.3251,7.67,-2.4966,2.9584,-288510,711490,-28.8510,-33.6789
KRX_CONTINUOUS_AFTERNOON,DS003213,삼성전자,0193L0,SHORT,3/30,3/30,10,94,72,22,2,27.66,-0.3555,-0.4975,13.99,-4.9474,3.0450,-288587,711413,-28.8587,-29.4986
KRX_CONTINUOUS_AFTERNOON,DS001511,SK하이닉스,0197X0,SHORT,3/10,3/20,30,137,112,25,3,27.74,-0.2380,-0.5587,10.80,-3.1022,8.2638,-288793,711207,-28.8793,-29.6234
KRX_CONTINUOUS_AFTERNOON,DS001519,삼성전자,0193W0,LONG,3/10,3/20,NONE,296,237,59,4,31.08,-0.0965,-0.3509,13.97,-4.3550,7.3377,-288851,711149,-28.8851,-49.0783
KRX_CONTINUOUS_AFTERNOON,DS001954,삼성전자,0193W0,LONG,3/5,5/20,20,226,188,38,7,32.30,-0.1334,-0.3444,14.96,-6.3508,4.6951,-288986,711014,-28.8986,-44.0912
KRX_CONTINUOUS_AFTERNOON,DS001664,삼성전자,0193W0,LONG,5/20,3/20,5,151,127,24,2,27.81,-0.2177,-0.4673,10.53,-2.2034,5.9382,-289109,710891,-28.9109,-32.3154
KRX_CONTINUOUS_AFTERNOON,DS001771,삼성전자,0193L0,SHORT,3/30,3/20,NONE,133,105,28,3,33.83,-0.2467,-0.3285,14.55,-5.6075,5.0239,-289452,710548,-28.9452,-32.3134
KRX_CONTINUOUS_AFTERNOON,DS000564,삼성전자,0193W0,LONG,3/10,3/10,50,146,131,15,2,26.71,-0.2279,-0.3505,6.83,-2.4966,7.3377,-289497,710503,-28.9497,-34.7079
KRX_CONTINUOUS_AFTERNOON,DS003996,SK하이닉스,0193T0,LONG,3/20,10/30,50,68,44,24,4,29.41,-0.4589,-0.6665,20.78,-4.8729,5.8586,-289571,710429,-28.9571,-31.3460
KRX_CONTINUOUS_AFTERNOON,DS001535,삼성전자,0193L0,SHORT,3/10,3/20,30,144,118,26,4,31.94,-0.2231,-0.4467,13.83,-6.1447,7.6341,-289577,710423,-28.9577,-30.5731
KRX_CONTINUOUS_AFTERNOON,DS002494,삼성전자,0193L0,SHORT,3/10,10/20,20,141,106,35,5,31.91,-0.2195,-0.4296,17.75,-9.8218,9.0934,-289852,710148,-28.9852,-34.8919
KRX_CONTINUOUS_AFTERNOON,DS001652,SK하이닉스,0197X0,SHORT,5/20,3/20,5,155,126,29,2,34.84,-0.2097,-0.4683,12.06,-3.6804,7.8523,-289954,710046,-28.9954,-31.8965
KRX_CONTINUOUS_AFTERNOON,DS003489,삼성전자,0193W0,LONG,5/10,5/30,10,128,85,43,5,32.81,-0.2443,-0.4659,19.59,-10.2325,5.7796,-290087,709913,-29.0087,-41.1869
KRX_CONTINUOUS_AFTERNOON,DS003813,SK하이닉스,0197X0,SHORT,20/30,5/30,10,71,56,15,3,29.58,-0.4610,-0.7957,19.42,-3.9290,8.7813,-290099,709901,-29.0099,-29.2894
KRX_CONTINUOUS_AFTERNOON,DS001149,삼성전자,0193L0,SHORT,3/20,5/10,10,125,110,15,2,33.60,-0.2651,-0.3743,9.82,-8.0618,6.7124,-290489,709511,-29.0489,-29.6846
KRX_CONTINUOUS_AFTERNOON,DS002205,삼성전자,0193L0,SHORT,10/20,5/20,10,117,95,22,3,36.75,-0.2835,-0.3539,15.55,-6.0109,8.4022,-291174,708826,-29.1174,-33.3688
KRX_CONTINUOUS_AFTERNOON,DS003491,삼성전자,0193W0,LONG,5/10,5/30,30,125,88,37,6,30.40,-0.2610,-0.4463,17.02,-4.1683,5.7796,-291194,708806,-29.1194,-36.8090
KRX_CONTINUOUS_AFTERNOON,DS003596,삼성전자,0193L0,SHORT,5/20,5/30,5,141,97,44,4,39.01,-0.2228,-0.3831,20.09,-7.2993,7.2513,-291209,708791,-29.1209,-36.2337
KRX_CONTINUOUS_AFTERNOON,DS004044,SK하이닉스,0193T0,LONG,5/20,10/30,50,58,34,24,4,32.76,-0.5492,-0.8176,19.47,-4.8729,5.2967,-291345,708655,-29.1345,-32.6920
KRX_CONTINUOUS_AFTERNOON,DS003021,삼성전자,0193L0,SHORT,5/10,3/30,10,124,87,37,4,31.45,-0.2556,-0.4730,17.84,-5.7292,8.0181,-291370,708630,-29.1370,-31.0063
KRX_CONTINUOUS_AFTERNOON,DS002483,삼성전자,0193W0,LONG,3/10,10/20,30,138,100,38,6,33.33,-0.2304,-0.3747,18.10,-5.2348,7.4684,-291596,708404,-29.1596,-40.3855
KRX_CONTINUOUS_AFTERNOON,DS001056,삼성전자,0193L0,SHORT,3/10,5/10,50,142,124,18,2,35.21,-0.2352,-0.4012,9.92,-6.0784,5.9636,-291628,708372,-29.1628,-30.5849
KRX_CONTINUOUS_AFTERNOON,DS000812,삼성전자,0193L0,SHORT,3/30,3/10,5,110,97,13,2,35.45,-0.3082,-0.3262,8.94,-5.2087,2.1975,-292139,707861,-29.2139,-30.5491
KRX_CONTINUOUS_AFTERNOON,DS003069,삼성전자,0193L0,SHORT,3/20,3/30,10,125,88,37,4,33.60,-0.2629,-0.4593,17.45,-5.7292,8.0181,-292162,707838,-29.2162,-30.6371
KRX_CONTINUOUS_AFTERNOON,DS000225,삼성전자,0193W0,LONG,5/20,3/5,10,124,115,9,2,23.39,-0.2732,-0.3103,4.55,-2.5128,5.4012,-292683,707317,-29.2683,-30.1247
KRX_CONTINUOUS_AFTERNOON,DS004159,삼성전자,0193W0,LONG,3/30,10/30,NONE,140,84,56,4,30.00,-0.2255,-0.4430,21.00,-5.2876,7.4410,-293384,706616,-29.3384,-30.3640
KRX_CONTINUOUS_AFTERNOON,DS003261,삼성전자,0193L0,SHORT,5/30,3/30,10,88,68,20,2,30.68,-0.3878,-0.4146,15.76,-4.9474,3.1135,-293856,706144,-29.3856,-31.3744
KRX_CONTINUOUS_AFTERNOON,DS002555,SK하이닉스,0193T0,LONG,3/20,10/20,30,77,57,20,3,28.57,-0.4254,-0.6767,15.04,-5.6824,7.2862,-294071,705929,-29.4071,-31.7057
KRX_CONTINUOUS_AFTERNOON,DS003525,SK하이닉스,0197X0,SHORT,3/20,5/30,10,156,110,46,5,38.46,-0.1966,-0.3600,19.51,-7.6669,10.6714,-294072,705928,-29.4072,-30.7202
KRX_CONTINUOUS_AFTERNOON,DS001509,SK하이닉스,0197X0,SHORT,3/10,3/20,10,127,104,23,3,29.92,-0.2632,-0.5069,12.94,-4.7496,4.7148,-294141,705859,-29.4141,-29.4141
KRX_CONTINUOUS_AFTERNOON,DS003621,SK하이닉스,0197X0,SHORT,10/20,5/30,10,125,90,35,3,36.80,-0.2585,-0.2352,19.23,-7.5375,10.6245,-294143,705857,-29.4143,-32.0402
KRX_CONTINUOUS_AFTERNOON,DS002901,SK하이닉스,0197X0,SHORT,3/5,3/30,10,255,182,73,10,38.43,-0.0763,-0.4315,18.87,-6.8878,11.5618,-294243,705757,-29.4243,-42.7819
KRX_CONTINUOUS_AFTERNOON,DS002026,SK하이닉스,0193T0,LONG,5/10,5/20,20,110,90,20,3,30.91,-0.3025,-0.4555,13.73,-5.3761,5.4794,-294504,705496,-29.4504,-38.7656
KRX_CONTINUOUS_AFTERNOON,DS003334,SK하이닉스,0197X0,SHORT,20/30,3/30,20,84,63,21,3,32.14,-0.3910,-0.6629,19.27,-6.8038,7.1181,-294627,705373,-29.4627,-32.6031
KRX_CONTINUOUS_AFTERNOON,DS002133,SK하이닉스,0197X0,SHORT,5/20,5/20,10,125,96,29,1,36.00,-0.2660,-0.5040,14.07,-3.9745,8.6954,-295059,704941,-29.5059,-33.1879
KRX_CONTINUOUS_AFTERNOON,DS004449,삼성전자,0193W0,LONG,5/10,20/30,10,128,75,53,5,41.41,-0.2464,-0.2999,23.88,-10.2325,5.4434,-295061,704939,-29.5061,-40.0960
KRX_CONTINUOUS_AFTERNOON,DS000177,삼성전자,0193W0,LONG,3/20,3/5,10,141,127,14,2,22.70,-0.2424,-0.3808,4.53,-1.9872,5.6294,-295478,704522,-29.5478,-31.5185
KRX_CONTINUOUS_AFTERNOON,DS002447,삼성전자,0193L0,SHORT,3/5,10/20,30,268,196,72,8,33.58,-0.0982,-0.3226,16.72,-4.5294,9.0934,-295563,704437,-29.5563,-46.7773
KRX_CONTINUOUS_AFTERNOON,DS001258,SK하이닉스,0193T0,LONG,3/30,5/10,20,90,80,10,3,28.89,-0.3757,-0.5959,9.90,-4.4968,5.4794,-295867,704133,-29.5867,-29.5867
KRX_CONTINUOUS_AFTERNOON,DS002095,삼성전자,0193W0,LONG,3/20,5/20,NONE,195,154,41,4,29.74,-0.1667,-0.3724,13.93,-4.4484,6.2870,-295973,704027,-29.5973,-35.8509
KRX_CONTINUOUS_AFTERNOON,DS001979,SK하이닉스,0193T0,LONG,3/10,5/20,30,110,81,29,3,33.64,-0.3011,-0.5130,15.27,-5.5756,6.1932,-296222,703778,-29.6222,-35.2918
KRX_CONTINUOUS_AFTERNOON,DS000552,SK하이닉스,0197X0,SHORT,3/10,3/10,50,132,114,18,2,30.30,-0.2561,-0.4998,8.40,-2.9380,7.5444,-296241,703759,-29.6241,-30.8528
KRX_CONTINUOUS_AFTERNOON,DS002253,삼성전자,0193L0,SHORT,3/30,5/20,10,94,70,24,3,36.17,-0.3611,-0.4517,15.80,-8.6059,2.6145,-296572,703428,-29.6572,-34.0796
KRX_CONTINUOUS_AFTERNOON,DS002565,SK하이닉스,0197X0,SHORT,3/20,10/20,10,156,120,36,3,36.54,-0.2010,-0.3001,16.38,-5.4731,10.7983,-296640,703360,-29.6640,-34.0194
KRX_CONTINUOUS_AFTERNOON,DS003212,삼성전자,0193L0,SHORT,3/30,3/30,5,110,85,25,2,29.09,-0.3123,-0.4972,14.48,-4.9474,5.0239,-297004,702996,-29.7004,-30.3327
KRX_CONTINUOUS_AFTERNOON,DS001184,삼성전자,0193W0,LONG,5/20,5/10,5,151,131,20,2,28.48,-0.2260,-0.3701,8.26,-2.2875,5.1443,-297026,702974,-29.7026,-30.7077
KRX_CONTINUOUS_AFTERNOON,DS004088,SK하이닉스,0193T0,LONG,10/20,10/30,5,92,56,36,3,34.78,-0.3556,-0.5060,20.52,-8.4049,8.8159,-297269,702731,-29.7269,-33.6518
KRX_CONTINUOUS_AFTERNOON,DS001499,SK하이닉스,0193T0,LONG,3/10,3/20,30,110,85,25,3,30.91,-0.3087,-0.5587,13.16,-4.4879,6.6034,-297484,702516,-29.7484,-34.9531
KRX_CONTINUOUS_AFTERNOON,DS000633,SK하이닉스,0193T0,LONG,3/20,3/10,10,134,118,16,3,28.36,-0.2515,-0.5080,8.28,-4.4879,6.2656,-297512,702488,-29.7512,-31.1009
KRX_CONTINUOUS_AFTERNOON,DS002300,삼성전자,0193L0,SHORT,5/30,5/20,5,109,84,25,3,36.70,-0.3106,-0.2458,16.63,-8.6059,4.9865,-298058,701942,-29.8058,-35.3017
KRX_CONTINUOUS_AFTERNOON,DS000115,SK하이닉스,0197X0,SHORT,5/10,3/5,NONE,248,230,18,2,35.08,-0.1359,-0.2520,5.21,-3.5063,5.0322,-298208,701792,-29.8208,-33.0695
KRX_CONTINUOUS_AFTERNOON,DS004342,SK하이닉스,0197X0,SHORT,3/5,20/30,20,255,158,97,10,43.14,-0.0786,-0.2000,20.56,-7.0013,11.5618,-298618,701382,-29.8618,-32.3339
KRX_CONTINUOUS_AFTERNOON,DS003011,삼성전자,0193W0,LONG,5/10,3/30,30,125,93,32,6,29.60,-0.2747,-0.4668,14.30,-3.0860,6.2870,-298653,701347,-29.8653,-37.5757
KRX_CONTINUOUS_AFTERNOON,DS004579,SK하이닉스,0197X0,SHORT,10/20,20/30,NONE,133,84,49,3,40.60,-0.2482,-0.2000,21.63,-6.7765,6.0735,-298668,701332,-29.8668,-33.4171
KRX_CONTINUOUS_AFTERNOON,DS003429,SK하이닉스,0197X0,SHORT,3/10,5/30,10,127,91,36,4,34.65,-0.2554,-0.4315,19.31,-4.7496,10.3109,-298758,701242,-29.8758,-32.1372
KRX_CONTINUOUS_AFTERNOON,DS002986,SK하이닉스,0193T0,LONG,5/10,3/30,20,110,88,22,3,28.18,-0.3076,-0.5161,14.05,-4.4879,5.4794,-298792,701208,-29.8792,-40.3325
KRX_CONTINUOUS_AFTERNOON,DS002219,SK하이닉스,0193T0,LONG,3/30,5/20,30,66,47,19,2,31.82,-0.5121,-0.4848,16.33,-6.3377,6.0569,-299021,700979,-29.9021,-31.9153
KRX_CONTINUOUS_AFTERNOON,DS002263,SK하이닉스,0193T0,LONG,5/30,5/20,NONE,112,88,24,2,30.36,-0.3004,-0.5993,12.96,-5.3761,6.0569,-299082,700918,-29.9082,-31.4838
KRX_CONTINUOUS_AFTERNOON,DS000598,SK하이닉스,0197X0,SHORT,5/10,3/10,20,134,120,14,2,35.07,-0.2543,-0.2595,9.39,-6.3123,7.5444,-299135,700865,-29.9135,-29.9135
KRX_CONTINUOUS_AFTERNOON,DS002532,삼성전자,0193W0,LONG,5/10,10/20,50,125,80,45,5,27.20,-0.2688,-0.4248,16.10,-4.1683,7.2702,-299320,700680,-29.9320,-40.8316
KRX_CONTINUOUS_AFTERNOON,DS003787,삼성전자,0193L0,SHORT,10/30,5/30,NONE,86,58,28,3,31.40,-0.4049,-0.3714,19.49,-6.1537,2.8744,-299605,700395,-29.9605,-32.8558
KRX_CONTINUOUS_AFTERNOON,DS002683,삼성전자,0193L0,SHORT,10/20,10/20,NONE,124,95,29,2,37.90,-0.2758,-0.3399,16.00,-3.7580,9.0934,-300076,699924,-30.0076,-34.3513
KRX_CONTINUOUS_AFTERNOON,DS001556,SK하이닉스,0197X0,SHORT,5/10,3/20,5,236,190,46,4,35.17,-0.1344,-0.4043,14.17,-4.4553,8.2638,-300346,699654,-30.0346,-32.0882
KRX_CONTINUOUS_AFTERNOON,DS000656,삼성전자,0193W0,LONG,3/20,3/10,5,156,135,21,2,29.49,-0.2222,-0.3559,7.44,-2.4411,5.6294,-300907,699093,-30.0907,-34.0461
KRX_CONTINUOUS_AFTERNOON,DS001291,삼성전자,0193L0,SHORT,3/30,5/10,NONE,133,117,16,2,37.59,-0.2610,-0.2478,10.59,-7.2993,2.5383,-301020,698980,-30.1020,-32.8560
KRX_CONTINUOUS_AFTERNOON,DS002301,삼성전자,0193L0,SHORT,5/30,5/20,10,88,69,19,3,37.50,-0.3921,-0.3223,17.53,-8.6059,2.6145,-301052,698948,-30.1052,-36.0231
KRX_CONTINUOUS_AFTERNOON,DS002518,SK하이닉스,0197X0,SHORT,5/10,10/20,20,134,104,30,3,35.07,-0.2461,-0.4282,15.51,-5.9569,10.8453,-301318,698682,-30.1318,-30.1318
KRX_CONTINUOUS_AFTERNOON,DS003283,SK하이닉스,0197X0,SHORT,10/30,3/30,NONE,90,70,20,2,40.00,-0.3822,-0.4086,17.62,-6.8878,6.1305,-301626,698374,-30.1626,-33.0775
KRX_CONTINUOUS_AFTERNOON,DS001699,SK하이닉스,0197X0,SHORT,10/20,3/20,NONE,133,108,25,2,34.59,-0.2569,-0.5845,14.72,-4.5855,8.1721,-301650,698350,-30.1650,-34.9393
KRX_CONTINUOUS_AFTERNOON,DS004404,삼성전자,0193W0,LONG,3/10,20/30,50,146,99,47,7,36.99,-0.2230,-0.3729,20.83,-4.7590,7.3377,-301702,698298,-30.1702,-42.9775
KRX_CONTINUOUS_AFTERNOON,DS000259,SK하이닉스,0197X0,SHORT,10/20,3/5,NONE,133,124,9,2,33.08,-0.2658,-0.3066,5.42,-2.3599,2.2445,-301876,698124,-30.1876,-30.4600
KRX_CONTINUOUS_AFTERNOON,DS003012,삼성전자,0193W0,LONG,5/10,3/30,50,125,84,41,6,28.00,-0.2758,-0.4710,15.64,-3.9756,7.2702,-302190,697810,-30.2190,-41.0703
KRX_CONTINUOUS_AFTERNOON,DS003658,SK하이닉스,0193T0,LONG,3/30,5/30,20,90,73,17,3,22.22,-0.3817,-0.5833,15.51,-4.2652,7.2862,-302373,697627,-30.2373,-30.2373
KRX_CONTINUOUS_AFTERNOON,DS003151,삼성전자,0193W0,LONG,10/20,3/30,NONE,129,93,36,4,28.68,-0.2552,-0.5349,16.50,-6.1477,6.9677,-302857,697143,-30.2857,-34.5671
KRX_CONTINUOUS_AFTERNOON,DS000669,삼성전자,0193L0,SHORT,3/20,3/10,10,125,111,14,2,29.60,-0.2813,-0.3891,8.20,-5.9883,5.6372,-302984,697016,-30.2984,-30.9797
KRX_CONTINUOUS_AFTERNOON,DS000667,삼성전자,0193L0,SHORT,3/20,3/10,NONE,185,161,24,3,34.05,-0.1873,-0.3285,9.04,-5.9883,6.7095,-303225,696775,-30.3225,-33.3661
KRX_CONTINUOUS_AFTERNOON,DS001895,SK하이닉스,0197X0,SHORT,20/30,3/20,30,54,46,8,2,27.78,-0.6406,-0.5641,13.94,-8.3132,6.3696,-303391,696609,-30.3391,-30.7160
KRX_CONTINUOUS_AFTERNOON,DS002481,삼성전자,0193W0,LONG,3/10,10/20,10,132,94,38,5,31.06,-0.2565,-0.4421,17.43,-4.1683,5.9858,-303650,696350,-30.3650,-40.4768
KRX_CONTINUOUS_AFTERNOON,DS003934,삼성전자,0193L0,SHORT,3/10,10/30,20,141,96,45,6,32.62,-0.2179,-0.5020,22.68,-9.8218,10.5897,-303734,696266,-30.3734,-39.0430
KRX_CONTINUOUS_AFTERNOON,DS004475,SK하이닉스,0193T0,LONG,3/20,20/30,30,77,54,23,3,29.87,-0.4415,-0.6811,15.49,-5.9635,6.4456,-303742,696258,-30.3742,-30.3742
KRX_CONTINUOUS_AFTERNOON,DS003009,삼성전자,0193W0,LONG,5/10,3/30,10,128,89,39,5,31.25,-0.2626,-0.4922,17.11,-10.2325,6.2870,-303745,696255,-30.3745,-42.4454
KRX_CONTINUOUS_AFTERNOON,DS000547,SK하이닉스,0197X0,SHORT,3/10,3/10,NONE,267,236,31,2,34.83,-0.1254,-0.3311,8.71,-3.5278,7.5444,-303820,696180,-30.3820,-30.8826
KRX_CONTINUOUS_AFTERNOON,DS001520,삼성전자,0193W0,LONG,3/10,3/20,5,226,181,45,3,31.86,-0.1474,-0.4382,13.61,-4.3550,7.3377,-303978,696022,-30.3978,-43.2031
KRX_CONTINUOUS_AFTERNOON,DS004773,SK하이닉스,0197X0,SHORT,20/30,20/30,10,71,46,25,1,32.39,-0.4872,-0.2640,22.37,-5.7314,8.5734,-304896,695104,-30.4896,-31.1713
KRX_CONTINUOUS_AFTERNOON,DS004747,삼성전자,0193L0,SHORT,10/30,20/30,NONE,86,45,41,3,32.56,-0.4098,-0.2445,21.95,-4.1674,3.0134,-304964,695036,-30.4964,-36.4396
KRX_CONTINUOUS_AFTERNOON,DS003444,삼성전자,0193W0,LONG,3/10,5/30,50,146,95,51,6,30.82,-0.2281,-0.4708,18.94,-4.7590,7.3377,-304984,695016,-30.4984,-46.0911
KRX_CONTINUOUS_AFTERNOON,DS002964,삼성전자,0193W0,LONG,3/10,3/30,50,146,98,48,5,30.14,-0.2336,-0.4557,16.52,-4.7590,7.3377,-305248,694752,-30.5248,-45.6355
KRX_CONTINUOUS_AFTERNOON,DS002733,삼성전자,0193L0,SHORT,3/30,10/20,10,94,67,27,3,34.04,-0.3697,-0.3329,17.71,-8.5885,4.9865,-305443,694557,-30.5443,-34.9905
KRX_CONTINUOUS_AFTERNOON,DS004702,삼성전자,0193L0,SHORT,5/30,20/30,20,76,43,33,2,34.21,-0.4555,-0.2574,22.14,-11.1756,4.9865,-305452,694548,-30.5452,-37.3984
KRX_CONTINUOUS_AFTERNOON,DS002434,삼성전자,0193W0,LONG,3/5,10/20,20,226,182,44,7,34.51,-0.1409,-0.3716,16.34,-6.1524,4.6021,-305876,694124,-30.5876,-48.2741
KRX_CONTINUOUS_AFTERNOON,DS004619,SK하이닉스,0193T0,LONG,3/30,20/30,30,66,47,19,3,31.82,-0.5258,-0.3366,15.32,-7.4859,6.4456,-305945,694055,-30.5945,-30.5945
KRX_CONTINUOUS_AFTERNOON,DS003789,삼성전자,0193L0,SHORT,10/30,5/30,10,79,56,23,3,29.11,-0.4534,-0.4289,19.90,-6.1537,2.8744,-306295,693705,-30.6295,-31.6322
KRX_CONTINUOUS_AFTERNOON,DS002961,삼성전자,0193W0,LONG,3/10,3/30,10,132,94,38,5,29.55,-0.2625,-0.4444,15.99,-3.6322,5.9858,-306409,693591,-30.6409,-43.4898
KRX_CONTINUOUS_AFTERNOON,DS003790,삼성전자,0193L0,SHORT,10/30,5/30,20,66,46,20,3,28.79,-0.5453,-0.4375,19.29,-6.1537,1.6315,-306672,693328,-30.6672,-31.7101
KRX_CONTINUOUS_AFTERNOON,DS004654,삼성전자,0193L0,SHORT,3/30,20/30,20,83,46,37,2,39.76,-0.4179,-0.3087,20.30,-11.1756,5.0239,-306859,693141,-30.6859,-37.9961
KRX_CONTINUOUS_AFTERNOON,DS001462,SK하이닉스,0197X0,SHORT,3/5,3/20,20,255,202,53,6,34.51,-0.1181,-0.3921,13.33,-8.3132,8.7711,-306928,693072,-30.6928,-31.4208
KRX_CONTINUOUS_AFTERNOON,DS000127,삼성전자,0193W0,LONG,5/10,3/5,NONE,274,248,26,2,28.10,-0.1270,-0.2966,5.09,-2.3700,7.2702,-306929,693071,-30.6929,-34.4995
KRX_CONTINUOUS_AFTERNOON,DS002928,삼성전자,0193L0,SHORT,3/5,3/30,50,270,196,74,9,31.11,-0.0757,-0.4355,17.93,-5.7603,9.9642,-306987,693013,-30.6987,-52.2396
KRX_CONTINUOUS_AFTERNOON,DS000727,SK하이닉스,0193T0,LONG,10/20,3/10,NONE,135,119,16,2,24.44,-0.2598,-0.3986,8.51,-6.5629,6.2656,-307198,692802,-30.7198,-31.9047
KRX_CONTINUOUS_AFTERNOON,DS004099,SK하이닉스,0197X0,SHORT,10/20,10/30,NONE,133,87,46,4,36.84,-0.2510,-0.4420,22.10,-5.9160,10.4131,-307206,692794,-30.7206,-32.5040
KRX_CONTINUOUS_AFTERNOON,DS003571,SK하이닉스,0197X0,SHORT,5/20,5/30,NONE,158,111,47,4,36.08,-0.2087,-0.4204,18.99,-6.6270,10.2975,-307719,692281,-30.7719,-33.9194
KRX_CONTINUOUS_AFTERNOON,DS002203,삼성전자,0193L0,SHORT,10/20,5/20,NONE,124,100,24,3,36.29,-0.2869,-0.3351,15.15,-6.0109,8.4022,-308356,691644,-30.8356,-34.9459
KRX_CONTINUOUS_AFTERNOON,DS002949,SK하이닉스,0197X0,SHORT,3/10,3/30,10,127,93,34,3,31.50,-0.2673,-0.4888,17.46,-4.7496,10.3109,-308389,691611,-30.8389,-31.6129
KRX_CONTINUOUS_AFTERNOON,DS000020,SK하이닉스,0197X0,SHORT,3/5,3/5,5,257,241,16,2,36.19,-0.1365,-0.2569,5.64,-3.5970,5.5857,-308709,691291,-30.8709,-37.4204
KRX_CONTINUOUS_AFTERNOON,DS000560,삼성전자,0193W0,LONG,3/10,3/10,5,226,200,26,1,28.32,-0.1558,-0.3862,7.53,-2.4966,7.3377,-308888,691112,-30.8888,-35.4692
KRX_CONTINUOUS_AFTERNOON,DS002963,삼성전자,0193W0,LONG,3/10,3/30,30,138,104,34,5,30.43,-0.2562,-0.3974,15.74,-4.7590,6.5876,-308929,691071,-30.8929,-41.7320
KRX_CONTINUOUS_AFTERNOON,DS001821,삼성전자,0193L0,SHORT,5/30,3/20,10,88,73,15,3,31.82,-0.4098,-0.4130,14.17,-5.6795,2.8229,-309049,690951,-30.9049,-34.0963
KRX_CONTINUOUS_AFTERNOON,DS003631,삼성전자,0193W0,LONG,10/20,5/30,NONE,129,90,39,4,30.23,-0.2578,-0.5342,17.36,-6.2270,7.3307,-309153,690847,-30.9153,-35.2408
KRX_CONTINUOUS_AFTERNOON,DS003091,SK하이닉스,0197X0,SHORT,5/20,3/30,NONE,158,116,42,4,33.54,-0.2134,-0.5115,16.51,-6.5181,8.6111,-309159,690841,-30.9159,-35.2173
KRX_CONTINUOUS_AFTERNOON,DS004531,SK하이닉스,0197X0,SHORT,5/20,20/30,NONE,158,99,59,4,42.41,-0.2073,-0.1838,21.66,-6.7087,6.7617,-309305,690695,-30.9305,-36.2078
KRX_CONTINUOUS_AFTERNOON,DS004462,삼성전자,0193L0,SHORT,5/10,20/30,20,144,87,57,5,35.42,-0.2308,-0.3530,21.72,-4.3184,7.8061,-309574,690426,-30.9574,-43.3918
KRX_CONTINUOUS_AFTERNOON,DS000046,삼성전자,0193L0,SHORT,3/5,3/5,20,257,237,20,3,31.52,-0.1415,-0.2396,5.26,-3.0155,3.4558,-309813,690187,-30.9813,-32.0882
KRX_CONTINUOUS_AFTERNOON,DS003285,SK하이닉스,0197X0,SHORT,10/30,3/30,10,87,67,20,2,39.08,-0.4116,-0.4420,17.40,-6.8878,6.1305,-311139,688861,-31.1139,-33.9891
KRX_CONTINUOUS_AFTERNOON,DS000224,삼성전자,0193W0,LONG,5/20,3/5,5,151,138,13,2,23.84,-0.2421,-0.2974,4.42,-1.9872,5.4012,-311693,688307,-31.1693,-33.1241
KRX_CONTINUOUS_AFTERNOON,DS002531,삼성전자,0193W0,LONG,5/10,10/20,30,125,90,35,4,30.40,-0.2859,-0.3940,16.70,-5.1819,6.0288,-311702,688298,-31.1702,-36.2423
KRX_CONTINUOUS_AFTERNOON,DS002516,SK하이닉스,0197X0,SHORT,5/10,10/20,5,236,177,59,4,39.83,-0.1314,-0.3637,18.59,-5.4731,10.8453,-311806,688194,-31.1806,-34.4918
KRX_CONTINUOUS_AFTERNOON,DS004532,SK하이닉스,0197X0,SHORT,5/20,20/30,5,155,97,58,4,41.94,-0.2160,-0.2000,21.05,-6.7087,6.7617,-311841,688159,-31.1841,-36.4628
KRX_CONTINUOUS_AFTERNOON,DS001510,SK하이닉스,0197X0,SHORT,3/10,3/20,20,144,120,24,4,31.25,-0.2422,-0.4635,12.45,-6.6834,8.2638,-311880,688120,-31.1880,-32.0800
KRX_CONTINUOUS_AFTERNOON,DS001041,삼성전자,0193W0,LONG,3/10,5/10,10,132,119,13,3,30.30,-0.2763,-0.3490,9.65,-3.0642,3.6276,-311950,688050,-31.1950,-33.7247
KRX_CONTINUOUS_AFTERNOON,DS004267,삼성전자,0193L0,SHORT,10/30,10/30,NONE,86,56,30,3,30.23,-0.4267,-0.4516,20.71,-3.9170,3.0134,-312145,687855,-31.2145,-34.4630
KRX_CONTINUOUS_AFTERNOON,DS002589,삼성전자,0193L0,SHORT,3/20,10/20,10,125,90,35,4,34.40,-0.2810,-0.3275,18.33,-9.3404,9.0934,-312157,687843,-31.2157,-35.0817
KRX_CONTINUOUS_AFTERNOON,DS004269,삼성전자,0193L0,SHORT,10/30,10/30,10,79,53,26,2,27.85,-0.4655,-0.4572,21.25,-3.9170,3.0134,-312474,687526,-31.2474,-33.3330
KRX_CONTINUOUS_AFTERNOON,DS003441,삼성전자,0193W0,LONG,3/10,5/30,10,132,92,40,5,29.55,-0.2655,-0.4880,18.23,-4.1683,5.9858,-312905,687095,-31.2905,-44.1031
KRX_CONTINUOUS_AFTERNOON,DS004138,SK하이닉스,0193T0,LONG,3/30,10/30,20,90,61,29,3,26.67,-0.3932,-0.4103,18.18,-5.5756,5.9308,-313056,686944,-31.3056,-31.3056
KRX_CONTINUOUS_AFTERNOON,DS001257,SK하이닉스,0193T0,LONG,3/30,5/10,10,107,93,14,4,30.84,-0.3365,-0.5898,9.35,-4.4968,5.7207,-313112,686888,-31.3112,-31.8030
KRX_CONTINUOUS_AFTERNOON,DS000153,SK하이닉스,0193T0,LONG,3/20,3/5,10,134,124,10,2,32.09,-0.2739,-0.4202,5.07,-3.0238,5.3457,-313651,686349,-31.3651,-33.6519
KRX_CONTINUOUS_AFTERNOON,DS003763,SK하이닉스,0197X0,SHORT,10/30,5/30,NONE,90,68,22,2,34.44,-0.4004,-0.4770,18.53,-6.8526,6.1305,-313690,686310,-31.3690,-32.8883
KRX_CONTINUOUS_AFTERNOON,DS003947,SK하이닉스,0193T0,LONG,5/10,10/30,30,103,66,37,3,36.89,-0.3450,-0.3403,18.37,-5.3709,5.2967,-314158,685842,-31.4158,-39.7447
KRX_CONTINUOUS_AFTERNOON,DS001534,삼성전자,0193L0,SHORT,3/10,3/20,20,141,115,26,4,33.33,-0.2501,-0.4355,14.81,-9.8218,7.6341,-314176,685824,-31.4176,-33.4180
KRX_CONTINUOUS_AFTERNOON,DS001207,SK하이닉스,0193T0,LONG,10/20,5/10,NONE,135,121,14,2,28.89,-0.2683,-0.3943,8.94,-3.6576,6.1932,-314596,685404,-31.4596,-31.5091
KRX_CONTINUOUS_AFTERNOON,DS002075,SK하이닉스,0193T0,LONG,3/20,5/20,30,77,61,16,2,28.57,-0.4630,-0.6577,14.69,-6.3377,6.1932,-314891,685109,-31.4891,-33.1204
KRX_CONTINUOUS_AFTERNOON,DS004749,삼성전자,0193L0,SHORT,10/30,20/30,10,79,43,36,3,29.11,-0.4656,-0.2857,22.44,-4.1674,3.0134,-315384,684616,-31.5384,-35.6368
KRX_CONTINUOUS_AFTERNOON,DS001559,SK하이닉스,0197X0,SHORT,5/10,3/20,30,128,108,20,3,28.13,-0.2837,-0.5593,11.09,-3.1356,8.2638,-315520,684480,-31.5520,-31.5520
KRX_CONTINUOUS_AFTERNOON,DS003933,삼성전자,0193L0,SHORT,3/10,10/30,10,134,90,44,4,33.58,-0.2395,-0.5052,23.48,-7.2438,10.5897,-315553,684447,-31.5553,-37.1382
KRX_CONTINUOUS_AFTERNOON,DS004775,SK하이닉스,0197X0,SHORT,20/30,20/30,30,54,37,17,1,31.48,-0.6716,-0.8422,23.98,-5.7314,8.5734,-315654,684346,-31.5654,-32.2366
KRX_CONTINUOUS_AFTERNOON,DS002506,SK하이닉스,0193T0,LONG,5/10,10/20,20,110,79,31,3,34.55,-0.3248,-0.4166,16.36,-5.6824,4.8372,-315871,684129,-31.5871,-41.5670
KRX_CONTINUOUS_AFTERNOON,DS002743,SK하이닉스,0193T0,LONG,5/30,10/20,NONE,112,77,35,2,33.93,-0.3150,-0.5042,15.95,-5.6824,7.6908,-315871,684129,-31.5871,-31.5871
KRX_CONTINUOUS_AFTERNOON,DS000729,SK하이닉스,0193T0,LONG,10/20,3/10,10,125,111,14,2,23.20,-0.2939,-0.4415,8.30,-6.5629,6.2656,-316373,683627,-31.6373,-32.2461
KRX_CONTINUOUS_AFTERNOON,DS003572,SK하이닉스,0197X0,SHORT,5/20,5/30,5,155,108,47,4,36.13,-0.2219,-0.4141,18.65,-6.6270,10.2975,-316574,683426,-31.6574,-33.5597
KRX_CONTINUOUS_AFTERNOON,DS000584,SK하이닉스,0193T0,LONG,5/10,3/10,5,225,195,30,2,29.78,-0.1585,-0.4298,7.88,-4.4879,6.8060,-316606,683394,-31.6606,-34.4354
KRX_CONTINUOUS_AFTERNOON,DS001665,삼성전자,0193W0,LONG,5/20,3/20,10,124,106,18,2,28.23,-0.2940,-0.5571,11.81,-9.1593,5.9382,-316662,683338,-31.6662,-34.2054
KRX_CONTINUOUS_AFTERNOON,DS001536,삼성전자,0193L0,SHORT,3/10,3/20,50,142,115,27,4,31.69,-0.2521,-0.4929,14.90,-6.1447,7.6341,-316709,683291,-31.6709,-36.2389
KRX_CONTINUOUS_AFTERNOON,DS000104,SK하이닉스,0193T0,LONG,5/10,3/5,5,225,204,21,2,33.33,-0.1626,-0.2911,4.92,-4.9482,6.9257,-316925,683075,-31.6925,-36.1931
KRX_CONTINUOUS_AFTERNOON,DS002085,SK하이닉스,0197X0,SHORT,3/20,5/20,10,156,123,33,3,34.62,-0.2271,-0.4809,14.78,-3.7965,9.0640,-316932,683068,-31.6932,-35.1763
KRX_CONTINUOUS_AFTERNOON,DS001017,SK하이닉스,0193T0,LONG,3/10,5/10,10,123,101,22,2,32.52,-0.2928,-0.3819,9.54,-5.3761,6.1932,-317094,682906,-31.7094,-34.2052
KRX_CONTINUOUS_AFTERNOON,DS004484,SK하이닉스,0197X0,SHORT,3/20,20/30,5,165,105,60,4,42.42,-0.2024,-0.1489,21.39,-7.3660,7.0511,-317560,682440,-31.7560,-35.8898
KRX_CONTINUOUS_AFTERNOON,DS001183,삼성전자,0193W0,LONG,5/20,5/10,NONE,156,136,20,2,28.21,-0.2384,-0.3653,8.32,-2.2875,5.1443,-318467,681533,-31.8467,-32.7408
KRX_CONTINUOUS_AFTERNOON,DS002507,SK하이닉스,0193T0,LONG,5/10,10/20,30,103,69,34,4,35.92,-0.3515,-0.3866,16.41,-5.6824,4.6442,-318510,681490,-31.8510,-43.3334
KRX_CONTINUOUS_AFTERNOON,DS000705,삼성전자,0193W0,LONG,5/20,3/10,10,124,109,15,2,28.23,-0.3022,-0.4961,7.15,-2.4411,4.8874,-319084,680916,-31.9084,-32.4924
KRX_CONTINUOUS_AFTERNOON,DS001147,삼성전자,0193L0,SHORT,3/20,5/10,NONE,185,160,25,2,36.76,-0.1976,-0.2866,10.42,-8.0618,6.7124,-319132,680868,-31.9132,-35.8465
KRX_CONTINUOUS_AFTERNOON,DS001772,삼성전자,0193L0,SHORT,3/30,3/20,5,110,89,21,3,33.64,-0.3382,-0.4428,13.75,-5.6075,5.0239,-319145,680855,-31.9145,-33.3914
KRX_CONTINUOUS_AFTERNOON,DS001689,SK하이닉스,0193T0,LONG,10/20,3/20,10,125,102,23,2,25.60,-0.2913,-0.5954,12.18,-5.9753,8.0396,-319242,680758,-31.9242,-34.9877
KRX_CONTINUOUS_AFTERNOON,DS002015,삼성전자,0193L0,SHORT,3/10,5/20,30,144,111,33,4,30.56,-0.2508,-0.5294,16.26,-6.2962,8.4022,-319586,680414,-31.9586,-36.7421
KRX_CONTINUOUS_AFTERNOON,DS004497,삼성전자,0193W0,LONG,3/20,20/30,10,141,82,59,5,33.33,-0.2418,-0.3386,22.70,-9.7361,7.6623,-319753,680247,-31.9753,-38.1575
KRX_CONTINUOUS_AFTERNOON,DS003045,SK하이닉스,0197X0,SHORT,3/20,3/30,10,156,116,40,5,33.33,-0.2249,-0.4662,16.65,-7.7017,8.9794,-319816,680184,-31.9816,-34.4845
KRX_CONTINUOUS_AFTERNOON,DS002014,삼성전자,0193L0,SHORT,3/10,5/20,20,141,108,33,4,32.62,-0.2550,-0.5168,16.73,-9.8218,8.4022,-320316,679684,-32.0316,-35.3942
KRX_CONTINUOUS_AFTERNOON,DS003211,삼성전자,0193L0,SHORT,3/30,3/30,NONE,133,105,28,2,27.82,-0.2835,-0.4702,14.05,-4.9474,5.0239,-320574,679426,-32.0574,-34.8207
KRX_CONTINUOUS_AFTERNOON,DS003946,SK하이닉스,0193T0,LONG,5/10,10/30,20,110,75,35,3,32.73,-0.3305,-0.4203,19.15,-5.3709,5.2967,-320858,679142,-32.0858,-40.6841
KRX_CONTINUOUS_AFTERNOON,DS003335,SK하이닉스,0197X0,SHORT,20/30,3/30,30,54,42,12,2,24.07,-0.6920,-0.8894,19.07,-6.8038,7.1181,-321822,678178,-32.1822,-32.4992
KRX_CONTINUOUS_AFTERNOON,DS004043,SK하이닉스,0193T0,LONG,5/20,10/30,30,66,44,22,3,34.85,-0.5613,-0.8113,18.52,-4.8729,6.2496,-322680,677320,-32.2680,-32.3235
KRX_CONTINUOUS_AFTERNOON,DS003139,SK하이닉스,0197X0,SHORT,10/20,3/30,NONE,133,99,34,3,35.34,-0.2750,-0.4114,17.61,-7.5725,8.9332,-322850,677150,-32.2850,-36.3564
KRX_CONTINUOUS_AFTERNOON,DS002132,SK하이닉스,0197X0,SHORT,5/20,5/20,5,155,122,33,1,34.19,-0.2391,-0.4683,13.49,-3.9745,8.6954,-322885,677115,-32.2885,-34.6823
KRX_CONTINUOUS_AFTERNOON,DS002374,SK하이닉스,0197X0,SHORT,20/30,5/20,20,84,70,14,3,29.76,-0.4429,-0.5308,15.67,-6.8038,7.2012,-323042,676958,-32.3042,-34.0738
KRX_CONTINUOUS_AFTERNOON,DS004270,삼성전자,0193L0,SHORT,10/30,10/30,20,66,43,23,3,27.27,-0.5827,-0.4848,21.18,-3.9170,3.0134,-323263,676737,-32.3263,-34.3792
KRX_CONTINUOUS_AFTERNOON,DS004485,SK하이닉스,0197X0,SHORT,3/20,20/30,10,156,104,52,5,42.95,-0.2249,-0.1421,20.91,-7.3660,6.2231,-323382,676618,-32.3382,-35.7238
KRX_CONTINUOUS_AFTERNOON,DS000811,삼성전자,0193L0,SHORT,3/30,3/10,NONE,133,117,16,2,33.83,-0.2889,-0.3174,8.69,-5.2087,2.1975,-323966,676034,-32.3966,-34.9107
KRX_CONTINUOUS_AFTERNOON,DS003815,SK하이닉스,0197X0,SHORT,20/30,5/30,30,54,41,13,2,25.93,-0.6952,-0.9787,20.67,-6.8038,8.7813,-324427,675573,-32.4427,-32.7087
KRX_CONTINUOUS_AFTERNOON,DS001603,SK하이닉스,0197X0,SHORT,3/20,3/20,NONE,192,159,33,1,31.77,-0.1930,-0.5345,11.39,-3.2016,8.2179,-324657,675343,-32.4657,-34.3224
KRX_CONTINUOUS_AFTERNOON,DS004666,SK하이닉스,0193T0,LONG,5/30,20/30,20,75,49,26,2,32.00,-0.4946,-0.5714,18.48,-4.7409,8.9445,-324885,675115,-32.4885,-32.4885
KRX_CONTINUOUS_AFTERNOON,DS001737,SK하이닉스,0193T0,LONG,3/30,3/20,10,107,89,18,2,23.36,-0.3500,-0.7098,11.35,-3.6003,7.4596,-325305,674695,-32.5305,-32.5305
KRX_CONTINUOUS_AFTERNOON,DS002218,SK하이닉스,0193T0,LONG,3/30,5/20,20,90,73,17,2,26.67,-0.4194,-0.5208,14.28,-5.5756,6.0569,-325361,674639,-32.5361,-32.5361
KRX_CONTINUOUS_AFTERNOON,DS002047,삼성전자,0193W0,LONG,5/10,5/20,NONE,274,206,68,5,31.39,-0.1248,-0.3665,15.03,-4.2472,7.2702,-325778,674222,-32.5778,-47.1392
KRX_CONTINUOUS_AFTERNOON,DS002375,SK하이닉스,0197X0,SHORT,20/30,5/20,30,54,46,8,2,20.37,-0.7054,-0.8605,15.33,-6.8038,7.2012,-325844,674156,-32.5844,-32.9988
KRX_CONTINUOUS_AFTERNOON,DS003597,삼성전자,0193L0,SHORT,5/20,5/30,10,111,72,39,4,37.84,-0.3319,-0.4723,20.35,-7.2993,7.2513,-326263,673737,-32.6263,-34.6314
KRX_CONTINUOUS_AFTERNOON,DS002027,SK하이닉스,0193T0,LONG,5/10,5/20,30,103,75,28,3,33.01,-0.3696,-0.4378,14.33,-5.3761,5.4794,-326465,673535,-32.6465,-40.4548
KRX_CONTINUOUS_AFTERNOON,DS001615,삼성전자,0193W0,LONG,3/20,3/20,NONE,195,165,30,2,25.64,-0.1953,-0.4471,9.83,-1.9632,5.9382,-326963,673037,-32.6963,-36.2876
KRX_CONTINUOUS_AFTERNOON,DS004750,삼성전자,0193L0,SHORT,10/30,20/30,20,66,35,31,3,27.27,-0.5848,-0.4093,22.11,-4.1674,3.0134,-326964,673036,-32.6964,-37.1483
KRX_CONTINUOUS_AFTERNOON,DS003765,SK하이닉스,0197X0,SHORT,10/30,5/30,10,87,65,22,2,33.33,-0.4382,-0.4855,18.31,-6.8526,6.1305,-327427,672573,-32.7427,-34.2316
KRX_CONTINUOUS_AFTERNOON,DS002109,삼성전자,0193L0,SHORT,3/20,5/20,10,125,94,31,3,36.00,-0.3021,-0.4357,15.47,-9.3577,8.4022,-327471,672529,-32.7471,-35.8448
KRX_CONTINUOUS_AFTERNOON,DS001687,SK하이닉스,0193T0,LONG,10/20,3/20,NONE,135,110,25,2,26.67,-0.2773,-0.5263,12.24,-5.9753,8.0396,-327594,672406,-32.7594,-36.0439
KRX_CONTINUOUS_AFTERNOON,DS001593,SK하이닉스,0193T0,LONG,3/20,3/20,10,134,112,22,1,25.37,-0.2810,-0.7301,10.60,-4.4879,7.4596,-327782,672218,-32.7782,-33.9541
KRX_CONTINUOUS_AFTERNOON,DS002926,삼성전자,0193L0,SHORT,3/5,3/30,20,257,187,70,8,28.79,-0.1105,-0.4956,17.72,-5.7603,9.9642,-328515,671485,-32.8515,-44.3521
KRX_CONTINUOUS_AFTERNOON,DS004379,SK하이닉스,0193T0,LONG,3/10,20/30,30,110,79,31,5,39.09,-0.3364,-0.4931,16.31,-5.6988,6.7841,-328887,671113,-32.8887,-34.0089
KRX_CONTINUOUS_AFTERNOON,DS001521,삼성전자,0193W0,LONG,3/10,3/20,10,132,113,19,3,28.03,-0.2951,-0.4526,12.67,-2.8994,3.1007,-329696,670304,-32.9696,-42.3162
KRX_CONTINUOUS_AFTERNOON,DS002745,SK하이닉스,0193T0,LONG,5/30,10/20,10,90,61,29,2,33.33,-0.4249,-0.6485,15.48,-5.6824,7.4106,-330129,669871,-33.0129,-33.0129
KRX_CONTINUOUS_AFTERNOON,DS003814,SK하이닉스,0197X0,SHORT,20/30,5/30,20,84,64,20,3,29.76,-0.4507,-0.7660,19.89,-6.8038,8.7813,-330757,669243,-33.0757,-33.3391
KRX_CONTINUOUS_AFTERNOON,DS001461,SK하이닉스,0197X0,SHORT,3/5,3/20,10,255,206,49,7,33.73,-0.1272,-0.4073,13.69,-6.2863,8.2179,-331132,668868,-33.1132,-33.6563
KRX_CONTINUOUS_AFTERNOON,DS000596,SK하이닉스,0197X0,SHORT,5/10,3/10,5,236,210,26,2,33.90,-0.1599,-0.4032,9.03,-3.4991,7.5444,-331379,668621,-33.1379,-34.2345
KRX_CONTINUOUS_AFTERNOON,DS004452,삼성전자,0193W0,LONG,5/10,20/30,50,125,77,48,6,38.40,-0.3068,-0.3058,20.21,-3.9756,7.2702,-331927,668073,-33.1927,-41.7230
KRX_CONTINUOUS_AFTERNOON,DS001952,삼성전자,0193W0,LONG,3/5,5/20,5,208,159,49,5,32.69,-0.1757,-0.4294,16.04,-4.2742,8.6366,-332384,667616,-33.2384,-40.4396
KRX_CONTINUOUS_AFTERNOON,DS003067,삼성전자,0193L0,SHORT,3/20,3/30,NONE,185,134,51,4,34.59,-0.2038,-0.4113,18.07,-5.7292,8.0181,-332567,667433,-33.2567,-37.1838
KRX_CONTINUOUS_AFTERNOON,DS003595,삼성전자,0193L0,SHORT,5/20,5/30,NONE,150,103,47,4,37.33,-0.2483,-0.4235,20.15,-7.2993,7.2513,-332583,667417,-33.2583,-40.5476
KRX_CONTINUOUS_AFTERNOON,DS003092,SK하이닉스,0197X0,SHORT,5/20,3/30,5,155,113,42,4,32.26,-0.2408,-0.5212,16.14,-6.5181,8.6111,-332954,667046,-33.2954,-35.2409
KRX_CONTINUOUS_AFTERNOON,DS004222,삼성전자,0193L0,SHORT,5/30,10/30,20,76,48,28,2,34.21,-0.4948,-0.3544,22.45,-17.9700,4.9865,-333319,666681,-33.3319,-37.5654
KRX_CONTINUOUS_AFTERNOON,DS002744,SK하이닉스,0193T0,LONG,5/30,10/20,5,107,72,35,2,34.58,-0.3597,-0.4956,16.07,-5.6824,7.4106,-333833,666167,-33.3833,-35.2784
KRX_CONTINUOUS_AFTERNOON,DS001044,삼성전자,0193W0,LONG,3/10,5/10,50,146,128,18,3,26.71,-0.2705,-0.3828,9.00,-3.3298,7.3377,-334251,665749,-33.4251,-36.9283
KRX_CONTINUOUS_AFTERNOON,DS000776,SK하이닉스,0193T0,LONG,3/30,3/10,5,122,110,12,3,29.51,-0.3209,-0.6077,8.48,-3.6003,5.6022,-334478,665522,-33.4478,-33.4478
KRX_CONTINUOUS_AFTERNOON,DS003887,삼성전자,0193L0,SHORT,3/5,10/30,30,268,181,87,9,29.85,-0.0701,-0.4333,21.76,-5.7603,10.5897,-334537,665463,-33.4537,-54.7407
KRX_CONTINUOUS_AFTERNOON,DS002435,삼성전자,0193W0,LONG,3/5,10/20,30,235,180,55,7,34.04,-0.1530,-0.4079,16.80,-4.7590,4.6021,-334732,665268,-33.4732,-55.1004
KRX_CONTINUOUS_AFTERNOON,DS001558,SK하이닉스,0197X0,SHORT,5/10,3/20,20,134,112,22,3,31.34,-0.2891,-0.3540,11.63,-5.8859,8.2638,-335001,664999,-33.5001,-33.5001
KRX_CONTINUOUS_AFTERNOON,DS001629,삼성전자,0193L0,SHORT,3/20,3/20,10,125,106,19,2,28.00,-0.3165,-0.4828,11.86,-5.9883,7.6341,-335693,664307,-33.5693,-33.8578
KRX_CONTINUOUS_AFTERNOON,DS000657,삼성전자,0193W0,LONG,3/20,3/10,10,141,123,18,2,26.95,-0.2831,-0.4696,7.32,-2.4411,5.6294,-336323,663677,-33.6323,-34.2521
KRX_CONTINUOUS_AFTERNOON,DS000537,SK하이닉스,0193T0,LONG,3/10,3/10,10,123,106,17,2,28.46,-0.3218,-0.4618,7.70,-4.6038,6.2656,-336597,663403,-33.6597,-36.8863
KRX_CONTINUOUS_AFTERNOON,DS003921,삼성전자,0193W0,LONG,3/10,10/30,10,132,77,55,5,31.06,-0.2912,-0.4887,23.72,-4.1005,5.9858,-337370,662630,-33.7370,-44.3787
KRX_CONTINUOUS_AFTERNOON,DS002131,SK하이닉스,0197X0,SHORT,5/20,5/20,NONE,158,125,33,1,33.54,-0.2488,-0.4861,13.32,-3.9745,8.6954,-338059,661941,-33.8059,-36.0181
KRX_CONTINUOUS_AFTERNOON,DS001990,SK하이닉스,0197X0,SHORT,3/10,5/20,20,144,113,31,4,30.56,-0.2673,-0.5209,14.89,-6.7891,9.1102,-338154,661846,-33.8154,-33.9540
KRX_CONTINUOUS_AFTERNOON,DS000188,삼성전자,0193L0,SHORT,3/20,3/5,5,148,133,15,2,31.08,-0.2746,-0.2458,4.95,-5.7292,2.2922,-338265,661735,-33.8265,-34.0054
KRX_CONTINUOUS_AFTERNOON,DS001055,삼성전자,0193L0,SHORT,3/10,5/10,30,144,125,19,3,34.03,-0.2798,-0.3545,9.67,-6.0784,5.9636,-338649,661351,-33.8649,-33.9851
KRX_CONTINUOUS_AFTERNOON,DS001557,SK하이닉스,0197X0,SHORT,5/10,3/20,10,119,93,26,3,30.25,-0.3373,-0.4683,12.24,-3.2016,4.7148,-338744,661256,-33.8744,-33.8744
KRX_CONTINUOUS_AFTERNOON,DS002732,삼성전자,0193L0,SHORT,3/30,10/20,5,110,75,35,3,36.36,-0.3559,-0.3329,18.75,-8.5885,5.0239,-338872,661128,-33.8872,-38.2633
KRX_CONTINUOUS_AFTERNOON,DS000223,삼성전자,0193W0,LONG,5/20,3/5,NONE,156,143,13,2,24.36,-0.2601,-0.2967,4.49,-2.5128,5.4012,-339102,660898,-33.9102,-35.6136
KRX_CONTINUOUS_AFTERNOON,DS000163,SK하이닉스,0197X0,SHORT,3/20,3/5,NONE,192,175,17,1,32.81,-0.2110,-0.2869,4.88,-2.8693,4.0807,-339188,660812,-33.9188,-36.8746
KRX_CONTINUOUS_AFTERNOON,DS000751,삼성전자,0193W0,LONG,10/20,3/10,NONE,129,112,17,2,23.26,-0.3137,-0.4080,7.92,-3.2820,5.8070,-339473,660527,-33.9473,-34.7449
KRX_CONTINUOUS_AFTERNOON,DS001113,SK하이닉스,0193T0,LONG,3/20,5/10,10,134,116,18,3,28.36,-0.2925,-0.5361,9.60,-5.3761,6.1932,-339512,660488,-33.9512,-36.8511
KRX_CONTINUOUS_AFTERNOON,DS000057,SK하이닉스,0193T0,LONG,3/10,3/5,10,123,113,10,1,32.52,-0.3317,-0.3414,5.06,-4.6038,2.4769,-340428,659572,-34.0428,-35.3383
KRX_CONTINUOUS_AFTERNOON,DS002448,삼성전자,0193L0,SHORT,3/5,10/20,50,270,199,71,8,33.70,-0.1125,-0.3226,17.61,-4.5294,9.0934,-340684,659316,-34.0684,-49.6096
KRX_CONTINUOUS_AFTERNOON,DS001891,SK하이닉스,0197X0,SHORT,20/30,3/20,NONE,93,75,18,3,35.48,-0.4205,-0.2905,17.45,-8.3132,6.3696,-341137,658863,-34.1137,-38.0259
KRX_CONTINUOUS_AFTERNOON,DS001043,삼성전자,0193W0,LONG,3/10,5/10,30,138,126,12,3,28.26,-0.2950,-0.3243,9.42,-3.3298,3.6276,-341229,658771,-34.1229,-35.4820
KRX_CONTINUOUS_AFTERNOON,DS004356,삼성전자,0193W0,LONG,3/5,20/30,50,244,169,75,9,40.98,-0.1433,-0.2379,21.87,-5.1069,8.6366,-341260,658740,-34.1260,-53.1013
KRX_CONTINUOUS_AFTERNOON,DS000296,SK하이닉스,0193T0,LONG,3/30,3/5,5,122,116,6,2,28.69,-0.3363,-0.4506,4.83,-3.0238,5.7207,-341521,658479,-34.1521,-36.4383
KRX_CONTINUOUS_AFTERNOON,DS004712,SK하이닉스,0193T0,LONG,10/30,20/30,5,68,40,28,2,27.94,-0.5843,-0.5655,18.34,-7.0709,8.4957,-341647,658353,-34.1647,-34.1647
KRX_CONTINUOUS_AFTERNOON,DS003523,SK하이닉스,0197X0,SHORT,3/20,5/30,NONE,192,137,55,6,38.02,-0.1904,-0.3720,18.85,-7.6669,10.6714,-342483,657517,-34.2483,-34.9613
KRX_CONTINUOUS_AFTERNOON,DS003899,SK하이닉스,0193T0,LONG,3/10,10/30,30,110,71,39,4,35.45,-0.3564,-0.4941,18.38,-5.5756,5.5769,-342503,657497,-34.2503,-39.6864
KRX_CONTINUOUS_AFTERNOON,DS003176,SK하이닉스,0193T0,LONG,3/30,3/30,5,122,98,24,1,23.77,-0.3281,-0.6771,11.62,-3.6003,9.3323,-342716,657284,-34.2716,-34.2716
KRX_CONTINUOUS_AFTERNOON,DS004077,삼성전자,0193L0,SHORT,5/20,10/30,10,111,62,49,4,39.64,-0.3414,-0.4207,24.09,-17.9700,8.0919,-342718,657282,-34.2718,-38.5482
KRX_CONTINUOUS_AFTERNOON,DS002851,SK하이닉스,0197X0,SHORT,20/30,10/20,NONE,93,77,16,3,30.11,-0.4293,-0.4810,17.99,-5.2483,8.9060,-343009,656991,-34.3009,-35.2032
KRX_CONTINUOUS_AFTERNOON,DS004464,삼성전자,0193L0,SHORT,5/10,20/30,50,139,80,59,5,35.97,-0.2736,-0.3285,21.11,-4.2086,7.8061,-343017,656983,-34.3017,-45.6997
KRX_CONTINUOUS_AFTERNOON,DS004533,SK하이닉스,0197X0,SHORT,5/20,20/30,10,125,79,46,3,40.80,-0.3113,-0.2000,21.11,-6.7087,6.7617,-343575,656425,-34.3575,-38.4706
KRX_CONTINUOUS_AFTERNOON,DS000704,삼성전자,0193W0,LONG,5/20,3/10,5,151,131,20,2,28.48,-0.2727,-0.4127,6.74,-2.4411,4.8874,-343928,656072,-34.3928,-35.6804
KRX_CONTINUOUS_AFTERNOON,DS003619,SK하이닉스,0197X0,SHORT,10/20,5/30,NONE,133,96,37,3,36.84,-0.2971,-0.2457,19.63,-7.5375,10.6245,-344306,655694,-34.4306,-36.8699
KRX_CONTINUOUS_AFTERNOON,DS000034,삼성전자,0193W0,LONG,3/5,3/5,20,226,214,12,2,29.65,-0.1839,-0.2404,4.50,-2.2716,2.2585,-344637,655363,-34.4637,-37.0801
KRX_CONTINUOUS_AFTERNOON,DS003876,삼성전자,0193W0,LONG,3/5,10/30,50,244,148,96,9,34.02,-0.1426,-0.3636,22.59,-4.7590,8.6366,-344848,655152,-34.4848,-56.7620
KRX_CONTINUOUS_AFTERNOON,DS004139,SK하이닉스,0193T0,LONG,3/30,10/30,30,66,44,22,3,33.33,-0.6139,-0.3335,19.08,-6.3377,5.9308,-345206,654794,-34.5206,-34.5206
KRX_CONTINUOUS_AFTERNOON,DS000980,SK하이닉스,0197X0,SHORT,3/5,5/10,5,257,227,30,6,39.69,-0.1435,-0.2641,11.26,-7.1002,8.2179,-345552,654448,-34.5552,-37.4654
KRX_CONTINUOUS_AFTERNOON,DS004403,삼성전자,0193W0,LONG,3/10,20/30,30,138,107,31,6,39.13,-0.2851,-0.2374,18.88,-5.4520,4.2788,-345598,654402,-34.5598,-43.0018
KRX_CONTINUOUS_AFTERNOON,DS002251,삼성전자,0193L0,SHORT,3/30,5/20,NONE,133,100,33,3,36.84,-0.3047,-0.3464,17.52,-8.6059,5.0239,-345681,654319,-34.5681,-41.0722
KRX_CONTINUOUS_AFTERNOON,DS003573,SK하이닉스,0197X0,SHORT,5/20,5/30,10,125,88,37,2,35.20,-0.3200,-0.4141,18.78,-6.6270,10.2975,-345969,654031,-34.5969,-36.6367
KRX_CONTINUOUS_AFTERNOON,DS000022,SK하이닉스,0197X0,SHORT,3/5,3/5,20,255,234,21,2,32.16,-0.1612,-0.2834,5.15,-3.1311,4.7622,-346491,653509,-34.6491,-38.5115
KRX_CONTINUOUS_AFTERNOON,DS000681,SK하이닉스,0193T0,LONG,5/20,3/10,10,128,112,16,2,26.56,-0.3233,-0.5856,7.95,-4.4292,5.6022,-347987,652013,-34.7987,-34.9569
KRX_CONTINUOUS_AFTERNOON,DS004076,삼성전자,0193L0,SHORT,5/20,10/30,5,141,85,56,4,40.43,-0.2662,-0.3972,23.85,-17.9700,8.0919,-348201,651799,-34.8201,-43.5228
KRX_CONTINUOUS_AFTERNOON,DS000572,삼성전자,0193L0,SHORT,3/10,3/10,5,224,199,25,2,32.59,-0.1844,-0.4006,8.67,-3.4095,6.1504,-348463,651537,-34.8463,-36.5139
KRX_CONTINUOUS_AFTERNOON,DS004545,삼성전자,0193W0,LONG,5/20,20/30,10,124,70,54,3,38.71,-0.3084,-0.2957,23.40,-9.1593,7.6623,-349207,650793,-34.9207,-41.4005
KRX_CONTINUOUS_AFTERNOON,DS000187,삼성전자,0193L0,SHORT,3/20,3/5,NONE,185,170,15,3,32.97,-0.2281,-0.2437,5.10,-5.7292,2.2922,-349301,650699,-34.9301,-36.7449
KRX_CONTINUOUS_AFTERNOON,DS003093,SK하이닉스,0197X0,SHORT,5/20,3/30,10,125,92,33,2,32.00,-0.3268,-0.5212,16.47,-6.5181,8.6111,-349436,650564,-34.9436,-38.1977
KRX_CONTINUOUS_AFTERNOON,DS003175,SK하이닉스,0193T0,LONG,3/30,3/30,NONE,140,114,26,1,22.86,-0.2924,-0.5988,11.26,-3.6003,9.3323,-349486,650514,-34.9486,-35.3164
KRX_CONTINUOUS_AFTERNOON,DS004113,삼성전자,0193W0,LONG,10/20,10/30,10,119,71,48,3,31.09,-0.3334,-0.5349,21.13,-6.2270,7.3307,-350034,649966,-35.0034,-38.7341
KRX_CONTINUOUS_AFTERNOON,DS000010,SK하이닉스,0193T0,LONG,3/5,3/5,20,211,197,14,2,28.44,-0.1979,-0.3852,4.81,-3.9304,4.1716,-350563,649437,-35.0563,-37.0896
KRX_CONTINUOUS_AFTERNOON,DS002649,SK하이닉스,0193T0,LONG,10/20,10/20,10,125,92,33,2,32.00,-0.3314,-0.4966,13.94,-4.2466,7.8653,-350745,649255,-35.0745,-37.1569
KRX_CONTINUOUS_AFTERNOON,DS004390,SK하이닉스,0197X0,SHORT,3/10,20/30,20,144,99,45,5,39.58,-0.2700,-0.2675,18.58,-4.1798,10.3109,-351217,648783,-35.1217,-36.4410
KRX_CONTINUOUS_AFTERNOON,DS003408,삼성전자,0193L0,SHORT,3/5,5/30,50,270,187,83,9,31.85,-0.0981,-0.3853,20.18,-6.2962,9.7296,-351352,648648,-35.1352,-58.7172
KRX_CONTINUOUS_AFTERNOON,DS003957,SK하이닉스,0197X0,SHORT,5/10,10/30,10,119,77,42,3,37.82,-0.3299,-0.5228,21.45,-7.3660,10.3664,-351431,648569,-35.1431,-36.5040
KRX_CONTINUOUS_AFTERNOON,DS004439,SK하이닉스,0197X0,SHORT,5/10,20/30,30,128,90,38,4,32.81,-0.3115,-0.3657,17.33,-4.2280,10.3109,-351952,648048,-35.1952,-35.1952
KRX_CONTINUOUS_AFTERNOON,DS000249,SK하이닉스,0193T0,LONG,10/20,3/5,10,125,115,10,2,27.20,-0.3426,-0.3214,4.78,-2.8102,5.2213,-352015,647985,-35.2015,-35.2230
KRX_CONTINUOUS_AFTERNOON,DS004759,SK하이닉스,0193T0,LONG,20/30,20/30,NONE,94,63,31,2,28.72,-0.4427,-0.6878,16.65,-5.3272,6.2442,-352203,647797,-35.2203,-36.4362
KRX_CONTINUOUS_AFTERNOON,DS001209,SK하이닉스,0193T0,LONG,10/20,5/10,10,125,111,14,2,26.40,-0.3366,-0.4201,8.82,-3.6576,6.1932,-352230,647770,-35.2230,-35.2230
KRX_CONTINUOUS_AFTERNOON,DS000092,삼성전자,0193L0,SHORT,3/10,3/5,5,224,207,17,2,28.57,-0.1902,-0.2442,5.17,-3.4095,2.6709,-352352,647648,-35.2352,-37.1042
KRX_CONTINUOUS_AFTERNOON,DS000295,SK하이닉스,0193T0,LONG,3/30,3/5,NONE,140,133,7,2,27.86,-0.3047,-0.4427,4.81,-3.0238,5.7207,-352569,647431,-35.2569,-37.4842
KRX_CONTINUOUS_AFTERNOON,DS001627,삼성전자,0193L0,SHORT,3/20,3/20,NONE,185,157,28,2,29.19,-0.2248,-0.4490,11.94,-5.9883,7.6341,-352802,647198,-35.2802,-37.4070
KRX_CONTINUOUS_AFTERNOON,DS004174,삼성전자,0193L0,SHORT,3/30,10/30,20,83,52,31,3,36.14,-0.4858,-0.3285,21.77,-17.9700,5.0239,-352829,647171,-35.2829,-42.2412
KRX_CONTINUOUS_AFTERNOON,DS001065,SK하이닉스,0193T0,LONG,5/10,5/10,10,116,98,18,2,31.03,-0.3645,-0.4632,8.86,-5.3761,5.4794,-352921,647079,-35.2921,-38.4264
KRX_CONTINUOUS_AFTERNOON,DS003381,SK하이닉스,0197X0,SHORT,3/5,5/30,10,255,178,77,10,38.04,-0.1006,-0.3654,20.45,-6.8526,11.5618,-353103,646897,-35.3103,-40.0892
KRX_CONTINUOUS_AFTERNOON,DS002039,SK하이닉스,0197X0,SHORT,5/10,5/20,30,128,103,25,3,25.78,-0.3278,-0.6493,13.16,-3.8061,9.1102,-353655,646345,-35.3655,-35.3655
KRX_CONTINUOUS_AFTERNOON,DS004415,삼성전자,0193L0,SHORT,3/10,20/30,30,144,91,53,6,34.72,-0.2790,-0.3708,20.94,-3.7842,5.9636,-354009,645991,-35.4009,-44.2176
KRX_CONTINUOUS_AFTERNOON,DS002731,삼성전자,0193L0,SHORT,3/30,10/20,NONE,133,93,40,3,34.59,-0.3084,-0.3285,18.06,-8.5885,5.0239,-354339,645661,-35.4339,-42.6146
KRX_CONTINUOUS_AFTERNOON,DS001641,SK하이닉스,0193T0,LONG,5/20,3/20,10,128,104,24,2,24.22,-0.3260,-0.7826,10.83,-4.4292,7.7829,-355087,644913,-35.5087,-37.5638
KRX_CONTINUOUS_AFTERNOON,DS002698,SK하이닉스,0193T0,LONG,3/30,10/20,20,90,66,24,3,32.22,-0.4652,-0.4684,16.00,-5.5756,7.2862,-355105,644895,-35.5105,-35.5105
KRX_CONTINUOUS_AFTERNOON,DS003956,SK하이닉스,0197X0,SHORT,5/10,10/30,5,236,146,90,6,42.80,-0.1375,-0.3116,23.90,-7.3660,10.5067,-355231,644769,-35.5231,-38.6008
KRX_CONTINUOUS_AFTERNOON,DS004523,SK하이닉스,0193T0,LONG,5/20,20/30,30,66,46,20,2,28.79,-0.6536,-0.7870,14.58,-3.5840,4.7844,-355959,644041,-35.5959,-35.5959
KRX_CONTINUOUS_AFTERNOON,DS003406,삼성전자,0193L0,SHORT,3/5,5/30,20,257,184,73,8,30.35,-0.1245,-0.3811,19.37,-6.2962,9.7296,-356338,643662,-35.6338,-48.5379
KRX_CONTINUOUS_AFTERNOON,DS003407,삼성전자,0193L0,SHORT,3/5,5/30,30,268,187,81,9,30.97,-0.1075,-0.3686,19.82,-6.2962,9.7296,-356586,643414,-35.6586,-53.8292
KRX_CONTINUOUS_AFTERNOON,DS004591,삼성전자,0193W0,LONG,10/20,20/30,NONE,129,74,55,4,31.01,-0.3036,-0.5162,22.23,-6.3706,7.3307,-356780,643220,-35.6780,-39.1849
KRX_CONTINUOUS_AFTERNOON,DS001064,SK하이닉스,0193T0,LONG,5/10,5/10,5,225,193,32,2,31.56,-0.1851,-0.4169,8.59,-5.3761,6.9257,-357075,642925,-35.7075,-37.4598
KRX_CONTINUOUS_AFTERNOON,DS002252,삼성전자,0193L0,SHORT,3/30,5/20,5,110,84,26,3,37.27,-0.3867,-0.4746,16.89,-8.6059,5.0239,-357179,642821,-35.7179,-39.8477
KRX_CONTINUOUS_AFTERNOON,DS002107,삼성전자,0193L0,SHORT,3/20,5/20,NONE,185,142,43,3,36.22,-0.2247,-0.4156,15.92,-9.3577,8.4022,-358158,641842,-35.8158,-41.8115
KRX_CONTINUOUS_AFTERNOON,DS003492,삼성전자,0193W0,LONG,5/10,5/30,50,125,79,46,6,28.00,-0.3386,-0.4710,17.79,-4.1683,7.2702,-358319,641681,-35.8319,-45.9232
KRX_CONTINUOUS_AFTERNOON,DS000982,SK하이닉스,0197X0,SHORT,3/5,5/10,20,255,219,36,6,35.69,-0.1548,-0.2615,11.13,-8.7366,8.7711,-358966,641034,-35.8966,-38.0707
KRX_CONTINUOUS_AFTERNOON,DS003924,삼성전자,0193W0,LONG,3/10,10/30,50,146,85,61,6,30.14,-0.2815,-0.5326,22.45,-4.7590,7.3377,-359085,640915,-35.9085,-48.4741
KRX_CONTINUOUS_AFTERNOON,DS004427,SK하이닉스,0193T0,LONG,5/10,20/30,30,103,72,31,4,36.89,-0.4064,-0.5057,17.63,-5.0348,6.4456,-359147,640853,-35.9147,-38.9362
KRX_CONTINUOUS_AFTERNOON,DS000079,삼성전자,0193W0,LONG,3/10,3/5,NONE,296,274,22,2,29.73,-0.1447,-0.3138,4.70,-2.3518,7.3377,-359208,640792,-35.9208,-39.5725
KRX_CONTINUOUS_AFTERNOON,DS002625,삼성전자,0193W0,LONG,5/20,10/20,10,124,90,34,2,28.23,-0.3405,-0.4612,16.31,-9.1593,6.5831,-359615,640385,-35.9615,-40.2568
KRX_CONTINUOUS_AFTERNOON,DS003331,SK하이닉스,0197X0,SHORT,20/30,3/30,NONE,93,70,23,3,33.33,-0.4532,-0.6326,20.43,-6.8038,7.1181,-360022,639978,-36.0022,-39.4421
KRX_CONTINUOUS_AFTERNOON,DS003645,삼성전자,0193L0,SHORT,10/20,5/30,10,117,85,32,3,34.19,-0.3678,-0.3681,19.55,-6.0109,7.7877,-360215,639785,-36.0215,-40.0476
KRX_CONTINUOUS_AFTERNOON,DS000103,SK하이닉스,0193T0,LONG,5/10,3/5,NONE,244,223,21,2,34.02,-0.1763,-0.2905,5.13,-4.9482,6.9257,-360255,639745,-36.0255,-36.8931
KRX_CONTINUOUS_AFTERNOON,DS003372,SK하이닉스,0193T0,LONG,3/5,5/30,50,223,154,69,6,34.53,-0.1683,-0.4561,18.59,-9.2100,8.9530,-360522,639478,-36.0522,-48.3626
KRX_CONTINUOUS_AFTERNOON,DS002048,삼성전자,0193W0,LONG,5/10,5/20,5,252,188,64,5,30.56,-0.1624,-0.3852,14.33,-4.2472,7.2702,-360542,639458,-36.0542,-45.5230
KRX_CONTINUOUS_AFTERNOON,DS004483,SK하이닉스,0197X0,SHORT,3/20,20/30,NONE,192,125,67,6,42.19,-0.2036,-0.1576,20.71,-7.3660,7.0511,-360577,639423,-36.0577,-39.4680
KRX_CONTINUOUS_AFTERNOON,DS003165,삼성전자,0193L0,SHORT,10/20,3/30,10,117,88,29,3,35.04,-0.3619,-0.4243,17.67,-13.6342,8.0181,-361782,638218,-36.1782,-37.7233
KRX_CONTINUOUS_AFTERNOON,DS001640,SK하이닉스,0193T0,LONG,5/20,3/20,5,152,128,24,2,25.66,-0.2816,-0.7045,10.86,-4.4292,7.7829,-362431,637569,-36.2431,-37.9449
KRX_CONTINUOUS_AFTERNOON,DS003888,삼성전자,0193L0,SHORT,3/5,10/30,50,270,175,95,9,31.11,-0.0730,-0.4056,22.67,-5.7603,10.5897,-362546,637454,-36.2546,-62.5108
KRX_CONTINUOUS_AFTERNOON,DS001663,삼성전자,0193W0,LONG,5/20,3/20,NONE,156,131,25,2,27.56,-0.2780,-0.4670,11.13,-9.1593,5.9382,-362875,637125,-36.2875,-39.3388
KRX_CONTINUOUS_AFTERNOON,DS001475,삼성전자,0193W0,LONG,3/5,3/20,30,235,198,37,7,29.36,-0.1791,-0.4606,13.33,-3.2587,4.5736,-363206,636794,-36.3206,-53.1616
KRX_CONTINUOUS_AFTERNOON,DS003739,삼성전자,0193L0,SHORT,5/30,5/30,NONE,110,79,31,2,33.64,-0.3979,-0.3919,17.36,-7.2993,4.9865,-363650,636350,-36.3650,-41.2733
KRX_CONTINUOUS_AFTERNOON,DS003501,삼성전자,0193L0,SHORT,5/10,5/30,10,124,83,41,5,33.06,-0.3314,-0.4755,20.15,-8.0618,7.7877,-364098,635902,-36.4098,-41.5956
KRX_CONTINUOUS_AFTERNOON,DS000703,삼성전자,0193W0,LONG,5/20,3/10,NONE,156,136,20,2,28.21,-0.2839,-0.3946,6.90,-2.4411,4.8874,-364431,635569,-36.4431,-37.6904
KRX_CONTINUOUS_AFTERNOON,DS001040,삼성전자,0193W0,LONG,3/10,5/10,5,226,196,30,2,27.43,-0.1920,-0.3835,9.11,-3.0642,7.3377,-364572,635428,-36.4572,-37.5140
KRX_CONTINUOUS_AFTERNOON,DS002016,삼성전자,0193L0,SHORT,3/10,5/20,50,142,105,37,4,30.28,-0.3019,-0.5499,17.68,-6.2962,8.4022,-365496,634504,-36.5496,-43.2989
KRX_CONTINUOUS_AFTERNOON,DS001736,SK하이닉스,0193T0,LONG,3/30,3/20,5,122,101,21,2,26.23,-0.3547,-0.7293,11.66,-3.6736,7.4596,-365794,634206,-36.5794,-36.5794
KRX_CONTINUOUS_AFTERNOON,DS003657,SK하이닉스,0193T0,LONG,3/30,5/30,10,107,80,27,3,23.36,-0.4021,-0.6098,15.17,-5.3148,9.3323,-366243,633757,-36.6243,-36.8683
KRX_CONTINUOUS_AFTERNOON,DS001452,SK하이닉스,0193T0,LONG,3/5,3/20,50,223,169,54,5,33.18,-0.1845,-0.5076,15.31,-9.2100,6.6034,-366244,633756,-36.6244,-48.9954
KRX_CONTINUOUS_AFTERNOON,DS003971,삼성전자,0193W0,LONG,5/10,10/30,30,125,78,47,6,35.20,-0.3493,-0.3761,21.56,-5.1819,4.5112,-366322,633678,-36.6322,-40.9759
KRX_CONTINUOUS_AFTERNOON,DS002459,SK하이닉스,0193T0,LONG,3/10,10/20,30,110,73,37,3,33.64,-0.3890,-0.4883,16.20,-5.6824,7.1573,-366719,633281,-36.6719,-43.2362
KRX_CONTINUOUS_AFTERNOON,DS002167,SK하이닉스,0193T0,LONG,10/20,5/20,NONE,135,107,28,2,31.11,-0.3221,-0.6026,13.48,-5.9753,6.6293,-366774,633226,-36.6774,-38.8906
KRX_CONTINUOUS_AFTERNOON,DS001256,SK하이닉스,0193T0,LONG,3/30,5/10,5,122,108,14,3,29.51,-0.3597,-0.5959,9.31,-4.4968,5.7207,-366776,633224,-36.6776,-36.6776
KRX_CONTINUOUS_AFTERNOON,DS002515,SK하이닉스,0197X0,SHORT,5/10,10/20,NONE,248,184,64,4,39.92,-0.1552,-0.3745,19.00,-5.9569,10.8453,-366787,633213,-36.6787,-37.8788
KRX_CONTINUOUS_AFTERNOON,DS003972,삼성전자,0193W0,LONG,5/10,10/30,50,125,70,55,6,29.60,-0.3484,-0.4668,21.26,-3.9756,7.2702,-366900,633100,-36.6900,-45.5833
KRX_CONTINUOUS_AFTERNOON,DS000175,삼성전자,0193W0,LONG,3/20,3/5,NONE,195,177,18,2,24.62,-0.2295,-0.3392,4.48,-1.9872,5.6294,-366989,633011,-36.6989,-38.4646
KRX_CONTINUOUS_AFTERNOON,DS004389,SK하이닉스,0197X0,SHORT,3/10,20/30,10,127,86,41,3,40.16,-0.3313,-0.2735,20.83,-5.2671,10.3109,-367284,632716,-36.7284,-36.7284
KRX_CONTINUOUS_AFTERNOON,DS001006,삼성전자,0193L0,SHORT,3/5,5/10,20,257,225,32,5,32.30,-0.1641,-0.2720,10.51,-5.6953,6.5217,-367990,632010,-36.7990,-38.6090
KRX_CONTINUOUS_AFTERNOON,DS003741,삼성전자,0193L0,SHORT,5/30,5/30,10,88,64,24,2,35.23,-0.5082,-0.4112,18.44,-7.2993,3.1135,-368070,631930,-36.8070,-38.8431
KRX_CONTINUOUS_AFTERNOON,DS001735,SK하이닉스,0193T0,LONG,3/30,3/20,NONE,140,114,26,2,25.00,-0.3115,-0.6284,11.96,-3.6736,7.4596,-368858,631142,-36.8858,-37.4989
KRX_CONTINUOUS_AFTERNOON,DS002647,SK하이닉스,0193T0,LONG,10/20,10/20,NONE,135,102,33,2,31.85,-0.3276,-0.4956,13.33,-4.2466,7.8653,-369168,630832,-36.9168,-38.9331
KRX_CONTINUOUS_AFTERNOON,DS004185,SK하이닉스,0193T0,LONG,5/30,10/30,10,90,53,37,2,31.11,-0.4819,-0.5430,19.58,-8.4220,8.9445,-369398,630602,-36.9398,-36.9398
KRX_CONTINUOUS_AFTERNOON,DS000775,SK하이닉스,0193T0,LONG,3/30,3/10,NONE,140,128,12,4,29.29,-0.3174,-0.5766,8.24,-3.6003,5.6022,-369477,630523,-36.9477,-36.9477
KRX_CONTINUOUS_AFTERNOON,DS001161,SK하이닉스,0193T0,LONG,5/20,5/10,10,128,111,17,2,26.56,-0.3483,-0.5377,8.80,-5.3180,5.7207,-369752,630248,-36.9752,-37.2405
KRX_CONTINUOUS_AFTERNOON,DS004414,삼성전자,0193L0,SHORT,3/10,20/30,20,141,85,56,6,37.59,-0.3012,-0.3208,21.87,-4.3184,5.9636,-369958,630042,-36.9958,-44.4611
KRX_CONTINUOUS_AFTERNOON,DS001989,SK하이닉스,0197X0,SHORT,3/10,5/20,10,127,100,27,4,29.92,-0.3513,-0.5049,14.49,-4.7496,5.0555,-370284,629716,-37.0284,-37.0284
KRX_CONTINUOUS_AFTERNOON,DS000201,SK하이닉스,0193T0,LONG,5/20,3/5,10,128,118,10,2,26.56,-0.3555,-0.4292,4.42,-2.7437,5.7207,-370421,629579,-37.0421,-37.8042
KRX_CONTINUOUS_AFTERNOON,DS001508,SK하이닉스,0197X0,SHORT,3/10,3/20,5,230,179,51,4,34.78,-0.1803,-0.5047,15.16,-6.6834,8.2638,-373392,626608,-37.3392,-37.9779
KRX_CONTINUOUS_AFTERNOON,DS003476,SK하이닉스,0197X0,SHORT,5/10,5/30,5,236,165,71,5,41.53,-0.1682,-0.2614,20.93,-7.2849,10.7183,-373594,626406,-37.3594,-39.6326
KRX_CONTINUOUS_AFTERNOON,DS003043,SK하이닉스,0197X0,SHORT,3/20,3/30,NONE,192,145,47,6,32.81,-0.2208,-0.4765,16.21,-7.7017,8.9794,-374017,625983,-37.4017,-40.0760
KRX_CONTINUOUS_AFTERNOON,DS003740,삼성전자,0193L0,SHORT,5/30,5/30,5,109,79,30,2,33.03,-0.4172,-0.3935,17.12,-7.2993,4.9865,-374262,625738,-37.4262,-41.2733
KRX_CONTINUOUS_AFTERNOON,DS000595,SK하이닉스,0197X0,SHORT,5/10,3/10,NONE,248,221,27,3,34.68,-0.1776,-0.3873,9.36,-6.3123,7.5444,-374804,625196,-37.4804,-38.5057
KRX_CONTINUOUS_AFTERNOON,DS000008,SK하이닉스,0193T0,LONG,3/5,3/5,5,229,211,18,2,34.06,-0.1969,-0.3476,5.51,-4.6038,6.2247,-374950,625050,-37.4950,-38.8020
KRX_CONTINUOUS_AFTERNOON,DS003693,삼성전자,0193L0,SHORT,3/30,5/30,10,94,65,29,2,30.85,-0.4878,-0.5507,17.17,-7.2993,3.0450,-375619,624381,-37.5619,-39.1229
KRX_CONTINUOUS_AFTERNOON,DS000021,SK하이닉스,0197X0,SHORT,3/5,3/5,10,255,238,17,2,33.73,-0.1791,-0.2737,5.30,-3.5970,4.7622,-375727,624273,-37.5727,-38.9932
KRX_CONTINUOUS_AFTERNOON,DS001555,SK하이닉스,0197X0,SHORT,5/10,3/20,NONE,248,199,49,4,36.29,-0.1704,-0.3859,14.69,-5.8859,8.2638,-376757,623243,-37.6757,-39.5050
KRX_CONTINUOUS_AFTERNOON,DS003923,삼성전자,0193W0,LONG,3/10,10/30,30,138,88,50,6,33.33,-0.3205,-0.4883,22.46,-5.2348,8.5565,-378284,621716,-37.8284,-46.9379
KRX_CONTINUOUS_AFTERNOON,DS000044,삼성전자,0193L0,SHORT,3/5,3/5,5,231,211,20,3,32.03,-0.2018,-0.2720,5.52,-3.2819,3.4558,-378412,621588,-37.8412,-37.8443
KRX_CONTINUOUS_AFTERNOON,DS002038,SK하이닉스,0197X0,SHORT,5/10,5/20,20,134,107,27,3,29.10,-0.3410,-0.4861,13.80,-5.9925,9.1102,-380067,619933,-38.0067,-38.0067
KRX_CONTINUOUS_AFTERNOON,DS001135,삼성전자,0193W0,LONG,3/20,5/10,NONE,195,169,26,3,30.77,-0.2371,-0.3573,8.91,-3.3046,5.5395,-380297,619703,-38.0297,-38.5813
KRX_CONTINUOUS_AFTERNOON,DS001725,삼성전자,0193L0,SHORT,10/20,3/20,10,117,98,19,3,32.48,-0.3889,-0.3610,13.85,-13.6342,7.6341,-380922,619078,-38.0922,-39.8497
KRX_CONTINUOUS_AFTERNOON,DS002577,삼성전자,0193W0,LONG,3/20,10/20,10,141,102,39,4,26.95,-0.3195,-0.4528,16.88,-9.7361,6.5831,-380982,619018,-38.0982,-38.4855
KRX_CONTINUOUS_AFTERNOON,DS004416,삼성전자,0193L0,SHORT,3/10,20/30,50,142,85,57,5,33.80,-0.3122,-0.3176,21.33,-4.6301,5.9636,-381216,618784,-38.1216,-45.4968
KRX_CONTINUOUS_AFTERNOON,DS001507,SK하이닉스,0197X0,SHORT,3/10,3/20,NONE,267,211,56,5,35.21,-0.1603,-0.4463,14.97,-6.6834,8.2638,-382133,617867,-38.2133,-39.6015
KRX_CONTINUOUS_AFTERNOON,DS003995,SK하이닉스,0193T0,LONG,3/20,10/30,30,77,51,26,3,27.27,-0.5893,-0.7634,18.71,-6.3377,5.9308,-382706,617294,-38.2706,-38.2706
KRX_CONTINUOUS_AFTERNOON,DS003860,SK하이닉스,0197X0,SHORT,3/5,10/30,5,257,159,98,7,43.19,-0.0952,-0.2000,24.62,-8.3769,10.7885,-382847,617153,-38.2847,-48.4079
KRX_CONTINUOUS_AFTERNOON,DS001476,삼성전자,0193W0,LONG,3/5,3/20,50,244,200,44,7,29.10,-0.1800,-0.4098,13.16,-3.2587,8.6366,-383007,616993,-38.3007,-53.6420
KRX_CONTINUOUS_AFTERNOON,DS002420,SK하이닉스,0197X0,SHORT,3/5,10/20,5,257,193,64,7,40.86,-0.1255,-0.2451,18.92,-7.9597,10.7983,-383104,616896,-38.3104,-44.4336
KRX_CONTINUOUS_AFTERNOON,DS003585,삼성전자,0193W0,LONG,5/20,5/30,10,124,87,37,3,30.65,-0.3601,-0.6371,18.10,-9.1593,7.6623,-383414,616586,-38.3414,-42.3694
KRX_CONTINUOUS_AFTERNOON,DS004714,SK하이닉스,0193T0,LONG,10/30,20/30,20,71,41,30,2,25.35,-0.6534,-0.5933,17.77,-7.0709,8.4957,-384238,615762,-38.4238,-38.4238
KRX_CONTINUOUS_AFTERNOON,DS000608,삼성전자,0193W0,LONG,5/10,3/10,5,252,222,30,2,27.78,-0.1864,-0.3425,7.30,-2.5234,7.2702,-386508,613492,-38.6508,-41.6069
KRX_CONTINUOUS_AFTERNOON,DS002587,삼성전자,0193L0,SHORT,3/20,10/20,NONE,185,133,52,4,35.14,-0.2446,-0.3285,17.64,-9.3404,9.0934,-386893,613107,-38.6893,-44.7368
KRX_CONTINUOUS_AFTERNOON,DS003549,삼성전자,0193L0,SHORT,3/20,5/30,10,125,84,41,4,34.40,-0.3715,-0.5269,20.56,-8.0618,7.7877,-387287,612713,-38.7287,-40.1677
KRX_CONTINUOUS_AFTERNOON,DS002169,SK하이닉스,0193T0,LONG,10/20,5/20,10,125,98,27,2,29.60,-0.3758,-0.6221,13.58,-5.9753,6.6293,-387444,612556,-38.7444,-40.6462
KRX_CONTINUOUS_AFTERNOON,DS000512,삼성전자,0193W0,LONG,3/5,3/10,5,208,182,26,5,28.37,-0.2270,-0.4183,7.99,-3.5333,8.6366,-387581,612419,-38.7581,-41.3898
KRX_CONTINUOUS_AFTERNOON,DS003163,삼성전자,0193L0,SHORT,10/20,3/30,NONE,124,92,32,3,35.48,-0.3756,-0.3993,17.52,-13.6342,8.0181,-388589,611411,-38.8589,-40.3341
KRX_CONTINUOUS_AFTERNOON,DS000668,삼성전자,0193L0,SHORT,3/20,3/10,5,148,126,22,2,30.41,-0.3270,-0.3450,8.20,-5.9883,3.5500,-389207,610793,-38.9207,-39.3690
KRX_CONTINUOUS_AFTERNOON,DS004496,삼성전자,0193W0,LONG,3/20,20/30,5,156,88,68,5,37.18,-0.2769,-0.2830,23.01,-9.7361,7.6623,-389468,610532,-38.9468,-44.5343
KRX_CONTINUOUS_AFTERNOON,DS002470,SK하이닉스,0197X0,SHORT,3/10,10/20,20,144,112,32,4,30.56,-0.3161,-0.4508,15.13,-6.7539,10.8453,-389614,610386,-38.9614,-39.3422
KRX_CONTINUOUS_AFTERNOON,DS000036,삼성전자,0193W0,LONG,3/5,3/5,50,244,229,15,2,25.41,-0.1978,-0.3064,4.32,-2.2716,8.6366,-389863,610137,-38.9863,-43.0668
KRX_CONTINUOUS_AFTERNOON,DS000247,SK하이닉스,0193T0,LONG,10/20,3/5,NONE,135,123,12,2,27.41,-0.3622,-0.3214,4.97,-4.2320,5.2213,-391072,608928,-39.1072,-39.1275
KRX_CONTINUOUS_AFTERNOON,DS003536,삼성전자,0193W0,LONG,3/20,5/30,5,156,105,51,4,30.13,-0.2872,-0.4764,19.28,-9.7361,7.6623,-392050,607950,-39.2050,-46.7407
KRX_CONTINUOUS_AFTERNOON,DS004184,SK하이닉스,0193T0,LONG,5/30,10/30,5,107,65,42,3,29.91,-0.4382,-0.4681,19.35,-5.3709,8.9445,-393042,606958,-39.3042,-39.3042
KRX_CONTINUOUS_AFTERNOON,DS002996,SK하이닉스,0197X0,SHORT,5/10,3/30,5,236,173,63,5,36.86,-0.1856,-0.3955,18.56,-7.1767,10.3109,-393744,606256,-39.3744,-44.5937
KRX_CONTINUOUS_AFTERNOON,DS004075,삼성전자,0193L0,SHORT,5/20,10/30,NONE,150,90,60,4,38.67,-0.2973,-0.4496,23.79,-17.9700,8.0919,-393998,606002,-39.3998,-47.4911
KRX_CONTINUOUS_AFTERNOON,DS004354,삼성전자,0193W0,LONG,3/5,20/30,20,226,160,66,11,39.82,-0.1811,-0.3481,22.22,-5.1484,5.1364,-394041,605959,-39.4041,-52.5364
KRX_CONTINUOUS_AFTERNOON,DS000035,삼성전자,0193W0,LONG,3/5,3/5,30,235,222,13,2,26.38,-0.2103,-0.2516,4.37,-2.2716,2.2051,-394234,605766,-39.4234,-41.3555
KRX_CONTINUOUS_AFTERNOON,DS001472,삼성전자,0193W0,LONG,3/5,3/20,5,208,167,41,5,29.33,-0.2275,-0.4893,13.59,-4.2742,8.6366,-394318,605682,-39.4318,-42.8250
KRX_CONTINUOUS_AFTERNOON,DS001942,SK하이닉스,0197X0,SHORT,3/5,5/20,20,255,191,64,6,33.33,-0.1671,-0.4503,15.22,-6.8038,9.6214,-394388,605612,-39.4388,-39.4388
KRX_CONTINUOUS_AFTERNOON,DS000011,SK하이닉스,0193T0,LONG,3/5,3/5,30,204,188,16,2,28.43,-0.2395,-0.3952,4.81,-3.9304,4.1716,-394448,605552,-39.4448,-42.8684
KRX_CONTINUOUS_AFTERNOON,DS002446,삼성전자,0193L0,SHORT,3/5,10/20,20,257,194,63,8,33.07,-0.1713,-0.3251,16.28,-4.5294,9.0934,-394584,605416,-39.4584,-43.1312
KRX_CONTINUOUS_AFTERNOON,DS000680,SK하이닉스,0193T0,LONG,5/20,3/10,5,152,136,16,3,25.66,-0.3203,-0.5856,7.59,-4.4292,5.6022,-394774,605226,-39.4774,-39.4774
KRX_CONTINUOUS_AFTERNOON,DS001568,삼성전자,0193W0,LONG,5/10,3/20,5,252,202,50,4,29.37,-0.1881,-0.3653,12.35,-4.2472,7.2702,-395072,604928,-39.5072,-45.6652
KRX_CONTINUOUS_AFTERNOON,DS004568,SK하이닉스,0193T0,LONG,10/20,20/30,5,92,54,38,3,29.35,-0.5170,-0.5396,19.77,-6.0280,8.8159,-395843,604157,-39.5843,-40.2620
KRX_CONTINUOUS_AFTERNOON,DS000048,삼성전자,0193L0,SHORT,3/5,3/5,50,270,251,19,2,28.52,-0.1829,-0.2774,4.76,-3.0155,3.6402,-395985,604015,-39.5985,-42.4400
KRX_CONTINUOUS_AFTERNOON,DS003969,삼성전자,0193W0,LONG,5/10,10/30,10,128,72,56,5,33.59,-0.3680,-0.4655,24.15,-10.2325,5.4434,-396251,603749,-39.6251,-48.2968
KRX_CONTINUOUS_AFTERNOON,DS004713,SK하이닉스,0193T0,LONG,10/30,20/30,10,91,52,39,2,27.47,-0.5263,-0.5665,18.60,-7.0709,8.4957,-396511,603489,-39.6511,-39.6511
KRX_CONTINUOUS_AFTERNOON,DS002892,SK하이닉스,0193T0,LONG,3/5,3/30,50,223,159,64,6,33.18,-0.2019,-0.4655,16.63,-9.2100,7.5869,-396928,603072,-39.6928,-49.3826
KRX_CONTINUOUS_AFTERNOON,DS000200,SK하이닉스,0193T0,LONG,5/20,3/5,5,152,142,10,2,28.29,-0.3272,-0.4103,4.55,-2.7437,5.7207,-397056,602944,-39.7056,-40.3237
KRX_CONTINUOUS_AFTERNOON,DS001639,SK하이닉스,0193T0,LONG,5/20,3/20,NONE,155,131,24,2,25.16,-0.3109,-0.7265,10.88,-4.4292,7.7829,-397061,602939,-39.7061,-41.3154
KRX_CONTINUOUS_AFTERNOON,DS004711,SK하이닉스,0193T0,LONG,10/30,20/30,NONE,93,53,40,3,27.96,-0.5168,-0.5665,18.48,-7.0709,8.4957,-397549,602451,-39.7549,-39.7549
KRX_CONTINUOUS_AFTERNOON,DS002588,삼성전자,0193L0,SHORT,3/20,10/20,5,148,105,43,4,34.46,-0.3270,-0.3280,16.98,-9.3404,5.0239,-397747,602253,-39.7747,-42.9333
KRX_CONTINUOUS_AFTERNOON,DS004544,삼성전자,0193W0,LONG,5/20,20/30,5,151,88,63,4,37.09,-0.3024,-0.3761,22.23,-7.7381,7.6623,-397949,602051,-39.7949,-44.6004
KRX_CONTINUOUS_AFTERNOON,DS003643,삼성전자,0193L0,SHORT,10/20,5/30,NONE,124,88,36,3,34.68,-0.3971,-0.3706,20.05,-6.0109,7.7877,-399567,600433,-39.9567,-42.8318
KRX_CONTINUOUS_AFTERNOON,DS001567,삼성전자,0193W0,LONG,5/10,3/20,NONE,274,220,54,5,30.29,-0.1690,-0.3579,13.59,-6.4165,7.2702,-399816,600184,-39.9816,-47.4300
KRX_CONTINUOUS_AFTERNOON,DS004437,SK하이닉스,0197X0,SHORT,5/10,20/30,10,119,72,47,3,33.61,-0.3949,-0.3294,21.97,-7.3660,10.3109,-400129,599871,-40.0129,-42.9524
KRX_CONTINUOUS_AFTERNOON,DS002624,삼성전자,0193W0,LONG,5/20,10/20,5,151,110,41,3,27.15,-0.3217,-0.4449,15.63,-6.5997,6.5831,-400964,599036,-40.0964,-44.7372
KRX_CONTINUOUS_AFTERNOON,DS003981,삼성전자,0193L0,SHORT,5/10,10/30,10,124,74,50,5,32.26,-0.3645,-0.4937,23.59,-18.6449,8.6326,-401596,598404,-40.1596,-46.5299
KRX_CONTINUOUS_AFTERNOON,DS001063,SK하이닉스,0193T0,LONG,5/10,5/10,NONE,244,212,32,3,30.74,-0.2001,-0.4081,8.12,-5.3761,6.9257,-402138,597862,-40.2138,-41.4406
KRX_CONTINUOUS_AFTERNOON,DS000583,SK하이닉스,0193T0,LONG,5/10,3/10,NONE,244,212,32,2,29.10,-0.1999,-0.4277,8.24,-4.4879,6.8060,-402521,597479,-40.2521,-42.6030
KRX_CONTINUOUS_AFTERNOON,DS001953,삼성전자,0193W0,LONG,3/5,5/20,10,235,194,41,7,29.79,-0.2038,-0.4006,14.33,-2.9426,4.6951,-402552,597448,-40.2552,-51.8303
KRX_CONTINUOUS_AFTERNOON,DS004221,삼성전자,0193L0,SHORT,5/30,10/30,10,88,53,35,3,31.82,-0.5521,-0.4405,22.88,-17.9700,4.5030,-402621,597379,-40.2621,-43.8692
KRX_CONTINUOUS_AFTERNOON,DS004618,SK하이닉스,0193T0,LONG,3/30,20/30,20,90,58,32,3,28.89,-0.5404,-0.4396,18.58,-7.4859,6.4456,-402649,597351,-40.2649,-40.2649
KRX_CONTINUOUS_AFTERNOON,DS004665,SK하이닉스,0193T0,LONG,5/30,20/30,10,90,52,38,3,27.78,-0.5399,-0.5166,19.08,-6.7406,8.9445,-402670,597330,-40.2670,-40.2670
KRX_CONTINUOUS_AFTERNOON,DS004426,SK하이닉스,0193T0,LONG,5/10,20/30,20,110,78,32,3,32.73,-0.4441,-0.5231,19.19,-5.0348,6.4456,-403842,596158,-40.3842,-45.0226
KRX_CONTINUOUS_AFTERNOON,DS003655,SK하이닉스,0193T0,LONG,3/30,5/30,NONE,140,106,34,3,25.00,-0.3478,-0.5970,15.30,-5.3148,9.3323,-404499,595501,-40.4499,-40.4758
KRX_CONTINUOUS_AFTERNOON,DS002121,SK하이닉스,0193T0,LONG,5/20,5/20,10,128,101,27,1,25.78,-0.3903,-0.7885,11.80,-5.3180,6.3760,-404784,595216,-40.4784,-42.3210
KRX_CONTINUOUS_AFTERNOON,DS003656,SK하이닉스,0193T0,LONG,3/30,5/30,5,122,92,30,3,25.41,-0.4012,-0.6071,15.71,-5.3148,9.3323,-404898,595102,-40.4898,-40.6496
KRX_CONTINUOUS_AFTERNOON,DS003068,삼성전자,0193L0,SHORT,3/20,3/30,5,148,107,41,4,31.76,-0.3391,-0.5155,16.92,-5.7292,5.0239,-405763,594237,-40.5763,-42.0308
KRX_CONTINUOUS_AFTERNOON,DS004111,삼성전자,0193W0,LONG,10/20,10/30,NONE,129,79,50,4,29.46,-0.3687,-0.4967,21.21,-6.2270,7.3307,-405784,594216,-40.5784,-43.9248
KRX_CONTINUOUS_AFTERNOON,DS001723,삼성전자,0193L0,SHORT,10/20,3/20,NONE,124,102,22,3,32.26,-0.3999,-0.3654,13.56,-13.6342,7.6341,-406028,593972,-40.6028,-41.3632
KRX_CONTINUOUS_AFTERNOON,DS003584,삼성전자,0193W0,LONG,5/20,5/30,5,151,107,44,3,29.80,-0.3199,-0.6024,17.12,-6.7816,7.6623,-406506,593494,-40.6506,-45.1460
KRX_CONTINUOUS_AFTERNOON,DS002900,SK하이닉스,0197X0,SHORT,3/5,3/30,5,257,182,75,7,40.86,-0.1506,-0.2695,19.58,-7.4428,8.9794,-406582,593418,-40.6582,-44.0272
KRX_CONTINUOUS_AFTERNOON,DS002217,SK하이닉스,0193T0,LONG,3/30,5/20,10,107,86,21,3,27.10,-0.4670,-0.7321,12.94,-6.3377,6.0569,-407158,592842,-40.7158,-40.8887
KRX_CONTINUOUS_AFTERNOON,DS002517,SK하이닉스,0197X0,SHORT,5/10,10/20,10,119,88,31,3,34.45,-0.4177,-0.5027,17.21,-5.4731,6.0464,-407480,592520,-40.7480,-44.0438
KRX_CONTINUOUS_AFTERNOON,DS003056,삼성전자,0193W0,LONG,3/20,3/30,5,156,113,43,4,29.49,-0.3090,-0.4906,16.56,-9.7361,6.2870,-407480,592520,-40.7480,-47.0159
KRX_CONTINUOUS_AFTERNOON,DS004605,삼성전자,0193L0,SHORT,10/20,20/30,10,117,59,58,3,37.61,-0.4197,-0.2458,24.43,-6.4815,5.0239,-407737,592263,-40.7737,-52.5866
KRX_CONTINUOUS_AFTERNOON,DS003537,삼성전자,0193W0,LONG,3/20,5/30,10,141,101,40,4,26.24,-0.3446,-0.5356,17.89,-9.7361,7.6623,-408472,591528,-40.8472,-43.3658
KRX_CONTINUOUS_AFTERNOON,DS004557,삼성전자,0193L0,SHORT,5/20,20/30,10,111,59,52,4,38.74,-0.4418,-0.2458,23.29,-11.1756,5.9636,-408709,591291,-40.8709,-44.8045
KRX_CONTINUOUS_AFTERNOON,DS000152,SK하이닉스,0193T0,LONG,3/20,3/5,5,163,152,11,2,31.90,-0.3163,-0.4438,4.87,-3.0238,5.3457,-409062,590938,-40.9062,-41.9397
KRX_CONTINUOUS_AFTERNOON,DS002697,SK하이닉스,0193T0,LONG,3/30,10/20,10,107,76,31,4,29.91,-0.4678,-0.6484,15.88,-4.8059,7.7929,-409854,590146,-40.9854,-41.3226
KRX_CONTINUOUS_AFTERNOON,DS001464,SK하이닉스,0197X0,SHORT,3/5,3/20,50,246,192,54,6,30.08,-0.1797,-0.5116,13.57,-8.3132,8.7711,-410316,589684,-41.0316,-41.0316
KRX_CONTINUOUS_AFTERNOON,DS002468,SK하이닉스,0197X0,SHORT,3/10,10/20,5,230,167,63,4,38.26,-0.1964,-0.3425,18.52,-8.2283,10.8453,-411157,588843,-41.1157,-43.3780
KRX_CONTINUOUS_AFTERNOON,DS001497,SK하이닉스,0193T0,LONG,3/10,3/20,10,123,95,28,3,23.58,-0.4168,-0.6707,10.72,-4.4879,6.6034,-411287,588713,-41.1287,-46.8559
KRX_CONTINUOUS_AFTERNOON,DS001148,삼성전자,0193L0,SHORT,3/20,5/10,5,148,125,23,2,33.11,-0.3499,-0.3786,9.47,-8.0618,2.5383,-411740,588260,-41.1740,-41.7180
KRX_CONTINUOUS_AFTERNOON,DS003127,SK하이닉스,0193T0,LONG,10/20,3/30,NONE,135,98,37,3,25.93,-0.3669,-0.6160,14.50,-5.9753,8.8159,-411845,588155,-41.1845,-43.4222
KRX_CONTINUOUS_AFTERNOON,DS000679,SK하이닉스,0193T0,LONG,5/20,3/10,NONE,155,139,16,3,25.16,-0.3327,-0.5898,7.63,-4.4292,5.6022,-412215,587785,-41.2215,-41.2215
KRX_CONTINUOUS_AFTERNOON,DS000009,SK하이닉스,0193T0,LONG,3/5,3/5,10,220,204,16,2,30.45,-0.2354,-0.3372,4.94,-4.6038,3.9163,-412614,587386,-41.2614,-44.4110
KRX_CONTINUOUS_AFTERNOON,DS004378,SK하이닉스,0193T0,LONG,3/10,20/30,20,117,83,34,3,35.04,-0.4259,-0.6405,17.58,-5.6988,6.7841,-412985,587015,-41.2985,-46.3583
KRX_CONTINUOUS_AFTERNOON,DS001977,SK하이닉스,0193T0,LONG,3/10,5/20,10,123,92,31,3,26.02,-0.4171,-0.6156,12.65,-5.3761,6.1932,-413749,586251,-41.3749,-47.5477
KRX_CONTINUOUS_AFTERNOON,DS000199,SK하이닉스,0193T0,LONG,5/20,3/5,NONE,155,145,10,2,27.74,-0.3390,-0.4151,4.56,-2.7437,5.7207,-413917,586083,-41.3917,-41.9925
KRX_CONTINUOUS_AFTERNOON,DS001592,SK하이닉스,0193T0,LONG,3/20,3/20,5,163,138,25,1,23.93,-0.3144,-0.7193,10.26,-4.4879,7.4596,-414209,585791,-41.4209,-42.0034
KRX_CONTINUOUS_AFTERNOON,DS001944,SK하이닉스,0197X0,SHORT,3/5,5/20,50,246,179,67,7,30.89,-0.1744,-0.5311,15.37,-6.8038,9.6214,-414596,585404,-41.4596,-41.9041
KRX_CONTINUOUS_AFTERNOON,DS000500,SK하이닉스,0197X0,SHORT,3/5,3/10,5,257,233,24,5,34.24,-0.1910,-0.3505,10.19,-6.7110,7.4988,-414775,585225,-41.4775,-44.2523
KRX_CONTINUOUS_AFTERNOON,DS000045,삼성전자,0193L0,SHORT,3/5,3/5,10,263,245,18,3,29.28,-0.2008,-0.2742,5.32,-2.8029,3.6402,-415147,584853,-41.5147,-41.7147
KRX_CONTINUOUS_AFTERNOON,DS000024,SK하이닉스,0197X0,SHORT,3/5,3/5,50,246,229,17,2,29.27,-0.2122,-0.2887,5.11,-3.5970,4.7622,-415316,584684,-41.5316,-43.3769
KRX_CONTINUOUS_AFTERNOON,DS003105,삼성전자,0193W0,LONG,5/20,3/30,10,124,93,31,3,29.03,-0.4082,-0.6544,15.73,-9.1593,6.2870,-415424,584576,-41.5424,-45.5429
KRX_CONTINUOUS_AFTERNOON,DS000655,삼성전자,0193W0,LONG,3/20,3/10,NONE,195,168,27,3,28.72,-0.2689,-0.3688,7.39,-3.3046,5.6294,-415704,584296,-41.5704,-42.0432
KRX_CONTINUOUS_AFTERNOON,DS002469,SK하이닉스,0197X0,SHORT,3/10,10/20,10,127,100,27,3,29.92,-0.4054,-0.4147,15.84,-4.7496,6.4198,-415714,584286,-41.5714,-41.5714
KRX_CONTINUOUS_AFTERNOON,DS001943,SK하이닉스,0197X0,SHORT,3/5,5/20,30,267,196,71,8,31.46,-0.1599,-0.5129,14.98,-6.8038,9.6214,-415725,584275,-41.5725,-45.1621
KRX_CONTINUOUS_AFTERNOON,DS003607,SK하이닉스,0193T0,LONG,10/20,5/30,NONE,135,92,43,3,28.15,-0.3698,-0.5972,16.26,-5.9753,8.8159,-415746,584254,-41.5746,-44.3028
KRX_CONTINUOUS_AFTERNOON,DS001255,SK하이닉스,0193T0,LONG,3/30,5/10,NONE,140,124,16,4,30.00,-0.3700,-0.5793,9.34,-4.4968,5.7207,-415798,584202,-41.5798,-41.5798
KRX_CONTINUOUS_AFTERNOON,DS000047,삼성전자,0193L0,SHORT,3/5,3/5,30,268,247,21,3,27.24,-0.1981,-0.2751,4.88,-3.0155,3.6402,-416296,583704,-41.6296,-41.9665
KRX_CONTINUOUS_AFTERNOON,DS001474,삼성전자,0193W0,LONG,3/5,3/20,20,226,198,28,7,29.65,-0.2260,-0.4606,12.34,-6.5095,4.3515,-416555,583445,-41.6555,-51.1316
KRX_CONTINUOUS_AFTERNOON,DS000502,SK하이닉스,0197X0,SHORT,3/5,3/10,20,255,225,30,4,32.55,-0.1964,-0.3351,10.03,-8.4114,8.0483,-416942,583058,-41.6942,-41.6942
KRX_CONTINUOUS_AFTERNOON,DS002073,SK하이닉스,0193T0,LONG,3/20,5/20,10,134,107,27,2,28.36,-0.3802,-0.7354,12.79,-6.3377,6.1932,-417364,582636,-41.7364,-44.7811
KRX_CONTINUOUS_AFTERNOON,DS001052,삼성전자,0193L0,SHORT,3/10,5/10,5,224,195,29,3,37.05,-0.2323,-0.3833,10.35,-6.0784,5.9636,-417598,582402,-41.7598,-42.9811
KRX_CONTINUOUS_AFTERNOON,DS003477,SK하이닉스,0197X0,SHORT,5/10,5/30,10,119,86,33,3,34.45,-0.4341,-0.6034,18.50,-7.2849,10.3109,-417927,582073,-41.7927,-42.5271
KRX_CONTINUOUS_AFTERNOON,DS004400,삼성전자,0193W0,LONG,3/10,20/30,5,226,130,96,5,38.94,-0.2018,-0.2500,23.28,-9.4579,8.3877,-418598,581402,-41.8598,-54.1746
KRX_CONTINUOUS_AFTERNOON,DS002036,SK하이닉스,0197X0,SHORT,5/10,5/20,5,236,183,53,4,33.05,-0.2095,-0.5027,16.06,-4.4553,9.1102,-418737,581263,-41.8737,-43.2404
KRX_CONTINUOUS_AFTERNOON,DS000514,삼성전자,0193W0,LONG,3/5,3/10,20,226,205,21,5,30.09,-0.2333,-0.3248,8.17,-5.8349,3.6141,-419048,580952,-41.9048,-42.5997
KRX_CONTINUOUS_AFTERNOON,DS000632,SK하이닉스,0193T0,LONG,3/20,3/10,5,163,145,18,2,25.77,-0.3214,-0.5788,8.01,-4.4879,6.2656,-419339,580661,-41.9339,-42.1671
KRX_CONTINUOUS_AFTERNOON,DS000525,삼성전자,0193L0,SHORT,3/5,3/10,10,263,240,23,5,29.66,-0.1953,-0.3754,8.40,-7.0150,5.6372,-419359,580641,-41.9359,-43.4886
KRX_CONTINUOUS_AFTERNOON,DS000491,SK하이닉스,0193T0,LONG,3/5,3/10,30,204,175,29,4,30.39,-0.2504,-0.3837,9.44,-5.4903,6.2656,-420169,579831,-42.0169,-46.8706
KRX_CONTINUOUS_AFTERNOON,DS003875,삼성전자,0193W0,LONG,3/5,10/30,30,235,158,77,8,31.06,-0.2039,-0.3772,20.49,-4.7590,5.1364,-420531,579469,-42.0531,-55.6603
KRX_CONTINUOUS_AFTERNOON,DS000536,SK하이닉스,0193T0,LONG,3/10,3/10,5,227,199,28,2,27.75,-0.2289,-0.5041,7.81,-4.6038,6.2656,-420570,579430,-42.0570,-42.0570
KRX_CONTINUOUS_AFTERNOON,DS003057,삼성전자,0193W0,LONG,3/20,3/30,10,141,109,32,3,25.53,-0.3655,-0.5557,14.94,-9.7361,6.2870,-421468,578532,-42.1468,-45.0988
KRX_CONTINUOUS_AFTERNOON,DS001016,SK하이닉스,0193T0,LONG,3/10,5/10,5,227,191,36,2,31.28,-0.2260,-0.4027,9.31,-5.3761,6.2247,-422513,577487,-42.2513,-42.2513
KRX_CONTINUOUS_AFTERNOON,DS004603,삼성전자,0193L0,SHORT,10/20,20/30,NONE,124,62,62,4,37.90,-0.4147,-0.2445,24.30,-6.4815,5.0239,-422689,577311,-42.2689,-54.7489
KRX_CONTINUOUS_AFTERNOON,DS001628,삼성전자,0193L0,SHORT,3/20,3/20,5,148,122,26,2,25.68,-0.3632,-0.4624,10.97,-5.9883,5.0239,-423096,576904,-42.3096,-42.6079
KRX_CONTINUOUS_AFTERNOON,DS004355,삼성전자,0193W0,LONG,3/5,20/30,30,235,178,57,8,37.45,-0.2040,-0.3761,19.99,-5.1484,5.1364,-423223,576777,-42.3223,-54.7715
KRX_CONTINUOUS_AFTERNOON,DS002553,SK하이닉스,0193T0,LONG,3/20,10/20,10,134,100,34,3,26.87,-0.3836,-0.6283,14.95,-5.6824,7.4106,-423291,576709,-42.3291,-43.0555
KRX_CONTINUOUS_AFTERNOON,DS002371,SK하이닉스,0197X0,SHORT,20/30,5/20,NONE,93,76,17,3,30.11,-0.5670,-0.7030,17.70,-6.8038,7.2012,-423578,576422,-42.3578,-44.4138
KRX_CONTINUOUS_AFTERNOON,DS003955,SK하이닉스,0197X0,SHORT,5/10,10/30,NONE,248,153,95,6,42.74,-0.1713,-0.3275,24.22,-7.3660,10.5067,-423771,576229,-42.3771,-45.1277
KRX_CONTINUOUS_AFTERNOON,DS001463,SK하이닉스,0197X0,SHORT,3/5,3/20,30,267,211,56,6,30.71,-0.1772,-0.4417,12.64,-8.3132,8.7711,-423779,576221,-42.3779,-42.6603
KRX_CONTINUOUS_AFTERNOON,DS003380,SK하이닉스,0197X0,SHORT,3/5,5/30,5,257,172,85,7,41.63,-0.1524,-0.3065,22.11,-7.4078,10.6714,-425029,574971,-42.5029,-42.5164
KRX_CONTINUOUS_AFTERNOON,DS002457,SK하이닉스,0193T0,LONG,3/10,10/20,10,123,86,37,3,27.64,-0.4285,-0.5958,15.00,-5.6824,7.1573,-425174,574826,-42.5174,-47.2201
KRX_CONTINUOUS_AFTERNOON,DS004556,삼성전자,0193L0,SHORT,5/20,20/30,5,141,76,65,4,39.01,-0.3573,-0.2513,24.13,-11.1756,5.9636,-425185,574815,-42.5185,-52.1704
KRX_CONTINUOUS_AFTERNOON,DS004183,SK하이닉스,0193T0,LONG,5/30,10/30,NONE,112,68,44,3,29.46,-0.4640,-0.4818,19.54,-8.4220,8.9445,-427816,572184,-42.7816,-42.7816
KRX_CONTINUOUS_AFTERNOON,DS002576,삼성전자,0193W0,LONG,3/20,10/20,5,156,109,47,5,30.13,-0.3339,-0.3798,17.41,-9.7361,6.5831,-427935,572065,-42.7935,-46.2280
KRX_CONTINUOUS_AFTERNOON,DS001088,삼성전자,0193W0,LONG,5/10,5/10,5,252,220,32,2,28.17,-0.2145,-0.3408,8.04,-2.3700,7.2702,-427994,572006,-42.7994,-44.1203
KRX_CONTINUOUS_AFTERNOON,DS003811,SK하이닉스,0197X0,SHORT,20/30,5/30,NONE,93,70,23,3,29.03,-0.5708,-0.7762,21.54,-6.8038,8.7813,-428196,571804,-42.8196,-43.0447
KRX_CONTINUOUS_AFTERNOON,DS003691,삼성전자,0193L0,SHORT,3/30,5/30,NONE,133,91,42,3,32.33,-0.4059,-0.4743,19.08,-7.2993,5.0239,-428261,571739,-42.8261,-47.0291
KRX_CONTINUOUS_AFTERNOON,DS003874,삼성전자,0193W0,LONG,3/5,10/30,20,226,152,74,11,32.74,-0.2104,-0.4348,21.27,-6.1524,5.1364,-428738,571262,-42.8738,-56.5460
KRX_CONTINUOUS_AFTERNOON,DS003692,삼성전자,0193L0,SHORT,3/30,5/30,5,110,76,34,2,31.82,-0.4937,-0.5413,18.24,-7.2993,5.0239,-428771,571229,-42.8771,-44.6614
KRX_CONTINUOUS_AFTERNOON,DS000056,SK하이닉스,0193T0,LONG,3/10,3/5,5,227,210,17,2,31.28,-0.2400,-0.3718,5.00,-4.6038,6.2247,-429808,570192,-42.9808,-43.3777
KRX_CONTINUOUS_AFTERNOON,DS004663,SK하이닉스,0193T0,LONG,5/30,20/30,NONE,112,67,45,3,27.68,-0.4662,-0.5134,18.56,-6.7406,9.5445,-430109,569891,-43.0109,-43.0109
KRX_CONTINUOUS_AFTERNOON,DS000971,SK하이닉스,0193T0,LONG,3/5,5/10,30,204,168,36,4,35.78,-0.2542,-0.3981,11.53,-5.4903,6.1932,-431109,568891,-43.1109,-47.2016
KRX_CONTINUOUS_AFTERNOON,DS002108,삼성전자,0193L0,SHORT,3/20,5/20,5,148,110,38,3,33.11,-0.3702,-0.4995,14.57,-9.3577,5.0239,-432118,567882,-43.2118,-45.8275
KRX_CONTINUOUS_AFTERNOON,DS001008,삼성전자,0193L0,SHORT,3/5,5/10,50,270,233,37,5,32.22,-0.1945,-0.3634,10.87,-5.6953,6.7124,-433111,566889,-43.3111,-45.7442
KRX_CONTINUOUS_AFTERNOON,DS000992,삼성전자,0193W0,LONG,3/5,5/10,5,208,179,29,5,28.37,-0.2639,-0.4277,9.24,-2.8829,8.6366,-433565,566435,-43.3565,-45.7906
KRX_CONTINUOUS_AFTERNOON,DS004219,삼성전자,0193L0,SHORT,5/30,10/30,NONE,110,68,42,3,32.73,-0.4822,-0.4405,21.71,-17.9700,4.9865,-433820,566180,-43.3820,-49.1753
KRX_CONTINUOUS_AFTERNOON,DS000524,삼성전자,0193L0,SHORT,3/5,3/10,5,231,205,26,3,29.87,-0.2349,-0.3756,8.50,-7.0150,5.6372,-433984,566016,-43.3984,-44.4597
KRX_CONTINUOUS_AFTERNOON,DS001112,SK하이닉스,0193T0,LONG,3/20,5/10,5,163,144,19,2,28.83,-0.3312,-0.5318,9.38,-5.3761,6.1932,-434066,565934,-43.4066,-43.5200
KRX_CONTINUOUS_AFTERNOON,DS004125,삼성전자,0193L0,SHORT,10/20,10/30,10,117,75,42,3,36.75,-0.4561,-0.4038,22.54,-13.6342,8.6326,-434826,565174,-43.4826,-48.9656
KRX_CONTINUOUS_AFTERNOON,DS001015,SK하이닉스,0193T0,LONG,3/10,5/10,NONE,262,222,40,3,31.68,-0.2006,-0.4018,9.42,-5.3761,6.2247,-435167,564833,-43.5167,-43.5167
KRX_CONTINUOUS_AFTERNOON,DS000033,삼성전자,0193W0,LONG,3/5,3/5,10,235,222,13,2,25.96,-0.2395,-0.2959,4.55,-2.2716,4.3044,-435194,564806,-43.5194,-47.0433
KRX_CONTINUOUS_AFTERNOON,DS001005,삼성전자,0193L0,SHORT,3/5,5/10,10,263,237,26,7,32.32,-0.2057,-0.2877,10.36,-7.1096,6.7124,-435316,564684,-43.5316,-44.0032
KRX_CONTINUOUS_AFTERNOON,DS001160,SK하이닉스,0193T0,LONG,5/20,5/10,5,152,134,18,3,25.66,-0.3649,-0.5426,8.51,-5.3180,5.7207,-435936,564064,-43.5936,-43.5936
KRX_CONTINUOUS_AFTERNOON,DS001460,SK하이닉스,0197X0,SHORT,3/5,3/20,5,257,204,53,6,35.80,-0.1800,-0.5129,15.88,-7.3379,8.2179,-436204,563796,-43.6204,-47.4360
KRX_CONTINUOUS_AFTERNOON,DS003104,삼성전자,0193W0,LONG,5/20,3/30,5,151,114,37,3,28.48,-0.3603,-0.5939,14.50,-6.3152,6.2870,-438164,561836,-43.8164,-48.2446
KRX_CONTINUOUS_AFTERNOON,DS004701,삼성전자,0193L0,SHORT,5/30,20/30,10,88,49,39,3,30.68,-0.6305,-0.3291,22.24,-11.1756,3.1386,-438452,561548,-43.8452,-46.6614
KRX_CONTINUOUS_AFTERNOON,DS000559,삼성전자,0193W0,LONG,3/10,3/10,NONE,296,265,31,2,25.68,-0.1886,-0.3541,7.03,-2.4966,7.3377,-438873,561127,-43.8873,-46.5725
KRX_CONTINUOUS_AFTERNOON,DS001007,삼성전자,0193L0,SHORT,3/5,5/10,30,268,230,38,4,30.60,-0.2011,-0.3043,10.23,-5.6953,6.7124,-439132,560868,-43.9132,-46.1680
KRX_CONTINUOUS_AFTERNOON,DS000620,삼성전자,0193L0,SHORT,5/10,3/10,5,247,218,29,4,31.58,-0.2252,-0.3467,8.68,-5.9883,5.9126,-440485,559515,-44.0485,-47.3182
KRX_CONTINUOUS_AFTERNOON,DS003129,SK하이닉스,0193T0,LONG,10/20,3/30,10,125,93,32,3,24.80,-0.4419,-0.6253,14.35,-5.9753,8.8159,-440531,559469,-44.0531,-45.9640
KRX_CONTINUOUS_AFTERNOON,DS002120,SK하이닉스,0193T0,LONG,5/20,5/20,5,152,125,27,2,25.66,-0.3685,-0.6981,11.59,-5.3180,6.3760,-440804,559196,-44.0804,-45.2430
KRX_CONTINUOUS_AFTERNOON,DS001159,SK하이닉스,0193T0,LONG,5/20,5/10,NONE,155,137,18,3,25.16,-0.3637,-0.5344,8.42,-5.3180,5.7207,-440992,559008,-44.0992,-44.0992
KRX_CONTINUOUS_AFTERNOON,DS003475,SK하이닉스,0197X0,SHORT,5/10,5/30,NONE,248,172,76,5,41.53,-0.2021,-0.2975,21.32,-7.2849,10.7183,-441449,558551,-44.1449,-46.1720
KRX_CONTINUOUS_AFTERNOON,DS002600,SK하이닉스,0193T0,LONG,5/20,10/20,5,152,111,41,3,28.95,-0.3635,-0.6086,15.18,-5.6245,7.7929,-441726,558274,-44.1726,-44.4592
KRX_CONTINUOUS_AFTERNOON,DS003547,삼성전자,0193L0,SHORT,3/20,5/30,NONE,185,127,58,5,33.51,-0.2938,-0.3940,20.88,-8.0618,7.7877,-441983,558017,-44.1983,-50.5818
KRX_CONTINUOUS_AFTERNOON,DS004341,SK하이닉스,0197X0,SHORT,3/5,20/30,10,255,157,98,10,44.31,-0.1582,-0.2000,23.62,-7.0013,11.5618,-442293,557707,-44.2293,-45.8405
KRX_CONTINUOUS_AFTERNOON,DS004664,SK하이닉스,0193T0,LONG,5/30,20/30,5,107,64,43,3,28.04,-0.5191,-0.4956,18.62,-6.7406,8.9445,-442385,557615,-44.2385,-44.2385
KRX_CONTINUOUS_AFTERNOON,DS003908,SK하이닉스,0197X0,SHORT,3/10,10/30,5,230,141,89,5,41.30,-0.1962,-0.2867,23.84,-8.6443,10.7885,-442445,557555,-44.2445,-47.1764
KRX_CONTINUOUS_AFTERNOON,DS001486,삼성전자,0193L0,SHORT,3/5,3/20,20,257,210,47,8,30.74,-0.2062,-0.3894,14.21,-6.1447,8.3427,-442702,557298,-44.2702,-46.8007
KRX_CONTINUOUS_AFTERNOON,DS004220,삼성전자,0193L0,SHORT,5/30,10/30,5,109,68,41,3,32.11,-0.5023,-0.4667,21.50,-17.9700,4.9865,-443261,556739,-44.3261,-49.1753
KRX_CONTINUOUS_AFTERNOON,DS003609,SK하이닉스,0193T0,LONG,10/20,5/30,10,125,88,37,3,26.40,-0.4439,-0.6080,16.19,-5.9753,8.8159,-443368,556632,-44.3368,-46.7215
KRX_CONTINUOUS_AFTERNOON,DS004172,삼성전자,0193L0,SHORT,3/30,10/30,5,110,67,43,3,33.64,-0.4969,-0.4228,21.46,-17.9700,5.0239,-443398,556602,-44.3398,-47.8826
KRX_CONTINUOUS_AFTERNOON,DS001544,SK하이닉스,0193T0,LONG,5/10,3/20,5,225,177,48,3,27.56,-0.2447,-0.4960,12.56,-5.8087,8.5670,-443673,556327,-44.3673,-52.5960
KRX_CONTINUOUS_AFTERNOON,DS000515,삼성전자,0193W0,LONG,3/5,3/10,30,235,210,25,4,28.94,-0.2437,-0.3231,8.03,-3.1106,3.6141,-444357,555643,-44.4357,-45.1842
KRX_CONTINUOUS_AFTERNOON,DS002601,SK하이닉스,0193T0,LONG,5/20,10/20,10,128,92,36,3,25.78,-0.4391,-0.7620,14.57,-5.6245,7.7929,-444504,555496,-44.4504,-45.6875
KRX_CONTINUOUS_AFTERNOON,DS004436,SK하이닉스,0197X0,SHORT,5/10,20/30,5,236,145,91,5,41.95,-0.2029,-0.2452,22.98,-7.3660,10.3109,-444743,555257,-44.4743,-50.0902
KRX_CONTINUOUS_AFTERNOON,DS002913,삼성전자,0193W0,LONG,3/5,3/30,10,235,173,62,7,31.49,-0.2223,-0.5021,17.22,-6.3152,5.1364,-444754,555246,-44.4754,-55.8477
KRX_CONTINUOUS_AFTERNOON,DS004137,SK하이닉스,0193T0,LONG,3/30,10/30,10,107,66,41,4,28.97,-0.5142,-0.6214,19.54,-8.4220,9.3323,-444760,555240,-44.4760,-44.5860
KRX_CONTINUOUS_AFTERNOON,DS000994,삼성전자,0193W0,LONG,3/5,5/10,20,226,204,22,6,31.86,-0.2549,-0.3168,10.29,-3.3667,3.6276,-447524,552476,-44.7524,-46.2104
KRX_CONTINUOUS_AFTERNOON,DS002119,SK하이닉스,0193T0,LONG,5/20,5/20,NONE,155,128,27,2,25.16,-0.3708,-0.6638,11.38,-5.3180,6.3760,-448963,551037,-44.8963,-46.0419
KRX_CONTINUOUS_AFTERNOON,DS002037,SK하이닉스,0197X0,SHORT,5/10,5/20,10,119,91,28,3,29.41,-0.4875,-0.5648,14.23,-3.8061,5.0555,-449379,550621,-44.9379,-44.9379
KRX_CONTINUOUS_AFTERNOON,DS004065,삼성전자,0193W0,LONG,5/20,10/30,10,124,72,52,3,32.26,-0.4423,-0.4715,23.33,-9.1593,7.6623,-449516,550484,-44.9516,-48.7349
KRX_CONTINUOUS_AFTERNOON,DS003080,SK하이닉스,0193T0,LONG,5/20,3/30,5,152,115,37,3,25.00,-0.3682,-0.6772,14.11,-6.9508,9.3323,-450146,549854,-45.0146,-45.9661
KRX_CONTINUOUS_AFTERNOON,DS003393,삼성전자,0193W0,LONG,3/5,5/30,10,235,166,69,7,31.06,-0.2212,-0.3913,19.04,-6.3943,5.1364,-450185,549815,-45.0185,-57.3181
KRX_CONTINUOUS_AFTERNOON,DS001966,삼성전자,0193L0,SHORT,3/5,5/20,20,257,192,65,8,28.79,-0.2096,-0.3975,15.96,-6.2962,9.1158,-450204,549796,-45.0204,-49.5570
KRX_CONTINUOUS_AFTERNOON,DS004543,삼성전자,0193W0,LONG,5/20,20/30,NONE,156,91,65,4,37.18,-0.3487,-0.3396,22.55,-9.1593,7.6623,-450813,549187,-45.0813,-49.4649
KRX_CONTINUOUS_AFTERNOON,DS002997,SK하이닉스,0197X0,SHORT,5/10,3/30,10,119,88,31,3,27.73,-0.4852,-0.6899,16.25,-7.1767,10.3109,-451210,548790,-45.1210,-46.0966
KRX_CONTINUOUS_AFTERNOON,DS004461,삼성전자,0193L0,SHORT,5/10,20/30,10,124,63,61,5,33.87,-0.4471,-0.3530,24.60,-11.9063,7.8061,-451715,548285,-45.1715,-49.7495
KRX_CONTINUOUS_AFTERNOON,DS004029,삼성전자,0193L0,SHORT,3/20,10/30,10,125,74,51,4,35.20,-0.4434,-0.3296,23.90,-18.6449,8.6326,-451846,548154,-45.1846,-48.2395
KRX_CONTINUOUS_AFTERNOON,DS000983,SK하이닉스,0197X0,SHORT,3/5,5/10,30,267,229,38,6,32.58,-0.2019,-0.3401,10.71,-6.8667,8.7711,-453552,546448,-45.3552,-53.3777
KRX_CONTINUOUS_AFTERNOON,DS001941,SK하이닉스,0197X0,SHORT,3/5,5/20,10,255,199,56,7,33.73,-0.2018,-0.4715,14.97,-6.3925,9.0640,-453805,546195,-45.3805,-46.1898
KRX_CONTINUOUS_AFTERNOON,DS000981,SK하이닉스,0197X0,SHORT,3/5,5/10,10,255,227,28,6,35.29,-0.2176,-0.2857,10.93,-8.7366,8.2179,-454067,545933,-45.4067,-45.9987
KRX_CONTINUOUS_AFTERNOON,DS002995,SK하이닉스,0197X0,SHORT,5/10,3/30,NONE,248,180,68,5,37.50,-0.2153,-0.3955,19.04,-7.1767,10.3109,-454605,545395,-45.4605,-50.1559
KRX_CONTINUOUS_AFTERNOON,DS001545,SK하이닉스,0193T0,LONG,5/10,3/20,10,116,92,24,2,23.28,-0.5129,-0.7188,11.22,-4.4879,5.8867,-454924,545076,-45.4924,-49.1310
KRX_CONTINUOUS_AFTERNOON,DS002948,SK하이닉스,0197X0,SHORT,3/10,3/30,5,230,163,67,5,37.83,-0.2310,-0.4017,18.91,-7.5211,10.3109,-455954,544046,-45.5954,-48.0477
KRX_CONTINUOUS_AFTERNOON,DS001932,SK하이닉스,0193T0,LONG,3/5,5/20,50,223,169,54,6,33.18,-0.2546,-0.5660,16.76,-9.2100,6.4940,-456877,543123,-45.6877,-54.3495
KRX_CONTINUOUS_AFTERNOON,DS004413,삼성전자,0193L0,SHORT,3/10,20/30,10,134,73,61,4,35.82,-0.4219,-0.3719,24.85,-7.2438,5.9636,-457182,542818,-45.7182,-48.0443
KRX_CONTINUOUS_AFTERNOON,DS003428,SK하이닉스,0197X0,SHORT,3/10,5/30,5,230,156,74,5,39.57,-0.2286,-0.4097,21.21,-7.5211,10.7183,-458421,541579,-45.8421,-45.9038
KRX_CONTINUOUS_AFTERNOON,DS001087,삼성전자,0193W0,LONG,5/10,5/10,NONE,274,242,32,2,27.74,-0.2177,-0.3615,7.68,-2.3700,7.2702,-459593,540407,-45.9593,-47.2072
KRX_CONTINUOUS_AFTERNOON,DS003033,SK하이닉스,0193T0,LONG,3/20,3/30,10,134,100,34,3,23.13,-0.4335,-0.6590,14.28,-7.4899,8.9445,-459963,540037,-45.9963,-46.9311
KRX_CONTINUOUS_AFTERNOON,DS004173,삼성전자,0193L0,SHORT,3/30,10/30,10,94,56,38,3,29.79,-0.6183,-0.5170,20.49,-17.9700,4.9865,-460278,539722,-46.0278,-49.1283
KRX_CONTINUOUS_AFTERNOON,DS000489,SK하이닉스,0193T0,LONG,3/5,3/10,10,220,194,26,4,30.91,-0.2655,-0.3693,8.65,-6.6969,6.2656,-461207,538793,-46.1207,-50.1829
KRX_CONTINUOUS_AFTERNOON,DS002479,삼성전자,0193W0,LONG,3/10,10/20,NONE,296,199,97,6,33.78,-0.1774,-0.3399,18.86,-9.4579,7.4684,-461517,538483,-46.1517,-58.9272
KRX_CONTINUOUS_AFTERNOON,DS002623,삼성전자,0193W0,LONG,5/20,10/20,NONE,156,112,44,3,26.92,-0.3778,-0.4511,15.98,-9.1593,6.5831,-462549,537451,-46.2549,-50.4186
KRX_CONTINUOUS_AFTERNOON,DS004699,삼성전자,0193L0,SHORT,5/30,20/30,NONE,110,62,48,4,31.82,-0.5363,-0.3186,21.78,-11.1756,4.9865,-463003,536997,-46.3003,-51.6000
KRX_CONTINUOUS_AFTERNOON,DS000151,SK하이닉스,0193T0,LONG,3/20,3/5,NONE,185,172,13,2,29.73,-0.3301,-0.4483,4.63,-3.0238,5.3457,-463061,536939,-46.3061,-46.7433
KRX_CONTINUOUS_AFTERNOON,DS001100,삼성전자,0193L0,SHORT,5/10,5/10,5,247,219,28,2,31.58,-0.2425,-0.3315,9.13,-8.0618,6.4258,-463117,536883,-46.3117,-47.5596
KRX_CONTINUOUS_AFTERNOON,DS000607,삼성전자,0193W0,LONG,5/10,3/10,NONE,274,242,32,3,26.64,-0.2182,-0.3688,7.47,-5.7412,7.2702,-463156,536844,-46.3156,-48.0308
KRX_CONTINUOUS_AFTERNOON,DS002695,SK하이닉스,0193T0,LONG,3/30,10/20,NONE,140,98,42,4,34.29,-0.4195,-0.4869,15.95,-5.5756,7.7929,-463225,536775,-46.3225,-47.8719
KRX_CONTINUOUS_AFTERNOON,DS002890,SK하이닉스,0193T0,LONG,3/5,3/30,20,211,166,45,6,28.44,-0.2592,-0.6115,15.02,-8.2037,7.5869,-463815,536185,-46.3815,-50.2088
KRX_CONTINUOUS_AFTERNOON,DS000490,SK하이닉스,0193T0,LONG,3/5,3/10,20,211,184,27,4,29.38,-0.2783,-0.4149,9.50,-8.4276,6.2656,-464015,535985,-46.4015,-48.9490
KRX_CONTINUOUS_AFTERNOON,DS000501,SK하이닉스,0197X0,SHORT,3/5,3/10,10,255,231,24,5,32.16,-0.2306,-0.3351,9.78,-8.4114,7.4988,-464583,535417,-46.4583,-46.8068
KRX_CONTINUOUS_AFTERNOON,DS002433,삼성전자,0193W0,LONG,3/5,10/20,10,235,179,56,7,29.79,-0.2474,-0.4830,16.75,-4.1683,4.6021,-464911,535089,-46.4911,-58.2607
KRX_CONTINUOUS_AFTERNOON,DS004555,삼성전자,0193L0,SHORT,5/20,20/30,NONE,150,81,69,4,38.00,-0.3820,-0.2953,24.20,-11.1756,5.9636,-465184,534816,-46.5184,-55.4987
KRX_CONTINUOUS_AFTERNOON,DS002599,SK하이닉스,0193T0,LONG,5/20,10/20,NONE,155,114,41,3,28.39,-0.3841,-0.6882,15.03,-5.6245,7.7929,-465555,534445,-46.5555,-46.8299
KRX_CONTINUOUS_AFTERNOON,DS002216,SK하이닉스,0193T0,LONG,3/30,5/20,5,122,97,25,2,29.51,-0.4904,-0.6897,13.80,-6.3377,6.0569,-465573,534427,-46.5573,-46.5573
KRX_CONTINUOUS_AFTERNOON,DS000516,삼성전자,0193W0,LONG,3/5,3/10,50,244,216,28,4,28.28,-0.2499,-0.3541,7.58,-2.8217,8.6366,-466024,533976,-46.6024,-49.5906
KRX_CONTINUOUS_AFTERNOON,DS001988,SK하이닉스,0197X0,SHORT,3/10,5/20,5,230,171,59,4,34.78,-0.2460,-0.5098,17.12,-7.5211,9.1102,-466925,533075,-46.6925,-46.8793
KRX_CONTINUOUS_AFTERNOON,DS004123,삼성전자,0193L0,SHORT,10/20,10/30,NONE,124,79,45,3,36.29,-0.4773,-0.4162,22.82,-13.6342,8.6326,-467021,532979,-46.7021,-51.1164
KRX_CONTINUOUS_AFTERNOON,DS002445,삼성전자,0193L0,SHORT,3/5,10/20,10,263,194,69,8,33.08,-0.2066,-0.3743,18.23,-10.8484,9.0934,-467256,532744,-46.7256,-48.8871
KRX_CONTINUOUS_AFTERNOON,DS000984,SK하이닉스,0197X0,SHORT,3/5,5/10,50,246,209,37,6,32.11,-0.2300,-0.3776,10.94,-7.1002,8.7711,-468619,531381,-46.8619,-52.2721
KRX_CONTINUOUS_AFTERNOON,DS002215,SK하이닉스,0193T0,LONG,3/30,5/20,NONE,140,110,30,3,28.57,-0.4310,-0.6051,14.06,-6.3377,6.0569,-469277,530723,-46.9277,-47.4149
KRX_CONTINUOUS_AFTERNOON,DS001591,SK하이닉스,0193T0,LONG,3/20,3/20,NONE,185,158,27,1,22.16,-0.3309,-0.6638,9.68,-4.4879,7.4596,-470212,529788,-47.0212,-47.5480
KRX_CONTINUOUS_AFTERNOON,DS003583,삼성전자,0193W0,LONG,5/20,5/30,NONE,156,110,46,3,29.49,-0.3804,-0.5824,17.36,-9.1593,7.6623,-471307,528693,-47.1307,-51.1353
KRX_CONTINUOUS_AFTERNOON,DS003081,SK하이닉스,0193T0,LONG,5/20,3/30,10,128,95,33,2,23.44,-0.4754,-0.7395,13.89,-6.9508,9.3323,-471475,528525,-47.1475,-48.5047
KRX_CONTINUOUS_AFTERNOON,DS000970,SK하이닉스,0193T0,LONG,3/5,5/10,20,211,178,33,4,33.65,-0.2792,-0.4326,11.25,-8.8940,6.1932,-471763,528237,-47.1763,-47.3578
KRX_CONTINUOUS_AFTERNOON,DS004700,삼성전자,0193L0,SHORT,5/30,20/30,5,109,62,47,4,31.19,-0.5569,-0.3285,21.58,-11.1756,4.9865,-471958,528042,-47.1958,-51.6000
KRX_CONTINUOUS_AFTERNOON,DS003440,삼성전자,0193W0,LONG,3/10,5/30,5,226,145,81,5,32.30,-0.2449,-0.4341,20.56,-9.4579,8.3877,-472232,527768,-47.2232,-57.9405
KRX_CONTINUOUS_AFTERNOON,DS000488,SK하이닉스,0193T0,LONG,3/5,3/10,5,229,195,34,4,32.75,-0.2634,-0.4305,9.13,-5.0542,6.2656,-473319,526681,-47.3319,-47.3319
KRX_CONTINUOUS_AFTERNOON,DS002035,SK하이닉스,0197X0,SHORT,5/10,5/20,NONE,248,192,56,4,33.87,-0.2351,-0.4724,16.59,-5.9925,9.1102,-473437,526563,-47.3437,-48.5817
KRX_CONTINUOUS_AFTERNOON,DS002480,삼성전자,0193W0,LONG,3/10,10/20,5,226,149,77,5,34.07,-0.2583,-0.3349,19.15,-9.4579,7.3377,-474183,525817,-47.4183,-54.7396
KRX_CONTINUOUS_AFTERNOON,DS002925,삼성전자,0193L0,SHORT,3/5,3/30,10,263,187,76,8,30.04,-0.2099,-0.4956,18.05,-10.8484,9.9642,-474223,525777,-47.4223,-47.4223
KRX_CONTINUOUS_AFTERNOON,DS002960,삼성전자,0193W0,LONG,3/10,3/30,5,226,155,71,5,32.74,-0.2555,-0.3893,17.92,-9.4579,7.3377,-474886,525114,-47.4886,-58.3057
KRX_CONTINUOUS_AFTERNOON,DS003886,삼성전자,0193L0,SHORT,3/5,10/30,20,257,177,80,8,28.79,-0.1833,-0.4572,21.38,-5.7603,10.5897,-475527,524473,-47.5527,-54.8413
KRX_CONTINUOUS_AFTERNOON,DS000535,SK하이닉스,0193T0,LONG,3/10,3/10,NONE,262,233,29,2,26.34,-0.2357,-0.5021,7.50,-4.6038,6.2656,-475922,524078,-47.5922,-47.5922
KRX_CONTINUOUS_AFTERNOON,DS000023,SK하이닉스,0197X0,SHORT,3/5,3/5,30,267,246,21,2,28.09,-0.2374,-0.3157,4.86,-3.1311,4.7622,-476948,523052,-47.6948,-48.3481
KRX_CONTINUOUS_AFTERNOON,DS000091,삼성전자,0193L0,SHORT,3/10,3/5,NONE,294,274,20,2,26.87,-0.2175,-0.2597,4.83,-3.4095,2.6709,-477535,522465,-47.7535,-48.5612
KRX_CONTINUOUS_AFTERNOON,DS002696,SK하이닉스,0193T0,LONG,3/30,10/20,5,122,86,36,3,32.79,-0.5066,-0.5579,16.55,-5.5756,7.7929,-478304,521696,-47.8304,-48.6166
KRX_CONTINUOUS_AFTERNOON,DS003548,삼성전자,0193L0,SHORT,3/20,5/30,5,148,100,48,4,31.08,-0.4226,-0.4384,20.17,-8.0618,5.0239,-478497,521503,-47.8497,-50.5237
KRX_CONTINUOUS_AFTERNOON,DS000571,삼성전자,0193L0,SHORT,3/10,3/10,NONE,294,265,29,2,30.27,-0.2161,-0.3933,7.99,-3.4095,6.1504,-479227,520773,-47.9227,-48.8268
KRX_CONTINUOUS_AFTERNOON,DS004352,삼성전자,0193W0,LONG,3/5,20/30,5,208,121,87,6,38.46,-0.2679,-0.3773,24.32,-9.6806,8.6366,-479303,520697,-47.9303,-49.9458
KRX_CONTINUOUS_AFTERNOON,DS002467,SK하이닉스,0197X0,SHORT,3/10,10/20,NONE,267,198,69,5,38.20,-0.2130,-0.3410,18.32,-8.2283,10.8453,-479421,520579,-47.9421,-50.2551
KRX_CONTINUOUS_AFTERNOON,DS003032,SK하이닉스,0193T0,LONG,3/20,3/30,5,163,127,36,3,23.31,-0.3746,-0.6527,14.04,-7.4899,8.9445,-479521,520479,-47.9521,-48.0545
KRX_CONTINUOUS_AFTERNOON,DS002937,SK하이닉스,0193T0,LONG,3/10,3/30,10,123,86,37,3,25.20,-0.5094,-0.6912,14.53,-4.8371,6.1932,-479650,520350,-47.9650,-52.9704
KRX_CONTINUOUS_AFTERNOON,DS000631,SK하이닉스,0193T0,LONG,3/20,3/10,NONE,185,166,19,3,24.86,-0.3418,-0.5725,7.76,-4.4879,6.2656,-480000,520000,-48.0000,-48.0411
KRX_CONTINUOUS_AFTERNOON,DS002947,SK하이닉스,0197X0,SHORT,3/10,3/30,NONE,267,191,76,5,38.20,-0.2151,-0.3360,19.01,-7.5211,10.3109,-482119,517881,-48.2119,-51.2394
KRX_CONTINUOUS_AFTERNOON,DS000619,삼성전자,0193L0,SHORT,5/10,3/10,NONE,273,242,31,4,31.14,-0.2323,-0.3297,8.85,-5.9883,5.9126,-483254,516746,-48.3254,-51.2382
KRX_CONTINUOUS_AFTERNOON,DS004340,SK하이닉스,0197X0,SHORT,3/5,20/30,5,257,152,105,7,46.30,-0.1847,-0.1352,24.23,-8.7524,9.8084,-483411,516589,-48.3411,-50.3609
KRX_CONTINUOUS_AFTERNOON,DS003079,SK하이닉스,0193T0,LONG,5/20,3/30,NONE,155,117,38,3,24.52,-0.3992,-0.6760,14.17,-6.9508,9.3323,-483511,516489,-48.3511,-49.2448
KRX_CONTINUOUS_AFTERNOON,DS004399,삼성전자,0193W0,LONG,3/10,20/30,NONE,296,173,123,7,38.85,-0.1830,-0.2482,23.19,-9.4579,8.3877,-483639,516361,-48.3639,-60.7848
KRX_CONTINUOUS_AFTERNOON,DS003907,SK하이닉스,0197X0,SHORT,3/10,10/30,NONE,267,165,102,7,40.82,-0.1900,-0.3065,24.03,-8.6443,10.7885,-484048,515952,-48.4048,-50.9803
KRX_CONTINUOUS_AFTERNOON,DS000140,삼성전자,0193L0,SHORT,5/10,3/5,5,247,230,17,2,28.34,-0.2641,-0.2662,4.95,-5.7292,2.8881,-485098,514902,-48.5098,-49.4379
KRX_CONTINUOUS_AFTERNOON,DS003370,SK하이닉스,0193T0,LONG,3/5,5/30,20,211,164,47,6,29.86,-0.2730,-0.6237,16.49,-8.2037,8.9530,-487273,512727,-48.7273,-53.1357
KRX_CONTINUOUS_AFTERNOON,DS001451,SK하이닉스,0193T0,LONG,3/5,3/20,30,204,166,38,6,29.90,-0.3050,-0.5397,14.25,-9.6270,7.1888,-487440,512560,-48.7440,-59.4204
KRX_CONTINUOUS_AFTERNOON,DS004353,삼성전자,0193W0,LONG,3/5,20/30,10,235,153,82,9,36.60,-0.2507,-0.3473,23.37,-5.7375,5.1364,-488157,511843,-48.8157,-58.6942
KRX_CONTINUOUS_AFTERNOON,DS003392,삼성전자,0193W0,LONG,3/5,5/30,5,208,131,77,6,32.69,-0.2765,-0.4164,21.28,-9.6806,8.6366,-488805,511195,-48.8805,-52.6497
KRX_CONTINUOUS_AFTERNOON,DS004136,SK하이닉스,0193T0,LONG,3/30,10/30,5,122,75,47,3,30.33,-0.5121,-0.5579,20.06,-6.3377,9.3323,-488853,511147,-48.8853,-49.1059
KRX_CONTINUOUS_AFTERNOON,DS004653,삼성전자,0193L0,SHORT,3/30,20/30,10,94,47,47,3,32.98,-0.6862,-0.3751,21.73,-11.1756,3.0450,-489731,510269,-48.9731,-50.9493
KRX_CONTINUOUS_AFTERNOON,DS000055,SK하이닉스,0193T0,LONG,3/10,3/5,NONE,262,243,19,2,29.39,-0.2500,-0.3861,4.80,-4.6038,6.2247,-490113,509887,-49.0113,-49.0330
KRX_CONTINUOUS_AFTERNOON,DS004171,삼성전자,0193L0,SHORT,3/30,10/30,NONE,133,84,49,3,32.33,-0.4714,-0.4572,20.98,-17.9700,5.0239,-490238,509762,-49.0238,-54.5047
KRX_CONTINUOUS_AFTERNOON,DS003560,SK하이닉스,0193T0,LONG,5/20,5/30,5,152,111,41,4,25.66,-0.4144,-0.7392,16.58,-6.9508,9.3323,-490507,509493,-49.0507,-49.3739
KRX_CONTINUOUS_AFTERNOON,DS003427,SK하이닉스,0197X0,SHORT,3/10,5/30,NONE,267,183,84,5,39.70,-0.2175,-0.3819,21.23,-7.5211,10.7183,-490849,509151,-49.0849,-49.4487
KRX_CONTINUOUS_AFTERNOON,DS004367,삼성전자,0193L0,SHORT,3/5,20/30,30,268,167,101,10,34.33,-0.2079,-0.3216,20.72,-4.1880,8.5942,-491879,508121,-49.1879,-61.0515
KRX_CONTINUOUS_AFTERNOON,DS002072,SK하이닉스,0193T0,LONG,3/20,5/20,5,163,132,31,2,28.22,-0.3906,-0.7224,13.42,-6.3377,6.1932,-493062,506938,-49.3062,-50.8207
KRX_CONTINUOUS_AFTERNOON,DS001987,SK하이닉스,0197X0,SHORT,3/10,5/20,NONE,267,202,65,5,35.21,-0.2294,-0.4924,17.05,-7.5211,9.1102,-493189,506811,-49.3189,-50.1279
KRX_CONTINUOUS_AFTERNOON,DS002936,SK하이닉스,0193T0,LONG,3/10,3/30,5,227,161,66,4,29.52,-0.2661,-0.5615,16.26,-5.5602,9.8535,-494189,505811,-49.4189,-53.6490
KRX_CONTINUOUS_AFTERNOON,DS000968,SK하이닉스,0193T0,LONG,3/5,5/10,5,229,190,39,4,33.62,-0.2784,-0.4309,10.01,-5.0542,6.2247,-494193,505807,-49.4193,-49.4193
KRX_CONTINUOUS_AFTERNOON,DS000503,SK하이닉스,0197X0,SHORT,3/5,3/10,30,267,234,33,5,29.21,-0.2376,-0.3804,9.57,-4.1366,8.0483,-494526,505474,-49.4526,-54.5296
KRX_CONTINUOUS_AFTERNOON,DS003103,삼성전자,0193W0,LONG,5/20,3/30,NONE,156,117,39,3,28.85,-0.4138,-0.5803,14.85,-9.1593,6.2870,-494838,505162,-49.4838,-53.4654
KRX_CONTINUOUS_AFTERNOON,DS001967,삼성전자,0193L0,SHORT,3/5,5/20,30,268,201,67,6,28.36,-0.2236,-0.4290,16.34,-6.2962,9.1158,-495266,504734,-49.5266,-58.3347
KRX_CONTINUOUS_AFTERNOON,DS001496,SK하이닉스,0193T0,LONG,3/10,3/20,5,227,177,50,4,27.31,-0.2826,-0.5630,12.92,-5.5602,8.1426,-495530,504470,-49.5530,-52.5298
KRX_CONTINUOUS_AFTERNOON,DS000504,SK하이닉스,0197X0,SHORT,3/5,3/10,50,246,216,30,4,29.27,-0.2573,-0.4225,9.98,-6.7110,8.0483,-495604,504396,-49.5604,-51.9794
KRX_CONTINUOUS_AFTERNOON,DS004064,삼성전자,0193W0,LONG,5/20,10/30,5,151,90,61,4,29.80,-0.4192,-0.4668,21.87,-7.4193,7.6623,-496770,503230,-49.6770,-53.6579
KRX_CONTINUOUS_AFTERNOON,DS004495,삼성전자,0193W0,LONG,3/20,20/30,NONE,195,117,78,6,35.38,-0.3118,-0.3431,21.72,-9.7361,7.6623,-497264,502736,-49.7264,-54.1162
KRX_CONTINUOUS_AFTERNOON,DS004017,삼성전자,0193W0,LONG,3/20,10/30,10,141,82,59,5,28.37,-0.4515,-0.4863,23.36,-9.7361,7.6623,-497394,502606,-49.7394,-51.5929
KRX_CONTINUOUS_AFTERNOON,DS001111,SK하이닉스,0193T0,LONG,3/20,5/10,NONE,185,163,22,3,28.65,-0.3557,-0.5318,9.43,-5.3761,6.1932,-498396,501604,-49.8396,-49.8955
KRX_CONTINUOUS_AFTERNOON,DS002891,SK하이닉스,0193T0,LONG,3/5,3/30,30,204,159,45,6,29.90,-0.3117,-0.5444,15.17,-9.6270,7.5869,-498483,501517,-49.8483,-55.7863
KRX_CONTINUOUS_AFTERNOON,DS004435,SK하이닉스,0197X0,SHORT,5/10,20/30,NONE,248,152,96,5,41.53,-0.2286,-0.2473,22.98,-7.3660,10.3109,-499616,500384,-49.9616,-55.2843
KRX_CONTINUOUS_AFTERNOON,DS001543,SK하이닉스,0193T0,LONG,5/10,3/20,NONE,244,191,53,3,27.46,-0.2684,-0.4827,13.16,-5.8087,8.5670,-500456,499544,-50.0456,-55.9736
KRX_CONTINUOUS_AFTERNOON,DS001487,삼성전자,0193L0,SHORT,3/5,3/20,30,268,217,51,6,30.22,-0.2318,-0.4166,14.13,-6.1447,8.3427,-500585,499415,-50.0585,-55.6824
KRX_CONTINUOUS_AFTERNOON,DS002912,삼성전자,0193W0,LONG,3/5,3/30,5,208,141,67,6,33.17,-0.2953,-0.4294,19.24,-9.6806,8.6366,-501329,498671,-50.1329,-53.9017
KRX_CONTINUOUS_AFTERNOON,DS003439,삼성전자,0193W0,LONG,3/10,5/30,NONE,296,190,106,7,32.09,-0.1956,-0.4216,20.36,-9.4579,8.5565,-501423,498577,-50.1423,-63.6157
KRX_CONTINUOUS_AFTERNOON,DS000995,삼성전자,0193W0,LONG,3/5,5/10,30,235,210,25,6,28.09,-0.2887,-0.3215,10.02,-3.3667,3.6276,-501536,498464,-50.1536,-50.7621
KRX_CONTINUOUS_AFTERNOON,DS003417,SK하이닉스,0193T0,LONG,3/10,5/30,10,123,81,42,3,27.64,-0.5436,-0.7094,16.25,-4.8371,5.3247,-501835,498165,-50.1835,-55.3087
KRX_CONTINUOUS_AFTERNOON,DS002552,SK하이닉스,0193T0,LONG,3/20,10/20,5,163,121,42,3,27.61,-0.4002,-0.6568,15.92,-5.6824,7.4106,-502554,497446,-50.2554,-50.8193
KRX_CONTINUOUS_AFTERNOON,DS003535,삼성전자,0193W0,LONG,3/20,5/30,NONE,195,137,58,4,28.72,-0.3270,-0.4686,18.05,-9.7361,7.6623,-503334,496666,-50.3334,-55.3302
KRX_CONTINUOUS_AFTERNOON,DS004652,삼성전자,0193L0,SHORT,3/30,20/30,5,110,61,49,3,35.45,-0.6104,-0.3920,20.94,-11.1756,5.0239,-503611,496389,-50.3611,-53.4511
KRX_CONTINUOUS_AFTERNOON,DS001099,삼성전자,0193L0,SHORT,5/10,5/10,NONE,273,244,29,3,30.77,-0.2481,-0.3315,8.71,-8.0618,6.4258,-504104,495896,-50.4104,-50.8698
KRX_CONTINUOUS_AFTERNOON,DS000969,SK하이닉스,0193T0,LONG,3/5,5/10,10,220,188,32,4,33.18,-0.3024,-0.5001,10.40,-5.0542,6.1932,-506366,493634,-50.6366,-52.2270
KRX_CONTINUOUS_AFTERNOON,DS004027,삼성전자,0193L0,SHORT,3/20,10/30,NONE,185,111,74,5,35.14,-0.3407,-0.3544,24.43,-18.6449,8.6326,-506449,493551,-50.6449,-57.9724
KRX_CONTINUOUS_AFTERNOON,DS002025,SK하이닉스,0193T0,LONG,5/10,5/20,10,116,91,25,2,24.14,-0.5976,-0.7674,12.22,-5.3761,5.4794,-506817,493183,-50.6817,-54.3823
KRX_CONTINUOUS_AFTERNOON,DS004617,SK하이닉스,0193T0,LONG,3/30,20/30,10,107,58,49,4,28.04,-0.6118,-0.6720,20.70,-7.4859,9.3323,-508388,491612,-50.8388,-51.6902
KRX_CONTINUOUS_AFTERNOON,DS001976,SK하이닉스,0193T0,LONG,3/10,5/20,5,227,169,58,4,30.40,-0.2855,-0.5204,15.28,-5.5756,6.7310,-508775,491225,-50.8775,-53.6334
KRX_CONTINUOUS_AFTERNOON,DS001039,삼성전자,0193W0,LONG,3/10,5/10,NONE,296,261,35,3,27.36,-0.2318,-0.3891,9.07,-3.3298,7.3377,-509391,490609,-50.9391,-52.2128
KRX_CONTINUOUS_AFTERNOON,DS000996,삼성전자,0193W0,LONG,3/5,5/10,50,244,214,30,6,28.28,-0.2844,-0.3397,9.39,-3.3667,8.6366,-510531,489469,-51.0531,-53.1824
KRX_CONTINUOUS_AFTERNOON,DS003561,SK하이닉스,0193T0,LONG,5/20,5/30,10,128,91,37,3,23.44,-0.5348,-0.7509,16.20,-6.9508,9.3323,-512486,487514,-51.2486,-52.3721
KRX_CONTINUOUS_AFTERNOON,DS002432,삼성전자,0193W0,LONG,3/5,10/20,5,208,147,61,6,33.17,-0.3292,-0.4203,17.71,-9.6806,8.6366,-513622,486378,-51.3622,-53.7369
KRX_CONTINUOUS_AFTERNOON,DS003371,SK하이닉스,0193T0,LONG,3/5,5/30,30,204,153,51,6,29.90,-0.3195,-0.5459,16.98,-9.6270,8.9530,-514409,485591,-51.4409,-59.2621
KRX_CONTINUOUS_AFTERNOON,DS001488,삼성전자,0193L0,SHORT,3/5,3/20,50,270,216,54,8,30.37,-0.2383,-0.4221,14.88,-6.1447,8.3427,-515371,484629,-51.5371,-58.6160
KRX_CONTINUOUS_AFTERNOON,DS004087,SK하이닉스,0193T0,LONG,10/20,10/30,NONE,135,77,58,4,31.85,-0.4996,-0.7123,19.70,-8.4049,8.8159,-515955,484045,-51.5955,-53.2224
KRX_CONTINUOUS_AFTERNOON,DS002959,삼성전자,0193W0,LONG,3/10,3/30,NONE,296,204,92,7,31.42,-0.2144,-0.3792,17.97,-9.4579,7.3377,-516318,483682,-51.6318,-64.8078
KRX_CONTINUOUS_AFTERNOON,DS001004,삼성전자,0193L0,SHORT,3/5,5/10,5,231,204,27,3,30.74,-0.3018,-0.3729,9.90,-7.1096,5.4506,-516364,483636,-51.6364,-52.1357
KRX_CONTINUOUS_AFTERNOON,DS004377,SK하이닉스,0193T0,LONG,3/10,20/30,10,123,70,53,3,34.96,-0.5577,-0.7094,19.18,-5.6988,6.7841,-516859,483141,-51.6859,-53.9146
KRX_CONTINUOUS_AFTERNOON,DS004388,SK하이닉스,0197X0,SHORT,3/10,20/30,5,230,142,88,5,45.22,-0.2604,-0.2000,22.46,-9.0186,10.3109,-517721,482279,-51.7721,-55.2400
KRX_CONTINUOUS_AFTERNOON,DS004368,삼성전자,0193L0,SHORT,3/5,20/30,50,270,167,103,9,34.07,-0.2224,-0.3197,21.09,-5.3173,8.5942,-518610,481390,-51.8610,-66.0601
KRX_CONTINUOUS_AFTERNOON,DS001968,삼성전자,0193L0,SHORT,3/5,5/20,50,270,199,71,8,29.63,-0.2351,-0.4329,17.37,-6.2962,9.1158,-518747,481253,-51.8747,-63.0009
KRX_CONTINUOUS_AFTERNOON,DS003055,삼성전자,0193W0,LONG,3/20,3/30,NONE,195,147,48,4,27.18,-0.3500,-0.5145,15.42,-9.7361,6.2870,-520193,479807,-52.0193,-56.8610
KRX_CONTINUOUS_AFTERNOON,DS002575,삼성전자,0193W0,LONG,3/20,10/20,NONE,195,138,57,5,28.21,-0.3544,-0.3853,16.15,-9.7361,6.5831,-520217,479783,-52.0217,-53.6460
KRX_CONTINUOUS_AFTERNOON,DS003559,SK하이닉스,0193T0,LONG,5/20,5/30,NONE,155,113,42,4,25.16,-0.4446,-0.7356,16.55,-6.9508,9.3323,-521451,478549,-52.1451,-52.4487
KRX_CONTINUOUS_AFTERNOON,DS002024,SK하이닉스,0193T0,LONG,5/10,5/20,5,225,171,54,3,29.78,-0.3092,-0.5057,14.07,-5.5602,7.2251,-521605,478395,-52.1605,-56.2659
KRX_CONTINUOUS_AFTERNOON,DS004509,삼성전자,0193L0,SHORT,3/20,20/30,10,125,63,62,4,35.20,-0.5584,-0.3726,23.58,-11.9063,6.0829,-522863,477137,-52.2863,-53.8493
KRX_CONTINUOUS_AFTERNOON,DS004447,삼성전자,0193W0,LONG,5/10,20/30,NONE,274,153,121,6,39.05,-0.2311,-0.2746,22.92,-10.2325,8.3877,-524352,475648,-52.4352,-59.7751
KRX_CONTINUOUS_AFTERNOON,DS003513,SK하이닉스,0193T0,LONG,3/20,5/30,10,134,94,40,3,25.37,-0.5218,-0.7144,17.10,-7.4899,8.9445,-524566,475434,-52.4566,-52.9278
KRX_CONTINUOUS_AFTERNOON,DS004016,삼성전자,0193W0,LONG,3/20,10/30,5,156,87,69,5,32.05,-0.4346,-0.4590,24.34,-9.7361,7.6623,-524935,475065,-52.4935,-55.8554
KRX_CONTINUOUS_AFTERNOON,DS003850,SK하이닉스,0193T0,LONG,3/5,10/30,20,211,151,60,6,31.28,-0.3102,-0.5125,18.00,-7.9425,8.6115,-525238,474762,-52.5238,-55.1358
KRX_CONTINUOUS_AFTERNOON,DS003405,삼성전자,0193L0,SHORT,3/5,5/30,10,263,183,80,8,30.80,-0.2439,-0.3905,20.27,-10.8484,9.7296,-525923,474077,-52.5923,-53.1227
KRX_CONTINUOUS_AFTERNOON,DS003512,SK하이닉스,0193T0,LONG,3/20,5/30,5,163,119,44,3,26.38,-0.4268,-0.6424,17.21,-7.4899,8.9445,-527053,472947,-52.7053,-53.0013
KRX_CONTINUOUS_AFTERNOON,DS001940,SK하이닉스,0197X0,SHORT,3/5,5/20,5,257,196,61,7,35.80,-0.2418,-0.5129,17.41,-7.4428,9.0640,-527826,472174,-52.7826,-55.3434
KRX_CONTINUOUS_AFTERNOON,DS004651,삼성전자,0193L0,SHORT,3/30,20/30,NONE,133,76,57,3,33.83,-0.5388,-0.3777,20.41,-11.1756,5.0239,-528363,471637,-52.8363,-58.0413
KRX_CONTINUOUS_AFTERNOON,DS001448,SK하이닉스,0193T0,LONG,3/5,3/20,5,229,177,52,5,31.88,-0.2948,-0.5300,13.80,-9.2100,8.1426,-529376,470624,-52.9376,-57.4445
KRX_CONTINUOUS_AFTERNOON,DS000513,삼성전자,0193W0,LONG,3/5,3/10,10,235,217,18,4,23.83,-0.3162,-0.4081,7.36,-2.8217,3.6141,-530941,469059,-53.0941,-55.4717
KRX_CONTINUOUS_AFTERNOON,DS000139,삼성전자,0193L0,SHORT,5/10,3/5,NONE,273,253,20,2,28.94,-0.2748,-0.2604,5.17,-5.7292,2.8881,-533986,466014,-53.3986,-53.9475
KRX_CONTINUOUS_AFTERNOON,DS004616,SK하이닉스,0193T0,LONG,3/30,20/30,5,122,73,49,3,29.51,-0.5818,-0.6469,19.51,-7.4859,9.3323,-534866,465134,-53.4866,-54.0844
KRX_CONTINUOUS_AFTERNOON,DS001051,삼성전자,0193L0,SHORT,3/10,5/10,NONE,294,261,33,3,34.69,-0.2522,-0.3833,10.00,-6.0784,5.9636,-534956,465044,-53.4956,-54.0229
KRX_CONTINUOUS_AFTERNOON,DS001473,삼성전자,0193W0,LONG,3/5,3/20,10,235,208,27,7,24.68,-0.3153,-0.5349,11.97,-3.2587,4.3515,-535171,464829,-53.5171,-59.6493
KRX_CONTINUOUS_AFTERNOON,DS001931,SK하이닉스,0193T0,LONG,3/5,5/20,30,204,164,40,6,30.39,-0.3550,-0.5939,15.75,-9.6270,6.4940,-535246,464754,-53.5246,-59.6450
KRX_CONTINUOUS_AFTERNOON,DS004089,SK하이닉스,0193T0,LONG,10/20,10/30,10,125,74,51,4,30.40,-0.5791,-0.7461,19.81,-8.4049,8.8159,-535928,464072,-53.5928,-54.9712
KRX_CONTINUOUS_AFTERNOON,DS003416,SK하이닉스,0193T0,LONG,3/10,5/30,5,227,152,75,4,31.28,-0.3022,-0.5313,19.04,-5.5602,9.8535,-538112,461888,-53.8112,-56.8050
KRX_CONTINUOUS_AFTERNOON,DS000993,삼성전자,0193W0,LONG,3/5,5/10,10,235,215,20,5,27.66,-0.3227,-0.4260,9.20,-2.9426,3.6276,-539485,460515,-53.9485,-55.9381
KRX_CONTINUOUS_AFTERNOON,DS004448,삼성전자,0193W0,LONG,5/10,20/30,5,252,140,112,6,39.29,-0.2732,-0.2819,22.52,-10.2325,8.3877,-541408,458592,-54.1408,-60.9836
KRX_CONTINUOUS_AFTERNOON,DS002972,삼성전자,0193L0,SHORT,3/10,3/30,5,224,156,68,6,31.70,-0.3126,-0.5165,19.35,-11.1014,9.9642,-541610,458390,-54.1610,-54.3971
KRX_CONTINUOUS_AFTERNOON,DS002505,SK하이닉스,0193T0,LONG,5/10,10/20,10,116,83,33,3,25.86,-0.6630,-0.5815,15.59,-5.6824,4.6442,-545349,454651,-54.5349,-56.6894
KRX_CONTINUOUS_AFTERNOON,DS004028,삼성전자,0193L0,SHORT,3/20,10/30,5,148,87,61,4,31.76,-0.4947,-0.4567,24.04,-18.6449,5.0239,-547457,452543,-54.7457,-58.1214
KRX_CONTINUOUS_AFTERNOON,DS004063,삼성전자,0193W0,LONG,5/20,10/30,NONE,156,93,63,4,29.49,-0.4729,-0.4630,22.13,-9.1593,7.6623,-548960,451040,-54.8960,-58.4640
KRX_CONTINUOUS_AFTERNOON,DS004135,SK하이닉스,0193T0,LONG,3/30,10/30,NONE,140,87,53,4,30.00,-0.5335,-0.5125,19.18,-8.4220,9.3323,-550730,449270,-55.0730,-55.1825
KRX_CONTINUOUS_AFTERNOON,DS002504,SK하이닉스,0193T0,LONG,5/10,10/20,5,225,153,72,4,32.44,-0.3303,-0.4447,17.27,-6.5098,9.0216,-551317,448683,-55.1317,-59.0710
KRX_CONTINUOUS_AFTERNOON,DS002551,SK하이닉스,0193T0,LONG,3/20,10/20,NONE,185,139,46,3,27.03,-0.4068,-0.5868,14.82,-5.6824,7.4106,-551473,448527,-55.1473,-55.7223
KRX_CONTINUOUS_AFTERNOON,DS001495,SK하이닉스,0193T0,LONG,3/10,3/20,NONE,262,204,58,5,27.10,-0.2894,-0.5653,12.93,-5.5602,8.1426,-552097,447903,-55.2097,-57.8527
KRX_CONTINUOUS_AFTERNOON,DS002456,SK하이닉스,0193T0,LONG,3/10,10/20,5,227,154,73,4,32.60,-0.3197,-0.4717,17.52,-5.6824,8.3068,-552432,447568,-55.2432,-56.3063
KRX_CONTINUOUS_AFTERNOON,DS004507,삼성전자,0193L0,SHORT,3/20,20/30,NONE,185,101,84,5,35.68,-0.4029,-0.2857,23.57,-11.9063,6.5217,-555886,444114,-55.5886,-63.8506
KRX_CONTINUOUS_AFTERNOON,DS004366,삼성전자,0193L0,SHORT,3/5,20/30,20,257,151,106,9,35.41,-0.2729,-0.3726,22.16,-4.4549,6.5217,-558169,441831,-55.8169,-63.2381
KRX_CONTINUOUS_AFTERNOON,DS001450,SK하이닉스,0193T0,LONG,3/5,3/20,20,211,183,28,6,25.59,-0.3698,-0.5756,12.82,-7.7187,8.1426,-559616,440384,-55.9616,-58.8516
KRX_CONTINUOUS_AFTERNOON,DS003464,SK하이닉스,0193T0,LONG,5/10,5/30,5,225,153,72,4,31.11,-0.3247,-0.5313,18.65,-9.7602,10.5784,-560712,439288,-56.0712,-59.9042
KRX_CONTINUOUS_AFTERNOON,DS001930,SK하이닉스,0193T0,LONG,3/5,5/20,20,211,179,32,6,27.96,-0.3707,-0.6028,14.69,-7.3828,6.7310,-561940,438060,-56.1940,-59.0488
KRX_CONTINUOUS_AFTERNOON,DS002984,SK하이닉스,0193T0,LONG,5/10,3/30,5,225,161,64,4,28.44,-0.3302,-0.5220,16.02,-9.7602,10.5784,-562124,437876,-56.2124,-60.2196
KRX_CONTINUOUS_AFTERNOON,DS004615,SK하이닉스,0193T0,LONG,3/30,20/30,NONE,140,85,55,4,29.29,-0.5511,-0.5995,18.46,-7.4859,9.3323,-564874,435126,-56.4874,-57.7767
KRX_CONTINUOUS_AFTERNOON,DS003872,삼성전자,0193W0,LONG,3/5,10/30,5,208,114,94,6,33.65,-0.3514,-0.4294,24.72,-9.6806,8.6366,-565500,434500,-56.5500,-58.9545
KRX_CONTINUOUS_AFTERNOON,DS002527,삼성전자,0193W0,LONG,5/10,10/20,NONE,274,182,92,5,31.39,-0.2746,-0.3376,18.46,-10.2325,7.3013,-567167,432833,-56.7167,-62.6574
KRX_CONTINUOUS_AFTERNOON,DS001532,삼성전자,0193L0,SHORT,3/10,3/20,5,224,178,46,4,34.38,-0.3487,-0.4411,15.53,-11.1014,7.6341,-567804,432196,-56.7804,-57.3125
KRX_CONTINUOUS_AFTERNOON,DS002071,SK하이닉스,0193T0,LONG,3/20,5/20,NONE,185,149,36,3,26.49,-0.4286,-0.7224,13.17,-6.3377,6.1932,-568187,431813,-56.8187,-57.1416
KRX_CONTINUOUS_AFTERNOON,DS002985,SK하이닉스,0193T0,LONG,5/10,3/30,10,116,85,31,3,23.28,-0.7090,-0.6745,14.86,-7.4899,5.4794,-571334,428666,-57.1334,-59.8045
KRX_CONTINUOUS_AFTERNOON,DS003031,SK하이닉스,0193T0,LONG,3/20,3/30,NONE,185,142,43,5,21.62,-0.4281,-0.6755,14.10,-7.4899,8.9445,-572590,427410,-57.2590,-57.2590
KRX_CONTINUOUS_AFTERNOON,DS002023,SK하이닉스,0193T0,LONG,5/10,5/20,NONE,244,183,61,3,30.33,-0.3315,-0.5167,14.51,-5.5602,7.2251,-573976,426024,-57.3976,-61.1584
KRX_CONTINUOUS_AFTERNOON,DS001975,SK하이닉스,0193T0,LONG,3/10,5/20,NONE,262,195,67,6,30.15,-0.3010,-0.5737,15.32,-5.5756,6.7310,-574771,425229,-57.4771,-59.8628
KRX_CONTINUOUS_AFTERNOON,DS002528,삼성전자,0193W0,LONG,5/10,10/20,5,252,166,86,5,30.16,-0.3135,-0.3664,17.67,-10.2325,7.3013,-576714,423286,-57.6714,-61.9342
KRX_CONTINUOUS_AFTERNOON,DS004508,삼성전자,0193L0,SHORT,3/20,20/30,5,148,81,67,4,33.78,-0.5490,-0.3920,23.07,-11.9063,6.0829,-577849,422151,-57.7849,-60.7326
KRX_CONTINUOUS_AFTERNOON,DS003873,삼성전자,0193W0,LONG,3/5,10/30,10,235,150,85,9,30.64,-0.3323,-0.4365,22.44,-6.3943,5.1364,-578685,421315,-57.8685,-67.6468
KRX_CONTINUOUS_AFTERNOON,DS003897,SK하이닉스,0193T0,LONG,3/10,10/30,10,123,69,54,4,30.89,-0.6665,-0.6809,19.88,-8.1143,4.7276,-579648,420352,-57.9648,-59.7490
KRX_CONTINUOUS_AFTERNOON,DS004332,SK하이닉스,0193T0,LONG,3/5,20/30,50,223,160,63,6,38.12,-0.3576,-0.3861,18.86,-9.2100,6.6441,-580343,419657,-58.0343,-65.6108
KRX_CONTINUOUS_AFTERNOON,DS001928,SK하이닉스,0193T0,LONG,3/5,5/20,5,229,169,60,5,33.19,-0.3465,-0.6027,15.78,-9.2100,6.7310,-581646,418354,-58.1646,-58.1646
KRX_CONTINUOUS_AFTERNOON,DS002888,SK하이닉스,0193T0,LONG,3/5,3/30,5,229,159,70,5,31.00,-0.3429,-0.6115,16.95,-9.2100,9.8535,-584444,415556,-58.4444,-58.4444
KRX_CONTINUOUS_AFTERNOON,DS004040,SK하이닉스,0193T0,LONG,5/20,10/30,5,152,88,64,5,30.92,-0.5300,-0.7771,20.85,-8.4220,9.3323,-584794,415206,-58.4794,-58.4794
KRX_CONTINUOUS_AFTERNOON,DS004331,SK하이닉스,0193T0,LONG,3/5,20/30,30,204,157,47,7,35.78,-0.4019,-0.3837,17.49,-7.4859,6.7841,-585773,414227,-58.5773,-63.2852
KRX_CONTINUOUS_AFTERNOON,DS003008,삼성전자,0193W0,LONG,5/10,3/30,5,252,176,76,6,28.97,-0.3241,-0.5042,16.47,-10.2325,7.2702,-585925,414075,-58.5925,-64.7171
KRX_CONTINUOUS_AFTERNOON,DS004387,SK하이닉스,0197X0,SHORT,3/10,20/30,NONE,267,168,99,6,44.19,-0.2771,-0.2000,22.64,-9.0186,10.3109,-586560,413440,-58.6560,-63.1192
KRX_CONTINUOUS_AFTERNOON,DS001580,삼성전자,0193L0,SHORT,5/10,3/20,5,247,198,49,5,32.39,-0.3295,-0.3834,14.75,-10.5939,7.6341,-587452,412548,-58.7452,-60.4154
KRX_CONTINUOUS_AFTERNOON,DS003465,SK하이닉스,0193T0,LONG,5/10,5/30,10,116,84,32,3,25.00,-0.7403,-0.7630,16.72,-7.4899,4.6167,-587617,412383,-58.7617,-61.8752
KRX_CONTINUOUS_AFTERNOON,DS003885,삼성전자,0193L0,SHORT,3/5,10/30,10,263,174,89,8,30.80,-0.2798,-0.4822,22.65,-10.8484,10.5897,-588437,411563,-58.8437,-59.4073
KRX_CONTINUOUS_AFTERNOON,DS001965,삼성전자,0193L0,SHORT,3/5,5/20,10,263,200,63,8,30.42,-0.3139,-0.4606,15.92,-10.8484,8.4022,-589406,410594,-58.9406,-60.2646
KRX_CONTINUOUS_AFTERNOON,DS003488,삼성전자,0193W0,LONG,5/10,5/30,5,252,165,87,6,30.16,-0.3258,-0.4668,18.81,-10.2325,8.3877,-593262,406738,-59.3262,-64.9403
KRX_CONTINUOUS_AFTERNOON,DS002935,SK하이닉스,0193T0,LONG,3/10,3/30,NONE,262,186,76,6,28.24,-0.3066,-0.5587,16.23,-6.4856,9.8535,-593615,406385,-59.3615,-62.9095
KRX_CONTINUOUS_AFTERNOON,DS001485,삼성전자,0193L0,SHORT,3/5,3/20,10,263,219,44,8,29.28,-0.3209,-0.4572,13.89,-10.8484,7.6341,-594337,405663,-59.4337,-59.6058
KRX_CONTINUOUS_AFTERNOON,DS003920,삼성전자,0193W0,LONG,3/10,10/30,5,226,118,108,5,33.19,-0.3539,-0.4402,25.25,-9.4579,8.3877,-598149,401851,-59.8149,-66.2825
KRX_CONTINUOUS_AFTERNOON,DS002411,SK하이닉스,0193T0,LONG,3/5,10/20,30,204,155,49,6,33.82,-0.4148,-0.4645,15.76,-9.6270,7.1573,-598220,401780,-59.8220,-65.9435
KRX_CONTINUOUS_AFTERNOON,DS003919,삼성전자,0193W0,LONG,3/10,10/30,NONE,296,156,140,7,34.46,-0.2609,-0.4060,24.94,-9.4579,8.5565,-603494,396506,-60.3494,-69.9087
KRX_CONTINUOUS_AFTERNOON,DS004041,SK하이닉스,0193T0,LONG,5/20,10/30,10,128,73,55,4,28.13,-0.6783,-0.8080,21.23,-8.4220,9.3323,-604164,395836,-60.4164,-60.5995
KRX_CONTINUOUS_AFTERNOON,DS000499,SK하이닉스,0197X0,SHORT,3/5,3/10,NONE,493,430,63,6,34.89,-0.1626,-0.3351,10.71,-8.4114,8.0483,-604413,395587,-60.4413,-62.1184
KRX_CONTINUOUS_AFTERNOON,DS003945,SK하이닉스,0193T0,LONG,5/10,10/30,10,116,73,43,3,26.72,-0.7748,-0.7141,20.25,-7.4899,4.7276,-605861,394139,-60.5861,-62.7897
KRX_CONTINUOUS_AFTERNOON,DS002983,SK하이닉스,0193T0,LONG,5/10,3/30,NONE,244,173,71,4,28.28,-0.3470,-0.5175,16.34,-9.7602,10.5784,-607990,392010,-60.7990,-64.2709
KRX_CONTINUOUS_AFTERNOON,DS003852,SK하이닉스,0193T0,LONG,3/5,10/30,50,223,148,75,6,34.08,-0.3789,-0.4965,19.67,-9.2100,8.6115,-609081,390919,-60.9081,-66.5119
KRX_CONTINUOUS_AFTERNOON,DS003851,SK하이닉스,0193T0,LONG,3/5,10/30,30,204,151,53,6,32.35,-0.4244,-0.5091,17.72,-9.6270,8.6115,-610160,389840,-61.0160,-64.3127
KRX_CONTINUOUS_AFTERNOON,DS002503,SK하이닉스,0193T0,LONG,5/10,10/20,NONE,244,165,79,4,31.97,-0.3617,-0.4438,17.57,-6.5098,9.0216,-611307,388693,-61.1307,-63.2913
KRX_CONTINUOUS_AFTERNOON,DS003463,SK하이닉스,0193T0,LONG,5/10,5/30,NONE,244,165,79,4,31.15,-0.3470,-0.5311,18.81,-9.7602,10.5784,-611707,388293,-61.1707,-64.6542
KRX_CONTINUOUS_AFTERNOON,DS003511,SK하이닉스,0193T0,LONG,3/20,5/30,NONE,185,132,53,5,24.32,-0.4788,-0.7337,17.18,-7.4899,8.9445,-615544,384456,-61.5544,-61.6112
KRX_CONTINUOUS_AFTERNOON,DS003487,삼성전자,0193W0,LONG,5/10,5/30,NONE,274,179,95,6,30.29,-0.3093,-0.4482,19.54,-10.2325,8.3877,-615576,384424,-61.5576,-68.2102
KRX_CONTINUOUS_AFTERNOON,DS003007,삼성전자,0193W0,LONG,5/10,3/30,NONE,274,190,84,6,29.93,-0.3176,-0.4689,17.50,-10.2325,7.2702,-616902,383098,-61.6902,-68.6832
KRX_CONTINUOUS_AFTERNOON,DS003415,SK하이닉스,0193T0,LONG,3/10,5/30,NONE,262,172,90,6,30.92,-0.3270,-0.5645,18.79,-6.4856,9.8535,-618921,381079,-61.8921,-63.9600
KRX_CONTINUOUS_AFTERNOON,DS003993,SK하이닉스,0193T0,LONG,3/20,10/30,10,134,77,57,5,28.36,-0.6703,-0.7274,20.82,-8.4220,8.9445,-619308,380692,-61.9308,-62.0011
KRX_CONTINUOUS_AFTERNOON,DS002455,SK하이닉스,0193T0,LONG,3/10,10/20,NONE,262,178,84,5,32.06,-0.3383,-0.5268,17.14,-5.6824,8.3068,-621962,378038,-62.1962,-62.3640
KRX_CONTINUOUS_AFTERNOON,DS003020,삼성전자,0193L0,SHORT,5/10,3/30,5,247,169,78,6,31.17,-0.3617,-0.3614,18.80,-10.5939,8.0181,-623581,376419,-62.3581,-62.7529
KRX_CONTINUOUS_AFTERNOON,DS002419,SK하이닉스,0197X0,SHORT,3/5,10/20,NONE,493,363,130,8,39.96,-0.1427,-0.2615,18.88,-7.9597,10.7983,-623939,376061,-62.3939,-67.1844
KRX_CONTINUOUS_AFTERNOON,DS001459,SK하이닉스,0197X0,SHORT,3/5,3/20,NONE,493,384,109,8,36.71,-0.1530,-0.3791,16.40,-8.3132,8.7711,-626708,373292,-62.6708,-65.8376
KRX_CONTINUOUS_AFTERNOON,DS001449,SK하이닉스,0193T0,LONG,3/5,3/20,10,220,186,34,6,26.36,-0.4256,-0.6054,11.79,-9.2100,7.1888,-626793,373207,-62.6793,-65.4687
KRX_CONTINUOUS_AFTERNOON,DS002408,SK하이닉스,0193T0,LONG,3/5,10/20,5,229,157,72,5,34.93,-0.3878,-0.4646,17.88,-9.2100,8.3068,-627449,372551,-62.7449,-62.7449
KRX_CONTINUOUS_AFTERNOON,DS004330,SK하이닉스,0193T0,LONG,3/5,20/30,20,211,157,54,6,34.12,-0.4352,-0.5057,18.24,-7.4859,6.7841,-628472,371528,-62.8472,-64.3360
KRX_CONTINUOUS_AFTERNOON,DS004039,SK하이닉스,0193T0,LONG,5/20,10/30,NONE,155,89,66,6,30.32,-0.5855,-0.7828,21.21,-8.4220,9.3323,-630872,369128,-63.0872,-63.0872
KRX_CONTINUOUS_AFTERNOON,DS003368,SK하이닉스,0193T0,LONG,3/5,5/30,5,229,150,79,5,31.88,-0.3870,-0.5257,19.02,-9.2100,9.8535,-630990,369010,-63.0990,-63.0990
KRX_CONTINUOUS_AFTERNOON,DS004521,SK하이닉스,0193T0,LONG,5/20,20/30,10,128,71,57,4,25.78,-0.7358,-0.8688,20.62,-8.0265,9.3323,-631627,368373,-63.1627,-63.2814
KRX_CONTINUOUS_AFTERNOON,DS004567,SK하이닉스,0193T0,LONG,10/20,20/30,NONE,135,75,60,3,26.67,-0.6986,-0.7123,20.40,-7.0489,8.8159,-632721,367279,-63.2721,-63.2721
KRX_CONTINUOUS_AFTERNOON,DS004569,SK하이닉스,0193T0,LONG,10/20,20/30,10,125,74,51,3,24.80,-0.7617,-0.7123,19.95,-7.0489,8.8159,-632773,367227,-63.2773,-63.2773
KRX_CONTINUOUS_AFTERNOON,DS002924,삼성전자,0193L0,SHORT,3/5,3/30,5,231,162,69,5,30.74,-0.3800,-0.5521,18.58,-13.3555,9.9642,-632815,367185,-63.2815,-64.5295
KRX_CONTINUOUS_AFTERNOON,DS002412,SK하이닉스,0193T0,LONG,3/5,10/20,50,223,158,65,6,33.18,-0.4212,-0.5129,16.77,-9.2100,5.3666,-635374,364626,-63.5374,-67.3624
KRX_CONTINUOUS_AFTERNOON,DS002060,삼성전자,0193L0,SHORT,5/10,5/20,5,247,183,64,5,35.22,-0.3694,-0.3500,17.02,-10.5939,8.4022,-636660,363340,-63.6660,-66.6888
KRX_CONTINUOUS_AFTERNOON,DS000523,삼성전자,0193L0,SHORT,3/5,3/10,NONE,531,470,61,6,31.64,-0.1744,-0.3174,9.61,-7.0150,6.7095,-637147,362853,-63.7147,-65.7204
KRX_CONTINUOUS_AFTERNOON,DS003452,삼성전자,0193L0,SHORT,3/10,5/30,5,224,143,81,6,33.93,-0.4011,-0.5126,22.38,-12.0595,9.7296,-637690,362310,-63.7690,-65.8347
KRX_CONTINUOUS_AFTERNOON,DS004015,삼성전자,0193W0,LONG,3/20,10/30,NONE,195,115,80,5,30.26,-0.4738,-0.4668,23.05,-9.7361,7.6623,-638007,361993,-63.8007,-66.2301
KRX_CONTINUOUS_AFTERNOON,DS002410,SK하이닉스,0193T0,LONG,3/5,10/20,20,211,168,43,6,29.38,-0.4534,-0.5057,14.18,-7.9425,7.9681,-638312,361688,-63.8312,-63.8312
KRX_CONTINUOUS_AFTERNOON,DS000031,삼성전자,0193W0,LONG,3/5,3/5,NONE,523,493,30,2,26.39,-0.1909,-0.2835,4.27,-2.2716,8.6366,-640445,359555,-64.0445,-65.5627
KRX_CONTINUOUS_AFTERNOON,DS000019,SK하이닉스,0197X0,SHORT,3/5,3/5,NONE,493,461,32,2,31.24,-0.2025,-0.3034,4.82,-3.5970,5.5857,-642466,357534,-64.2466,-65.5227
KRX_CONTINUOUS_AFTERNOON,DS003896,SK하이닉스,0193T0,LONG,3/10,10/30,5,227,123,104,4,35.68,-0.4034,-0.5057,22.10,-8.1143,9.8535,-643296,356704,-64.3296,-64.3296
KRX_CONTINUOUS_AFTERNOON,DS002012,삼성전자,0193L0,SHORT,3/10,5/20,5,224,165,59,5,33.93,-0.4165,-0.5157,18.34,-13.2992,8.4022,-643932,356068,-64.3932,-66.7425
KRX_CONTINUOUS_AFTERNOON,DS004473,SK하이닉스,0193T0,LONG,3/20,20/30,10,134,75,59,4,26.12,-0.7269,-0.8626,20.74,-7.4899,8.9445,-644381,355619,-64.4381,-64.4381
KRX_CONTINUOUS_AFTERNOON,DS002889,SK하이닉스,0193T0,LONG,3/5,3/30,10,220,166,54,6,30.45,-0.4393,-0.5843,15.53,-9.2100,6.4216,-645180,354820,-64.5180,-67.1678
KRX_CONTINUOUS_AFTERNOON,DS000979,SK하이닉스,0197X0,SHORT,3/5,5/10,NONE,493,422,71,6,38.74,-0.1777,-0.2857,11.88,-8.7366,8.7711,-646435,353565,-64.6435,-66.4269
KRX_CONTINUOUS_AFTERNOON,DS002492,삼성전자,0193L0,SHORT,3/10,10/20,5,224,151,73,5,33.93,-0.4095,-0.4205,20.83,-13.2826,9.0934,-646522,353478,-64.6522,-67.6874
KRX_CONTINUOUS_AFTERNOON,DS002540,삼성전자,0193L0,SHORT,5/10,10/20,5,247,168,79,5,34.41,-0.3678,-0.3743,20.05,-10.5939,9.0934,-647779,352221,-64.7779,-68.0999
KRX_CONTINUOUS_AFTERNOON,DS001929,SK하이닉스,0193T0,LONG,3/5,5/20,10,220,179,41,6,30.00,-0.4530,-0.6476,13.84,-9.2100,6.1932,-648731,351269,-64.8731,-66.9369
KRX_CONTINUOUS_AFTERNOON,DS003992,SK하이닉스,0193T0,LONG,3/20,10/30,5,163,94,69,4,30.67,-0.5916,-0.6767,21.42,-8.4220,8.9445,-649525,350475,-64.9525,-65.3835
KRX_CONTINUOUS_AFTERNOON,DS001951,삼성전자,0193W0,LONG,3/5,5/20,NONE,523,388,135,8,34.23,-0.1611,-0.3257,17.52,-8.7455,8.6366,-652835,347165,-65.2835,-77.7442
KRX_CONTINUOUS_AFTERNOON,DS002444,삼성전자,0193L0,SHORT,3/5,10/20,5,231,162,69,6,33.33,-0.3958,-0.4356,19.05,-14.2768,9.0934,-653377,346623,-65.3377,-65.8329
KRX_CONTINUOUS_AFTERNOON,DS000043,삼성전자,0193L0,SHORT,3/5,3/5,NONE,531,494,37,3,28.63,-0.1962,-0.2603,4.78,-3.2819,3.6402,-653781,346219,-65.3781,-66.1683
KRX_CONTINUOUS_AFTERNOON,DS001579,삼성전자,0193L0,SHORT,5/10,3/20,NONE,273,221,52,5,32.23,-0.3540,-0.3827,15.00,-10.5939,7.6341,-654027,345973,-65.4027,-66.6731
KRX_CONTINUOUS_AFTERNOON,DS004520,SK하이닉스,0193T0,LONG,5/20,20/30,5,152,86,66,4,26.97,-0.6552,-0.8136,20.61,-8.0265,9.3323,-656279,343721,-65.6279,-65.6279
KRX_CONTINUOUS_AFTERNOON,DS004365,삼성전자,0193L0,SHORT,3/5,20/30,10,263,146,117,9,34.22,-0.3660,-0.3726,24.21,-7.2438,8.5942,-660858,339142,-66.0858,-67.6768
KRX_CONTINUOUS_AFTERNOON,DS002409,SK하이닉스,0193T0,LONG,3/5,10/20,10,220,170,50,6,31.36,-0.4654,-0.4684,14.78,-9.2100,7.1573,-661057,338943,-66.1057,-66.3580
KRX_CONTINUOUS_AFTERNOON,DS004425,SK하이닉스,0193T0,LONG,5/10,20/30,10,116,66,50,3,28.45,-0.8986,-0.9388,22.56,-7.4899,6.4456,-663264,336736,-66.3264,-68.3291
KRX_CONTINUOUS_AFTERNOON,DS001484,삼성전자,0193L0,SHORT,3/5,3/20,5,231,184,47,5,31.17,-0.4305,-0.4484,14.72,-13.3555,7.6341,-665771,334229,-66.5771,-66.7047
KRX_CONTINUOUS_AFTERNOON,DS003968,삼성전자,0193W0,LONG,5/10,10/30,5,252,135,117,6,32.94,-0.3988,-0.4179,23.36,-10.2325,8.3877,-672057,327943,-67.2057,-70.3864
KRX_CONTINUOUS_AFTERNOON,DS003369,SK하이닉스,0193T0,LONG,3/5,5/30,10,220,159,61,6,30.45,-0.4698,-0.6245,17.52,-9.2100,7.7730,-672321,327679,-67.2321,-69.8292
KRX_CONTINUOUS_AFTERNOON,DS004519,SK하이닉스,0193T0,LONG,5/20,20/30,NONE,155,88,67,4,27.10,-0.6788,-0.8095,20.60,-8.0265,9.3323,-676199,323801,-67.6199,-67.6199
KRX_CONTINUOUS_AFTERNOON,DS003944,SK하이닉스,0193T0,LONG,5/10,10/30,5,225,122,103,5,33.78,-0.4530,-0.4743,22.09,-9.7602,10.5784,-679285,320715,-67.9285,-68.7864
KRX_CONTINUOUS_AFTERNOON,DS004472,SK하이닉스,0193T0,LONG,3/20,20/30,5,163,92,71,4,27.61,-0.6459,-0.7297,20.64,-8.1338,8.9445,-679851,320149,-67.9851,-68.0785
KRX_CONTINUOUS_AFTERNOON,DS003967,삼성전자,0193W0,LONG,5/10,10/30,NONE,274,143,131,6,33.58,-0.3691,-0.3907,24.34,-10.2325,8.3877,-684564,315436,-68.4564,-72.3931
KRX_CONTINUOUS_AFTERNOON,DS000007,SK하이닉스,0193T0,LONG,3/5,3/5,NONE,480,451,29,2,27.29,-0.2373,-0.3983,4.48,-4.6038,6.2247,-689052,310948,-68.9052,-69.1217
KRX_CONTINUOUS_AFTERNOON,DS003848,SK하이닉스,0193T0,LONG,3/5,10/30,5,229,127,102,5,35.81,-0.4565,-0.4841,21.75,-9.2100,9.8535,-689538,310462,-68.9538,-68.9538
KRX_CONTINUOUS_AFTERNOON,DS003019,삼성전자,0193L0,SHORT,5/10,3/30,NONE,273,189,84,6,30.40,-0.3946,-0.3714,18.86,-10.5939,8.0181,-693557,306443,-69.3557,-69.4574
KRX_CONTINUOUS_AFTERNOON,DS004328,SK하이닉스,0193T0,LONG,3/5,20/30,5,229,131,98,6,37.12,-0.4697,-0.4841,22.27,-9.2100,9.8535,-695003,304997,-69.5003,-69.5003
KRX_CONTINUOUS_AFTERNOON,DS001003,삼성전자,0193L0,SHORT,3/5,5/10,NONE,531,463,68,7,35.78,-0.2105,-0.2805,11.29,-7.1096,6.7124,-700922,299078,-70.0922,-70.4969
KRX_CONTINUOUS_AFTERNOON,DS003404,삼성전자,0193L0,SHORT,3/5,5/30,5,231,155,76,5,30.74,-0.4599,-0.4342,21.17,-13.3555,9.7296,-705558,294442,-70.5558,-71.8376
KRX_CONTINUOUS_AFTERNOON,DS003859,SK하이닉스,0197X0,SHORT,3/5,10/30,NONE,493,302,191,11,40.37,-0.1465,-0.2735,24.18,-8.3769,11.5618,-707319,292681,-70.7319,-74.7170
KRX_CONTINUOUS_AFTERNOON,DS003500,삼성전자,0193L0,SHORT,5/10,5/30,5,247,158,89,6,34.41,-0.4504,-0.4366,21.40,-10.5939,7.7877,-707538,292462,-70.7538,-72.8698
KRX_CONTINUOUS_AFTERNOON,DS001471,삼성전자,0193W0,LONG,3/5,3/20,NONE,523,414,109,8,30.78,-0.2037,-0.3761,15.08,-8.7455,8.6366,-708814,291186,-70.8814,-79.8604
KRX_CONTINUOUS_AFTERNOON,DS001939,SK하이닉스,0197X0,SHORT,3/5,5/20,NONE,493,367,126,9,37.12,-0.1951,-0.4169,18.52,-7.4428,9.6214,-710646,289354,-71.0646,-73.1949
KRX_CONTINUOUS_AFTERNOON,DS002059,삼성전자,0193L0,SHORT,5/10,5/20,NONE,273,204,69,5,35.16,-0.4117,-0.3500,17.21,-12.3921,8.4022,-719764,280236,-71.9764,-74.1253
KRX_CONTINUOUS_AFTERNOON,DS004471,SK하이닉스,0193T0,LONG,3/20,20/30,NONE,185,107,78,5,26.49,-0.6336,-0.7297,20.11,-8.1338,8.9445,-719998,280002,-71.9998,-71.9998
KRX_CONTINUOUS_AFTERNOON,DS004376,SK하이닉스,0193T0,LONG,3/10,20/30,5,227,127,100,4,34.80,-0.5186,-0.5667,20.97,-7.6596,9.8535,-722410,277590,-72.2410,-72.3847
KRX_CONTINUOUS_AFTERNOON,DS003943,SK하이닉스,0193T0,LONG,5/10,10/30,NONE,244,133,111,6,32.79,-0.4725,-0.4694,22.19,-9.7602,10.5784,-722448,277552,-72.2448,-72.6910
KRX_CONTINUOUS_AFTERNOON,DS001531,삼성전자,0193L0,SHORT,3/10,3/20,NONE,294,234,60,5,33.33,-0.4022,-0.4362,15.84,-11.1014,7.6341,-722704,277296,-72.2704,-72.6118
KRX_CONTINUOUS_AFTERNOON,DS002899,SK하이닉스,0197X0,SHORT,3/5,3/30,NONE,493,344,149,10,39.35,-0.2020,-0.2820,20.17,-7.7517,11.5618,-726774,273226,-72.6774,-75.2386
KRX_CONTINUOUS_AFTERNOON,DS004329,SK하이닉스,0193T0,LONG,3/5,20/30,10,220,147,73,6,35.00,-0.5540,-0.5050,20.68,-9.2100,6.7841,-727329,272671,-72.7329,-74.6673
KRX_CONTINUOUS_AFTERNOON,DS002971,삼성전자,0193L0,SHORT,3/10,3/30,NONE,294,203,91,6,30.95,-0.4004,-0.5105,19.74,-11.1014,9.9642,-729460,270540,-72.9460,-73.0854
KRX_CONTINUOUS_AFTERNOON,DS001964,삼성전자,0193L0,SHORT,3/5,5/20,5,231,169,62,5,32.03,-0.5062,-0.5153,16.96,-14.2931,8.4022,-730915,269085,-73.0915,-73.9020
KRX_CONTINUOUS_AFTERNOON,DS003991,SK하이닉스,0193T0,LONG,3/20,10/30,NONE,185,104,81,9,28.11,-0.6356,-0.6804,21.21,-8.4220,8.9445,-732324,267676,-73.2324,-73.2324
KRX_CONTINUOUS_AFTERNOON,DS003895,SK하이닉스,0193T0,LONG,3/10,10/30,NONE,262,142,120,6,35.11,-0.4457,-0.5285,21.84,-8.1143,9.8535,-733151,266849,-73.3151,-73.3151
KRX_CONTINUOUS_AFTERNOON,DS002539,삼성전자,0193L0,SHORT,5/10,10/20,NONE,273,187,86,5,34.43,-0.4171,-0.3769,20.44,-12.3754,9.0934,-734455,265545,-73.4455,-75.6484
KRX_CONTINUOUS_AFTERNOON,DS003379,SK하이닉스,0197X0,SHORT,3/5,5/30,NONE,493,331,162,10,40.77,-0.2056,-0.3507,22.27,-7.8592,11.5618,-742715,257285,-74.2715,-75.1115
KRX_CONTINUOUS_AFTERNOON,DS003849,SK하이닉스,0193T0,LONG,3/5,10/30,10,220,140,80,8,35.45,-0.5698,-0.5559,20.50,-9.2100,7.4351,-747647,252353,-74.7647,-76.2151
KRX_CONTINUOUS_AFTERNOON,DS004424,SK하이닉스,0193T0,LONG,5/10,20/30,5,225,124,101,5,33.33,-0.5731,-0.5313,21.76,-9.7602,10.5784,-756895,243105,-75.6895,-76.5391
KRX_CONTINUOUS_AFTERNOON,DS003391,삼성전자,0193W0,LONG,3/5,5/30,NONE,523,334,189,9,34.23,-0.1902,-0.3335,21.39,-9.6806,8.6366,-761222,238778,-76.1222,-85.5044
KRX_CONTINUOUS_AFTERNOON,DS002011,삼성전자,0193L0,SHORT,3/10,5/20,NONE,294,215,79,5,34.01,-0.4512,-0.4330,18.70,-13.2992,8.4022,-770448,229552,-77.0448,-78.6104
KRX_CONTINUOUS_AFTERNOON,DS000511,삼성전자,0193W0,LONG,3/5,3/10,NONE,523,455,68,6,29.25,-0.2628,-0.3688,9.11,-8.7455,8.6366,-770821,229179,-77.0821,-78.1485
KRX_CONTINUOUS_AFTERNOON,DS002911,삼성전자,0193W0,LONG,3/5,3/30,NONE,523,363,160,9,34.80,-0.2090,-0.3744,19.34,-9.6806,8.6366,-771112,228888,-77.1112,-86.0241
KRX_CONTINUOUS_AFTERNOON,DS004460,삼성전자,0193L0,SHORT,5/10,20/30,5,247,127,120,6,36.03,-0.5384,-0.3500,23.63,-12.7374,7.8061,-773094,226906,-77.3094,-78.5283
KRX_CONTINUOUS_AFTERNOON,DS003499,삼성전자,0193L0,SHORT,5/10,5/30,NONE,273,179,94,6,32.97,-0.4915,-0.4366,21.54,-11.1395,7.7877,-777590,222410,-77.7590,-79.2322
KRX_CONTINUOUS_AFTERNOON,DS000967,SK하이닉스,0193T0,LONG,3/5,5/10,NONE,480,395,85,6,34.17,-0.2850,-0.4194,11.24,-8.8940,6.4786,-779381,220619,-77.9381,-77.9381
KRX_CONTINUOUS_AFTERNOON,DS003451,삼성전자,0193L0,SHORT,3/10,5/30,NONE,294,189,105,6,33.33,-0.4586,-0.4776,22.95,-12.0595,9.7296,-780790,219210,-78.0790,-79.3288
KRX_CONTINUOUS_AFTERNOON,DS004339,SK하이닉스,0197X0,SHORT,3/5,20/30,NONE,493,306,187,10,44.83,-0.2127,-0.1441,23.32,-8.7524,11.5618,-780896,219104,-78.0896,-83.1484
KRX_CONTINUOUS_AFTERNOON,DS004412,삼성전자,0193L0,SHORT,3/10,20/30,5,224,116,108,6,37.05,-0.5794,-0.3719,24.92,-15.7372,5.9636,-781402,218598,-78.1402,-79.3807
KRX_CONTINUOUS_AFTERNOON,DS004375,SK하이닉스,0193T0,LONG,3/10,20/30,NONE,262,146,116,6,35.11,-0.5351,-0.6465,20.76,-7.6596,9.8535,-784664,215336,-78.4664,-78.5012
KRX_CONTINUOUS_AFTERNOON,DS002491,삼성전자,0193L0,SHORT,3/10,10/20,NONE,294,200,94,5,34.69,-0.4670,-0.4319,21.16,-13.2826,9.0934,-787479,212521,-78.7479,-80.5728
KRX_CONTINUOUS_AFTERNOON,DS002431,삼성전자,0193W0,LONG,3/5,10/20,NONE,523,362,161,9,34.99,-0.2438,-0.3511,19.32,-9.6806,8.6366,-791857,208143,-79.1857,-86.2877
KRX_CONTINUOUS_AFTERNOON,DS004423,SK하이닉스,0193T0,LONG,5/10,20/30,NONE,244,136,108,6,32.38,-0.5951,-0.5529,22.01,-9.7602,10.5784,-796100,203900,-79.6100,-79.7368
KRX_CONTINUOUS_AFTERNOON,DS000487,SK하이닉스,0193T0,LONG,3/5,3/10,NONE,480,409,71,5,31.67,-0.3049,-0.4330,9.74,-8.4276,6.3593,-796762,203238,-79.6762,-80.5742
KRX_CONTINUOUS_AFTERNOON,DS000991,삼성전자,0193W0,LONG,3/5,5/10,NONE,523,451,72,6,29.25,-0.2902,-0.3735,10.62,-8.7455,8.6366,-801893,198107,-80.1893,-80.4345
KRX_CONTINUOUS_AFTERNOON,DS004351,삼성전자,0193W0,LONG,3/5,20/30,NONE,523,304,219,12,38.81,-0.2362,-0.2595,24.19,-9.6806,8.6366,-814854,185146,-81.4854,-87.7403
KRX_CONTINUOUS_AFTERNOON,DS003980,삼성전자,0193L0,SHORT,5/10,10/30,5,247,141,106,6,33.20,-0.5506,-0.4677,25.03,-19.4127,8.6326,-819687,180313,-81.9687,-83.6281
KRX_CONTINUOUS_AFTERNOON,DS004364,삼성전자,0193L0,SHORT,3/5,20/30,5,231,130,101,6,33.77,-0.6784,-0.4822,23.84,-16.7033,6.0829,-842990,157010,-84.2990,-84.6088
KRX_CONTINUOUS_AFTERNOON,DS003932,삼성전자,0193L0,SHORT,3/10,10/30,5,224,127,97,6,33.48,-0.5976,-0.5423,25.85,-22.1835,10.5897,-853704,146296,-85.3704,-86.7588
KRX_CONTINUOUS_AFTERNOON,DS004459,삼성전자,0193L0,SHORT,5/10,20/30,NONE,273,138,135,7,34.80,-0.6146,-0.3829,24.41,-14.8555,7.8061,-855982,144018,-85.5982,-86.3718
KRX_CONTINUOUS_AFTERNOON,DS001483,삼성전자,0193L0,SHORT,3/5,3/20,NONE,531,418,113,12,33.52,-0.3212,-0.3405,16.65,-13.3555,8.3427,-856733,143267,-85.6733,-85.9888
KRX_CONTINUOUS_AFTERNOON,DS001447,SK하이닉스,0193T0,LONG,3/5,3/20,NONE,480,367,113,8,29.38,-0.3694,-0.4962,14.69,-9.6270,8.1426,-864812,135188,-86.4812,-88.1725
KRX_CONTINUOUS_AFTERNOON,DS002923,삼성전자,0193L0,SHORT,3/5,3/30,NONE,531,353,178,12,33.71,-0.3170,-0.3743,20.53,-13.3555,9.9642,-873660,126340,-87.3660,-87.4285
KRX_CONTINUOUS_AFTERNOON,DS004411,삼성전자,0193L0,SHORT,3/10,20/30,NONE,294,151,143,6,35.37,-0.6104,-0.3918,25.51,-15.7372,5.9636,-874681,125319,-87.4681,-88.1793
KRX_CONTINUOUS_AFTERNOON,DS002443,삼성전자,0193L0,SHORT,3/5,10/20,NONE,531,365,166,12,36.53,-0.3298,-0.3271,20.35,-14.2768,9.0934,-875042,124958,-87.5042,-89.2686
KRX_CONTINUOUS_AFTERNOON,DS003871,삼성전자,0193W0,LONG,3/5,10/30,NONE,523,284,239,12,34.99,-0.2923,-0.3160,25.07,-9.6806,8.6366,-875936,124064,-87.5936,-92.1242
KRX_CONTINUOUS_AFTERNOON,DS001963,삼성전자,0193L0,SHORT,3/5,5/20,NONE,531,376,155,12,35.97,-0.3397,-0.3481,19.61,-14.2931,9.1158,-880043,119957,-88.0043,-89.9553
KRX_CONTINUOUS_AFTERNOON,DS001927,SK하이닉스,0193T0,LONG,3/5,5/20,NONE,480,351,129,8,31.04,-0.4059,-0.5700,16.69,-9.6270,6.7767,-889917,110083,-88.9917,-90.2216
KRX_CONTINUOUS_AFTERNOON,DS003403,삼성전자,0193L0,SHORT,3/5,5/30,NONE,531,332,199,12,34.65,-0.3488,-0.3544,23.66,-13.3555,9.7296,-899114,100886,-89.9114,-90.6562
KRX_CONTINUOUS_AFTERNOON,DS002887,SK하이닉스,0193T0,LONG,3/5,3/30,NONE,480,327,153,9,31.04,-0.3929,-0.5042,17.98,-9.6270,10.1160,-899434,100566,-89.9434,-91.1857
KRX_CONTINUOUS_AFTERNOON,DS003367,SK하이닉스,0193T0,LONG,3/5,5/30,NONE,480,308,172,9,31.88,-0.4134,-0.5091,20.21,-9.6270,10.1160,-911996,88004,-91.1996,-92.2036
KRX_CONTINUOUS_AFTERNOON,DS002407,SK하이닉스,0193T0,LONG,3/5,10/20,NONE,480,330,150,8,32.50,-0.4471,-0.4661,17.47,-9.6270,8.5657,-913582,86418,-91.3582,-91.6381
KRX_CONTINUOUS_AFTERNOON,DS003979,삼성전자,0193L0,SHORT,5/10,10/30,NONE,273,157,116,6,32.23,-0.6468,-0.5489,25.50,-21.3691,8.6326,-921844,78156,-92.1844,-92.9037
KRX_CONTINUOUS_AFTERNOON,DS003884,삼성전자,0193L0,SHORT,3/5,10/30,5,231,142,89,7,31.17,-0.6598,-0.5852,24.44,-23.0758,10.5897,-922214,77786,-92.2214,-92.3326
KRX_CONTINUOUS_AFTERNOON,DS003931,삼성전자,0193L0,SHORT,3/10,10/30,NONE,294,170,124,7,33.67,-0.6351,-0.5315,26.12,-22.1835,10.5897,-946528,53472,-94.6528,-95.1602
KRX_CONTINUOUS_AFTERNOON,DS003847,SK하이닉스,0193T0,LONG,3/5,10/30,NONE,480,265,215,11,34.17,-0.5200,-0.4841,22.04,-9.6270,10.1160,-954019,45981,-95.4019,-95.6013
KRX_CONTINUOUS_AFTERNOON,DS004327,SK하이닉스,0193T0,LONG,3/5,20/30,NONE,480,276,204,9,33.75,-0.5616,-0.5347,21.63,-9.2100,10.1160,-955640,44360,-95.5640,-95.7373
KRX_CONTINUOUS_AFTERNOON,DS004363,삼성전자,0193L0,SHORT,3/5,20/30,NONE,531,272,259,11,35.59,-0.4823,-0.3467,24.62,-16.7033,8.5942,-956433,43567,-95.6433,-96.3008
KRX_CONTINUOUS_AFTERNOON,DS003883,삼성전자,0193L0,SHORT,3/5,10/30,NONE,531,308,223,12,33.52,-0.4519,-0.3914,25.48,-23.0758,10.5897,-985486,14514,-98.5486,-98.7504
